'0:00.000',-3.28
'0:00.004',-2.57
'0:00.008',-1.77
'0:00.012',-1.23
'0:00.016',-0.76
'0:00.020',-0.49
'0:00.023',-0.48
'0:00.027',-0.27
'0:00.031',0.07
'0:00.035',0.39
'0:00.039',0.44
'0:00.043',0.35
'0:00.047',0.17
'0:00.051',0.17
'0:00.055',0.23
'0:00.059',0.35
'0:00.063',0.66
'0:00.066',0.92
'0:00.070',1.21
'0:00.074',1.51
'0:00.078',1.98
'0:00.082',2.37
'0:00.086',2.15
'0:00.090',1.64
'0:00.094',1.44
'0:00.098',1.74
'0:00.102',2.24
'0:00.105',2.68
'0:00.109',3
'0:00.113',3.07
'0:00.117',3.07
'0:00.121',3
'0:00.125',3.07
'0:00.129',3.14
'0:00.133',3.09
'0:00.137',2.83
'0:00.141',2.25
'0:00.145',1.69
'0:00.148',1.32
'0:00.152',1.15
'0:00.156',0.92
'0:00.160',0.66
'0:00.164',0.58
'0:00.168',0.37
'0:00.172',0.05
'0:00.176',-0.59
'0:00.180',-1.05
'0:00.184',-1.43
'0:00.188',-1.8
'0:00.191',-1.82
'0:00.195',-1.51
'0:00.199',-1.2
'0:00.203',-0.89
'0:00.207',-0.63
'0:00.211',-0.22
'0:00.215',0.43
'0:00.219',1.16
'0:00.223',1.72
'0:00.227',1.83
'0:00.230',1.66
'0:00.234',1.6
'0:00.238',1.76
'0:00.242',1.74
'0:00.246',0.84
'0:00.250',0.23
'0:00.254',0.17
'0:00.258',0.16
'0:00.262',0
'0:00.266',-0.53
'0:00.270',-1.24
'0:00.273',-1.55
'0:00.277',-1.41
'0:00.281',-1.02
'0:00.285',-0.44
'0:00.289',-0.17
'0:00.293',-0.36
'0:00.297',-0.67
'0:00.301',-0.94
'0:00.305',-0.85
'0:00.309',-0.61
'0:00.313',-0.46
'0:00.316',-0.24
'0:00.320',-0.16
'0:00.324',-0.34
'0:00.328',-0.77
'0:00.332',-0.97
'0:00.336',-0.59
'0:00.340',0.43
'0:00.344',2.42
'0:00.348',5.26
'0:00.352',8.13
'0:00.355',8.94
'0:00.359',6.51
'0:00.363',1.54
'0:00.367',-3.28
'0:00.371',-5.81
'0:00.375',-6.52
'0:00.379',-6.65
'0:00.383',-6.22
'0:00.387',-5.15
'0:00.391',-3.88
'0:00.395',-2.73
'0:00.398',-2.46
'0:00.402',-2.65
'0:00.406',-2.64
'0:00.410',-2.37
'0:00.414',-1.71
'0:00.418',-0.87
'0:00.422',-0.36
'0:00.426',-0.24
'0:00.430',-0.62
'0:00.434',-1.01
'0:00.438',-1.09
'0:00.441',-1
'0:00.445',-0.69
'0:00.449',-0.32
'0:00.453',-0.02
'0:00.457',0.29
'0:00.461',0.62
'0:00.465',0.83
'0:00.469',0.98
'0:00.473',0.97
'0:00.477',0.98
'0:00.480',1.12
'0:00.484',1.65
'0:00.488',2.19
'0:00.492',2.34
'0:00.496',2.3
'0:00.500',2.27
'0:00.504',2.68
'0:00.508',3.38
'0:00.512',3.78
'0:00.516',3.61
'0:00.520',3.2
'0:00.523',2.96
'0:00.527',2.78
'0:00.531',2.61
'0:00.535',2.4
'0:00.539',2.22
'0:00.543',2.15
'0:00.547',1.88
'0:00.551',1.32
'0:00.555',0.62
'0:00.559',-0.11
'0:00.563',-0.65
'0:00.566',-0.96
'0:00.570',-0.85
'0:00.574',-0.49
'0:00.578',-0.57
'0:00.582',-0.89
'0:00.586',-1.07
'0:00.590',-1.07
'0:00.594',-0.99
'0:00.598',-0.71
'0:00.602',-0.32
'0:00.605',0.16
'0:00.609',0.65
'0:00.613',0.73
'0:00.617',0.64
'0:00.621',0.67
'0:00.625',0.76
'0:00.629',0.8
'0:00.633',0.54
'0:00.637',0.32
'0:00.641',0.42
'0:00.645',0.18
'0:00.648',-0.14
'0:00.652',-0.4
'0:00.656',-0.65
'0:00.660',-0.94
'0:00.664',-1.52
'0:00.668',-1.87
'0:00.672',-1.95
'0:00.676',-2
'0:00.680',-1.85
'0:00.684',-1.73
'0:00.688',-1.7
'0:00.691',-1.73
'0:00.695',-1.8
'0:00.699',-1.87
'0:00.703',-1.83
'0:00.707',-1.67
'0:00.711',-1.48
'0:00.715',-1.34
'0:00.719',-1.32
'0:00.723',-1.44
'0:00.727',-1.3
'0:00.730',-0.49
'0:00.734',0.94
'0:00.738',3.18
'0:00.742',5.95
'0:00.746',8.12
'0:00.750',7.49
'0:00.754',3.63
'0:00.758',-1.36
'0:00.762',-5.22
'0:00.766',-7.14
'0:00.770',-7.26
'0:00.773',-6.32
'0:00.777',-4.98
'0:00.781',-3.84
'0:00.785',-3.11
'0:00.789',-2.78
'0:00.793',-2.42
'0:00.797',-1.9
'0:00.801',-1.44
'0:00.805',-1.12
'0:00.809',-0.97
'0:00.813',-0.87
'0:00.816',-0.75
'0:00.820',-0.66
'0:00.824',-0.64
'0:00.828',-0.52
'0:00.832',-0.44
'0:00.836',-0.36
'0:00.840',-0.05
'0:00.844',0.2
'0:00.848',0.35
'0:00.852',0.54
'0:00.855',0.59
'0:00.859',0.4
'0:00.863',0.51
'0:00.867',0.78
'0:00.871',1.15
'0:00.875',1.48
'0:00.879',1.58
'0:00.883',1.63
'0:00.887',1.66
'0:00.891',1.83
'0:00.895',2.19
'0:00.898',2.46
'0:00.902',2.67
'0:00.906',2.83
'0:00.910',3
'0:00.914',2.88
'0:00.918',2.71
'0:00.922',2.36
'0:00.926',2.19
'0:00.930',2.12
'0:00.934',1.95
'0:00.938',1.9
'0:00.941',1.87
'0:00.945',1.54
'0:00.949',0.81
'0:00.953',0.33
'0:00.957',-0.16
'0:00.961',-0.77
'0:00.965',-1.5
'0:00.969',-1.9
'0:00.973',-2.12
'0:00.977',-2.21
'0:00.980',-2.04
'0:00.984',-1.65
'0:00.988',-1.03
'0:00.992',-0.44
'0:00.996',-0.07
'0:01.000',0.28
'0:01.004',0.59
'0:01.008',0.87
'0:01.012',1.15
'0:01.016',1.35
'0:01.020',1.4
'0:01.023',1.57
'0:01.027',1.84
'0:01.031',1.52
'0:01.035',0.55
'0:01.039',-0.37
'0:01.043',-0.79
'0:01.047',-1.09
'0:01.051',-1.65
'0:01.055',-2.21
'0:01.059',-2.35
'0:01.063',-2.2
'0:01.066',-2.22
'0:01.070',-2.13
'0:01.074',-1.99
'0:01.078',-1.54
'0:01.082',-1.44
'0:01.086',-1.68
'0:01.090',-1.75
'0:01.094',-1.75
'0:01.098',-2.23
'0:01.102',-2.63
'0:01.105',-2.21
'0:01.109',-1.64
'0:01.113',-1.44
'0:01.117',-1.55
'0:01.121',-1.07
'0:01.125',0.45
'0:01.129',2.93
'0:01.133',5.16
'0:01.137',6.73
'0:01.141',6.72
'0:01.145',3.93
'0:01.148',-0.18
'0:01.152',-3.88
'0:01.156',-6
'0:01.160',-6.64
'0:01.164',-6.27
'0:01.168',-5.29
'0:01.172',-4.22
'0:01.176',-3.27
'0:01.180',-2.45
'0:01.184',-1.88
'0:01.188',-1.46
'0:01.191',-1.31
'0:01.195',-1.2
'0:01.199',-1.02
'0:01.203',-0.8
'0:01.207',-0.51
'0:01.211',-0.1
'0:01.215',0.39
'0:01.219',0.15
'0:01.223',-0.48
'0:01.227',-0.78
'0:01.230',-0.8
'0:01.234',-0.39
'0:01.238',0.15
'0:01.242',0.44
'0:01.246',0.6
'0:01.250',0.51
'0:01.254',0.27
'0:01.258',0.15
'0:01.262',0.27
'0:01.266',0.47
'0:01.270',0.9
'0:01.273',1.53
'0:01.277',1.99
'0:01.281',2.1
'0:01.285',2.24
'0:01.289',2.44
'0:01.293',2.49
'0:01.297',2.27
'0:01.301',1.91
'0:01.305',1.88
'0:01.309',2.02
'0:01.313',2.15
'0:01.316',1.99
'0:01.320',1.78
'0:01.324',2
'0:01.328',2.25
'0:01.332',2.05
'0:01.336',1.49
'0:01.340',0.84
'0:01.344',0.04
'0:01.348',-0.46
'0:01.352',-0.82
'0:01.355',-1.09
'0:01.359',-0.95
'0:01.363',-0.95
'0:01.367',-0.88
'0:01.371',-0.83
'0:01.375',-0.77
'0:01.379',-0.73
'0:01.383',-0.58
'0:01.387',-0.29
'0:01.391',-0.02
'0:01.395',0.17
'0:01.398',0.1
'0:01.402',0.05
'0:01.406',0.19
'0:01.410',0.34
'0:01.414',0.29
'0:01.418',0.43
'0:01.422',0.28
'0:01.426',-0.13
'0:01.430',-0.4
'0:01.434',-0.74
'0:01.438',-1.24
'0:01.441',-1.42
'0:01.445',-1.55
'0:01.449',-1.72
'0:01.453',-1.99
'0:01.457',-2.11
'0:01.461',-2.24
'0:01.465',-2.26
'0:01.469',-2.19
'0:01.473',-1.99
'0:01.477',-1.83
'0:01.480',-1.91
'0:01.484',-1.98
'0:01.488',-2.08
'0:01.492',-2.08
'0:01.496',-2.02
'0:01.500',-1.99
'0:01.504',-1.87
'0:01.508',-1.61
'0:01.512',-1
'0:01.516',0.34
'0:01.520',2.73
'0:01.523',5.8
'0:01.527',8.41
'0:01.531',8.48
'0:01.535',4.91
'0:01.539',-0.43
'0:01.543',-4.55
'0:01.547',-6.34
'0:01.551',-6.73
'0:01.555',-6.48
'0:01.559',-5.74
'0:01.563',-5.04
'0:01.566',-4.17
'0:01.570',-3.32
'0:01.574',-2.86
'0:01.578',-2.66
'0:01.582',-2.53
'0:01.586',-2.12
'0:01.590',-1.65
'0:01.594',-1.51
'0:01.598',-1.48
'0:01.602',-1.29
'0:01.605',-1
'0:01.609',-0.73
'0:01.613',-0.61
'0:01.617',-0.67
'0:01.621',-0.84
'0:01.625',-0.8
'0:01.629',-0.54
'0:01.633',-0.25
'0:01.637',0.05
'0:01.641',0.2
'0:01.645',0.28
'0:01.648',0.53
'0:01.652',0.74
'0:01.656',1
'0:01.660',1.24
'0:01.664',1.41
'0:01.668',1.71
'0:01.672',1.85
'0:01.676',2.05
'0:01.680',2.31
'0:01.684',2.51
'0:01.688',2.46
'0:01.691',2.59
'0:01.695',2.93
'0:01.699',3.12
'0:01.703',3.03
'0:01.707',2.76
'0:01.711',2.27
'0:01.715',1.88
'0:01.719',1.51
'0:01.723',1.01
'0:01.727',0.57
'0:01.730',0.39
'0:01.734',0.25
'0:01.738',0.08
'0:01.742',-0.07
'0:01.746',-0.17
'0:01.750',-0.14
'0:01.754',-0.25
'0:01.758',-0.44
'0:01.762',-0.36
'0:01.766',-0.11
'0:01.770',0.09
'0:01.773',0.08
'0:01.777',0.56
'0:01.781',1.12
'0:01.785',1.46
'0:01.789',1.65
'0:01.793',1.83
'0:01.797',1.85
'0:01.801',1.04
'0:01.805',0.26
'0:01.809',-0.12
'0:01.813',-0.31
'0:01.816',-0.56
'0:01.820',-0.92
'0:01.824',-1.14
'0:01.828',-0.98
'0:01.832',-1.28
'0:01.836',-1.93
'0:01.840',-2.28
'0:01.844',-1.85
'0:01.848',-1.39
'0:01.852',-1.32
'0:01.855',-1.1
'0:01.859',-0.95
'0:01.863',-1.1
'0:01.867',-2.04
'0:01.871',-2.65
'0:01.875',-2.79
'0:01.879',-2.65
'0:01.883',-2.43
'0:01.887',-2.19
'0:01.891',-1.95
'0:01.895',-1.41
'0:01.898',-0.49
'0:01.902',0.66
'0:01.906',1.85
'0:01.910',4.03
'0:01.914',7.21
'0:01.918',9.56
'0:01.922',8.71
'0:01.926',3.94
'0:01.930',-1.51
'0:01.934',-5.23
'0:01.938',-6.91
'0:01.941',-7.04
'0:01.945',-6.39
'0:01.949',-5.32
'0:01.953',-4.44
'0:01.957',-3.71
'0:01.961',-2.96
'0:01.965',-1.96
'0:01.969',-1.34
'0:01.973',-1.05
'0:01.977',-0.82
'0:01.980',-0.48
'0:01.984',-0.31
'0:01.988',-0.12
'0:01.992',0.45
'0:01.996',1.01
'0:02.000',0.95
'0:02.004',0.55
'0:02.008',0.21
'0:02.012',0.41
'0:02.016',0.85
'0:02.020',0.93
'0:02.023',0.72
'0:02.027',0.73
'0:02.031',0.88
'0:02.035',1.17
'0:02.039',1.47
'0:02.043',1.78
'0:02.047',1.93
'0:02.051',1.97
'0:02.055',2.07
'0:02.059',2.22
'0:02.063',2.53
'0:02.066',2.87
'0:02.070',3.05
'0:02.074',3.27
'0:02.078',3.57
'0:02.082',3.89
'0:02.086',3.97
'0:02.090',3.44
'0:02.094',2.93
'0:02.098',3.03
'0:02.102',3.07
'0:02.105',2.8
'0:02.109',2.39
'0:02.113',1.68
'0:02.117',0.91
'0:02.121',0.33
'0:02.125',-0.02
'0:02.129',0
'0:02.133',0.17
'0:02.137',0.07
'0:02.141',-0.43
'0:02.145',-0.65
'0:02.148',-0.65
'0:02.152',-0.49
'0:02.156',0.02
'0:02.160',0.44
'0:02.164',0.51
'0:02.168',0.52
'0:02.172',0.73
'0:02.176',1.12
'0:02.180',1.43
'0:02.184',1.44
'0:02.188',1.2
'0:02.191',0.91
'0:02.195',1.16
'0:02.199',1.68
'0:02.203',1.67
'0:02.207',1.11
'0:02.211',0.36
'0:02.215',-0.06
'0:02.219',-0.31
'0:02.223',-0.53
'0:02.227',-0.34
'0:02.230',-0.45
'0:02.234',-1.23
'0:02.238',-1.99
'0:02.242',-2.28
'0:02.246',-2.34
'0:02.250',-2.51
'0:02.254',-2.48
'0:02.258',-2.05
'0:02.262',-1.85
'0:02.266',-1.99
'0:02.270',-2.01
'0:02.273',-1.73
'0:02.277',-1.46
'0:02.281',-1.14
'0:02.285',-1.17
'0:02.289',-1.16
'0:02.293',-0.54
'0:02.297',0.67
'0:02.301',2.93
'0:02.305',6.22
'0:02.309',9.26
'0:02.313',9.99
'0:02.316',7.04
'0:02.320',1.42
'0:02.324',-3.8
'0:02.328',-6.65
'0:02.332',-7.4
'0:02.336',-6.82
'0:02.340',-5.84
'0:02.344',-4.73
'0:02.348',-3.61
'0:02.352',-2.73
'0:02.355',-1.95
'0:02.359',-1.58
'0:02.363',-1.38
'0:02.367',-1.24
'0:02.371',-1.15
'0:02.375',-1.05
'0:02.379',-0.94
'0:02.383',-0.63
'0:02.387',-0.46
'0:02.391',-0.31
'0:02.395',-0.06
'0:02.398',0.18
'0:02.402',0.32
'0:02.406',0.35
'0:02.410',0.25
'0:02.414',0.19
'0:02.418',0.32
'0:02.422',0.53
'0:02.426',0.66
'0:02.430',0.95
'0:02.434',1.29
'0:02.438',1.42
'0:02.441',1.38
'0:02.445',1.42
'0:02.449',1.74
'0:02.453',1.99
'0:02.457',2.05
'0:02.461',2.02
'0:02.465',2.26
'0:02.469',2.53
'0:02.473',2.73
'0:02.477',2.84
'0:02.480',2.59
'0:02.484',2.32
'0:02.488',2.12
'0:02.492',1.99
'0:02.496',1.88
'0:02.500',1.64
'0:02.504',1.36
'0:02.508',1.03
'0:02.512',0.74
'0:02.516',0.26
'0:02.520',-0.26
'0:02.523',-0.75
'0:02.527',-1.04
'0:02.531',-1.12
'0:02.535',-1.12
'0:02.539',-1
'0:02.543',-0.8
'0:02.547',-0.55
'0:02.551',-0.48
'0:02.555',-0.28
'0:02.559',0.11
'0:02.563',0.63
'0:02.566',0.95
'0:02.570',1.2
'0:02.574',1.43
'0:02.578',1.39
'0:02.582',1.16
'0:02.586',0.89
'0:02.590',0.76
'0:02.594',0.74
'0:02.598',0.56
'0:02.602',0.2
'0:02.605',-0.19
'0:02.609',-0.56
'0:02.613',-0.91
'0:02.617',-0.93
'0:02.621',-0.9
'0:02.625',-1.16
'0:02.629',-1.43
'0:02.633',-1.65
'0:02.637',-1.97
'0:02.641',-2.33
'0:02.645',-2.35
'0:02.648',-1.94
'0:02.652',-1.53
'0:02.656',-1.46
'0:02.660',-1.58
'0:02.664',-1.6
'0:02.668',-1.84
'0:02.672',-1.62
'0:02.676',-1.24
'0:02.680',-0.64
'0:02.684',-0.07
'0:02.688',0.06
'0:02.691',0.82
'0:02.695',3.25
'0:02.699',6.25
'0:02.703',7.4
'0:02.707',5.11
'0:02.711',1.15
'0:02.715',-2.69
'0:02.719',-5.2
'0:02.723',-5.91
'0:02.727',-5.34
'0:02.730',-4.39
'0:02.734',-3.96
'0:02.738',-3.87
'0:02.742',-3.29
'0:02.746',-2.08
'0:02.750',-0.96
'0:02.754',-0.41
'0:02.758',-0.48
'0:02.762',-1.5
'0:02.766',-2.23
'0:02.770',-2.09
'0:02.773',-1.27
'0:02.777',-0.42
'0:02.781',0.18
'0:02.785',0.37
'0:02.789',0.05
'0:02.793',0.01
'0:02.797',0.39
'0:02.801',0.99
'0:02.805',1.41
'0:02.809',1.34
'0:02.813',1.29
'0:02.816',1.18
'0:02.820',1.31
'0:02.824',1.78
'0:02.828',1.83
'0:02.832',1.67
'0:02.836',1.65
'0:02.840',1.9
'0:02.844',2.1
'0:02.848',2.19
'0:02.852',2.12
'0:02.855',2.62
'0:02.859',3.21
'0:02.863',3.53
'0:02.867',3.49
'0:02.871',3.49
'0:02.875',3.37
'0:02.879',3.02
'0:02.883',2.92
'0:02.887',2.85
'0:02.891',2.7
'0:02.895',2.35
'0:02.898',1.86
'0:02.902',1.5
'0:02.906',1.41
'0:02.910',0.91
'0:02.914',0.11
'0:02.918',-1.08
'0:02.922',-2.05
'0:02.926',-2.14
'0:02.930',-1.48
'0:02.934',-0.69
'0:02.938',-0.46
'0:02.941',-0.37
'0:02.945',-0.23
'0:02.949',-0.05
'0:02.953',0.25
'0:02.957',0.71
'0:02.961',1.04
'0:02.965',1.12
'0:02.969',1.17
'0:02.973',1.06
'0:02.977',0.91
'0:02.980',1.03
'0:02.984',1.24
'0:02.988',0.76
'0:02.992',0.1
'0:02.996',-0.3
'0:03.000',-0.61
'0:03.004',-0.91
'0:03.008',-1.26
'0:03.012',-1.67
'0:03.016',-1.92
'0:03.020',-1.98
'0:03.023',-2.19
'0:03.027',-2.17
'0:03.031',-2
'0:03.035',-2.09
'0:03.039',-2.26
'0:03.043',-2.26
'0:03.047',-2.17
'0:03.051',-2.12
'0:03.055',-1.78
'0:03.059',-1.32
'0:03.063',-1
'0:03.066',-0.86
'0:03.070',-1.04
'0:03.074',-1.09
'0:03.078',-0.68
'0:03.082',0.36
'0:03.086',2.3
'0:03.090',4.8
'0:03.094',6.66
'0:03.098',5.85
'0:03.102',2.2
'0:03.105',-2.43
'0:03.109',-5.87
'0:03.113',-7.5
'0:03.117',-7.55
'0:03.121',-6.68
'0:03.125',-5.38
'0:03.129',-4.34
'0:03.133',-3.54
'0:03.137',-2.94
'0:03.141',-2.25
'0:03.145',-1.7
'0:03.148',-1.41
'0:03.152',-1.41
'0:03.156',-1.53
'0:03.160',-1.56
'0:03.164',-1.48
'0:03.168',-1.24
'0:03.172',-0.95
'0:03.176',-0.8
'0:03.180',-0.88
'0:03.184',-0.85
'0:03.188',-0.69
'0:03.191',-0.61
'0:03.195',-0.56
'0:03.199',-0.51
'0:03.203',-0.22
'0:03.207',0
'0:03.211',0.19
'0:03.215',0.42
'0:03.219',0.57
'0:03.223',0.86
'0:03.227',1.12
'0:03.230',1.23
'0:03.234',1.41
'0:03.238',1.66
'0:03.242',1.93
'0:03.246',2.24
'0:03.250',2.45
'0:03.254',2.73
'0:03.258',2.88
'0:03.262',2.78
'0:03.266',2.6
'0:03.270',2.31
'0:03.273',2.2
'0:03.277',1.88
'0:03.281',1.49
'0:03.285',1.05
'0:03.289',0.58
'0:03.293',0.33
'0:03.297',0.25
'0:03.301',0.21
'0:03.305',0.03
'0:03.309',-0.34
'0:03.313',-0.86
'0:03.316',-1.16
'0:03.320',-1.24
'0:03.324',-1.26
'0:03.328',-1.31
'0:03.332',-1.12
'0:03.336',-0.9
'0:03.340',-0.7
'0:03.344',-0.41
'0:03.348',-0.12
'0:03.352',0.26
'0:03.355',0.59
'0:03.359',0.76
'0:03.363',0.88
'0:03.367',0.86
'0:03.371',0.54
'0:03.375',0.22
'0:03.379',-0.09
'0:03.383',-0.26
'0:03.387',-0.63
'0:03.391',-1.14
'0:03.395',-1.49
'0:03.398',-1.63
'0:03.402',-1.75
'0:03.406',-1.89
'0:03.410',-1.73
'0:03.414',-1.6
'0:03.418',-1.49
'0:03.422',-1.31
'0:03.426',-1.29
'0:03.430',-1.53
'0:03.434',-1.68
'0:03.438',-1.73
'0:03.441',-1.68
'0:03.445',-1.63
'0:03.449',-1.58
'0:03.453',-1.58
'0:03.457',-1.34
'0:03.461',-1.24
'0:03.465',-0.94
'0:03.469',0.53
'0:03.473',2.99
'0:03.477',5.86
'0:03.480',8.43
'0:03.484',9.1
'0:03.488',6.18
'0:03.492',0.75
'0:03.496',-4.16
'0:03.500',-6.75
'0:03.504',-7.18
'0:03.508',-6.25
'0:03.512',-5.1
'0:03.516',-4.84
'0:03.520',-4.68
'0:03.523',-4.33
'0:03.527',-3.68
'0:03.531',-2.98
'0:03.535',-2.6
'0:03.539',-2.19
'0:03.543',-1.78
'0:03.547',-1.87
'0:03.551',-1.68
'0:03.555',-0.86
'0:03.559',-0.39
'0:03.563',-0.82
'0:03.566',-0.87
'0:03.570',-0.68
'0:03.574',-0.63
'0:03.578',-0.39
'0:03.582',-0.14
'0:03.586',0.03
'0:03.590',0.12
'0:03.594',0.07
'0:03.598',-0.05
'0:03.602',0.49
'0:03.605',1.21
'0:03.609',1.15
'0:03.613',0.81
'0:03.617',1
'0:03.621',1.92
'0:03.625',2.51
'0:03.629',2.44
'0:03.633',2.59
'0:03.637',2.81
'0:03.641',2.93
'0:03.645',3.1
'0:03.648',3.47
'0:03.652',3.73
'0:03.656',3.78
'0:03.660',3.73
'0:03.664',3.59
'0:03.668',3.46
'0:03.672',3.22
'0:03.676',2.73
'0:03.680',2.29
'0:03.684',1.35
'0:03.688',0.54
'0:03.691',0.04
'0:03.695',-0.22
'0:03.699',-0.65
'0:03.703',-0.88
'0:03.707',-0.95
'0:03.711',-0.94
'0:03.715',-0.68
'0:03.719',-0.53
'0:03.723',-0.43
'0:03.727',0.22
'0:03.730',0.82
'0:03.734',1.15
'0:03.738',0.98
'0:03.742',1.12
'0:03.746',1.2
'0:03.750',1.44
'0:03.754',1.67
'0:03.758',1.07
'0:03.762',0.49
'0:03.766',-0.11
'0:03.770',-0.43
'0:03.773',-0.51
'0:03.777',-1.03
'0:03.781',-1.24
'0:03.785',-1.36
'0:03.789',-1.36
'0:03.793',-1.58
'0:03.797',-1.82
'0:03.801',-1.7
'0:03.805',-1.61
'0:03.809',-1.48
'0:03.813',-1.31
'0:03.816',-1.28
'0:03.820',-1.39
'0:03.824',-1.29
'0:03.828',-0.95
'0:03.832',-0.9
'0:03.836',-0.97
'0:03.840',-1.06
'0:03.844',-1.19
'0:03.848',-1.12
'0:03.852',-0.26
'0:03.855',1.1
'0:03.859',3.09
'0:03.863',5.25
'0:03.867',7.47
'0:03.871',8.63
'0:03.875',6.52
'0:03.879',1.42
'0:03.883',-3.57
'0:03.887',-6.49
'0:03.891',-7.21
'0:03.895',-6.68
'0:03.898',-5.71
'0:03.902',-4.66
'0:03.906',-3.95
'0:03.910',-3.31
'0:03.914',-2.53
'0:03.918',-2.02
'0:03.922',-1.98
'0:03.926',-1.87
'0:03.930',-1.61
'0:03.934',-1.41
'0:03.938',-1.1
'0:03.941',-0.83
'0:03.945',-0.82
'0:03.949',-0.68
'0:03.953',-0.47
'0:03.957',-0.28
'0:03.961',-0.04
'0:03.965',0.16
'0:03.969',0.43
'0:03.973',0.41
'0:03.977',0.3
'0:03.980',0.54
'0:03.984',0.85
'0:03.988',1
'0:03.992',1.13
'0:03.996',1.32
'0:04.000',1.44
'0:04.004',1.7
'0:04.008',1.99
'0:04.012',2.14
'0:04.016',2.26
'0:04.020',2.63
'0:04.023',3.19
'0:04.027',3.61
'0:04.031',3.73
'0:04.035',3.71
'0:04.039',3.63
'0:04.043',3.42
'0:04.047',3.02
'0:04.051',2.58
'0:04.055',2.39
'0:04.059',2.32
'0:04.063',2.1
'0:04.066',1.54
'0:04.070',1.01
'0:04.074',0.48
'0:04.078',0.05
'0:04.082',-0.24
'0:04.086',-0.48
'0:04.090',-0.89
'0:04.094',-1.19
'0:04.098',-1.26
'0:04.102',-1.07
'0:04.105',-0.71
'0:04.109',-0.51
'0:04.113',-0.24
'0:04.117',0.12
'0:04.121',0.27
'0:04.125',0.24
'0:04.129',0.28
'0:04.133',0.4
'0:04.137',0.49
'0:04.141',0.47
'0:04.145',0.49
'0:04.148',0.49
'0:04.152',0.54
'0:04.156',0.5
'0:04.160',0.37
'0:04.164',0.03
'0:04.168',-0.39
'0:04.172',-0.94
'0:04.176',-1.38
'0:04.180',-1.62
'0:04.184',-1.78
'0:04.188',-1.75
'0:04.191',-1.56
'0:04.195',-1.44
'0:04.199',-1.38
'0:04.203',-1.46
'0:04.207',-1.43
'0:04.211',-1.42
'0:04.215',-1.43
'0:04.219',-1.38
'0:04.223',-1.31
'0:04.227',-1.24
'0:04.230',-1.21
'0:04.234',-1.15
'0:04.238',-0.94
'0:04.242',-0.37
'0:04.246',0.63
'0:04.250',2.67
'0:04.254',5.43
'0:04.258',8.32
'0:04.262',9.66
'0:04.266',7.56
'0:04.270',2.63
'0:04.273',-2.68
'0:04.277',-6.07
'0:04.281',-7.13
'0:04.285',-6.87
'0:04.289',-5.97
'0:04.293',-4.86
'0:04.297',-3.87
'0:04.301',-3.03
'0:04.305',-2.44
'0:04.309',-2.1
'0:04.313',-1.8
'0:04.316',-1.41
'0:04.320',-1.38
'0:04.324',-1.43
'0:04.328',-1.44
'0:04.332',-1.55
'0:04.336',-1.61
'0:04.340',-1.32
'0:04.344',-0.83
'0:04.348',-0.31
'0:04.352',-0.09
'0:04.355',-0.05
'0:04.359',-0.31
'0:04.363',-0.75
'0:04.367',-1.07
'0:04.371',-1.06
'0:04.375',-0.71
'0:04.379',-0.19
'0:04.383',0.35
'0:04.387',0.9
'0:04.391',1.27
'0:04.395',1.59
'0:04.398',1.81
'0:04.402',2.07
'0:04.406',2.26
'0:04.410',2.2
'0:04.414',2.02
'0:04.418',1.79
'0:04.422',1.78
'0:04.426',2.34
'0:04.430',3.09
'0:04.434',3.5
'0:04.438',3.51
'0:04.441',3.34
'0:04.445',3.02
'0:04.449',2.04
'0:04.453',1.4
'0:04.457',1.37
'0:04.461',1.17
'0:04.465',0.81
'0:04.469',0.4
'0:04.473',0.03
'0:04.477',0.08
'0:04.480',0.05
'0:04.484',-0.16
'0:04.488',-0.19
'0:04.492',0.11
'0:04.496',0.4
'0:04.500',0.78
'0:04.504',0.95
'0:04.508',0.93
'0:04.512',1.1
'0:04.516',1.43
'0:04.520',1.67
'0:04.523',2.09
'0:04.527',2.29
'0:04.531',2.01
'0:04.535',1.35
'0:04.539',0.81
'0:04.543',0.53
'0:04.547',-0.16
'0:04.551',-0.71
'0:04.555',-0.82
'0:04.559',-0.24
'0:04.563',-0.24
'0:04.566',-0.6
'0:04.570',-0.83
'0:04.574',-0.85
'0:04.578',-0.9
'0:04.582',-1.04
'0:04.586',-1.18
'0:04.590',-1.04
'0:04.594',-0.9
'0:04.598',-0.99
'0:04.602',-1.26
'0:04.605',-1.63
'0:04.609',-2.02
'0:04.613',-2.17
'0:04.617',-2.2
'0:04.621',-2.36
'0:04.625',-2.53
'0:04.629',-2.4
'0:04.633',-1.62
'0:04.637',-0.24
'0:04.641',1.95
'0:04.645',4.81
'0:04.648',7.67
'0:04.652',8.45
'0:04.656',5.87
'0:04.660',1.15
'0:04.664',-3.41
'0:04.668',-6.05
'0:04.672',-6.5
'0:04.676',-5.89
'0:04.680',-4.98
'0:04.684',-4.07
'0:04.688',-3.12
'0:04.691',-2.23
'0:04.695',-1.46
'0:04.699',-0.95
'0:04.703',-0.83
'0:04.707',-0.97
'0:04.711',-0.78
'0:04.715',-0.49
'0:04.719',-0.46
'0:04.723',-0.41
'0:04.727',-0.49
'0:04.730',-0.46
'0:04.734',-0.25
'0:04.738',0.03
'0:04.742',0.07
'0:04.746',0.15
'0:04.750',0.35
'0:04.754',0.56
'0:04.758',0.7
'0:04.762',0.76
'0:04.766',0.9
'0:04.770',0.98
'0:04.773',0.93
'0:04.777',1.02
'0:04.781',1.05
'0:04.785',1.12
'0:04.789',1.26
'0:04.793',1.38
'0:04.797',1.54
'0:04.801',1.91
'0:04.805',2.65
'0:04.809',3.14
'0:04.813',3.49
'0:04.816',3.53
'0:04.820',3.29
'0:04.824',2.97
'0:04.828',2.74
'0:04.832',2.57
'0:04.836',2.3
'0:04.840',1.68
'0:04.844',1.05
'0:04.848',0.74
'0:04.852',0.46
'0:04.855',0.07
'0:04.859',-0.38
'0:04.863',-0.68
'0:04.867',-0.92
'0:04.871',-0.95
'0:04.875',-0.85
'0:04.879',-0.73
'0:04.883',-0.51
'0:04.887',-0.51
'0:04.891',-0.41
'0:04.895',-0.15
'0:04.898',0.05
'0:04.902',0.25
'0:04.906',0.48
'0:04.910',0.68
'0:04.914',0.73
'0:04.918',0.52
'0:04.922',0.24
'0:04.926',-0.02
'0:04.930',-0.26
'0:04.934',-0.56
'0:04.938',-0.84
'0:04.941',-1
'0:04.945',-1.27
'0:04.949',-1.58
'0:04.953',-1.94
'0:04.957',-2.07
'0:04.961',-2.38
'0:04.965',-2.38
'0:04.969',-2.12
'0:04.973',-2.02
'0:04.977',-2.04
'0:04.980',-1.97
'0:04.984',-2.07
'0:04.988',-2.36
'0:04.992',-2.48
'0:04.996',-2.46
'0:05.000',-2.29
'0:05.004',-2.24
'0:05.008',-2.05
'0:05.012',-1.83
'0:05.016',-1.56
'0:05.020',-1.05
'0:05.023',-0.25
'0:05.027',1.1
'0:05.031',3.19
'0:05.035',5.53
'0:05.039',6.76
'0:05.043',4.97
'0:05.047',1.16
'0:05.051',-2.96
'0:05.055',-5.76
'0:05.059',-6.79
'0:05.063',-6.5
'0:05.066',-5.51
'0:05.070',-4.4
'0:05.074',-3.25
'0:05.078',-2.41
'0:05.082',-1.93
'0:05.086',-1.41
'0:05.090',-0.97
'0:05.094',-0.66
'0:05.098',-0.51
'0:05.102',-0.34
'0:05.105',-0.14
'0:05.109',-0.02
'0:05.113',0.07
'0:05.117',0.1
'0:05.121',0.1
'0:05.125',-0.02
'0:05.129',-0.16
'0:05.133',-0.14
'0:05.137',-0.02
'0:05.141',-0.09
'0:05.145',-0.06
'0:05.148',0.36
'0:05.152',1.07
'0:05.156',1.99
'0:05.160',1.81
'0:05.164',1.35
'0:05.168',1.47
'0:05.172',1.9
'0:05.176',1.68
'0:05.180',1.05
'0:05.184',1.05
'0:05.188',1.42
'0:05.191',1.68
'0:05.195',2.02
'0:05.199',2.03
'0:05.203',2.1
'0:05.207',2.35
'0:05.211',2.58
'0:05.215',2.58
'0:05.219',2.08
'0:05.223',1.59
'0:05.227',1.25
'0:05.230',1.59
'0:05.234',2.41
'0:05.238',2.8
'0:05.242',1.95
'0:05.246',0.95
'0:05.250',0
'0:05.254',-1.28
'0:05.258',-2.24
'0:05.262',-2.48
'0:05.266',-2.21
'0:05.270',-1.51
'0:05.273',-1.04
'0:05.277',-0.61
'0:05.281',-0.19
'0:05.285',0.35
'0:05.289',0.88
'0:05.293',1.28
'0:05.297',1.87
'0:05.301',2.2
'0:05.305',1.82
'0:05.309',1.13
'0:05.313',0.54
'0:05.316',0.03
'0:05.320',-0.09
'0:05.324',0.02
'0:05.328',0.15
'0:05.332',0.05
'0:05.336',-0.22
'0:05.340',-0.46
'0:05.344',-1.04
'0:05.348',-1.34
'0:05.352',-1.04
'0:05.355',-0.65
'0:05.359',-0.43
'0:05.363',-0.59
'0:05.367',-1.02
'0:05.371',-1.41
'0:05.375',-1.55
'0:05.379',-1.5
'0:05.383',-1.34
'0:05.387',-1.12
'0:05.391',-1.02
'0:05.395',-1.09
'0:05.398',-1.17
'0:05.402',-1.27
'0:05.406',-0.76
'0:05.410',0.13
'0:05.414',1.31
'0:05.418',3.09
'0:05.422',5.31
'0:05.426',6.05
'0:05.430',4.07
'0:05.434',0.36
'0:05.438',-3.47
'0:05.441',-6.1
'0:05.445',-6.76
'0:05.449',-5.88
'0:05.453',-5.1
'0:05.457',-4.84
'0:05.461',-4.4
'0:05.465',-3.32
'0:05.469',-2.19
'0:05.473',-1.33
'0:05.477',-0.65
'0:05.480',-0.43
'0:05.484',-0.75
'0:05.488',-0.9
'0:05.492',-0.78
'0:05.496',-0.63
'0:05.500',-0.29
'0:05.504',0.14
'0:05.508',0.25
'0:05.512',0.14
'0:05.516',0.2
'0:05.520',0.41
'0:05.523',0.74
'0:05.527',0.81
'0:05.531',0.54
'0:05.535',0.3
'0:05.539',0.49
'0:05.543',1.19
'0:05.547',1.65
'0:05.551',1.59
'0:05.555',1.62
'0:05.559',1.73
'0:05.563',2
'0:05.566',2.25
'0:05.570',2.37
'0:05.574',2.74
'0:05.578',3.21
'0:05.582',3.29
'0:05.586',3.19
'0:05.590',3.44
'0:05.594',3.44
'0:05.598',2.78
'0:05.602',2.05
'0:05.605',1.72
'0:05.609',1.81
'0:05.613',2.14
'0:05.617',2.17
'0:05.621',1.98
'0:05.625',1.58
'0:05.629',0.84
'0:05.633',0.2
'0:05.637',-0.11
'0:05.641',-0.36
'0:05.645',-0.52
'0:05.648',-0.68
'0:05.652',-0.65
'0:05.656',-0.61
'0:05.660',-0.51
'0:05.664',-0.46
'0:05.668',-0.29
'0:05.672',0.18
'0:05.676',0.9
'0:05.680',1.12
'0:05.684',0.66
'0:05.688',0.22
'0:05.691',0.18
'0:05.695',0.17
'0:05.699',0.27
'0:05.703',0.13
'0:05.707',-0.14
'0:05.711',-0.61
'0:05.715',-0.95
'0:05.719',-1.02
'0:05.723',-1.17
'0:05.727',-1.27
'0:05.730',-1.51
'0:05.734',-1.73
'0:05.738',-1.88
'0:05.742',-1.9
'0:05.746',-1.85
'0:05.750',-1.85
'0:05.754',-1.87
'0:05.758',-1.87
'0:05.762',-1.82
'0:05.766',-1.7
'0:05.770',-1.63
'0:05.773',-1.76
'0:05.777',-1.79
'0:05.781',-1.95
'0:05.785',-2.02
'0:05.789',-1.75
'0:05.793',-1.19
'0:05.797',-0.25
'0:05.801',1.57
'0:05.805',4.26
'0:05.809',6.83
'0:05.813',7.33
'0:05.816',4.63
'0:05.820',-0.01
'0:05.824',-4.29
'0:05.828',-6.62
'0:05.832',-7.11
'0:05.836',-6.58
'0:05.840',-5.78
'0:05.844',-5.11
'0:05.848',-4.26
'0:05.852',-3.32
'0:05.855',-2.56
'0:05.859',-2.12
'0:05.863',-1.92
'0:05.867',-1.67
'0:05.871',-1.43
'0:05.875',-1.21
'0:05.879',-1.16
'0:05.883',-1.19
'0:05.887',-1.02
'0:05.891',-0.7
'0:05.895',-0.56
'0:05.898',-0.45
'0:05.902',-0.38
'0:05.906',-0.34
'0:05.910',-0.05
'0:05.914',0.03
'0:05.918',0.11
'0:05.922',0.49
'0:05.926',1
'0:05.930',1.46
'0:05.934',1.82
'0:05.938',1.93
'0:05.941',1.78
'0:05.945',1.78
'0:05.949',1.68
'0:05.953',1.66
'0:05.957',1.75
'0:05.961',1.96
'0:05.965',2.05
'0:05.969',2.24
'0:05.973',2.5
'0:05.977',2.41
'0:05.980',2.21
'0:05.984',2.21
'0:05.988',2.15
'0:05.992',2.02
'0:05.996',1.83
'0:06.000',1.67
'0:06.004',1.59
'0:06.008',1.31
'0:06.012',0.8
'0:06.016',0.29
'0:06.020',-0.11
'0:06.023',-0.33
'0:06.027',-0.53
'0:06.031',-0.61
'0:06.035',-0.89
'0:06.039',-1.18
'0:06.043',-0.78
'0:06.047',-0.14
'0:06.051',-0.19
'0:06.055',-0.46
'0:06.059',-0.26
'0:06.063',0.17
'0:06.066',0.85
'0:06.070',1.19
'0:06.074',0.6
'0:06.078',-0.09
'0:06.082',-0.38
'0:06.086',0.18
'0:06.090',0.4
'0:06.094',-0.19
'0:06.098',-0.38
'0:06.102',-0.31
'0:06.105',-0.31
'0:06.109',-0.22
'0:06.113',-0.29
'0:06.117',-0.85
'0:06.121',-1.43
'0:06.125',-1.17
'0:06.129',-1.22
'0:06.133',-1.87
'0:06.137',-2.28
'0:06.141',-2.16
'0:06.145',-1.88
'0:06.148',-1.61
'0:06.152',-1.56
'0:06.156',-1.54
'0:06.160',-1.37
'0:06.164',-1.35
'0:06.168',-0.99
'0:06.172',-0.32
'0:06.176',0.51
'0:06.180',1.51
'0:06.184',3.04
'0:06.188',4.85
'0:06.191',7.35
'0:06.195',9.03
'0:06.199',7.35
'0:06.203',2.74
'0:06.207',-2.42
'0:06.211',-5.64
'0:06.215',-6.86
'0:06.219',-6.4
'0:06.223',-5.19
'0:06.227',-4.34
'0:06.230',-3.97
'0:06.234',-3.53
'0:06.238',-2.9
'0:06.242',-2.26
'0:06.246',-1.59
'0:06.250',-1.14
'0:06.254',-1.06
'0:06.258',-0.66
'0:06.262',-0.69
'0:06.266',-1.07
'0:06.270',-0.94
'0:06.273',-0.46
'0:06.277',0.05
'0:06.281',0.44
'0:06.285',0.49
'0:06.289',0.54
'0:06.293',0.56
'0:06.297',0.4
'0:06.301',0.12
'0:06.305',-0.15
'0:06.309',-0.23
'0:06.313',0.13
'0:06.316',1.05
'0:06.320',2.02
'0:06.324',2.37
'0:06.328',1.99
'0:06.332',1.91
'0:06.336',2.32
'0:06.340',2.46
'0:06.344',2.61
'0:06.348',2.98
'0:06.352',3.31
'0:06.355',3.39
'0:06.359',3.11
'0:06.363',2.87
'0:06.367',2.93
'0:06.371',3.14
'0:06.375',3.25
'0:06.379',2.97
'0:06.383',2.19
'0:06.387',1.4
'0:06.391',0.9
'0:06.395',0.69
'0:06.398',0.4
'0:06.402',0.1
'0:06.406',-0.23
'0:06.410',-0.31
'0:06.414',-0.19
'0:06.418',0
'0:06.422',-0.04
'0:06.426',-0.59
'0:06.430',-0.92
'0:06.434',-0.84
'0:06.438',-0.56
'0:06.441',-0.18
'0:06.445',0.19
'0:06.449',0.48
'0:06.453',0.78
'0:06.457',0.86
'0:06.461',0.78
'0:06.465',0.66
'0:06.469',0.73
'0:06.473',0.7
'0:06.477',0.52
'0:06.480',0.46
'0:06.484',0.23
'0:06.488',0.06
'0:06.492',-0.26
'0:06.496',-0.38
'0:06.500',-0.58
'0:06.504',-0.78
'0:06.508',-1.02
'0:06.512',-1.33
'0:06.516',-1.39
'0:06.520',-1.43
'0:06.523',-1.4
'0:06.527',-1.46
'0:06.531',-1.51
'0:06.535',-1.4
'0:06.539',-1.32
'0:06.543',-1.57
'0:06.547',-1.97
'0:06.551',-1.99
'0:06.555',-1.7
'0:06.559',-1.12
'0:06.563',-0.31
'0:06.566',1.03
'0:06.570',3.27
'0:06.574',6.22
'0:06.578',9.13
'0:06.582',10.1
'0:06.586',7.62
'0:06.590',2.47
'0:06.594',-2.65
'0:06.598',-5.59
'0:06.602',-6.59
'0:06.605',-6.36
'0:06.609',-5.75
'0:06.613',-4.99
'0:06.617',-4.41
'0:06.621',-3.75
'0:06.625',-2.85
'0:06.629',-2.26
'0:06.633',-1.88
'0:06.637',-1.53
'0:06.641',-1.35
'0:06.645',-1.22
'0:06.648',-1.02
'0:06.652',-1.04
'0:06.656',-1.05
'0:06.660',-0.89
'0:06.664',-0.63
'0:06.668',-0.51
'0:06.672',-0.48
'0:06.676',-0.4
'0:06.680',-0.33
'0:06.684',-0.26
'0:06.688',-0.17
'0:06.691',-0.02
'0:06.695',0.22
'0:06.699',0.38
'0:06.703',0.48
'0:06.707',0.73
'0:06.711',1.1
'0:06.715',1.2
'0:06.719',1.39
'0:06.723',1.61
'0:06.727',1.95
'0:06.730',2.49
'0:06.734',2.66
'0:06.738',2.63
'0:06.742',2.56
'0:06.746',2.68
'0:06.750',2.9
'0:06.754',2.96
'0:06.758',2.76
'0:06.762',2.38
'0:06.766',2.03
'0:06.770',1.79
'0:06.773',1.81
'0:06.777',2.48
'0:06.781',2.71
'0:06.785',1.39
'0:06.789',-0.26
'0:06.793',-1.15
'0:06.797',-1.55
'0:06.801',-1.63
'0:06.805',-1.31
'0:06.809',-0.98
'0:06.813',-0.61
'0:06.816',-0.24
'0:06.820',-0.24
'0:06.824',-0.34
'0:06.828',-0.29
'0:06.832',-0.19
'0:06.836',0.07
'0:06.840',0.32
'0:06.844',0.53
'0:06.848',0.64
'0:06.852',0.7
'0:06.855',0.76
'0:06.859',0.65
'0:06.863',0.44
'0:06.867',0.17
'0:06.871',0.01
'0:06.875',0
'0:06.879',-0.05
'0:06.883',-0.48
'0:06.887',-1.31
'0:06.891',-1.92
'0:06.895',-2.17
'0:06.898',-2.19
'0:06.902',-2.14
'0:06.906',-2.14
'0:06.910',-1.75
'0:06.914',-1.07
'0:06.918',-0.48
'0:06.922',0.11
'0:06.926',-0.19
'0:06.930',-1.51
'0:06.934',-2.63
'0:06.938',-3.14
'0:06.941',-2.94
'0:06.945',-2.14
'0:06.949',-0.95
'0:06.953',0.47
'0:06.957',2.59
'0:06.961',5.31
'0:06.965',8.06
'0:06.969',8.67
'0:06.973',5.62
'0:06.977',0.29
'0:06.980',-4.32
'0:06.984',-6.57
'0:06.988',-6.65
'0:06.992',-5.74
'0:06.996',-4.8
'0:07.000',-4.13
'0:07.004',-2.86
'0:07.008',-1.05
'0:07.012',-0.05
'0:07.016',-0.67
'0:07.020',-1.37
'0:07.023',-1.32
'0:07.027',-1.14
'0:07.031',-1.24
'0:07.035',-1.46
'0:07.039',-1.65
'0:07.043',-1.46
'0:07.047',-0.78
'0:07.051',-0.17
'0:07.055',0.03
'0:07.059',0
'0:07.063',0.13
'0:07.066',0.35
'0:07.070',0.47
'0:07.074',0.56
'0:07.078',0.61
'0:07.082',0.65
'0:07.086',0.79
'0:07.090',0.98
'0:07.094',1.12
'0:07.098',1.37
'0:07.102',1.83
'0:07.105',2.34
'0:07.109',2.73
'0:07.113',2.75
'0:07.117',2.51
'0:07.121',2.14
'0:07.125',2.05
'0:07.129',2.29
'0:07.133',2.6
'0:07.137',2.81
'0:07.141',2.78
'0:07.145',2.76
'0:07.148',2.76
'0:07.152',2.68
'0:07.156',2.24
'0:07.160',1.76
'0:07.164',1.15
'0:07.168',0.81
'0:07.172',0.74
'0:07.176',0.76
'0:07.180',0.49
'0:07.184',-0.28
'0:07.188',-1.04
'0:07.191',-1.38
'0:07.195',-1.06
'0:07.199',-0.6
'0:07.203',-0.43
'0:07.207',-0.36
'0:07.211',0.06
'0:07.215',0.51
'0:07.219',0.96
'0:07.223',1
'0:07.227',0.9
'0:07.230',0.78
'0:07.234',0.35
'0:07.238',-0.04
'0:07.242',0.09
'0:07.246',0.35
'0:07.250',0.51
'0:07.254',0.48
'0:07.258',0.2
'0:07.262',-0.23
'0:07.266',-0.4
'0:07.270',-0.58
'0:07.273',-1.07
'0:07.277',-1.56
'0:07.281',-1.72
'0:07.285',-1.48
'0:07.289',-1.46
'0:07.293',-1.01
'0:07.297',-0.43
'0:07.301',-0.54
'0:07.305',-1.17
'0:07.309',-1.46
'0:07.313',-1.55
'0:07.316',-2.04
'0:07.320',-2.58
'0:07.324',-2.46
'0:07.328',-2.05
'0:07.332',-1.48
'0:07.336',-0.87
'0:07.340',0.08
'0:07.344',1.93
'0:07.348',4.44
'0:07.352',6.79
'0:07.355',6.93
'0:07.359',3.83
'0:07.363',-0.63
'0:07.367',-4.33
'0:07.371',-6.13
'0:07.375',-6.33
'0:07.379',-5.62
'0:07.383',-4.66
'0:07.387',-3.84
'0:07.391',-3.11
'0:07.395',-2.36
'0:07.398',-1.63
'0:07.402',-1.17
'0:07.406',-0.88
'0:07.410',-0.85
'0:07.414',-0.77
'0:07.418',-0.56
'0:07.422',-0.36
'0:07.426',-0.24
'0:07.430',-0.13
'0:07.434',0.05
'0:07.438',0.23
'0:07.441',0.25
'0:07.445',0.26
'0:07.449',0.14
'0:07.453',0.08
'0:07.457',0.14
'0:07.461',0.27
'0:07.465',0.37
'0:07.469',0.44
'0:07.473',0.57
'0:07.477',0.74
'0:07.480',0.9
'0:07.484',0.96
'0:07.488',1.2
'0:07.492',1.78
'0:07.496',2.14
'0:07.500',1.76
'0:07.504',1.35
'0:07.508',1.49
'0:07.512',1.78
'0:07.516',1.88
'0:07.520',1.93
'0:07.523',2.15
'0:07.527',2.25
'0:07.531',2.29
'0:07.535',2.2
'0:07.539',2.02
'0:07.543',1.71
'0:07.547',1.32
'0:07.551',0.9
'0:07.555',0.41
'0:07.559',-0.02
'0:07.563',-0.46
'0:07.566',-0.89
'0:07.570',-0.92
'0:07.574',-0.87
'0:07.578',-0.87
'0:07.582',-0.78
'0:07.586',-0.56
'0:07.590',-0.26
'0:07.594',-0.02
'0:07.598',0.04
'0:07.602',0.13
'0:07.605',0.25
'0:07.609',0.35
'0:07.613',0.27
'0:07.617',0.13
'0:07.621',0.13
'0:07.625',0.18
'0:07.629',0.15
'0:07.633',0.04
'0:07.637',-0.03
'0:07.641',-0.14
'0:07.645',-0.39
'0:07.648',-0.75
'0:07.652',-1.17
'0:07.656',-1.49
'0:07.660',-1.92
'0:07.664',-2.06
'0:07.668',-1.77
'0:07.672',-1.37
'0:07.676',-1.46
'0:07.680',-2.04
'0:07.684',-2.43
'0:07.688',-2.55
'0:07.691',-2.41
'0:07.695',-2.31
'0:07.699',-2.31
'0:07.703',-2.24
'0:07.707',-1.9
'0:07.711',-1.7
'0:07.715',-1.41
'0:07.719',-0.87
'0:07.723',-0.07
'0:07.727',1.77
'0:07.730',4.66
'0:07.734',7.94
'0:07.738',9.81
'0:07.742',8
'0:07.746',2.43
'0:07.750',-3.43
'0:07.754',-6.89
'0:07.758',-7.94
'0:07.762',-7.57
'0:07.766',-6.75
'0:07.770',-5.43
'0:07.773',-3.96
'0:07.777',-2.33
'0:07.781',-1.63
'0:07.785',-1.95
'0:07.789',-2.24
'0:07.793',-2.22
'0:07.797',-2.13
'0:07.801',-1.46
'0:07.805',-0.76
'0:07.809',-0.69
'0:07.813',-0.85
'0:07.816',-0.81
'0:07.820',-0.56
'0:07.824',-0.15
'0:07.828',0.18
'0:07.832',0.68
'0:07.836',1.32
'0:07.840',1.76
'0:07.844',1.76
'0:07.848',2.15
'0:07.852',2.73
'0:07.855',2.85
'0:07.859',2.43
'0:07.863',1.8
'0:07.867',1.31
'0:07.871',1.17
'0:07.875',1.34
'0:07.879',1.55
'0:07.883',1.83
'0:07.887',2.02
'0:07.891',2.4
'0:07.895',2.83
'0:07.898',3.1
'0:07.902',3.36
'0:07.906',3.51
'0:07.910',3.46
'0:07.914',3.27
'0:07.918',3.1
'0:07.922',2.91
'0:07.926',2.4
'0:07.930',2.22
'0:07.934',2.2
'0:07.938',1.86
'0:07.941',0.95
'0:07.945',0.01
'0:07.949',-0.55
'0:07.953',-0.53
'0:07.957',-0.27
'0:07.961',-0.2
'0:07.965',-0.58
'0:07.969',-0.85
'0:07.973',-0.83
'0:07.977',-0.36
'0:07.980',0.25
'0:07.984',0.95
'0:07.988',1.27
'0:07.992',1.29
'0:07.996',1.03
'0:08.000',1.12
'0:08.004',1.17
'0:08.008',1.02
'0:08.012',0.8
'0:08.016',0.78
'0:08.020',1.1
'0:08.023',1.6
'0:08.027',1.56
'0:08.031',0.83
'0:08.035',-0.17
'0:08.039',-0.41
'0:08.043',-0.46
'0:08.047',-1.19
'0:08.051',-1.87
'0:08.055',-2.04
'0:08.059',-1.86
'0:08.063',-1.56
'0:08.066',-1.35
'0:08.070',-1.5
'0:08.074',-1.46
'0:08.078',-0.7
'0:08.082',-0.2
'0:08.086',-0.54
'0:08.090',-0.98
'0:08.094',-1.38
'0:08.098',-1.43
'0:08.102',-1.05
'0:08.105',-0.38
'0:08.109',1.38
'0:08.113',4.44
'0:08.117',7.66
'0:08.121',9.22
'0:08.125',7.24
'0:08.129',2.01
'0:08.133',-3.18
'0:08.137',-6.14
'0:08.141',-7.05
'0:08.145',-6.65
'0:08.148',-5.75
'0:08.152',-5.18
'0:08.156',-4.42
'0:08.160',-3.34
'0:08.164',-2.48
'0:08.168',-2
'0:08.172',-1.6
'0:08.176',-1.61
'0:08.180',-1.53
'0:08.184',-1.19
'0:08.188',-0.63
'0:08.191',-0.12
'0:08.195',0.23
'0:08.199',0.32
'0:08.203',0.5
'0:08.207',0.83
'0:08.211',0.83
'0:08.215',0.56
'0:08.219',0.63
'0:08.223',0.92
'0:08.227',1.17
'0:08.230',1.29
'0:08.234',1.4
'0:08.238',1.85
'0:08.242',2.25
'0:08.246',2.19
'0:08.250',1.95
'0:08.254',1.93
'0:08.258',2.2
'0:08.262',2.69
'0:08.266',3.1
'0:08.270',3.22
'0:08.273',3.22
'0:08.277',3.14
'0:08.281',3.1
'0:08.285',3.31
'0:08.289',3.29
'0:08.293',3.1
'0:08.297',2.86
'0:08.301',2.67
'0:08.305',2.37
'0:08.309',1.93
'0:08.313',1.39
'0:08.316',0.92
'0:08.320',0.64
'0:08.324',0.36
'0:08.328',-0.06
'0:08.332',-0.58
'0:08.336',-1.02
'0:08.340',-1.05
'0:08.344',-1.06
'0:08.348',-1.17
'0:08.352',-1.02
'0:08.355',-0.79
'0:08.359',-0.46
'0:08.363',-0.07
'0:08.367',0.42
'0:08.371',0.7
'0:08.375',0.61
'0:08.379',0.49
'0:08.383',0.56
'0:08.387',0.71
'0:08.391',0.81
'0:08.395',0.8
'0:08.398',0.76
'0:08.402',0.61
'0:08.406',0.62
'0:08.410',0.69
'0:08.414',0.54
'0:08.418',0.27
'0:08.422',0
'0:08.426',-0.34
'0:08.430',-0.65
'0:08.434',-0.95
'0:08.438',-1.46
'0:08.441',-1.82
'0:08.445',-1.92
'0:08.449',-1.82
'0:08.453',-1.66
'0:08.457',-1.59
'0:08.461',-1.53
'0:08.465',-1.46
'0:08.469',-1.32
'0:08.473',-1.02
'0:08.477',-0.63
'0:08.480',-0.36
'0:08.484',-0.26
'0:08.488',-0.14
'0:08.492',0.72
'0:08.496',2.69
'0:08.500',5.69
'0:08.504',8.41
'0:08.508',8.49
'0:08.512',5.05
'0:08.516',-0.32
'0:08.520',-4.7
'0:08.523',-6.82
'0:08.527',-7.33
'0:08.531',-7.04
'0:08.535',-5.99
'0:08.539',-4.98
'0:08.543',-4.26
'0:08.547',-4.07
'0:08.551',-3.92
'0:08.555',-3.62
'0:08.559',-3.14
'0:08.563',-2.75
'0:08.566',-2.53
'0:08.570',-2.41
'0:08.574',-1.97
'0:08.578',-1.44
'0:08.582',-1.05
'0:08.586',-0.78
'0:08.590',-0.65
'0:08.594',-0.38
'0:08.598',-0.14
'0:08.602',0.25
'0:08.605',0.56
'0:08.609',0.73
'0:08.613',0.52
'0:08.617',0.68
'0:08.621',0.98
'0:08.625',0.97
'0:08.629',0.38
'0:08.633',-0.17
'0:08.637',-0.14
'0:08.641',0.16
'0:08.645',0.46
'0:08.648',0.91
'0:08.652',1.68
'0:08.656',2.24
'0:08.660',2.56
'0:08.664',2.89
'0:08.668',3.05
'0:08.672',3.27
'0:08.676',3.59
'0:08.680',3.56
'0:08.684',3.18
'0:08.688',2.77
'0:08.691',2.55
'0:08.695',2.56
'0:08.699',2.29
'0:08.703',1.58
'0:08.707',0.81
'0:08.711',0.13
'0:08.715',-0.12
'0:08.719',-0.14
'0:08.723',-0.7
'0:08.727',-1.36
'0:08.730',-1.83
'0:08.734',-2.11
'0:08.738',-1.95
'0:08.742',-1.64
'0:08.746',-1.7
'0:08.750',-1.68
'0:08.754',-1.11
'0:08.758',-0.53
'0:08.762',-0.01
'0:08.766',0.35
'0:08.770',0.49
'0:08.773',0.51
'0:08.777',0.64
'0:08.781',0.85
'0:08.785',0.54
'0:08.789',-0.08
'0:08.793',-0.56
'0:08.797',-1.3
'0:08.801',-1.96
'0:08.805',-2.17
'0:08.809',-2.14
'0:08.813',-2.04
'0:08.816',-1.77
'0:08.820',-1.72
'0:08.824',-1.72
'0:08.828',-1.54
'0:08.832',-1.65
'0:08.836',-1.9
'0:08.840',-2.02
'0:08.844',-1.94
'0:08.848',-1.94
'0:08.852',-2.13
'0:08.855',-1.94
'0:08.859',-1.41
'0:08.863',-1.02
'0:08.867',-0.87
'0:08.871',-0.78
'0:08.875',-0.21
'0:08.879',1.21
'0:08.883',3.41
'0:08.887',6.29
'0:08.891',8.45
'0:08.895',7.42
'0:08.898',3.32
'0:08.902',-1.81
'0:08.906',-5.31
'0:08.910',-6.7
'0:08.914',-6.82
'0:08.918',-6.54
'0:08.922',-5.61
'0:08.926',-4.12
'0:08.930',-2.97
'0:08.934',-2.68
'0:08.938',-3.04
'0:08.941',-3.26
'0:08.945',-3.05
'0:08.949',-2.71
'0:08.953',-2.56
'0:08.957',-2.4
'0:08.961',-2.11
'0:08.965',-1.75
'0:08.969',-1.49
'0:08.973',-1.4
'0:08.977',-1.22
'0:08.980',-1.01
'0:08.984',-0.85
'0:08.988',-0.63
'0:08.992',-0.43
'0:08.996',-0.27
'0:09.000',-0.2
'0:09.004',-0.15
'0:09.008',0.15
'0:09.012',0.57
'0:09.016',0.71
'0:09.020',0.71
'0:09.023',0.96
'0:09.027',1.28
'0:09.031',1.57
'0:09.035',1.88
'0:09.039',2.14
'0:09.043',2.42
'0:09.047',2.65
'0:09.051',2.5
'0:09.055',2.3
'0:09.059',2.35
'0:09.063',2.43
'0:09.066',2.59
'0:09.070',2.58
'0:09.074',2.46
'0:09.078',2.24
'0:09.082',1.81
'0:09.086',1.3
'0:09.090',1.05
'0:09.094',0.73
'0:09.098',0.42
'0:09.102',0.22
'0:09.105',-0.1
'0:09.109',-0.55
'0:09.113',-0.65
'0:09.117',-0.65
'0:09.121',-0.66
'0:09.125',-0.56
'0:09.129',-0.54
'0:09.133',-0.56
'0:09.137',-0.33
'0:09.141',0.03
'0:09.145',0.25
'0:09.148',0.3
'0:09.152',0.2
'0:09.156',0.06
'0:09.160',0
'0:09.164',0.07
'0:09.168',0.06
'0:09.172',-0.12
'0:09.176',-0.37
'0:09.180',-0.61
'0:09.184',-0.9
'0:09.188',-1.38
'0:09.191',-1.83
'0:09.195',-2.07
'0:09.199',-2.19
'0:09.203',-2.24
'0:09.207',-2.29
'0:09.211',-2.45
'0:09.215',-2.45
'0:09.219',-2.4
'0:09.223',-2.06
'0:09.227',-1.68
'0:09.230',-1.58
'0:09.234',-1.56
'0:09.238',-1.5
'0:09.242',-1.43
'0:09.246',-1.46
'0:09.250',-1.41
'0:09.254',-1.02
'0:09.258',-0.27
'0:09.262',0.77
'0:09.266',2.43
'0:09.270',4.88
'0:09.273',7.21
'0:09.277',7.55
'0:09.281',4.7
'0:09.285',0.14
'0:09.289',-3.99
'0:09.293',-6.27
'0:09.297',-6.66
'0:09.301',-6.09
'0:09.305',-5.2
'0:09.309',-4.25
'0:09.313',-2.97
'0:09.316',-2.36
'0:09.320',-2.31
'0:09.324',-2.26
'0:09.328',-1.68
'0:09.332',-0.85
'0:09.336',-0.51
'0:09.340',-0.63
'0:09.344',-0.9
'0:09.348',-1.01
'0:09.352',-0.92
'0:09.355',-0.88
'0:09.359',-0.79
'0:09.363',-0.68
'0:09.367',-0.51
'0:09.371',-0.05
'0:09.375',0.34
'0:09.379',0.14
'0:09.383',-0.37
'0:09.387',-0.24
'0:09.391',0.23
'0:09.395',0.57
'0:09.398',0.89
'0:09.402',1.29
'0:09.406',1.54
'0:09.410',1.64
'0:09.414',1.61
'0:09.418',1.79
'0:09.422',2.4
'0:09.426',3.2
'0:09.430',3.56
'0:09.434',3.37
'0:09.438',3.34
'0:09.441',3.85
'0:09.445',4.04
'0:09.449',3.31
'0:09.453',2.66
'0:09.457',2.41
'0:09.461',2.16
'0:09.465',1.8
'0:09.469',1.43
'0:09.473',1.14
'0:09.477',0.86
'0:09.480',0.44
'0:09.484',0.05
'0:09.488',-0.19
'0:09.492',-0.54
'0:09.496',-0.7
'0:09.500',-0.26
'0:09.504',-0.07
'0:09.508',-0.21
'0:09.512',-0.47
'0:09.516',-0.63
'0:09.520',-0.38
'0:09.523',0.16
'0:09.527',0.51
'0:09.531',0.61
'0:09.535',0.64
'0:09.539',0.88
'0:09.543',1.17
'0:09.547',1.17
'0:09.551',0.95
'0:09.555',0.56
'0:09.559',0.25
'0:09.563',0.15
'0:09.566',-0.02
'0:09.570',-0.09
'0:09.574',-0.17
'0:09.578',-0.49
'0:09.582',-0.82
'0:09.586',-0.8
'0:09.590',-0.65
'0:09.594',-0.76
'0:09.598',-1.32
'0:09.602',-1.81
'0:09.605',-1.89
'0:09.609',-1.82
'0:09.613',-1.98
'0:09.617',-2.15
'0:09.621',-2.07
'0:09.625',-1.95
'0:09.629',-1.9
'0:09.633',-1.95
'0:09.637',-1.73
'0:09.641',-1.06
'0:09.645',0.03
'0:09.648',1.79
'0:09.652',4.26
'0:09.656',7.12
'0:09.660',8.27
'0:09.664',5.85
'0:09.668',1.01
'0:09.672',-4.07
'0:09.676',-7.31
'0:09.680',-8.24
'0:09.684',-7.6
'0:09.688',-6.19
'0:09.691',-4.84
'0:09.695',-3.88
'0:09.699',-3.06
'0:09.703',-2.41
'0:09.707',-2.09
'0:09.711',-2
'0:09.715',-1.63
'0:09.719',-1.29
'0:09.723',-1.14
'0:09.727',-0.99
'0:09.730',-0.89
'0:09.734',-0.73
'0:09.738',-0.58
'0:09.742',-0.58
'0:09.746',-0.39
'0:09.750',-0.16
'0:09.754',-0.04
'0:09.758',0.15
'0:09.762',0.37
'0:09.766',0.52
'0:09.770',0.53
'0:09.773',0.34
'0:09.777',0.35
'0:09.781',0.83
'0:09.785',1.27
'0:09.789',1.19
'0:09.793',1.23
'0:09.797',1.34
'0:09.801',1.24
'0:09.805',1.32
'0:09.809',1.88
'0:09.813',2.36
'0:09.816',2.56
'0:09.820',2.63
'0:09.824',2.56
'0:09.828',2.49
'0:09.832',2.22
'0:09.836',2.02
'0:09.840',1.99
'0:09.844',1.77
'0:09.848',1.44
'0:09.852',1.44
'0:09.855',1.19
'0:09.859',0.48
'0:09.863',-0.16
'0:09.867',-0.54
'0:09.871',-0.82
'0:09.875',-0.89
'0:09.879',-0.95
'0:09.883',-0.99
'0:09.887',-0.83
'0:09.891',-0.82
'0:09.895',-0.7
'0:09.898',-0.48
'0:09.902',-0.34
'0:09.906',0.04
'0:09.910',0.45
'0:09.914',0.49
'0:09.918',0.27
'0:09.922',0.39
'0:09.926',0.4
'0:09.930',0.42
'0:09.934',0.39
'0:09.938',0.46
'0:09.941',0.49
'0:09.945',0.4
'0:09.949',0.05
'0:09.953',-0.34
'0:09.957',-0.81
'0:09.961',-1.3
'0:09.965',-1.66
'0:09.969',-1.8
'0:09.973',-1.8
'0:09.977',-1.89
'0:09.980',-1.95
'0:09.984',-2.1
'0:09.988',-2.31
'0:09.992',-2.43
'0:09.996',-2.38
'0:10.000',-2.14
'0:10.004',-1.91
'0:10.008',-1.93
'0:10.012',-1.88
'0:10.016',-1.84
'0:10.020',-1.58
'0:10.023',-1.08
'0:10.027',-0.15
'0:10.031',1.95
'0:10.035',4.89
'0:10.039',7.75
'0:10.043',8.29
'0:10.047',5.15
'0:10.051',-0.24
'0:10.055',-4.71
'0:10.059',-6.94
'0:10.063',-7.3
'0:10.066',-6.69
'0:10.070',-5.94
'0:10.074',-5.21
'0:10.078',-4.31
'0:10.082',-3.16
'0:10.086',-2.37
'0:10.090',-2.12
'0:10.094',-2.11
'0:10.098',-1.99
'0:10.102',-1.63
'0:10.105',-1.41
'0:10.109',-1.22
'0:10.113',-1.17
'0:10.117',-1.03
'0:10.121',-0.65
'0:10.125',-0.28
'0:10.129',-0.14
'0:10.133',-0.09
'0:10.137',0.42
'0:10.141',1.29
'0:10.145',1.45
'0:10.148',0.98
'0:10.152',0.89
'0:10.156',0.98
'0:10.160',0.92
'0:10.164',1.08
'0:10.168',1.36
'0:10.172',1.3
'0:10.176',1.41
'0:10.180',1.85
'0:10.184',2.15
'0:10.188',2.37
'0:10.191',2.76
'0:10.195',2.9
'0:10.199',3.08
'0:10.203',3.42
'0:10.207',3.65
'0:10.211',3.39
'0:10.215',3.1
'0:10.219',2.98
'0:10.223',2.29
'0:10.227',1.17
'0:10.230',0.64
'0:10.234',0.59
'0:10.238',0.23
'0:10.242',-0.22
'0:10.246',-0.78
'0:10.250',-1.17
'0:10.254',-0.94
'0:10.258',-0.79
'0:10.262',-1.05
'0:10.266',-1.24
'0:10.270',-1.04
'0:10.273',-0.41
'0:10.277',-0.21
'0:10.281',-0.3
'0:10.285',0.4
'0:10.289',1.16
'0:10.293',0.99
'0:10.297',0.08
'0:10.301',-0.21
'0:10.305',-0.22
'0:10.309',-0.17
'0:10.313',0
'0:10.316',0.51
'0:10.320',0.73
'0:10.324',0.51
'0:10.328',0.05
'0:10.332',-0.38
'0:10.336',-0.22
'0:10.340',0.11
'0:10.344',-0.12
'0:10.348',-0.41
'0:10.352',-0.13
'0:10.355',0.12
'0:10.359',-0.21
'0:10.363',-0.9
'0:10.367',-1.51
'0:10.371',-1.9
'0:10.375',-1.95
'0:10.379',-1.84
'0:10.383',-1.28
'0:10.387',-0.58
'0:10.391',-0.21
'0:10.395',-0.16
'0:10.398',0.15
'0:10.402',0.3
'0:10.406',0.62
'0:10.410',1.91
'0:10.414',4.51
'0:10.418',7.76
'0:10.422',9.73
'0:10.426',8.22
'0:10.430',3.1
'0:10.434',-2.42
'0:10.438',-5.7
'0:10.441',-6.78
'0:10.445',-6.47
'0:10.449',-5.75
'0:10.453',-5.05
'0:10.457',-4.03
'0:10.461',-2.77
'0:10.465',-2.03
'0:10.469',-2
'0:10.473',-2.29
'0:10.477',-2.34
'0:10.480',-1.95
'0:10.484',-1.92
'0:10.488',-1.75
'0:10.492',-1.36
'0:10.496',-1.19
'0:10.500',-1.14
'0:10.504',-1.01
'0:10.508',-0.75
'0:10.512',-0.41
'0:10.516',0.01
'0:10.520',0.57
'0:10.523',1.02
'0:10.527',1.2
'0:10.531',1
'0:10.535',0.69
'0:10.539',0.71
'0:10.543',1.19
'0:10.547',1.56
'0:10.551',1.7
'0:10.555',1.77
'0:10.559',1.81
'0:10.563',1.96
'0:10.566',2.2
'0:10.570',2.3
'0:10.574',2.71
'0:10.578',3.31
'0:10.582',3.32
'0:10.586',3.06
'0:10.590',3.12
'0:10.594',3.41
'0:10.598',3.48
'0:10.602',3.38
'0:10.605',3.12
'0:10.609',2.46
'0:10.613',1.53
'0:10.617',1
'0:10.621',0.96
'0:10.625',0.64
'0:10.629',0.18
'0:10.633',-0.1
'0:10.637',-0.07
'0:10.641',-0.09
'0:10.645',-0.55
'0:10.648',-1.05
'0:10.652',-1.39
'0:10.656',-1.55
'0:10.660',-1.65
'0:10.664',-1.62
'0:10.668',-1.21
'0:10.672',-0.56
'0:10.676',0.11
'0:10.680',0.59
'0:10.684',0.78
'0:10.688',0.88
'0:10.691',1.03
'0:10.695',0.95
'0:10.699',0.83
'0:10.703',0.61
'0:10.707',0.46
'0:10.711',0.22
'0:10.715',-0.18
'0:10.719',-0.54
'0:10.723',-0.58
'0:10.727',-0.77
'0:10.730',-1.07
'0:10.734',-1.29
'0:10.738',-1.45
'0:10.742',-1.6
'0:10.746',-1.67
'0:10.750',-1.6
'0:10.754',-1.54
'0:10.758',-1.58
'0:10.762',-1.57
'0:10.766',-1.38
'0:10.770',-1.16
'0:10.773',-1
'0:10.777',-1.09
'0:10.781',-1.04
'0:10.785',-0.67
'0:10.789',0.1
'0:10.793',1.45
'0:10.797',3.58
'0:10.801',6.43
'0:10.805',9.09
'0:10.809',9.42
'0:10.813',6.05
'0:10.816',0.46
'0:10.820',-4.35
'0:10.824',-6.92
'0:10.828',-7.52
'0:10.832',-6.96
'0:10.836',-5.91
'0:10.840',-4.84
'0:10.844',-4.23
'0:10.848',-3.73
'0:10.852',-3.24
'0:10.855',-2.87
'0:10.859',-2.54
'0:10.863',-2.24
'0:10.867',-1.97
'0:10.871',-1.58
'0:10.875',-1.22
'0:10.879',-1.18
'0:10.883',-1.23
'0:10.887',-1.12
'0:10.891',-0.84
'0:10.895',-0.55
'0:10.898',-0.36
'0:10.902',-0.21
'0:10.906',-0.07
'0:10.910',0.18
'0:10.914',0.4
'0:10.918',0.88
'0:10.922',1.54
'0:10.926',1.8
'0:10.930',1.42
'0:10.934',1.01
'0:10.938',0.9
'0:10.941',0.86
'0:10.945',1.06
'0:10.949',1.42
'0:10.953',1.91
'0:10.957',2.37
'0:10.961',2.86
'0:10.965',3.05
'0:10.969',3.19
'0:10.973',3.29
'0:10.977',3.3
'0:10.980',3.12
'0:10.984',2.97
'0:10.988',2.82
'0:10.992',2.78
'0:10.996',2.61
'0:11.000',2.11
'0:11.004',1.36
'0:11.008',0.68
'0:11.012',0.22
'0:11.016',0.03
'0:11.020',-0.14
'0:11.023',-0.41
'0:11.027',-0.51
'0:11.031',-0.66
'0:11.035',-0.81
'0:11.039',-0.84
'0:11.043',-0.78
'0:11.047',-0.33
'0:11.051',0.39
'0:11.055',0.93
'0:11.059',1.2
'0:11.063',0.99
'0:11.066',0.14
'0:11.070',-0.53
'0:11.074',-0.54
'0:11.078',-0.49
'0:11.082',-0.34
'0:11.086',-0.26
'0:11.090',-0.2
'0:11.094',-0.07
'0:11.098',-0.07
'0:11.102',-0.17
'0:11.105',-0.3
'0:11.109',-0.49
'0:11.113',-1.05
'0:11.117',-1.62
'0:11.121',-2.1
'0:11.125',-2.58
'0:11.129',-2.68
'0:11.133',-2.44
'0:11.137',-2.38
'0:11.141',-2.26
'0:11.145',-1.92
'0:11.148',-1.53
'0:11.152',-1.27
'0:11.156',-1.27
'0:11.160',-1.12
'0:11.164',-0.85
'0:11.168',-0.61
'0:11.172',-0.41
'0:11.176',-0.01
'0:11.180',1.51
'0:11.184',4.43
'0:11.188',7.36
'0:11.191',8.51
'0:11.195',6.27
'0:11.199',1.53
'0:11.203',-3.21
'0:11.207',-5.72
'0:11.211',-6.4
'0:11.215',-6.03
'0:11.219',-5.04
'0:11.223',-4.12
'0:11.227',-3.38
'0:11.230',-2.48
'0:11.234',-1.59
'0:11.238',-0.63
'0:11.242',0
'0:11.246',0.05
'0:11.250',-0.34
'0:11.254',-0.85
'0:11.258',-1.21
'0:11.262',-1.24
'0:11.266',-0.91
'0:11.270',-0.63
'0:11.273',-0.5
'0:11.277',-0.3
'0:11.281',0.08
'0:11.285',0.51
'0:11.289',0.96
'0:11.293',1.54
'0:11.297',1.59
'0:11.301',1.66
'0:11.305',1.66
'0:11.309',1.43
'0:11.313',1.49
'0:11.316',1.29
'0:11.320',0.88
'0:11.324',1
'0:11.328',1.32
'0:11.332',1.54
'0:11.336',1.47
'0:11.340',1.46
'0:11.344',1.64
'0:11.348',2.01
'0:11.352',2.24
'0:11.355',2.62
'0:11.359',3.03
'0:11.363',3.41
'0:11.367',3.67
'0:11.371',3.51
'0:11.375',3.01
'0:11.379',2.56
'0:11.383',2.09
'0:11.387',1.59
'0:11.391',1.34
'0:11.395',1.22
'0:11.398',0.87
'0:11.402',0.34
'0:11.406',-0.31
'0:11.410',-0.85
'0:11.414',-1.09
'0:11.418',-1.19
'0:11.422',-1
'0:11.426',-0.65
'0:11.430',-0.31
'0:11.434',-0.09
'0:11.438',0.35
'0:11.441',0.98
'0:11.445',1.37
'0:11.449',1.44
'0:11.453',1.36
'0:11.457',1.26
'0:11.461',1.18
'0:11.465',1.05
'0:11.469',0.61
'0:11.473',0.37
'0:11.477',0.4
'0:11.480',0.81
'0:11.484',0.48
'0:11.488',-1.13
'0:11.492',-2.53
'0:11.496',-2.98
'0:11.500',-2.7
'0:11.504',-2.39
'0:11.508',-2.36
'0:11.512',-2.24
'0:11.516',-2.02
'0:11.520',-1.77
'0:11.523',-1.68
'0:11.527',-1.77
'0:11.531',-1.92
'0:11.535',-2.19
'0:11.539',-2.3
'0:11.543',-1.74
'0:11.547',-1.17
'0:11.551',-0.74
'0:11.555',-0.23
'0:11.559',0.47
'0:11.563',1.83
'0:11.566',3.99
'0:11.570',6.3
'0:11.574',7.29
'0:11.578',5.35
'0:11.582',1.43
'0:11.586',-2.65
'0:11.590',-5.17
'0:11.594',-6.03
'0:11.598',-5.72
'0:11.602',-5.01
'0:11.605',-4.24
'0:11.609',-3.58
'0:11.613',-2.92
'0:11.617',-2.36
'0:11.621',-1.94
'0:11.625',-1.5
'0:11.629',-1.07
'0:11.633',-0.74
'0:11.637',-0.56
'0:11.641',-0.33
'0:11.645',-0.27
'0:11.648',-0.23
'0:11.652',-0.11
'0:11.656',-0.11
'0:11.660',-0.04
'0:11.664',-0.07
'0:11.668',-0.05
'0:11.672',0.01
'0:11.676',0.05
'0:11.680',0.01
'0:11.684',-0.14
'0:11.688',-0.16
'0:11.691',0.08
'0:11.695',0.42
'0:11.699',0.58
'0:11.703',0.61
'0:11.707',0.61
'0:11.711',0.64
'0:11.715',0.73
'0:11.719',0.92
'0:11.723',1.2
'0:11.727',1.51
'0:11.730',1.78
'0:11.734',2
'0:11.738',2.12
'0:11.742',2.04
'0:11.746',1.93
'0:11.750',1.87
'0:11.754',1.84
'0:11.758',1.72
'0:11.762',1.44
'0:11.766',1.03
'0:11.770',0.56
'0:11.773',0.22
'0:11.777',0.03
'0:11.781',-0.41
'0:11.785',-0.85
'0:11.789',-1.12
'0:11.793',-1.29
'0:11.797',-1.41
'0:11.801',-1.4
'0:11.805',-1.26
'0:11.809',-1.05
'0:11.813',-0.85
'0:11.816',-0.61
'0:11.820',-0.33
'0:11.824',-0.04
'0:11.828',0.27
'0:11.832',0.46
'0:11.836',0.47
'0:11.840',0.61
'0:11.844',0.85
'0:11.848',0.61
'0:11.852',0.07
'0:11.855',-0.55
'0:11.859',-0.85
'0:11.863',-0.97
'0:11.867',-0.98
'0:11.871',-1.27
'0:11.875',-1.85
'0:11.879',-2.15
'0:11.883',-2.31
'0:11.887',-2.45
'0:11.891',-2.28
'0:11.895',-2.23
'0:11.898',-2.2
'0:11.902',-2.02
'0:11.906',-2.15
'0:11.910',-2.34
'0:11.914',-2.1
'0:11.918',-1.68
'0:11.922',-1.38
'0:11.926',-0.89
'0:11.930',-0.68
'0:11.934',-1.2
'0:11.938',-1.72
'0:11.941',-1.25
'0:11.945',0.56
'0:11.949',3.47
'0:11.953',6.65
'0:11.957',8.04
'0:11.961',5.71
'0:11.965',0.93
'0:11.969',-3.65
'0:11.973',-6.14
'0:11.977',-6.78
'0:11.980',-6
'0:11.984',-4.43
'0:11.988',-3.21
'0:11.992',-3.07
'0:11.996',-3.19
'0:12.000',-3.14
'0:12.004',-3.46
'0:12.008',-3.7
'0:12.012',-3.36
'0:12.016',-2.63
'0:12.020',-2.36
'0:12.023',-2.33
'0:12.027',-1.88
'0:12.031',-1.33
'0:12.035',-0.75
'0:12.039',-0.04
'0:12.043',0.53
'0:12.047',0.83
'0:12.051',1.23
'0:12.055',1.37
'0:12.059',1.05
'0:12.063',0.66
'0:12.066',0.47
'0:12.070',0.74
'0:12.074',0.88
'0:12.078',0.88
'0:12.082',1.03
'0:12.086',1.29
'0:12.090',1.72
'0:12.094',2.02
'0:12.098',2.08
'0:12.102',2.4
'0:12.105',2.83
'0:12.109',3.14
'0:12.113',3.46
'0:12.117',3.7
'0:12.121',3.91
'0:12.125',4.02
'0:12.129',3.5
'0:12.133',2.82
'0:12.137',2.68
'0:12.141',2.56
'0:12.145',2.22
'0:12.148',1.83
'0:12.152',1.63
'0:12.156',1.68
'0:12.160',1.54
'0:12.164',0.94
'0:12.168',0.08
'0:12.172',-0.7
'0:12.176',-1.02
'0:12.180',-0.9
'0:12.184',-0.78
'0:12.188',-1.1
'0:12.191',-1.41
'0:12.195',-1.18
'0:12.199',-0.58
'0:12.203',0.2
'0:12.207',0.93
'0:12.211',1.25
'0:12.215',1.04
'0:12.219',0.73
'0:12.223',0.67
'0:12.227',0.81
'0:12.230',0.55
'0:12.234',0.23
'0:12.238',0.3
'0:12.242',0.42
'0:12.246',0.2
'0:12.250',-0.33
'0:12.254',-1.05
'0:12.258',-1.61
'0:12.262',-1.67
'0:12.266',-1.55
'0:12.270',-1.58
'0:12.273',-1.43
'0:12.277',-1.21
'0:12.281',-1.26
'0:12.285',-1.26
'0:12.289',-1.39
'0:12.293',-1.71
'0:12.297',-1.95
'0:12.301',-1.99
'0:12.305',-1.77
'0:12.309',-1.8
'0:12.313',-1.95
'0:12.316',-1.67
'0:12.320',-0.62
'0:12.324',1.07
'0:12.328',3.71
'0:12.332',6.95
'0:12.336',9.16
'0:12.340',8.58
'0:12.344',4.11
'0:12.348',-1.65
'0:12.352',-5.75
'0:12.355',-7.47
'0:12.359',-7.2
'0:12.363',-6.28
'0:12.367',-5.55
'0:12.371',-4.61
'0:12.375',-3.59
'0:12.379',-2.84
'0:12.383',-2.54
'0:12.387',-2.45
'0:12.391',-2.16
'0:12.395',-1.62
'0:12.398',-1.11
'0:12.402',-0.63
'0:12.406',-0.29
'0:12.410',-0.06
'0:12.414',0.17
'0:12.418',0.08
'0:12.422',-0.05
'0:12.426',0.05
'0:12.430',0.5
'0:12.434',0.9
'0:12.438',0.9
'0:12.441',0.71
'0:12.445',0.76
'0:12.449',0.68
'0:12.453',0.59
'0:12.457',0.76
'0:12.461',1.02
'0:12.465',1.5
'0:12.469',2.11
'0:12.473',2.52
'0:12.477',2.8
'0:12.480',2.98
'0:12.484',2.97
'0:12.488',2.85
'0:12.492',2.91
'0:12.496',3.4
'0:12.500',4.1
'0:12.504',4.43
'0:12.508',4.08
'0:12.512',2.97
'0:12.516',1.97
'0:12.520',1.37
'0:12.523',0.88
'0:12.527',0.43
'0:12.531',0.27
'0:12.535',0.24
'0:12.539',0.08
'0:12.543',-0.02
'0:12.547',-0.27
'0:12.551',-0.63
'0:12.555',-0.95
'0:12.559',-0.92
'0:12.563',-0.8
'0:12.566',-0.72
'0:12.570',-0.68
'0:12.574',-0.7
'0:12.578',-0.65
'0:12.582',-0.35
'0:12.586',0.22
'0:12.590',0.59
'0:12.594',0.74
'0:12.598',0.93
'0:12.602',0.85
'0:12.605',0.66
'0:12.609',0.64
'0:12.613',0.62
'0:12.617',0.61
'0:12.621',0.76
'0:12.625',0.78
'0:12.629',0.43
'0:12.633',0.1
'0:12.637',-0.2
'0:12.641',-0.46
'0:12.645',-0.73
'0:12.648',-1.12
'0:12.652',-1.37
'0:12.656',-1.39
'0:12.660',-1.41
'0:12.664',-1.41
'0:12.668',-1.33
'0:12.672',-1.31
'0:12.676',-1.34
'0:12.680',-1.26
'0:12.684',-1.02
'0:12.688',-1.04
'0:12.691',-1.18
'0:12.695',-1.17
'0:12.699',-0.56
'0:12.703',0.36
'0:12.707',1.97
'0:12.711',4.48
'0:12.715',7.48
'0:12.719',9.32
'0:12.723',8.43
'0:12.727',4.45
'0:12.730',-1.16
'0:12.734',-5.43
'0:12.738',-7.3
'0:12.742',-7.41
'0:12.746',-6.74
'0:12.750',-5.76
'0:12.754',-4.79
'0:12.758',-3.92
'0:12.762',-3.07
'0:12.766',-2.31
'0:12.770',-1.57
'0:12.773',-0.64
'0:12.777',-0.02
'0:12.781',-0.2
'0:12.785',-0.87
'0:12.789',-1.46
'0:12.793',-1.9
'0:12.797',-1.84
'0:12.801',-1.46
'0:12.805',-1.09
'0:12.809',-0.92
'0:12.813',-0.85
'0:12.816',-0.7
'0:12.820',-0.16
'0:12.824',0.4
'0:12.828',0.7
'0:12.832',0.98
'0:12.836',1.27
'0:12.840',1.68
'0:12.844',2.07
'0:12.848',2.16
'0:12.852',1.82
'0:12.855',1.69
'0:12.859',1.64
'0:12.863',2.09
'0:12.867',2.81
'0:12.871',3.35
'0:12.875',3.52
'0:12.879',3.54
'0:12.883',3.49
'0:12.887',3.46
'0:12.891',3.47
'0:12.895',3.33
'0:12.898',3
'0:12.902',2.78
'0:12.906',2.61
'0:12.910',2.54
'0:12.914',2.46
'0:12.918',1.91
'0:12.922',1.12
'0:12.926',0.32
'0:12.930',-0.12
'0:12.934',-0.21
'0:12.938',-0.11
'0:12.941',-0.24
'0:12.945',-0.71
'0:12.949',-0.82
'0:12.953',-0.68
'0:12.957',-0.75
'0:12.961',-0.75
'0:12.965',-0.61
'0:12.969',-0.41
'0:12.973',-0.07
'0:12.977',0.36
'0:12.980',0.46
'0:12.984',0.44
'0:12.988',0.41
'0:12.992',0.19
'0:12.996',-0.11
'0:13.000',-0.33
'0:13.004',-0.23
'0:13.008',-0.21
'0:13.012',-0.22
'0:13.016',-0.51
'0:13.020',-0.61
'0:13.023',-0.63
'0:13.027',-0.61
'0:13.031',-0.77
'0:13.035',-1.07
'0:13.039',-1
'0:13.043',-0.92
'0:13.047',-1.14
'0:13.051',-1.44
'0:13.055',-1.5
'0:13.059',-1.31
'0:13.063',-1.17
'0:13.066',-0.82
'0:13.070',-0.46
'0:13.074',-0.48
'0:13.078',-0.58
'0:13.082',-0.31
'0:13.086',0.33
'0:13.090',1.84
'0:13.094',4.24
'0:13.098',7.09
'0:13.102',9.23
'0:13.105',8.36
'0:13.109',4.26
'0:13.113',-1.01
'0:13.117',-4.91
'0:13.121',-6.53
'0:13.125',-6.65
'0:13.129',-6.01
'0:13.133',-5.04
'0:13.137',-4.25
'0:13.141',-3.62
'0:13.145',-3.04
'0:13.148',-2.47
'0:13.152',-2.14
'0:13.156',-2.09
'0:13.160',-1.94
'0:13.164',-1.43
'0:13.168',-1.08
'0:13.172',-0.77
'0:13.176',-0.53
'0:13.180',-0.61
'0:13.184',-0.67
'0:13.188',-0.64
'0:13.191',-0.39
'0:13.195',0.03
'0:13.199',0.49
'0:13.203',0.7
'0:13.207',0.86
'0:13.211',1.03
'0:13.215',1.07
'0:13.219',1.06
'0:13.223',1.27
'0:13.227',1.8
'0:13.230',2.12
'0:13.234',2.22
'0:13.238',2.33
'0:13.242',2.44
'0:13.246',2.63
'0:13.250',2.88
'0:13.254',2.97
'0:13.258',3.08
'0:13.262',3.02
'0:13.266',2.95
'0:13.270',3.02
'0:13.273',3.1
'0:13.277',3.05
'0:13.281',3.08
'0:13.285',2.88
'0:13.289',2.56
'0:13.293',2.02
'0:13.297',1.63
'0:13.301',1.07
'0:13.305',0.52
'0:13.309',0.15
'0:13.313',-0.19
'0:13.316',-0.63
'0:13.320',-0.78
'0:13.324',-0.87
'0:13.328',-0.97
'0:13.332',-1.04
'0:13.336',-1.24
'0:13.340',-1.53
'0:13.344',-1.13
'0:13.348',-0.31
'0:13.352',0.27
'0:13.355',0.56
'0:13.359',0.66
'0:13.363',0.61
'0:13.367',0.66
'0:13.371',0.58
'0:13.375',0.35
'0:13.379',0.15
'0:13.383',-0.02
'0:13.387',-0.19
'0:13.391',-0.25
'0:13.395',-0.44
'0:13.398',-0.75
'0:13.402',-0.93
'0:13.406',-1.16
'0:13.410',-1.39
'0:13.414',-1.56
'0:13.418',-1.57
'0:13.422',-1.46
'0:13.426',-1.39
'0:13.430',-1.47
'0:13.434',-1.52
'0:13.438',-1.36
'0:13.441',-1.21
'0:13.445',-1.07
'0:13.449',-1.02
'0:13.453',-0.95
'0:13.457',-0.95
'0:13.461',-0.87
'0:13.465',-0.48
'0:13.469',0.18
'0:13.473',1.29
'0:13.477',3.13
'0:13.480',5.36
'0:13.484',6.85
'0:13.488',5.51
'0:13.492',1.82
'0:13.496',-2.5
'0:13.500',-5.53
'0:13.504',-6.92
'0:13.508',-7.13
'0:13.512',-6.44
'0:13.516',-5.38
'0:13.520',-4.28
'0:13.523',-3.3
'0:13.527',-2.57
'0:13.531',-2.06
'0:13.535',-1.75
'0:13.539',-1.4
'0:13.543',-0.99
'0:13.547',-0.65
'0:13.551',-0.55
'0:13.555',-0.58
'0:13.559',-0.46
'0:13.563',-0.26
'0:13.566',-0.22
'0:13.570',0.03
'0:13.574',0.09
'0:13.578',-0.24
'0:13.582',-0.73
'0:13.586',-1.07
'0:13.590',-1.09
'0:13.594',-0.72
'0:13.598',0
'0:13.602',0.48
'0:13.605',0.4
'0:13.609',0.1
'0:13.613',0.09
'0:13.617',0.29
'0:13.621',0.91
'0:13.625',1.66
'0:13.629',2.36
'0:13.633',2.71
'0:13.637',2.96
'0:13.641',3.5
'0:13.645',3.78
'0:13.648',3.43
'0:13.652',3.03
'0:13.656',2.18
'0:13.660',1.36
'0:13.664',1.35
'0:13.668',1.79
'0:13.672',1.96
'0:13.676',1.46
'0:13.680',0.9
'0:13.684',0.54
'0:13.688',0.22
'0:13.691',0.12
'0:13.695',0.02
'0:13.699',-0.03
'0:13.703',-0.05
'0:13.707',-0.3
'0:13.711',-0.46
'0:13.715',-0.49
'0:13.719',-0.6
'0:13.723',-0.46
'0:13.727',-0.06
'0:13.730',0.2
'0:13.734',0.2
'0:13.738',0.21
'0:13.742',0.42
'0:13.746',0.54
'0:13.750',0.56
'0:13.754',0.54
'0:13.758',0.73
'0:13.762',0.64
'0:13.766',0.56
'0:13.770',0.29
'0:13.773',-0.07
'0:13.777',-0.44
'0:13.781',-0.68
'0:13.785',-0.76
'0:13.789',-0.97
'0:13.793',-1.21
'0:13.797',-1.36
'0:13.801',-1.55
'0:13.805',-2.34
'0:13.809',-2.92
'0:13.813',-2.57
'0:13.816',-2.06
'0:13.820',-1.82
'0:13.824',-1.87
'0:13.828',-2.08
'0:13.832',-2.04
'0:13.836',-1.91
'0:13.840',-1.3
'0:13.844',-0.35
'0:13.848',0.35
'0:13.852',1.56
'0:13.855',3.97
'0:13.859',7.05
'0:13.863',9.42
'0:13.867',8.96
'0:13.871',4.88
'0:13.875',-0.74
'0:13.879',-5.02
'0:13.883',-7.18
'0:13.887',-7.29
'0:13.891',-6.42
'0:13.895',-5.25
'0:13.898',-4.44
'0:13.902',-4.01
'0:13.906',-3.28
'0:13.910',-2.58
'0:13.914',-2.04
'0:13.918',-1.77
'0:13.922',-1.63
'0:13.926',-1.51
'0:13.930',-1.16
'0:13.934',-0.9
'0:13.938',-0.8
'0:13.941',-0.83
'0:13.945',-1.03
'0:13.949',-1.17
'0:13.953',-1.04
'0:13.957',-0.82
'0:13.961',-0.68
'0:13.965',-0.6
'0:13.969',-0.46
'0:13.973',-0.21
'0:13.977',0.38
'0:13.980',0.92
'0:13.984',0.55
'0:13.988',0.22
'0:13.992',0.2
'0:13.996',0.4
'0:14.000',0.91
'0:14.004',1.39
'0:14.008',1.66
'0:14.012',2.11
'0:14.016',2.73
'0:14.020',2.93
'0:14.023',2.8
'0:14.027',2.76
'0:14.031',2.74
'0:14.035',2.7
'0:14.039',2.57
'0:14.043',2.41
'0:14.047',2.13
'0:14.051',1.75
'0:14.055',1.65
'0:14.059',1.37
'0:14.063',0.96
'0:14.066',0.77
'0:14.070',0.42
'0:14.074',-0.12
'0:14.078',-0.58
'0:14.082',-0.89
'0:14.086',-1
'0:14.090',-0.96
'0:14.094',-0.6
'0:14.098',-0.46
'0:14.102',-0.64
'0:14.105',-0.25
'0:14.109',0.56
'0:14.113',0.71
'0:14.117',0.66
'0:14.121',0.61
'0:14.125',0.73
'0:14.129',0.81
'0:14.133',0.62
'0:14.137',0.36
'0:14.141',0.24
'0:14.145',0.16
'0:14.148',0.05
'0:14.152',-0.4
'0:14.156',-0.99
'0:14.160',-1.56
'0:14.164',-1.58
'0:14.168',-1.52
'0:14.172',-1.81
'0:14.176',-2.2
'0:14.180',-2.48
'0:14.184',-2.37
'0:14.188',-2.04
'0:14.191',-2.19
'0:14.195',-2.39
'0:14.199',-2.41
'0:14.203',-2.26
'0:14.207',-2.22
'0:14.211',-2.34
'0:14.215',-2.12
'0:14.219',-1.65
'0:14.223',-1.4
'0:14.227',-0.71
'0:14.230',0.63
'0:14.234',2.69
'0:14.238',5.6
'0:14.242',8.6
'0:14.246',9.3
'0:14.250',6.58
'0:14.254',1.56
'0:14.258',-3.18
'0:14.262',-5.34
'0:14.266',-5.77
'0:14.270',-6.28
'0:14.273',-5.85
'0:14.277',-5.18
'0:14.281',-4.71
'0:14.285',-3.66
'0:14.289',-2.97
'0:14.293',-2.38
'0:14.297',-1.87
'0:14.301',-1.33
'0:14.305',-1.07
'0:14.309',-1.13
'0:14.313',-0.87
'0:14.316',-0.7
'0:14.320',-0.81
'0:14.324',-0.27
'0:14.328',0.54
'0:14.332',0.34
'0:14.336',0.01
'0:14.340',0.33
'0:14.344',0.25
'0:14.348',0.11
'0:14.352',0.42
'0:14.355',0.85
'0:14.359',0.59
'0:14.363',-0.13
'0:14.367',-0.3
'0:14.371',-0.08
'0:14.375',0.08
'0:14.379',0.6
'0:14.383',1.35
'0:14.387',1.71
'0:14.391',1.71
'0:14.395',1.88
'0:14.398',2.15
'0:14.402',2.36
'0:14.406',2.34
'0:14.410',2.47
'0:14.414',3.4
'0:14.418',4.44
'0:14.422',4.67
'0:14.426',3.52
'0:14.430',1.72
'0:14.434',0.5
'0:14.438',0.08
'0:14.441',0.06
'0:14.445',0.02
'0:14.449',0.23
'0:14.453',-0.26
'0:14.457',-1.57
'0:14.461',-2.07
'0:14.465',-1.68
'0:14.469',-1.23
'0:14.473',-1.06
'0:14.477',-0.89
'0:14.480',-0.53
'0:14.484',-0.23
'0:14.488',0.11
'0:14.492',0.35
'0:14.496',0.62
'0:14.500',0.93
'0:14.504',1.05
'0:14.508',0.76
'0:14.512',0.37
'0:14.516',0.38
'0:14.520',0.69
'0:14.523',1.08
'0:14.527',1.45
'0:14.531',1.78
'0:14.535',1.63
'0:14.539',1.09
'0:14.543',0.63
'0:14.547',0.3
'0:14.551',0.08
'0:14.555',0.08
'0:14.559',0.16
'0:14.563',0.27
'0:14.566',0.36
'0:14.570',-0.37
'0:14.574',-1.36
'0:14.578',-1.91
'0:14.582',-1.96
'0:14.586',-1.86
'0:14.590',-1.92
'0:14.594',-2.12
'0:14.598',-2.21
'0:14.602',-1.86
'0:14.605',-1.05
'0:14.609',-0.05
'0:14.613',1.52
'0:14.617',3.82
'0:14.621',6.74
'0:14.625',9.29
'0:14.629',8.99
'0:14.633',4.85
'0:14.637',-0.82
'0:14.641',-4.87
'0:14.645',-6.78
'0:14.648',-7.47
'0:14.652',-7.33
'0:14.656',-6.46
'0:14.660',-5.39
'0:14.664',-4.2
'0:14.668',-3.2
'0:14.672',-2.71
'0:14.676',-2.32
'0:14.680',-1.97
'0:14.684',-1.75
'0:14.688',-1.43
'0:14.691',-0.97
'0:14.695',-0.58
'0:14.699',-0.08
'0:14.703',0.27
'0:14.707',0.42
'0:14.711',0.32
'0:14.715',0.1
'0:14.719',-0.05
'0:14.723',-0.12
'0:14.727',-0.05
'0:14.730',0.05
'0:14.734',0.38
'0:14.738',0.59
'0:14.742',0.55
'0:14.746',0.35
'0:14.750',0.22
'0:14.754',0.55
'0:14.758',1.07
'0:14.762',1.45
'0:14.766',1.82
'0:14.770',2.35
'0:14.773',2.43
'0:14.777',2.2
'0:14.781',2.2
'0:14.785',2.39
'0:14.789',2.46
'0:14.793',2.42
'0:14.797',2.45
'0:14.801',2.31
'0:14.805',2.11
'0:14.809',1.95
'0:14.813',1.64
'0:14.816',1.36
'0:14.820',1
'0:14.824',0.58
'0:14.828',0.15
'0:14.832',-0.21
'0:14.836',-0.6
'0:14.840',-0.97
'0:14.844',-1.1
'0:14.848',-0.94
'0:14.852',-0.79
'0:14.855',-0.63
'0:14.859',-0.41
'0:14.863',-0.33
'0:14.867',-0.23
'0:14.871',-0.09
'0:14.875',0.13
'0:14.879',0.44
'0:14.883',0.51
'0:14.887',0.51
'0:14.891',0.73
'0:14.895',0.99
'0:14.898',1.04
'0:14.902',0.9
'0:14.906',0.68
'0:14.910',0.31
'0:14.914',-0.07
'0:14.918',-0.39
'0:14.922',-0.62
'0:14.926',-0.83
'0:14.930',-1.27
'0:14.934',-1.71
'0:14.938',-1.9
'0:14.941',-1.87
'0:14.945',-2
'0:14.949',-2.17
'0:14.953',-2.2
'0:14.957',-2.18
'0:14.961',-2.1
'0:14.965',-2.22
'0:14.969',-2.32
'0:14.973',-2.4
'0:14.977',-2.46
'0:14.980',-2.4
'0:14.984',-2.09
'0:14.988',-1.42
'0:14.992',-0.54
'0:14.996',1.08
'0:15.000',3.65
'0:15.004',6.77
'0:15.008',8.59
'0:15.012',6.96
'0:15.016',2.41
'0:15.020',-2.72
'0:15.023',-6.06
'0:15.027',-7.33
'0:15.031',-7.16
'0:15.035',-6.39
'0:15.039',-5.47
'0:15.043',-4.61
'0:15.047',-3.8
'0:15.051',-3.05
'0:15.055',-2.38
'0:15.059',-1.77
'0:15.063',-1.51
'0:15.066',-1.6
'0:15.070',-1.47
'0:15.074',-1.22
'0:15.078',-1.16
'0:15.082',-1.06
'0:15.086',-0.89
'0:15.090',-0.62
'0:15.094',-0.19
'0:15.098',-0.09
'0:15.102',0.15
'0:15.105',0.52
'0:15.109',1.03
'0:15.113',1.31
'0:15.117',1.07
'0:15.121',0.68
'0:15.125',0.74
'0:15.129',0.98
'0:15.133',1.24
'0:15.137',1.34
'0:15.141',1.52
'0:15.145',1.94
'0:15.148',2.42
'0:15.152',2.71
'0:15.156',2.89
'0:15.160',3.01
'0:15.164',2.93
'0:15.168',2.82
'0:15.172',2.93
'0:15.176',3.02
'0:15.180',2.92
'0:15.184',2.72
'0:15.188',2.58
'0:15.191',2.48
'0:15.195',2.4
'0:15.199',2.29
'0:15.203',1.72
'0:15.207',0.84
'0:15.211',0.17
'0:15.215',-0.47
'0:15.219',-0.98
'0:15.223',-1.53
'0:15.227',-2.11
'0:15.230',-2.19
'0:15.234',-1.97
'0:15.238',-1.45
'0:15.242',-0.66
'0:15.246',0.22
'0:15.250',0.71
'0:15.254',0.9
'0:15.258',0.86
'0:15.262',0.93
'0:15.266',0.8
'0:15.270',0.44
'0:15.273',0.59
'0:15.277',0.66
'0:15.281',0.83
'0:15.285',0.55
'0:15.289',0.08
'0:15.293',-0.04
'0:15.297',0.16
'0:15.301',0.47
'0:15.305',0.61
'0:15.309',0.36
'0:15.313',-0.15
'0:15.316',-0.74
'0:15.320',-1.2
'0:15.324',-1.78
'0:15.328',-1.94
'0:15.332',-1.51
'0:15.336',-1.26
'0:15.340',-1.16
'0:15.344',-1.07
'0:15.348',-1.05
'0:15.352',-0.82
'0:15.355',-0.48
'0:15.359',-0.17
'0:15.363',-0.17
'0:15.367',-0.23
'0:15.371',0.2
'0:15.375',0.87
'0:15.379',2.31
'0:15.383',4.4
'0:15.387',6.7
'0:15.391',6.67
'0:15.395',3.72
'0:15.398',-0.41
'0:15.402',-4.23
'0:15.406',-7.09
'0:15.410',-7.85
'0:15.414',-6.57
'0:15.418',-5.16
'0:15.422',-4.11
'0:15.426',-3.47
'0:15.430',-3.06
'0:15.434',-2.43
'0:15.438',-1.93
'0:15.441',-2.32
'0:15.445',-2.3
'0:15.449',-1.63
'0:15.453',-0.78
'0:15.457',0.09
'0:15.461',0.68
'0:15.465',0.57
'0:15.469',-0.05
'0:15.473',-0.5
'0:15.477',-0.4
'0:15.480',0.23
'0:15.484',1.14
'0:15.488',1.79
'0:15.492',2.15
'0:15.496',2.06
'0:15.500',1.62
'0:15.504',1.6
'0:15.508',2.02
'0:15.512',2.44
'0:15.516',2.37
'0:15.520',2.11
'0:15.523',1.75
'0:15.527',1.59
'0:15.531',1.81
'0:15.535',2.01
'0:15.539',2.22
'0:15.543',2.48
'0:15.547',2.72
'0:15.551',2.97
'0:15.555',2.95
'0:15.559',2.98
'0:15.563',2.85
'0:15.566',2.59
'0:15.570',2.41
'0:15.574',1.99
'0:15.578',1.61
'0:15.582',1.38
'0:15.586',1.14
'0:15.590',0.68
'0:15.594',0.13
'0:15.598',-0.11
'0:15.602',-0.18
'0:15.605',-0.42
'0:15.609',-0.63
'0:15.613',-0.66
'0:15.617',-0.8
'0:15.621',-0.85
'0:15.625',-0.5
'0:15.629',-0.01
'0:15.633',0.35
'0:15.637',0.46
'0:15.641',0.47
'0:15.645',0.39
'0:15.648',0.42
'0:15.652',0.39
'0:15.656',0.15
'0:15.660',-0.27
'0:15.664',-0.53
'0:15.668',-0.54
'0:15.672',-0.58
'0:15.676',-0.79
'0:15.680',-1.03
'0:15.684',-1.42
'0:15.688',-1.7
'0:15.691',-1.87
'0:15.695',-1.95
'0:15.699',-2.05
'0:15.703',-2.41
'0:15.707',-2.56
'0:15.711',-2.49
'0:15.715',-2.46
'0:15.719',-2.53
'0:15.723',-2.58
'0:15.727',-2.63
'0:15.730',-2.6
'0:15.734',-2.58
'0:15.738',-2.55
'0:15.742',-2.35
'0:15.746',-2.01
'0:15.750',-1.54
'0:15.754',-0.53
'0:15.758',1.26
'0:15.762',3.77
'0:15.766',6.81
'0:15.770',8.42
'0:15.773',6.65
'0:15.777',1.97
'0:15.781',-3.25
'0:15.785',-6.5
'0:15.789',-7.44
'0:15.793',-6.95
'0:15.797',-6.05
'0:15.801',-5.35
'0:15.805',-4.65
'0:15.809',-3.79
'0:15.813',-3.08
'0:15.816',-2.45
'0:15.820',-2.04
'0:15.824',-1.95
'0:15.828',-1.9
'0:15.832',-1.8
'0:15.836',-1.55
'0:15.840',-1.34
'0:15.844',-1.19
'0:15.848',-1.09
'0:15.852',-1.04
'0:15.855',-0.86
'0:15.859',-0.45
'0:15.863',-0.12
'0:15.867',-0.15
'0:15.871',-0.19
'0:15.875',-0.11
'0:15.879',0.13
'0:15.883',0.3
'0:15.887',0.5
'0:15.891',0.88
'0:15.895',1.12
'0:15.898',1.32
'0:15.902',1.57
'0:15.906',1.96
'0:15.910',2.33
'0:15.914',2.95
'0:15.918',3.75
'0:15.922',3.6
'0:15.926',2.87
'0:15.930',2.31
'0:15.934',2.12
'0:15.938',2.47
'0:15.941',2.73
'0:15.945',2.5
'0:15.949',2.22
'0:15.953',2.15
'0:15.957',1.97
'0:15.961',1.75
'0:15.965',1.54
'0:15.969',1.19
'0:15.973',0.85
'0:15.977',0.54
'0:15.980',0.16
'0:15.984',0.3
'0:15.988',0.54
'0:15.992',0.51
'0:15.996',0.14
'0:16.000',-0.37
'0:16.004',-0.45
'0:16.008',-0.5
'0:16.012',-0.61
'0:16.016',-0.49
'0:16.020',-0.34
'0:16.023',-0.09
'0:16.027',0.15
'0:16.031',0.25
'0:16.035',0.14
'0:16.039',-0.04
'0:16.043',0.16
'0:16.047',0.11
'0:16.051',-0.26
'0:16.055',-0.15
'0:16.059',-0.22
'0:16.063',-0.71
'0:16.066',-1.37
'0:16.070',-1.7
'0:16.074',-1.63
'0:16.078',-1.71
'0:16.082',-2.22
'0:16.086',-2.46
'0:16.090',-2.23
'0:16.094',-1.9
'0:16.098',-1.57
'0:16.102',-1.31
'0:16.105',-1.29
'0:16.109',-1.25
'0:16.113',-1.09
'0:16.117',-0.97
'0:16.121',-0.82
'0:16.125',-0.6
'0:16.129',0.14
'0:16.133',1.42
'0:16.137',3.82
'0:16.141',7.07
'0:16.145',9.66
'0:16.148',9.69
'0:16.152',6.5
'0:16.156',1.39
'0:16.160',-2.71
'0:16.164',-4.89
'0:16.168',-5.8
'0:16.172',-5.62
'0:16.176',-5.33
'0:16.180',-4.73
'0:16.184',-3.7
'0:16.188',-2.82
'0:16.191',-2.11
'0:16.195',-1.3
'0:16.199',-1.02
'0:16.203',-1.17
'0:16.207',-1.14
'0:16.211',-0.91
'0:16.215',-0.72
'0:16.219',-0.13
'0:16.223',0.69
'0:16.227',0.99
'0:16.230',0.55
'0:16.234',-0.18
'0:16.238',-0.51
'0:16.242',-0.04
'0:16.246',0.84
'0:16.250',1.4
'0:16.254',1.38
'0:16.258',1.27
'0:16.262',1.22
'0:16.266',1.12
'0:16.270',1.42
'0:16.273',1.61
'0:16.277',1.98
'0:16.281',2.17
'0:16.285',1.97
'0:16.289',2.21
'0:16.293',2.32
'0:16.297',2.88
'0:16.301',3.46
'0:16.305',3.65
'0:16.309',3.56
'0:16.313',3.94
'0:16.316',4.42
'0:16.320',4
'0:16.324',3.73
'0:16.328',3.48
'0:16.332',3.14
'0:16.336',2.67
'0:16.340',2.17
'0:16.344',1.9
'0:16.348',1.53
'0:16.352',0.7
'0:16.355',0.25
'0:16.359',0.12
'0:16.363',-0.52
'0:16.367',-0.67
'0:16.371',-0.34
'0:16.375',-0.19
'0:16.379',-0.22
'0:16.383',-0.2
'0:16.387',-0.02
'0:16.391',-0.02
'0:16.395',0.16
'0:16.398',0.43
'0:16.402',-0.02
'0:16.406',0.01
'0:16.410',0.3
'0:16.414',0.32
'0:16.418',-0.02
'0:16.422',-0.36
'0:16.426',-0.54
'0:16.430',-0.71
'0:16.434',-0.7
'0:16.438',-0.63
'0:16.441',-0.79
'0:16.445',-1.2
'0:16.449',-1.59
'0:16.453',-1.87
'0:16.457',-1.79
'0:16.461',-1.7
'0:16.465',-1.9
'0:16.469',-1.95
'0:16.473',-1.82
'0:16.477',-1.69
'0:16.480',-1.68
'0:16.484',-1.55
'0:16.488',-1.42
'0:16.492',-1.37
'0:16.496',-1.16
'0:16.500',-1.02
'0:16.504',-0.64
'0:16.508',0.31
'0:16.512',1.85
'0:16.516',4.39
'0:16.520',7.43
'0:16.523',9.83
'0:16.527',9.27
'0:16.531',4.88
'0:16.535',-0.89
'0:16.539',-5.06
'0:16.543',-6.95
'0:16.547',-7.1
'0:16.551',-6.26
'0:16.555',-5.2
'0:16.559',-4.03
'0:16.563',-2.83
'0:16.566',-2.03
'0:16.570',-1.52
'0:16.574',-1.14
'0:16.578',-0.91
'0:16.582',-0.57
'0:16.586',-0.39
'0:16.590',-0.53
'0:16.594',-0.73
'0:16.598',-0.87
'0:16.602',-0.62
'0:16.605',-0.36
'0:16.609',-0.12
'0:16.613',0.18
'0:16.617',0.28
'0:16.621',0.32
'0:16.625',0.22
'0:16.629',0.06
'0:16.633',0.05
'0:16.637',0.26
'0:16.641',0.41
'0:16.645',0.4
'0:16.648',0.7
'0:16.652',1.28
'0:16.656',1.66
'0:16.660',1.81
'0:16.664',1.73
'0:16.668',1.76
'0:16.672',2.04
'0:16.676',2.4
'0:16.680',2.91
'0:16.684',3.45
'0:16.688',3.94
'0:16.691',4.44
'0:16.695',4.72
'0:16.699',4.35
'0:16.703',3.5
'0:16.707',2.74
'0:16.711',1.99
'0:16.715',1.65
'0:16.719',1.26
'0:16.723',0.87
'0:16.727',0.61
'0:16.730',0.26
'0:16.734',0.05
'0:16.738',0
'0:16.742',-0.11
'0:16.746',-0.12
'0:16.750',-0.05
'0:16.754',-0.07
'0:16.758',-0.07
'0:16.762',0.12
'0:16.766',0.45
'0:16.770',0.94
'0:16.773',1.59
'0:16.777',1.97
'0:16.781',1.68
'0:16.785',1.13
'0:16.789',0.77
'0:16.793',0.4
'0:16.797',0.02
'0:16.801',-0.09
'0:16.805',-0.04
'0:16.809',0.08
'0:16.813',0
'0:16.816',-0.17
'0:16.820',-0.34
'0:16.824',-0.53
'0:16.828',-0.79
'0:16.832',-1.07
'0:16.836',-0.99
'0:16.840',-0.82
'0:16.844',-0.76
'0:16.848',-1.21
'0:16.852',-1.85
'0:16.855',-2.22
'0:16.859',-2.64
'0:16.863',-2.89
'0:16.867',-2.75
'0:16.871',-2.15
'0:16.875',-1.48
'0:16.879',-1.06
'0:16.883',-0.57
'0:16.887',-0.08
'0:16.891',0.54
'0:16.895',2.19
'0:16.898',4.93
'0:16.902',7.88
'0:16.906',9.07
'0:16.910',6.7
'0:16.914',1.47
'0:16.918',-4.14
'0:16.922',-6.77
'0:16.926',-7.42
'0:16.930',-6.72
'0:16.934',-5.41
'0:16.938',-4.3
'0:16.941',-3.25
'0:16.945',-2.38
'0:16.949',-1.71
'0:16.953',-0.95
'0:16.957',-0.29
'0:16.961',-0.47
'0:16.965',-0.97
'0:16.969',-0.78
'0:16.973',-0.46
'0:16.977',-0.53
'0:16.980',-0.5
'0:16.984',-0.21
'0:16.988',0
'0:16.992',-0.1
'0:16.996',-0.06
'0:17.000',0.25
'0:17.004',0.51
'0:17.008',0.62
'0:17.012',0.86
'0:17.016',1.05
'0:17.020',1.2
'0:17.023',1.34
'0:17.027',1.37
'0:17.031',1.54
'0:17.035',1.76
'0:17.039',1.98
'0:17.043',2.23
'0:17.047',2.7
'0:17.051',3.37
'0:17.055',3.34
'0:17.059',2.51
'0:17.063',2.06
'0:17.066',2.02
'0:17.070',1.96
'0:17.074',1.83
'0:17.078',1.86
'0:17.082',2.02
'0:17.086',2
'0:17.090',1.96
'0:17.094',1.7
'0:17.098',1.24
'0:17.102',1.24
'0:17.105',1.01
'0:17.109',0.25
'0:17.113',-0.64
'0:17.117',-1.15
'0:17.121',-1.23
'0:17.125',-1.32
'0:17.129',-1.31
'0:17.133',-1.26
'0:17.137',-1.26
'0:17.141',-1.03
'0:17.145',-0.8
'0:17.148',-0.6
'0:17.152',-0.36
'0:17.156',-0.39
'0:17.160',-0.31
'0:17.164',-0.39
'0:17.168',-0.63
'0:17.172',-0.58
'0:17.176',-0.36
'0:17.180',-0.03
'0:17.184',0.33
'0:17.188',0.59
'0:17.191',0.51
'0:17.195',0.32
'0:17.199',-0.02
'0:17.203',-0.31
'0:17.207',-0.4
'0:17.211',-0.56
'0:17.215',-1.22
'0:17.219',-1.59
'0:17.223',-1.87
'0:17.227',-2.07
'0:17.230',-2.05
'0:17.234',-1.92
'0:17.238',-1.6
'0:17.242',-1.21
'0:17.246',-0.77
'0:17.250',-0.37
'0:17.254',0.32
'0:17.258',1.78
'0:17.262',4.12
'0:17.266',6.84
'0:17.270',8.45
'0:17.273',6.76
'0:17.277',2.3
'0:17.281',-2.51
'0:17.285',-5.47
'0:17.289',-6.33
'0:17.293',-6.32
'0:17.297',-5.78
'0:17.301',-4.9
'0:17.305',-4.14
'0:17.309',-3.23
'0:17.313',-2.43
'0:17.316',-2.02
'0:17.320',-1.92
'0:17.324',-1.87
'0:17.328',-1.89
'0:17.332',-1.6
'0:17.336',-1.54
'0:17.340',-1.77
'0:17.344',-1.62
'0:17.348',-1.25
'0:17.352',-1.04
'0:17.355',-0.98
'0:17.359',-0.7
'0:17.363',-0.58
'0:17.367',-0.51
'0:17.371',-0.53
'0:17.375',-0.35
'0:17.379',0.04
'0:17.383',0.21
'0:17.387',0.28
'0:17.391',0.38
'0:17.395',0.51
'0:17.398',0.86
'0:17.402',1.22
'0:17.406',1.32
'0:17.410',1.4
'0:17.414',1.47
'0:17.418',1.56
'0:17.422',1.66
'0:17.426',1.73
'0:17.430',1.69
'0:17.434',1.66
'0:17.438',1.59
'0:17.441',1.54
'0:17.445',1.41
'0:17.449',1.07
'0:17.453',0.68
'0:17.457',0.26
'0:17.461',-0.14
'0:17.465',-0.46
'0:17.469',-0.92
'0:17.473',-1.44
'0:17.477',-1.7
'0:17.480',-1.68
'0:17.484',-1.72
'0:17.488',-1.92
'0:17.492',-2.29
'0:17.496',-2.66
'0:17.500',-2.52
'0:17.504',-1.78
'0:17.508',-0.88
'0:17.512',-0.29
'0:17.516',-0.02
'0:17.520',0.2
'0:17.523',0.2
'0:17.527',0.2
'0:17.531',0.27
'0:17.535',0.49
'0:17.539',0.59
'0:17.543',0.53
'0:17.547',-0.11
'0:17.551',-0.62
'0:17.555',-0.3
'0:17.559',0.11
'0:17.563',0.52
'0:17.566',0.77
'0:17.570',0.62
'0:17.574',0.18
'0:17.578',-0.54
'0:17.582',-1.13
'0:17.586',-1.1
'0:17.590',-1.22
'0:17.594',-1.55
'0:17.598',-1.99
'0:17.602',-2.26
'0:17.605',-1.99
'0:17.609',-1.97
'0:17.613',-1.87
'0:17.617',-1.57
'0:17.621',-1.83
'0:17.625',-2.11
'0:17.629',-1.67
'0:17.633',-0.98
'0:17.637',-0.56
'0:17.641',-0.5
'0:17.645',0
'0:17.648',0.87
'0:17.652',2.36
'0:17.656',4.42
'0:17.660',6.18
'0:17.664',5.79
'0:17.668',2.87
'0:17.672',-1.19
'0:17.676',-4.84
'0:17.680',-7.02
'0:17.684',-7.37
'0:17.688',-6.58
'0:17.691',-5.49
'0:17.695',-4.42
'0:17.699',-3.4
'0:17.703',-2.56
'0:17.707',-1.79
'0:17.711',-1.28
'0:17.715',-1.05
'0:17.719',-1.1
'0:17.723',-1.16
'0:17.727',-1.07
'0:17.730',-0.73
'0:17.734',-0.58
'0:17.738',-0.62
'0:17.742',-0.55
'0:17.746',-0.39
'0:17.750',-0.43
'0:17.754',-0.35
'0:17.758',0.19
'0:17.762',0.66
'0:17.766',0.28
'0:17.770',-0.3
'0:17.773',-0.33
'0:17.777',0.12
'0:17.781',0.52
'0:17.785',0.76
'0:17.789',1.3
'0:17.793',1.65
'0:17.797',1.46
'0:17.801',1.45
'0:17.805',1.64
'0:17.809',1.74
'0:17.813',2.11
'0:17.816',2.64
'0:17.820',3
'0:17.824',3.18
'0:17.828',3.31
'0:17.832',3.36
'0:17.836',3.27
'0:17.840',3.07
'0:17.844',2.73
'0:17.848',2.11
'0:17.852',1.63
'0:17.855',1.39
'0:17.859',1.22
'0:17.863',0.96
'0:17.867',0.65
'0:17.871',0.04
'0:17.875',-0.51
'0:17.879',-0.8
'0:17.883',-0.94
'0:17.887',-0.96
'0:17.891',-1.15
'0:17.895',-1.71
'0:17.898',-2.03
'0:17.902',-1.66
'0:17.906',-1.11
'0:17.910',-0.52
'0:17.914',-0.04
'0:17.918',0.32
'0:17.922',0.49
'0:17.926',0.49
'0:17.930',0.39
'0:17.934',0.37
'0:17.938',0.37
'0:17.941',0.09
'0:17.945',-0.38
'0:17.949',-0.71
'0:17.953',-0.96
'0:17.957',-1.35
'0:17.961',-1.73
'0:17.965',-1.92
'0:17.969',-1.95
'0:17.973',-1.88
'0:17.977',-1.95
'0:17.980',-2.14
'0:17.984',-2.28
'0:17.988',-2.31
'0:17.992',-2.09
'0:17.996',-1.8
'0:18.000',-1.63
'0:18.004',-1.65
'0:18.008',-1.68
'0:18.012',-1.73
'0:18.016',-1.72
'0:18.020',-1.6
'0:18.023',-1.39
'0:18.027',-0.63
'0:18.031',1.29
'0:18.035',4.07
'0:18.039',7.01
'0:18.043',8.37
'0:18.047',6.25
'0:18.051',1.32
'0:18.055',-3.92
'0:18.059',-6.27
'0:18.063',-6.88
'0:18.066',-6.54
'0:18.070',-5.96
'0:18.074',-5.4
'0:18.078',-4.49
'0:18.082',-3.62
'0:18.086',-3.16
'0:18.090',-2.85
'0:18.094',-2.55
'0:18.098',-2.23
'0:18.102',-2.09
'0:18.105',-1.78
'0:18.109',-1.61
'0:18.113',-1.36
'0:18.117',-1.21
'0:18.121',-1.18
'0:18.125',-1.14
'0:18.129',-1.1
'0:18.133',-0.94
'0:18.137',-0.77
'0:18.141',-0.68
'0:18.145',-0.5
'0:18.148',-0.16
'0:18.152',0.15
'0:18.156',0.4
'0:18.160',0.54
'0:18.164',0.47
'0:18.168',0.49
'0:18.172',0.64
'0:18.176',0.96
'0:18.180',1.45
'0:18.184',1.71
'0:18.188',1.98
'0:18.191',2.2
'0:18.195',2.42
'0:18.199',2.82
'0:18.203',3.03
'0:18.207',2.81
'0:18.211',2.73
'0:18.215',2.75
'0:18.219',2.58
'0:18.223',2.4
'0:18.227',2.09
'0:18.230',1.7
'0:18.234',1.33
'0:18.238',0.96
'0:18.242',0.71
'0:18.246',0.4
'0:18.250',0.07
'0:18.254',-0.09
'0:18.258',-0.59
'0:18.262',-1.3
'0:18.266',-1.62
'0:18.270',-1.6
'0:18.273',-1.36
'0:18.277',-1.19
'0:18.281',-1.15
'0:18.285',-0.95
'0:18.289',-0.53
'0:18.293',-0.15
'0:18.297',0.03
'0:18.301',0.1
'0:18.305',0.01
'0:18.309',-0.06
'0:18.313',-0.07
'0:18.316',0.08
'0:18.320',0.07
'0:18.324',-0.11
'0:18.328',-0.49
'0:18.332',-0.8
'0:18.336',-0.89
'0:18.340',-1.05
'0:18.344',-1.37
'0:18.348',-1.71
'0:18.352',-1.73
'0:18.355',-1.63
'0:18.359',-1.47
'0:18.363',-1.27
'0:18.367',-1.42
'0:18.371',-1.43
'0:18.375',-1.34
'0:18.379',-1.24
'0:18.383',-1.02
'0:18.387',-1
'0:18.391',-1.14
'0:18.395',-1.1
'0:18.398',-1.13
'0:18.402',-0.72
'0:18.406',0.9
'0:18.410',3.74
'0:18.414',6.85
'0:18.418',8.97
'0:18.422',8.13
'0:18.426',4.32
'0:18.430',-0.84
'0:18.434',-4.82
'0:18.438',-6.53
'0:18.441',-6.57
'0:18.445',-5.91
'0:18.449',-5.2
'0:18.453',-4.4
'0:18.457',-3.49
'0:18.461',-2.56
'0:18.465',-1.91
'0:18.469',-1.5
'0:18.473',-1.66
'0:18.477',-2.21
'0:18.480',-2.5
'0:18.484',-2.33
'0:18.488',-1.78
'0:18.492',-1.33
'0:18.496',-1
'0:18.500',-0.75
'0:18.504',-0.63
'0:18.508',-0.18
'0:18.512',0.18
'0:18.516',0.1
'0:18.520',0.21
'0:18.523',0.83
'0:18.527',1.65
'0:18.531',2.27
'0:18.535',2.2
'0:18.539',1.56
'0:18.543',1.21
'0:18.547',0.92
'0:18.551',0.8
'0:18.555',1.05
'0:18.559',1.69
'0:18.563',1.99
'0:18.566',2.12
'0:18.570',2.85
'0:18.574',3.31
'0:18.578',3.32
'0:18.582',3.35
'0:18.586',3.56
'0:18.590',3.75
'0:18.594',3.81
'0:18.598',4.31
'0:18.602',4.38
'0:18.605',3.63
'0:18.609',2.96
'0:18.613',2.22
'0:18.617',2.18
'0:18.621',2.49
'0:18.625',2.35
'0:18.629',1.34
'0:18.633',-0.09
'0:18.637',-0.83
'0:18.641',-0.73
'0:18.645',-0.55
'0:18.648',-0.34
'0:18.652',-0.24
'0:18.656',-0.23
'0:18.660',0.28
'0:18.664',0.54
'0:18.668',0.34
'0:18.672',0.5
'0:18.676',1.24
'0:18.680',1.88
'0:18.684',1.85
'0:18.688',1.59
'0:18.691',1.34
'0:18.695',1.19
'0:18.699',1.15
'0:18.703',0.79
'0:18.707',0.1
'0:18.711',-0.07
'0:18.715',-0.28
'0:18.719',-0.77
'0:18.723',-1.16
'0:18.727',-1.79
'0:18.730',-2.09
'0:18.734',-1.59
'0:18.738',-1.46
'0:18.742',-1.92
'0:18.746',-1.82
'0:18.750',-1.22
'0:18.754',-0.96
'0:18.758',-1.61
'0:18.762',-1.89
'0:18.766',-1.47
'0:18.770',-0.91
'0:18.773',-0.45
'0:18.777',0.05
'0:18.781',1.13
'0:18.785',2.87
'0:18.789',5.32
'0:18.793',8.45
'0:18.797',10.22
'0:18.801',7.85
'0:18.805',2.44
'0:18.809',-3.02
'0:18.813',-6.31
'0:18.816',-7.1
'0:18.820',-6.61
'0:18.824',-5.92
'0:18.828',-5.12
'0:18.832',-4.39
'0:18.836',-3.63
'0:18.840',-2.86
'0:18.844',-2.25
'0:18.848',-1.82
'0:18.852',-1.63
'0:18.855',-1.41
'0:18.859',-1.34
'0:18.863',-1.38
'0:18.867',-1.18
'0:18.871',-0.84
'0:18.875',-0.55
'0:18.879',-0.43
'0:18.883',-0.23
'0:18.887',-0.05
'0:18.891',0.1
'0:18.895',0.02
'0:18.898',0.02
'0:18.902',0.06
'0:18.906',0.38
'0:18.910',0.81
'0:18.914',1.17
'0:18.918',1.5
'0:18.922',1.91
'0:18.926',2.04
'0:18.930',1.91
'0:18.934',2.01
'0:18.938',2.49
'0:18.941',2.9
'0:18.945',2.95
'0:18.949',2.88
'0:18.953',2.98
'0:18.957',3.25
'0:18.961',3.68
'0:18.965',3.75
'0:18.969',3.64
'0:18.973',3.59
'0:18.977',3.51
'0:18.980',3.25
'0:18.984',2.97
'0:18.988',2.71
'0:18.992',2.37
'0:18.996',1.74
'0:19.000',1.06
'0:19.004',0.66
'0:19.008',0.3
'0:19.012',0.15
'0:19.016',0.09
'0:19.020',0.02
'0:19.023',-0.3
'0:19.027',-0.48
'0:19.031',-0.48
'0:19.035',-0.43
'0:19.039',-0.21
'0:19.043',0.17
'0:19.047',0.57
'0:19.051',0.88
'0:19.055',0.89
'0:19.059',0.83
'0:19.063',0.84
'0:19.066',0.97
'0:19.070',0.84
'0:19.074',0.54
'0:19.078',0.39
'0:19.082',0.12
'0:19.086',-0.25
'0:19.090',-0.69
'0:19.094',-1.07
'0:19.098',-1.22
'0:19.102',-1.39
'0:19.105',-1.53
'0:19.109',-1.6
'0:19.113',-1.63
'0:19.117',-1.65
'0:19.121',-1.69
'0:19.125',-1.73
'0:19.129',-1.62
'0:19.133',-1.48
'0:19.137',-1.41
'0:19.141',-1.34
'0:19.145',-1.24
'0:19.148',-0.99
'0:19.152',-0.8
'0:19.156',-0.42
'0:19.160',0.3
'0:19.164',1.75
'0:19.168',4.18
'0:19.172',7.41
'0:19.176',9.77
'0:19.180',8.92
'0:19.184',4.7
'0:19.188',-1.61
'0:19.191',-5.47
'0:19.195',-6.88
'0:19.199',-6.7
'0:19.203',-5.95
'0:19.207',-5.17
'0:19.211',-4.3
'0:19.215',-3.39
'0:19.219',-2.59
'0:19.223',-1.94
'0:19.227',-1.44
'0:19.230',-1.36
'0:19.234',-1.31
'0:19.238',-0.81
'0:19.242',-0.25
'0:19.246',-0.19
'0:19.250',-0.33
'0:19.254',-0.24
'0:19.258',-0.24
'0:19.262',-0.18
'0:19.266',0.06
'0:19.270',0.23
'0:19.273',0.37
'0:19.277',0.24
'0:19.281',-0.04
'0:19.285',0.05
'0:19.289',0.38
'0:19.293',0.36
'0:19.297',-0.13
'0:19.301',-0.16
'0:19.305',0.33
'0:19.309',1
'0:19.313',1.55
'0:19.316',1.86
'0:19.320',2.36
'0:19.324',2.74
'0:19.328',2.58
'0:19.332',2.08
'0:19.336',1.88
'0:19.340',2.03
'0:19.344',2.21
'0:19.348',2.5
'0:19.352',2.69
'0:19.355',2.46
'0:19.359',2.22
'0:19.363',2.22
'0:19.367',2.1
'0:19.371',2.03
'0:19.375',1.97
'0:19.379',1.32
'0:19.383',0.33
'0:19.387',-0.32
'0:19.391',-0.34
'0:19.395',-0.16
'0:19.398',-0.14
'0:19.402',-0.02
'0:19.406',-0.17
'0:19.410',-0.27
'0:19.414',-0.24
'0:19.418',0.09
'0:19.422',0.39
'0:19.426',0.37
'0:19.430',0.52
'0:19.434',0.87
'0:19.438',1.41
'0:19.441',2.03
'0:19.445',2.11
'0:19.449',1.72
'0:19.453',1.14
'0:19.457',0.62
'0:19.461',0.11
'0:19.465',-0.54
'0:19.469',-1.19
'0:19.473',-1.41
'0:19.477',-1.15
'0:19.480',-1.08
'0:19.484',-1.19
'0:19.488',-1.35
'0:19.492',-1.56
'0:19.496',-1.68
'0:19.500',-1.47
'0:19.504',-1.03
'0:19.508',-0.6
'0:19.512',-0.73
'0:19.516',-0.98
'0:19.520',-1.21
'0:19.523',-1.75
'0:19.527',-2.51
