'0:00.000',2.62
'0:00.004',2.85
'0:00.008',3.22
'0:00.012',3.73
'0:00.016',4.14
'0:00.020',4.39
'0:00.023',4.55
'0:00.027',4.68
'0:00.031',4.63
'0:00.035',4.52
'0:00.039',4.51
'0:00.043',4.4
'0:00.047',3.99
'0:00.051',3.52
'0:00.055',3.02
'0:00.059',2.22
'0:00.063',1.48
'0:00.066',1.1
'0:00.070',0.91
'0:00.074',0.79
'0:00.078',0.38
'0:00.082',-0.01
'0:00.086',-0.35
'0:00.090',-0.44
'0:00.094',-0.46
'0:00.098',-0.6
'0:00.102',-0.44
'0:00.105',0.02
'0:00.109',0.54
'0:00.113',1.01
'0:00.117',1.14
'0:00.121',1.26
'0:00.125',1.3
'0:00.129',0.98
'0:00.133',0.71
'0:00.137',0.63
'0:00.141',0.62
'0:00.145',0.47
'0:00.148',0.21
'0:00.152',-0.23
'0:00.156',-0.69
'0:00.160',-1.4
'0:00.164',-2.22
'0:00.168',-3
'0:00.172',-3.64
'0:00.176',-3.87
'0:00.180',-3.7
'0:00.184',-3.52
'0:00.188',-3.34
'0:00.191',-3.25
'0:00.195',-3.1
'0:00.199',-2.9
'0:00.203',-2.76
'0:00.207',-2.87
'0:00.211',-2.92
'0:00.215',-3.02
'0:00.219',-2.79
'0:00.223',-2.4
'0:00.227',-2.2
'0:00.230',-2.4
'0:00.234',-2.62
'0:00.238',-2.25
'0:00.242',-1.08
'0:00.246',1.02
'0:00.250',3.57
'0:00.254',6.32
'0:00.258',9.46
'0:00.262',10.57
'0:00.266',8.62
'0:00.270',3.33
'0:00.273',-2.89
'0:00.277',-7.47
'0:00.281',-9.93
'0:00.285',-10.42
'0:00.289',-9.43
'0:00.293',-7.9
'0:00.297',-6.15
'0:00.301',-4.6
'0:00.305',-3.55
'0:00.309',-2.89
'0:00.313',-2.56
'0:00.316',-2.35
'0:00.320',-1.74
'0:00.324',-1.3
'0:00.328',-1.1
'0:00.332',-0.93
'0:00.336',-0.85
'0:00.340',-0.62
'0:00.344',-0.34
'0:00.348',-0.22
'0:00.352',0.03
'0:00.355',0.27
'0:00.359',0.53
'0:00.363',0.73
'0:00.367',0.94
'0:00.371',0.98
'0:00.375',1.24
'0:00.379',1.77
'0:00.383',2.1
'0:00.387',2.34
'0:00.391',2.62
'0:00.395',3.06
'0:00.398',3.45
'0:00.402',3.32
'0:00.406',3.36
'0:00.410',3.34
'0:00.414',3.34
'0:00.418',3.6
'0:00.422',3.61
'0:00.426',3.39
'0:00.430',3.08
'0:00.434',2.72
'0:00.438',2.26
'0:00.441',1.72
'0:00.445',1.16
'0:00.449',0.6
'0:00.453',-0.1
'0:00.457',-0.74
'0:00.461',-1.02
'0:00.465',-1.14
'0:00.469',-1.31
'0:00.473',-1.48
'0:00.477',-1.34
'0:00.480',-1.15
'0:00.484',-1.05
'0:00.488',-0.69
'0:00.492',-0.66
'0:00.496',-0.58
'0:00.500',-0.35
'0:00.504',0.33
'0:00.508',0.94
'0:00.512',0.76
'0:00.516',0.11
'0:00.520',-0.31
'0:00.523',-0.56
'0:00.527',-0.18
'0:00.531',-0.13
'0:00.535',-0.76
'0:00.539',-1.7
'0:00.543',-2.35
'0:00.547',-3.01
'0:00.551',-3.62
'0:00.555',-3.68
'0:00.559',-3.46
'0:00.563',-3.64
'0:00.566',-4.03
'0:00.570',-4.12
'0:00.574',-3.69
'0:00.578',-3.56
'0:00.582',-3.7
'0:00.586',-4.06
'0:00.590',-3.98
'0:00.594',-3.56
'0:00.598',-3.41
'0:00.602',-3.15
'0:00.605',-2.92
'0:00.609',-2.76
'0:00.613',-2.59
'0:00.617',-2.44
'0:00.621',-1.48
'0:00.625',0.12
'0:00.629',1.67
'0:00.633',3.52
'0:00.637',6.32
'0:00.641',9.18
'0:00.645',10.12
'0:00.648',7.21
'0:00.652',1.54
'0:00.656',-4.29
'0:00.660',-8.09
'0:00.664',-10.15
'0:00.668',-10.39
'0:00.672',-8.97
'0:00.676',-7.19
'0:00.680',-5.35
'0:00.684',-4
'0:00.688',-3.17
'0:00.691',-2.52
'0:00.695',-1.84
'0:00.699',-1.54
'0:00.703',-1.25
'0:00.707',-1.01
'0:00.711',-0.9
'0:00.715',-0.83
'0:00.719',-0.44
'0:00.723',-0.15
'0:00.727',-0.12
'0:00.730',0.12
'0:00.734',0.56
'0:00.738',0.76
'0:00.742',0.98
'0:00.746',1.45
'0:00.750',1.9
'0:00.754',2.08
'0:00.758',1.77
'0:00.762',1.73
'0:00.766',2.28
'0:00.770',2.96
'0:00.773',3.54
'0:00.777',3.87
'0:00.781',4.16
'0:00.785',4.43
'0:00.789',4.41
'0:00.793',4.34
'0:00.797',4.39
'0:00.801',4.45
'0:00.805',4.64
'0:00.809',4.46
'0:00.813',3.87
'0:00.816',3.11
'0:00.820',2.59
'0:00.824',1.92
'0:00.828',1.35
'0:00.832',0.82
'0:00.836',0.24
'0:00.840',0
'0:00.844',0.03
'0:00.848',0.12
'0:00.852',0.07
'0:00.855',0.01
'0:00.859',-0.19
'0:00.863',-0.12
'0:00.867',0.14
'0:00.871',0.39
'0:00.875',0.57
'0:00.879',0.85
'0:00.883',1.24
'0:00.887',1.53
'0:00.891',1.52
'0:00.895',1.45
'0:00.898',1.27
'0:00.902',0.95
'0:00.906',0.67
'0:00.910',0.69
'0:00.914',0.58
'0:00.918',0.37
'0:00.922',-0.25
'0:00.926',-1.03
'0:00.930',-1.63
'0:00.934',-2.01
'0:00.938',-2.14
'0:00.941',-2.14
'0:00.945',-2.08
'0:00.949',-1.95
'0:00.953',-2.11
'0:00.957',-2.26
'0:00.961',-2.03
'0:00.965',-1.8
'0:00.969',-1.8
'0:00.973',-2.04
'0:00.977',-2.1
'0:00.980',-1.78
'0:00.984',-1.73
'0:00.988',-1.7
'0:00.992',-1.51
'0:00.996',-1.2
'0:01.000',-0.79
'0:01.004',0.31
'0:01.008',2.29
'0:01.012',4.61
'0:01.016',7.04
'0:01.020',9.43
'0:01.023',10.89
'0:01.027',9.95
'0:01.031',5.88
'0:01.035',0.22
'0:01.039',-4.58
'0:01.043',-7.84
'0:01.047',-9.17
'0:01.051',-8.62
'0:01.055',-7.12
'0:01.059',-5.35
'0:01.063',-3.73
'0:01.066',-2.63
'0:01.070',-1.96
'0:01.074',-1.59
'0:01.078',-1.16
'0:01.082',-0.93
'0:01.086',-0.89
'0:01.090',-0.67
'0:01.094',-0.44
'0:01.098',-0.36
'0:01.102',-0.19
'0:01.105',0.15
'0:01.109',0.35
'0:01.113',0.37
'0:01.117',0.77
'0:01.121',1.07
'0:01.125',1.3
'0:01.129',1.39
'0:01.133',1.66
'0:01.137',1.82
'0:01.141',1.93
'0:01.145',2.16
'0:01.148',2.64
'0:01.152',3.25
'0:01.156',3.79
'0:01.160',4.17
'0:01.164',4.38
'0:01.168',4.49
'0:01.172',4.51
'0:01.176',4.41
'0:01.180',4.22
'0:01.184',4.03
'0:01.188',3.67
'0:01.191',3.21
'0:01.195',2.86
'0:01.199',2.4
'0:01.203',1.7
'0:01.207',1.01
'0:01.211',0.43
'0:01.215',0.08
'0:01.219',-0.19
'0:01.223',-0.27
'0:01.227',-0.28
'0:01.230',-0.21
'0:01.234',-0.1
'0:01.238',0.05
'0:01.242',0.03
'0:01.246',0.07
'0:01.250',0.25
'0:01.254',0.54
'0:01.258',0.73
'0:01.262',0.72
'0:01.266',0.63
'0:01.270',0.63
'0:01.273',0.56
'0:01.277',0.35
'0:01.281',0.25
'0:01.285',0.08
'0:01.289',-0.16
'0:01.293',-0.64
'0:01.297',-1.3
'0:01.301',-2.06
'0:01.305',-2.6
'0:01.309',-2.87
'0:01.313',-3.04
'0:01.316',-3.14
'0:01.320',-3.29
'0:01.324',-3.41
'0:01.328',-3.38
'0:01.332',-3.38
'0:01.336',-3.38
'0:01.340',-3.38
'0:01.344',-3.38
'0:01.348',-3.38
'0:01.352',-3.39
'0:01.355',-3.39
'0:01.359',-3.38
'0:01.363',-3.39
'0:01.367',-3.38
'0:01.371',-2.36
'0:01.375',-1.84
'0:01.379',-0.54
'0:01.383',1.61
'0:01.387',4.04
'0:01.391',6.7
'0:01.395',9.24
'0:01.398',10.11
'0:01.402',7.77
'0:01.406',2.48
'0:01.410',-3.42
'0:01.414',-7.65
'0:01.418',-9.81
'0:01.422',-10.07
'0:01.426',-8.92
'0:01.430',-7.27
'0:01.434',-5.73
'0:01.438',-4.33
'0:01.441',-3.29
'0:01.445',-2.72
'0:01.449',-2.29
'0:01.453',-1.85
'0:01.457',-1.47
'0:01.461',-1.12
'0:01.465',-0.69
'0:01.469',-0.35
'0:01.473',-0.16
'0:01.477',-0.05
'0:01.480',0.12
'0:01.484',0.32
'0:01.488',0.53
'0:01.492',0.54
'0:01.496',0.6
'0:01.500',0.92
'0:01.504',1.4
'0:01.508',1.74
'0:01.512',2.08
'0:01.516',2.4
'0:01.520',2.84
'0:01.523',3.21
'0:01.527',3.39
'0:01.531',3.79
'0:01.535',4.33
'0:01.539',4.49
'0:01.543',4.7
'0:01.547',4.9
'0:01.551',4.86
'0:01.555',4.82
'0:01.559',4.82
'0:01.563',4.6
'0:01.566',4.29
'0:01.570',4.02
'0:01.574',3.52
'0:01.578',2.91
'0:01.582',2.31
'0:01.586',1.64
'0:01.590',1.05
'0:01.594',0.51
'0:01.598',0.18
'0:01.602',0.01
'0:01.605',-0.02
'0:01.609',-0.05
'0:01.613',-0.07
'0:01.617',-0.05
'0:01.621',0.11
'0:01.625',0.34
'0:01.629',0.41
'0:01.633',0.34
'0:01.637',0.32
'0:01.641',0.6
'0:01.645',0.99
'0:01.648',1.11
'0:01.652',1.1
'0:01.656',0.97
'0:01.660',0.79
'0:01.664',0.61
'0:01.668',0.4
'0:01.672',0
'0:01.676',-0.47
'0:01.680',-0.97
'0:01.684',-1.46
'0:01.688',-1.94
'0:01.691',-2.45
'0:01.695',-3
'0:01.699',-3.24
'0:01.703',-3.03
'0:01.707',-2.85
'0:01.711',-2.78
'0:01.715',-2.86
'0:01.719',-2.78
'0:01.723',-2.42
'0:01.727',-2.29
'0:01.730',-2.29
'0:01.734',-2.1
'0:01.738',-1.88
'0:01.742',-1.72
'0:01.746',-1.68
'0:01.750',-1.8
'0:01.754',-1.92
'0:01.758',-1.61
'0:01.762',-0.52
'0:01.766',1.35
'0:01.770',3.78
'0:01.773',6.26
'0:01.777',8.85
'0:01.781',10.39
'0:01.785',9.06
'0:01.789',4.64
'0:01.793',-1.2
'0:01.797',-5.72
'0:01.801',-8.6
'0:01.805',-10.03
'0:01.809',-9.66
'0:01.813',-8.03
'0:01.816',-6.25
'0:01.820',-4.8
'0:01.824',-3.79
'0:01.828',-3.04
'0:01.832',-2.49
'0:01.836',-1.93
'0:01.840',-1.43
'0:01.844',-1.36
'0:01.848',-1.36
'0:01.852',-1.08
'0:01.855',-0.57
'0:01.859',-0.03
'0:01.863',0.1
'0:01.867',0.12
'0:01.871',0.22
'0:01.875',0.55
'0:01.879',0.92
'0:01.883',0.78
'0:01.887',0.7
'0:01.891',0.97
'0:01.895',1.47
'0:01.898',1.89
'0:01.902',2.27
'0:01.906',2.6
'0:01.910',3.21
'0:01.914',3.81
'0:01.918',4.14
'0:01.922',4.24
'0:01.926',4.26
'0:01.930',4.32
'0:01.934',4.43
'0:01.938',4.39
'0:01.941',4.25
'0:01.945',4.21
'0:01.949',4.05
'0:01.953',3.81
'0:01.957',3.33
'0:01.961',2.84
'0:01.965',2.33
'0:01.969',1.67
'0:01.973',0.89
'0:01.977',0.09
'0:01.980',-0.45
'0:01.984',-0.82
'0:01.988',-1
'0:01.992',-0.88
'0:01.996',-0.73
'0:02.000',-0.65
'0:02.004',-0.51
'0:02.008',-0.41
'0:02.012',-0.43
'0:02.016',-0.27
'0:02.020',-0.03
'0:02.023',0.37
'0:02.027',0.73
'0:02.031',0.73
'0:02.035',0.56
'0:02.039',0.35
'0:02.043',0.12
'0:02.047',-0.13
'0:02.051',-0.31
'0:02.055',-0.81
'0:02.059',-1.4
'0:02.063',-2.15
'0:02.066',-2.79
'0:02.070',-3.29
'0:02.074',-3.77
'0:02.078',-3.9
'0:02.082',-3.96
'0:02.086',-4.07
'0:02.090',-4.19
'0:02.094',-4.19
'0:02.098',-3.98
'0:02.102',-3.83
'0:02.105',-3.56
'0:02.109',-3.34
'0:02.113',-3.26
'0:02.117',-3.26
'0:02.121',-3.17
'0:02.125',-3.05
'0:02.129',-2.85
'0:02.133',-2.68
'0:02.137',-2.49
'0:02.141',-2.01
'0:02.145',-0.9
'0:02.148',0.82
'0:02.152',3.08
'0:02.156',5.56
'0:02.160',8.13
'0:02.164',9.77
'0:02.168',8.6
'0:02.172',3.87
'0:02.176',-2.2
'0:02.180',-6.98
'0:02.184',-9.87
'0:02.188',-10.69
'0:02.191',-9.88
'0:02.195',-8.39
'0:02.199',-6.8
'0:02.203',-5.34
'0:02.207',-4.3
'0:02.211',-3.56
'0:02.215',-2.96
'0:02.219',-2.58
'0:02.223',-2.44
'0:02.227',-2.15
'0:02.230',-1.85
'0:02.234',-1.59
'0:02.238',-1.41
'0:02.242',-1.12
'0:02.246',-0.64
'0:02.250',-0.29
'0:02.254',-0.07
'0:02.258',0.14
'0:02.262',0.44
'0:02.266',0.61
'0:02.270',0.85
'0:02.273',1.11
'0:02.277',1.43
'0:02.281',1.74
'0:02.285',1.99
'0:02.289',2.3
'0:02.293',2.8
'0:02.297',3.19
'0:02.301',3.46
'0:02.305',3.76
'0:02.309',3.94
'0:02.313',4.02
'0:02.316',4.19
'0:02.320',4.41
'0:02.324',4.5
'0:02.328',4.46
'0:02.332',4.2
'0:02.336',3.62
'0:02.340',3.05
'0:02.344',2.47
'0:02.348',1.89
'0:02.352',1.29
'0:02.355',0.79
'0:02.359',0.44
'0:02.363',0.21
'0:02.367',-0.01
'0:02.371',-0.17
'0:02.375',-0.02
'0:02.379',0.15
'0:02.383',0.37
'0:02.387',0.65
'0:02.391',0.85
'0:02.395',1.04
'0:02.398',1.16
'0:02.402',1.28
'0:02.406',1.39
'0:02.410',1.49
'0:02.414',1.47
'0:02.418',1.25
'0:02.422',1.06
'0:02.426',0.78
'0:02.430',0.52
'0:02.434',0.26
'0:02.438',-0.14
'0:02.441',-0.67
'0:02.445',-1.3
'0:02.449',-2.04
'0:02.453',-2.53
'0:02.457',-2.73
'0:02.461',-2.89
'0:02.465',-3.21
'0:02.469',-3.39
'0:02.473',-3.15
'0:02.477',-2.82
'0:02.480',-2.96
'0:02.484',-3.17
'0:02.488',-3.19
'0:02.492',-2.81
'0:02.496',-2.25
'0:02.500',-1.98
'0:02.504',-2.04
'0:02.508',-2.14
'0:02.512',-2.35
'0:02.516',-2.39
'0:02.520',-2.08
'0:02.523',-1.34
'0:02.527',0.22
'0:02.531',2.77
'0:02.535',5.62
'0:02.539',8.23
'0:02.543',10.3
'0:02.547',10.35
'0:02.551',7.21
'0:02.555',1.7
'0:02.559',-3.82
'0:02.563',-7.75
'0:02.566',-9.67
'0:02.570',-9.75
'0:02.574',-8.53
'0:02.578',-6.92
'0:02.582',-5.17
'0:02.586',-3.58
'0:02.590',-2.55
'0:02.594',-1.91
'0:02.598',-1.36
'0:02.602',-1.03
'0:02.605',-0.73
'0:02.609',-0.49
'0:02.613',-0.34
'0:02.617',-0.36
'0:02.621',-0.34
'0:02.625',-0.13
'0:02.629',0.37
'0:02.633',0.61
'0:02.637',0.78
'0:02.641',1.18
'0:02.645',1.39
'0:02.648',1.18
'0:02.652',1.12
'0:02.656',1.39
'0:02.660',1.68
'0:02.664',2.02
'0:02.668',2.17
'0:02.672',2.36
'0:02.676',2.77
'0:02.680',3.4
'0:02.684',3.91
'0:02.688',3.96
'0:02.691',3.76
'0:02.695',3.7
'0:02.699',3.87
'0:02.703',4.11
'0:02.707',4.27
'0:02.711',4.08
'0:02.715',3.78
'0:02.719',3.42
'0:02.723',3.09
'0:02.727',2.55
'0:02.730',1.82
'0:02.734',0.99
'0:02.738',0.22
'0:02.742',-0.31
'0:02.746',-0.56
'0:02.750',-0.67
'0:02.754',-0.79
'0:02.758',-0.8
'0:02.762',-0.8
'0:02.766',-0.83
'0:02.770',-0.73
'0:02.773',-0.46
'0:02.777',-0.22
'0:02.781',0
'0:02.785',0.02
'0:02.789',0.17
'0:02.793',0.37
'0:02.797',0.47
'0:02.801',0.47
'0:02.805',0.37
'0:02.809',0.27
'0:02.813',-0.08
'0:02.816',-0.72
'0:02.820',-1.23
'0:02.824',-1.72
'0:02.828',-2.19
'0:02.832',-2.7
'0:02.836',-3.02
'0:02.840',-3.31
'0:02.844',-3.56
'0:02.848',-3.62
'0:02.852',-3.59
'0:02.855',-3.55
'0:02.859',-3.39
'0:02.863',-3.17
'0:02.867',-3.07
'0:02.871',-3.19
'0:02.875',-3.21
'0:02.879',-2.91
'0:02.883',-2.69
'0:02.887',-2.37
'0:02.891',-2.02
'0:02.895',-2
'0:02.898',-2.1
'0:02.902',-1.98
'0:02.906',-1.11
'0:02.910',0.58
'0:02.914',2.67
'0:02.918',5.04
'0:02.922',7.98
'0:02.926',10.3
'0:02.930',10.06
'0:02.934',6.58
'0:02.938',0.89
'0:02.941',-4.51
'0:02.945',-8.18
'0:02.949',-9.75
'0:02.953',-9.27
'0:02.957',-7.64
'0:02.961',-5.76
'0:02.965',-4.31
'0:02.969',-3.5
'0:02.973',-2.91
'0:02.977',-2.33
'0:02.980',-1.81
'0:02.984',-1.25
'0:02.988',-0.81
'0:02.992',-0.46
'0:02.996',-0.2
'0:03.000',0.06
'0:03.004',0.31
'0:03.008',0.48
'0:03.012',0.66
'0:03.016',0.73
'0:03.020',0.85
'0:03.023',1.07
'0:03.027',1.31
'0:03.031',1.53
'0:03.035',1.73
'0:03.039',1.92
'0:03.043',2.17
'0:03.047',2.57
'0:03.051',2.81
'0:03.055',3.16
'0:03.059',3.62
'0:03.063',4.01
'0:03.066',4.46
'0:03.070',4.75
'0:03.074',5.07
'0:03.078',5.26
'0:03.082',5.21
'0:03.086',4.98
'0:03.090',4.82
'0:03.094',4.85
'0:03.098',4.81
'0:03.102',4.42
'0:03.105',3.74
'0:03.109',2.99
'0:03.113',2.24
'0:03.117',1.62
'0:03.121',1.27
'0:03.125',0.9
'0:03.129',0.52
'0:03.133',0.43
'0:03.137',0.46
'0:03.141',0.41
'0:03.145',0.3
'0:03.148',0.19
'0:03.152',0.37
'0:03.156',0.7
'0:03.160',1.02
'0:03.164',1.08
'0:03.168',1.21
'0:03.172',1.43
'0:03.176',1.6
'0:03.180',1.75
'0:03.184',1.95
'0:03.188',1.83
'0:03.191',1.57
'0:03.195',1.45
'0:03.199',1.32
'0:03.203',0.82
'0:03.207',0.12
'0:03.211',-0.62
'0:03.215',-1.32
'0:03.219',-1.93
'0:03.223',-2.31
'0:03.227',-2.51
'0:03.230',-2.67
'0:03.234',-2.79
'0:03.238',-2.81
'0:03.242',-2.66
'0:03.246',-2.59
'0:03.250',-2.46
'0:03.254',-2.61
'0:03.258',-2.68
'0:03.262',-2.46
'0:03.266',-2.32
'0:03.270',-2.24
'0:03.273',-1.96
'0:03.277',-1.85
'0:03.281',-2.09
'0:03.285',-2.33
'0:03.289',-2.08
'0:03.293',-1.07
'0:03.297',0.65
'0:03.301',2.76
'0:03.305',5.29
'0:03.309',8.16
'0:03.313',10.37
'0:03.316',9.86
'0:03.320',5.89
'0:03.324',-0.2
'0:03.328',-5.67
'0:03.332',-9.39
'0:03.336',-10.86
'0:03.340',-10.47
'0:03.344',-8.87
'0:03.348',-7
'0:03.352',-5.42
'0:03.355',-4.21
'0:03.359',-3.49
'0:03.363',-3.1
'0:03.367',-2.67
'0:03.371',-2.25
'0:03.375',-1.64
'0:03.379',-0.96
'0:03.383',-0.64
'0:03.387',-0.77
'0:03.391',-0.78
'0:03.395',-0.44
'0:03.398',-0.08
'0:03.402',0.05
'0:03.406',-0.01
'0:03.410',0.1
'0:03.414',0.39
'0:03.418',0.81
'0:03.422',1.77
'0:03.426',2
'0:03.430',1.78
'0:03.434',1.7
'0:03.438',1.93
'0:03.441',2.33
'0:03.445',2.75
'0:03.449',3.25
'0:03.453',3.45
'0:03.457',3.63
'0:03.461',3.94
'0:03.465',4.35
'0:03.469',4.53
'0:03.473',4.74
'0:03.477',4.57
'0:03.480',3.99
'0:03.484',3.33
'0:03.488',2.55
'0:03.492',1.87
'0:03.496',1.35
'0:03.500',1.2
'0:03.504',0.93
'0:03.508',-0.02
'0:03.512',-0.68
'0:03.516',-0.85
'0:03.520',-1.19
'0:03.523',-1.46
'0:03.527',-1.34
'0:03.531',-1.22
'0:03.535',-1.12
'0:03.539',-1.02
'0:03.543',-0.95
'0:03.547',-0.61
'0:03.551',0.12
'0:03.555',0.06
'0:03.559',-0.14
'0:03.563',0
'0:03.566',-0.05
'0:03.570',-0.26
'0:03.574',-0.56
'0:03.578',-0.72
'0:03.582',-0.66
'0:03.586',-0.83
'0:03.590',-1.42
'0:03.594',-2.2
'0:03.598',-2.79
'0:03.602',-3.38
'0:03.605',-3.98
'0:03.609',-4.19
'0:03.613',-4.19
'0:03.617',-4.33
'0:03.621',-4.5
'0:03.625',-4.46
'0:03.629',-4.24
'0:03.633',-3.79
'0:03.637',-3.39
'0:03.641',-3.34
'0:03.645',-3.39
'0:03.648',-3.19
'0:03.652',-2.84
'0:03.656',-2.68
'0:03.660',-2.72
'0:03.664',-2.82
'0:03.668',-2.56
'0:03.672',-2.04
'0:03.676',-0.93
'0:03.680',0.77
'0:03.684',2.84
'0:03.688',5.26
'0:03.691',8
'0:03.695',10.22
'0:03.699',10.08
'0:03.703',6.47
'0:03.707',0.91
'0:03.711',-4.11
'0:03.715',-7.45
'0:03.719',-9.02
'0:03.723',-9.11
'0:03.727',-8.32
'0:03.730',-6.71
'0:03.734',-4.8
'0:03.738',-3.28
'0:03.742',-2.23
'0:03.746',-1.64
'0:03.750',-1.39
'0:03.754',-0.89
'0:03.758',-0.46
'0:03.762',-0.27
'0:03.766',-0.12
'0:03.770',-0.02
'0:03.773',0.02
'0:03.777',0.22
'0:03.781',0.57
'0:03.785',0.75
'0:03.789',0.86
'0:03.793',0.95
'0:03.797',1.09
'0:03.801',1.23
'0:03.805',1.41
'0:03.809',1.81
'0:03.813',2.21
'0:03.816',2.49
'0:03.820',2.65
'0:03.824',2.94
'0:03.828',3.38
'0:03.832',3.82
'0:03.836',4.11
'0:03.840',4.31
'0:03.844',4.48
'0:03.848',4.51
'0:03.852',4.54
'0:03.855',4.51
'0:03.859',4.41
'0:03.863',4.29
'0:03.867',4.03
'0:03.871',3.62
'0:03.875',2.99
'0:03.879',2.34
'0:03.883',1.53
'0:03.887',0.93
'0:03.891',0.55
'0:03.895',0.3
'0:03.898',0.18
'0:03.902',0.03
'0:03.906',-0.05
'0:03.910',0.05
'0:03.914',0.3
'0:03.918',0.53
'0:03.922',0.85
'0:03.926',1.21
'0:03.930',1.48
'0:03.934',1.56
'0:03.938',1.7
'0:03.941',2.02
'0:03.945',2.17
'0:03.949',2.1
'0:03.953',1.89
'0:03.957',1.72
'0:03.961',1.49
'0:03.965',1.04
'0:03.969',0.64
'0:03.973',0.18
'0:03.977',-0.5
'0:03.980',-1.12
'0:03.984',-1.51
'0:03.988',-1.89
'0:03.992',-2.19
'0:03.996',-2.29
'0:04.000',-2.31
'0:04.004',-2.24
'0:04.008',-2.12
'0:04.012',-2.19
'0:04.016',-2.29
'0:04.020',-2.15
'0:04.023',-2.02
'0:04.027',-1.97
'0:04.031',-1.93
'0:04.035',-1.81
'0:04.039',-1.57
'0:04.043',-1.51
'0:04.047',-1.57
'0:04.051',-1.43
'0:04.055',-0.41
'0:04.059',1.5
'0:04.063',3.95
'0:04.066',6.68
'0:04.070',9.17
'0:04.074',10.48
'0:04.078',9.32
'0:04.082',5.18
'0:04.086',-0.58
'0:04.090',-5.67
'0:04.094',-8.82
'0:04.098',-10
'0:04.102',-9.35
'0:04.105',-7.42
'0:04.109',-5.39
'0:04.113',-3.57
'0:04.117',-2.17
'0:04.121',-1.56
'0:04.125',-1.7
'0:04.129',-1.52
'0:04.133',-1.13
'0:04.137',-0.81
'0:04.141',-0.46
'0:04.145',-0.28
'0:04.148',-0.08
'0:04.152',0
'0:04.156',0.1
'0:04.160',0.48
'0:04.164',0.8
'0:04.168',0.89
'0:04.172',0.99
'0:04.176',1.24
'0:04.180',1.54
'0:04.184',1.37
'0:04.188',1.31
'0:04.191',1.5
'0:04.195',1.85
'0:04.199',2.21
'0:04.203',2.62
'0:04.207',2.88
'0:04.211',2.95
'0:04.215',3.57
'0:04.219',4.42
'0:04.223',4.66
'0:04.227',4.3
'0:04.230',4.01
'0:04.234',4.07
'0:04.238',4.21
'0:04.242',4.03
'0:04.246',3.83
'0:04.250',3.45
'0:04.254',2.62
'0:04.258',1.58
'0:04.262',0.84
'0:04.266',0.33
'0:04.270',-0.18
'0:04.273',-0.6
'0:04.277',-0.94
'0:04.281',-1.33
'0:04.285',-1.39
'0:04.289',-1.28
'0:04.293',-1.09
'0:04.297',-0.92
'0:04.301',-0.99
'0:04.305',-1.09
'0:04.309',-1.14
'0:04.313',-0.93
'0:04.316',-0.04
'0:04.320',0.37
'0:04.324',0.33
'0:04.328',0.04
'0:04.332',-0.1
'0:04.336',-0.07
'0:04.340',-0.4
'0:04.344',-0.67
'0:04.348',-0.63
'0:04.352',-0.82
'0:04.355',-1.38
'0:04.359',-1.99
'0:04.363',-2.55
'0:04.367',-2.9
'0:04.371',-3.13
'0:04.375',-3.17
'0:04.379',-3.26
'0:04.383',-3.48
'0:04.387',-3.53
'0:04.391',-3.34
'0:04.395',-3.41
'0:04.398',-3.56
'0:04.402',-3.37
'0:04.406',-2.71
'0:04.410',-2.34
'0:04.414',-2.29
'0:04.418',-2.17
'0:04.422',-2.1
'0:04.426',-2.1
'0:04.430',-2.09
'0:04.434',-2
'0:04.438',-1.52
'0:04.441',-0.68
'0:04.445',0.94
'0:04.449',3.54
'0:04.453',6.55
'0:04.457',9.31
'0:04.461',10.46
'0:04.465',8.68
'0:04.469',4.18
'0:04.473',-1.61
'0:04.477',-6.33
'0:04.480',-9.05
'0:04.484',-9.85
'0:04.488',-9.11
'0:04.492',-7.46
'0:04.496',-5.75
'0:04.500',-4.34
'0:04.504',-3.2
'0:04.508',-2.66
'0:04.512',-2.32
'0:04.516',-1.9
'0:04.520',-1.47
'0:04.523',-0.98
'0:04.527',-0.76
'0:04.531',-0.56
'0:04.535',-0.44
'0:04.539',-0.15
'0:04.543',0.27
'0:04.547',0.46
'0:04.551',0.42
'0:04.555',0.35
'0:04.559',0.4
'0:04.563',0.66
'0:04.566',1.04
'0:04.570',1.43
'0:04.574',1.74
'0:04.578',1.92
'0:04.582',2.17
'0:04.586',2.58
'0:04.590',3
'0:04.594',3.21
'0:04.598',3.41
'0:04.602',3.75
'0:04.605',4.09
'0:04.609',4.22
'0:04.613',4.2
'0:04.617',4.16
'0:04.621',4.32
'0:04.625',4.36
'0:04.629',4.1
'0:04.633',3.73
'0:04.637',3.26
'0:04.641',2.55
'0:04.645',1.85
'0:04.648',1.18
'0:04.652',0.57
'0:04.656',-0.07
'0:04.660',-0.39
'0:04.664',-0.65
'0:04.668',-0.72
'0:04.672',-0.59
'0:04.676',-0.47
'0:04.680',-0.56
'0:04.684',-0.45
'0:04.688',-0.17
'0:04.691',0.1
'0:04.695',0.29
'0:04.699',0.48
'0:04.703',0.68
'0:04.707',0.78
'0:04.711',0.75
'0:04.715',0.73
'0:04.719',0.71
'0:04.723',0.66
'0:04.727',0.58
'0:04.730',0.44
'0:04.734',0.13
'0:04.738',-0.35
'0:04.742',-0.89
'0:04.746',-1.28
'0:04.750',-1.7
'0:04.754',-2.02
'0:04.758',-2.26
'0:04.762',-2.51
'0:04.766',-2.64
'0:04.770',-2.65
'0:04.773',-2.55
'0:04.777',-2.46
'0:04.781',-2.31
'0:04.785',-2.21
'0:04.789',-2.02
'0:04.793',-1.77
'0:04.797',-1.47
'0:04.801',-1.29
'0:04.805',-1.29
'0:04.809',-1.22
'0:04.813',-1.24
'0:04.816',-1.2
'0:04.820',-0.79
'0:04.824',0.13
'0:04.828',1.75
'0:04.832',3.96
'0:04.836',6.44
'0:04.840',9.26
'0:04.844',11.68
'0:04.848',11.71
'0:04.852',8.09
'0:04.855',1.99
'0:04.859',-3.93
'0:04.863',-8.07
'0:04.867',-9.83
'0:04.871',-9.42
'0:04.875',-7.79
'0:04.879',-5.95
'0:04.883',-4.27
'0:04.887',-2.96
'0:04.891',-2.2
'0:04.895',-1.79
'0:04.898',-1.37
'0:04.902',-0.93
'0:04.906',-0.8
'0:04.910',-0.71
'0:04.914',-0.53
'0:04.918',-0.43
'0:04.922',-0.48
'0:04.926',-0.51
'0:04.930',0.04
'0:04.934',0.66
'0:04.938',0.42
'0:04.941',0.03
'0:04.945',0.27
'0:04.949',0.6
'0:04.953',0.63
'0:04.957',0.68
'0:04.961',0.94
'0:04.965',1.34
'0:04.969',1.72
'0:04.973',2.18
'0:04.977',2.58
'0:04.980',2.78
'0:04.984',3.29
'0:04.988',3.7
'0:04.992',3.69
'0:04.996',3.44
'0:05.000',3.43
'0:05.004',3.85
'0:05.008',3.98
'0:05.012',3.81
'0:05.016',3.52
'0:05.020',3.16
'0:05.023',2.86
'0:05.027',2.44
'0:05.031',1.64
'0:05.035',0.65
'0:05.039',0.2
'0:05.043',0.01
'0:05.047',-0.38
'0:05.051',-0.68
'0:05.055',-0.84
'0:05.059',-0.82
'0:05.063',-0.61
'0:05.066',-0.41
'0:05.070',-0.25
'0:05.074',0.09
'0:05.078',0.61
'0:05.082',0.44
'0:05.086',0.41
'0:05.090',0.47
'0:05.094',0.3
'0:05.098',0.37
'0:05.102',0.4
'0:05.105',0.25
'0:05.109',0.29
'0:05.113',0.03
'0:05.117',-0.59
'0:05.121',-1.37
'0:05.125',-2.01
'0:05.129',-2.21
'0:05.133',-2.7
'0:05.137',-3.85
'0:05.141',-4.64
'0:05.145',-4.79
'0:05.148',-4.8
'0:05.152',-4.87
'0:05.156',-4.66
'0:05.160',-4.15
'0:05.164',-3.85
'0:05.168',-4.08
'0:05.172',-3.93
'0:05.176',-3.76
'0:05.180',-3.53
'0:05.184',-3.17
'0:05.188',-2.57
'0:05.191',-2.62
'0:05.195',-3.04
'0:05.199',-3
'0:05.203',-2.4
'0:05.207',-1.79
'0:05.211',-0.37
'0:05.215',1.95
'0:05.219',4.53
'0:05.223',7.12
'0:05.227',8.94
'0:05.230',8.12
'0:05.234',3.81
'0:05.238',-1.95
'0:05.242',-6.83
'0:05.246',-9.99
'0:05.250',-11.43
'0:05.254',-10.95
'0:05.258',-9.12
'0:05.262',-7.09
'0:05.266',-5.76
'0:05.270',-4.76
'0:05.273',-3.75
'0:05.277',-3.01
'0:05.281',-2.59
'0:05.285',-2.34
'0:05.289',-2
'0:05.293',-1.58
'0:05.297',-1.36
'0:05.301',-1.22
'0:05.305',-1.02
'0:05.309',-0.74
'0:05.313',-0.46
'0:05.316',-0.32
'0:05.320',-0.1
'0:05.324',0.24
'0:05.328',0.55
'0:05.332',0.92
'0:05.336',1.31
'0:05.340',1.67
'0:05.344',1.9
'0:05.348',2.05
'0:05.352',2.31
'0:05.355',2.79
'0:05.359',3.31
'0:05.363',3.58
'0:05.367',3.73
'0:05.371',3.97
'0:05.375',4.12
'0:05.379',4.09
'0:05.383',4.07
'0:05.387',4.07
'0:05.391',3.97
'0:05.395',3.74
'0:05.398',3.4
'0:05.402',2.84
'0:05.406',2.23
'0:05.410',1.72
'0:05.414',1.28
'0:05.418',0.93
'0:05.422',0.6
'0:05.426',0.26
'0:05.430',-0.11
'0:05.434',-0.27
'0:05.438',-0.22
'0:05.441',-0.12
'0:05.445',-0.04
'0:05.449',0.24
'0:05.453',0.59
'0:05.457',0.84
'0:05.461',1.14
'0:05.465',1.45
'0:05.469',1.7
'0:05.473',1.76
'0:05.477',1.82
'0:05.480',1.63
'0:05.484',1.35
'0:05.488',1.2
'0:05.492',1.13
'0:05.496',0.72
'0:05.500',0.11
'0:05.504',-0.5
'0:05.508',-1.09
'0:05.512',-1.68
'0:05.516',-2.24
'0:05.520',-2.46
'0:05.523',-2.34
'0:05.527',-2.19
'0:05.531',-2.26
'0:05.535',-2.34
'0:05.539',-2.32
'0:05.543',-2.33
'0:05.547',-2.45
'0:05.551',-2.44
'0:05.555',-2.29
'0:05.559',-2.05
'0:05.563',-1.79
'0:05.566',-1.51
'0:05.570',-1.27
'0:05.574',-1.26
'0:05.578',-1.31
'0:05.582',-1.07
'0:05.586',-0.33
'0:05.590',1.26
'0:05.594',3.73
'0:05.598',6.56
'0:05.602',9.39
'0:05.605',11.57
'0:05.609',11.63
'0:05.613',8.32
'0:05.617',2.51
'0:05.621',-3.2
'0:05.625',-7.06
'0:05.629',-8.87
'0:05.633',-8.75
'0:05.637',-7.28
'0:05.641',-5.55
'0:05.645',-3.96
'0:05.648',-2.68
'0:05.652',-1.81
'0:05.656',-1.32
'0:05.660',-0.9
'0:05.664',-0.51
'0:05.668',-0.27
'0:05.672',-0.12
'0:05.676',0.03
'0:05.680',0.24
'0:05.684',0.38
'0:05.688',0.46
'0:05.691',0.47
'0:05.695',0.44
'0:05.699',0.49
'0:05.703',0.66
'0:05.707',0.91
'0:05.711',1.19
'0:05.715',1.33
'0:05.719',1.44
'0:05.723',1.59
'0:05.727',1.66
'0:05.730',1.88
'0:05.734',2.38
'0:05.738',2.8
'0:05.742',2.99
'0:05.746',3.14
'0:05.750',3.29
'0:05.754',3.5
'0:05.758',3.78
'0:05.762',4.06
'0:05.766',4.17
'0:05.770',4.05
'0:05.773',3.79
'0:05.777',3.56
'0:05.781',3.2
'0:05.785',2.38
'0:05.789',1.29
'0:05.793',0.42
'0:05.797',-0.15
'0:05.801',-0.48
'0:05.805',-0.78
'0:05.809',-0.92
'0:05.813',-0.83
'0:05.816',-0.66
'0:05.820',-0.54
'0:05.824',-0.51
'0:05.828',-0.51
'0:05.832',-0.42
'0:05.836',-0.03
'0:05.840',0.33
'0:05.844',0.49
'0:05.848',0.53
'0:05.852',0.56
'0:05.855',0.51
'0:05.859',0.35
'0:05.863',0.17
'0:05.867',0.27
'0:05.871',0.27
'0:05.875',0.17
'0:05.879',-0.04
'0:05.883',-0.57
'0:05.887',-1.01
'0:05.891',-1.5
'0:05.895',-2.17
'0:05.898',-2.79
'0:05.902',-3.21
'0:05.906',-3.47
'0:05.910',-3.68
'0:05.914',-3.56
'0:05.918',-3.26
'0:05.922',-3.24
'0:05.926',-3.36
'0:05.930',-3.36
'0:05.934',-2.97
'0:05.938',-2.8
'0:05.941',-2.51
'0:05.945',-2.25
'0:05.949',-2.19
'0:05.953',-2.08
'0:05.957',-2.21
'0:05.961',-2.69
'0:05.965',-2.85
'0:05.969',-2.2
'0:05.973',-0.46
'0:05.977',2.01
'0:05.980',4.57
'0:05.984',7.2
'0:05.988',9.56
'0:05.992',9.68
'0:05.996',6.52
'0:06.000',1.04
'0:06.004',-4.26
'0:06.008',-7.87
'0:06.012',-9.6
'0:06.016',-9.65
'0:06.020',-8.38
'0:06.023',-6.43
'0:06.027',-4.7
'0:06.031',-3.78
'0:06.035',-3.37
'0:06.039',-2.88
'0:06.043',-2.18
'0:06.047',-1.51
'0:06.051',-1.31
'0:06.055',-1.29
'0:06.059',-1.04
'0:06.063',-0.47
'0:06.066',0.35
'0:06.070',0.75
'0:06.074',0.8
'0:06.078',0.78
'0:06.082',0.64
'0:06.086',0.7
'0:06.090',1.02
'0:06.094',1.38
'0:06.098',1.56
'0:06.102',1.58
'0:06.105',1.66
'0:06.109',1.92
'0:06.113',2.4
'0:06.117',2.66
'0:06.121',2.95
'0:06.125',3.36
'0:06.129',3.75
'0:06.133',4.19
'0:06.137',4.43
'0:06.141',4.32
'0:06.145',4.44
'0:06.148',4.63
'0:06.152',4.35
'0:06.156',3.87
'0:06.160',3.5
'0:06.164',3.22
'0:06.168',2.8
'0:06.172',2.25
'0:06.176',1.76
'0:06.180',1.06
'0:06.184',0.33
'0:06.188',-0.06
'0:06.191',-0.29
'0:06.195',-0.54
'0:06.199',-0.72
'0:06.203',-0.73
'0:06.207',-0.78
'0:06.211',-0.71
'0:06.215',-0.35
'0:06.219',0.12
'0:06.223',0.4
'0:06.227',0.66
'0:06.230',0.85
'0:06.234',0.88
'0:06.238',0.88
'0:06.242',0.92
'0:06.246',0.74
'0:06.250',0.37
'0:06.254',0.17
'0:06.258',0.07
'0:06.262',-0.13
'0:06.266',-0.56
'0:06.270',-1.02
'0:06.273',-1.59
'0:06.277',-2.28
'0:06.281',-2.65
'0:06.285',-2.82
'0:06.289',-2.9
'0:06.293',-2.95
'0:06.297',-2.97
'0:06.301',-2.95
'0:06.305',-2.75
'0:06.309',-2.66
'0:06.313',-2.68
'0:06.316',-2.68
'0:06.320',-2.55
'0:06.324',-2.29
'0:06.328',-2.18
'0:06.332',-2.03
'0:06.336',-1.85
'0:06.340',-1.73
'0:06.344',-1.82
'0:06.348',-1.81
'0:06.352',-1.21
'0:06.355',0.25
'0:06.359',2.4
'0:06.363',4.99
'0:06.367',7.95
'0:06.371',10.54
'0:06.375',11.16
'0:06.379',8.63
'0:06.383',3.25
'0:06.387',-2.59
'0:06.391',-7.04
'0:06.395',-9.5
'0:06.398',-9.75
'0:06.402',-8.48
'0:06.406',-6.6
'0:06.410',-4.79
'0:06.414',-3.38
'0:06.418',-2.33
'0:06.422',-1.73
'0:06.426',-1.37
'0:06.430',-0.98
'0:06.434',-0.65
'0:06.438',-0.27
'0:06.441',-0.05
'0:06.445',0.2
'0:06.449',0.39
'0:06.453',0.42
'0:06.457',0.5
'0:06.461',0.54
'0:06.465',0.78
'0:06.469',1.1
'0:06.473',1.15
'0:06.477',1.15
'0:06.480',1.52
'0:06.484',1.88
'0:06.488',2.1
'0:06.492',2.29
'0:06.496',2.41
'0:06.500',2.77
'0:06.504',3.09
'0:06.508',3.22
'0:06.512',3.49
'0:06.516',3.79
'0:06.520',4.16
'0:06.523',4.38
'0:06.527',4.45
'0:06.531',4.32
'0:06.535',4.17
'0:06.539',4
'0:06.543',3.73
'0:06.547',3.29
'0:06.551',2.76
'0:06.555',2.06
'0:06.559',1.25
'0:06.563',0.65
'0:06.566',0.09
'0:06.570',-0.48
'0:06.574',-0.65
'0:06.578',-0.51
'0:06.582',-0.63
'0:06.586',-0.8
'0:06.590',-0.76
'0:06.594',-0.51
'0:06.598',-0.46
'0:06.602',-0.26
'0:06.605',0.12
'0:06.609',0.46
'0:06.613',0.66
'0:06.617',0.52
'0:06.621',0.32
'0:06.625',0.23
'0:06.629',0.36
'0:06.633',0.05
'0:06.637',-0.47
'0:06.641',-0.87
'0:06.645',-1.36
'0:06.648',-2.08
'0:06.652',-2.79
'0:06.656',-3.07
'0:06.660',-3.6
'0:06.664',-4.21
'0:06.668',-4.46
'0:06.672',-4.15
'0:06.676',-4.02
'0:06.680',-3.45
'0:06.684',-3.28
'0:06.688',-3.67
'0:06.691',-4.06
'0:06.695',-4.16
'0:06.699',-4.23
'0:06.703',-3.95
'0:06.707',-3.57
'0:06.711',-3.07
'0:06.715',-2.71
'0:06.719',-2.63
'0:06.723',-2.66
'0:06.727',-2.73
'0:06.730',-2.42
'0:06.734',-1.1
'0:06.738',0.82
'0:06.742',3.08
'0:06.746',5.66
'0:06.750',8.49
'0:06.754',10.02
'0:06.758',8.2
'0:06.762',3.37
'0:06.766',-2.52
'0:06.770',-7.23
'0:06.773',-9.76
'0:06.777',-10.42
'0:06.781',-9.47
'0:06.785',-7.87
'0:06.789',-6.64
'0:06.793',-5.67
'0:06.797',-4.5
'0:06.801',-3.4
'0:06.805',-2.46
'0:06.809',-1.88
'0:06.813',-1.69
'0:06.816',-1.55
'0:06.820',-1.37
'0:06.824',-0.88
'0:06.828',-0.49
'0:06.832',-0.39
'0:06.836',-0.49
'0:06.840',-0.55
'0:06.844',-0.38
'0:06.848',-0.02
'0:06.852',0.46
'0:06.855',0.81
'0:06.859',1.07
'0:06.863',1.46
'0:06.867',1.92
'0:06.871',2.24
'0:06.875',2.49
'0:06.879',2.85
'0:06.883',3.38
'0:06.887',3.98
'0:06.891',4.34
'0:06.895',4.49
'0:06.898',4.44
'0:06.902',4.32
'0:06.906',4.29
'0:06.910',4.31
'0:06.914',4.36
'0:06.918',4.22
'0:06.922',3.93
'0:06.926',3.37
'0:06.930',2.71
'0:06.934',2.01
'0:06.938',1.45
'0:06.941',0.91
'0:06.945',0.5
'0:06.949',0.18
'0:06.953',0.05
'0:06.957',-0.04
'0:06.961',-0.16
'0:06.965',-0.19
'0:06.969',-0.1
'0:06.973',0.17
'0:06.977',0.31
'0:06.980',0.53
'0:06.984',0.87
'0:06.988',1.21
'0:06.992',1.47
'0:06.996',1.75
'0:07.000',1.93
'0:07.004',1.83
'0:07.008',1.69
'0:07.012',1.39
'0:07.016',1.16
'0:07.020',1.09
'0:07.023',0.83
'0:07.027',0.44
'0:07.031',-0.11
'0:07.035',-0.7
'0:07.039',-1.22
'0:07.043',-1.6
'0:07.047',-1.85
'0:07.051',-2.02
'0:07.055',-2.17
'0:07.059',-2.36
'0:07.063',-2.5
'0:07.066',-2.35
'0:07.070',-2.13
'0:07.074',-2.07
'0:07.078',-2.05
'0:07.082',-2.07
'0:07.086',-2.02
'0:07.090',-1.79
'0:07.094',-1.53
'0:07.098',-1.34
'0:07.102',-1.39
'0:07.105',-1.44
'0:07.109',-1.26
'0:07.113',-0.28
'0:07.117',1.75
'0:07.121',4.25
'0:07.125',6.84
'0:07.129',9.4
'0:07.133',10.8
'0:07.137',9.36
'0:07.141',4.9
'0:07.145',-1
'0:07.148',-5.74
'0:07.152',-8.62
'0:07.156',-9.61
'0:07.160',-8.98
'0:07.164',-7.42
'0:07.168',-5.73
'0:07.172',-4.21
'0:07.176',-2.98
'0:07.180',-2.17
'0:07.184',-1.56
'0:07.188',-1.07
'0:07.191',-0.83
'0:07.195',-0.76
'0:07.199',-0.63
'0:07.203',-0.48
'0:07.207',-0.26
'0:07.211',0.04
'0:07.215',0.27
'0:07.219',0.48
'0:07.223',0.59
'0:07.227',0.8
'0:07.230',1.19
'0:07.234',1.55
'0:07.238',1.8
'0:07.242',1.89
'0:07.246',2.02
'0:07.250',2.32
'0:07.254',2.92
'0:07.258',3.51
'0:07.262',3.97
'0:07.266',4.28
'0:07.270',4.39
'0:07.273',4.46
'0:07.277',4.46
'0:07.281',4.51
'0:07.285',4.53
'0:07.289',4.4
'0:07.293',4.26
'0:07.297',4.24
'0:07.301',4.07
'0:07.305',3.54
'0:07.309',3.01
'0:07.313',2.47
'0:07.316',1.86
'0:07.320',1.32
'0:07.324',0.79
'0:07.328',0.28
'0:07.332',-0.12
'0:07.336',-0.13
'0:07.340',-0.19
'0:07.344',-0.51
'0:07.348',-0.75
'0:07.352',-0.54
'0:07.355',-0.22
'0:07.359',-0.26
'0:07.363',-0.05
'0:07.367',0.48
'0:07.371',1.04
'0:07.375',1.34
'0:07.379',1.15
'0:07.383',0.61
'0:07.387',0.13
'0:07.391',-0.16
'0:07.395',-0.36
'0:07.398',-0.61
'0:07.402',-1.08
'0:07.406',-1.87
'0:07.410',-2.6
'0:07.414',-2.94
'0:07.418',-3.07
'0:07.422',-3.27
'0:07.426',-3.55
'0:07.430',-3.63
'0:07.434',-3.24
'0:07.438',-2.98
'0:07.441',-3.31
'0:07.445',-3.75
'0:07.449',-3.66
'0:07.453',-3.56
'0:07.457',-3.63
'0:07.461',-3.51
'0:07.465',-3.27
'0:07.469',-2.85
'0:07.473',-2.41
'0:07.477',-1.98
'0:07.480',-2
'0:07.484',-1.9
'0:07.488',-1.34
'0:07.492',0.18
'0:07.496',2.52
'0:07.500',5.17
'0:07.504',7.86
'0:07.508',9.83
'0:07.512',9.74
'0:07.516',6.62
'0:07.520',1.04
'0:07.523',-4.57
'0:07.527',-8.14
'0:07.531',-9.68
'0:07.535',-9.38
'0:07.539',-7.99
'0:07.543',-6.15
'0:07.547',-4.64
'0:07.551',-3.63
'0:07.555',-2.88
'0:07.559',-2.46
'0:07.563',-1.93
'0:07.566',-1.46
'0:07.570',-1.15
'0:07.574',-0.99
'0:07.578',-0.75
'0:07.582',-0.61
'0:07.586',-0.64
'0:07.590',-0.4
'0:07.594',0.04
'0:07.598',0.33
'0:07.602',0.25
'0:07.605',0.07
'0:07.609',0.37
'0:07.613',0.92
'0:07.617',1.44
'0:07.621',1.82
'0:07.625',2.29
'0:07.629',2.37
'0:07.633',2.44
'0:07.637',2.66
'0:07.641',2.81
'0:07.645',3.36
'0:07.648',3.7
'0:07.652',3.95
'0:07.656',4.29
'0:07.660',4.22
'0:07.664',4.29
'0:07.668',4.51
'0:07.672',4.63
'0:07.676',4.63
'0:07.680',4.37
'0:07.684',3.8
'0:07.688',3.13
'0:07.691',2.77
'0:07.695',2.44
'0:07.699',1.71
'0:07.703',1.01
'0:07.707',0.46
'0:07.711',0.12
'0:07.715',-0.12
'0:07.719',-0.26
'0:07.723',-0.37
'0:07.727',-0.19
'0:07.730',0.03
'0:07.734',0.17
'0:07.738',0.52
'0:07.742',0.8
'0:07.746',0.83
'0:07.750',0.71
'0:07.754',0.64
'0:07.758',0.58
'0:07.762',0.49
'0:07.766',0.41
'0:07.770',0.35
'0:07.773',0.11
'0:07.777',-0.19
'0:07.781',-0.36
'0:07.785',-0.58
'0:07.789',-0.95
'0:07.793',-1.41
'0:07.797',-2.19
'0:07.801',-2.84
'0:07.805',-3.13
'0:07.809',-3.14
'0:07.813',-3.16
'0:07.816',-3.05
'0:07.820',-2.87
'0:07.824',-2.7
'0:07.828',-2.8
'0:07.832',-2.9
'0:07.836',-2.77
'0:07.840',-2.51
'0:07.844',-2.43
'0:07.848',-2.29
'0:07.852',-2.07
'0:07.855',-2
'0:07.859',-2.12
'0:07.863',-2.27
'0:07.867',-2.12
'0:07.871',-1.19
'0:07.875',0.58
'0:07.879',2.74
'0:07.883',5.02
'0:07.887',7.75
'0:07.891',10.37
'0:07.895',10.82
'0:07.898',7.74
'0:07.902',1.84
'0:07.906',-3.84
'0:07.910',-7.79
'0:07.914',-9.9
'0:07.918',-9.94
'0:07.922',-8.69
'0:07.926',-7.05
'0:07.930',-5.47
'0:07.934',-4.2
'0:07.938',-3.28
'0:07.941',-2.61
'0:07.945',-2.02
'0:07.949',-1.59
'0:07.953',-1.34
'0:07.957',-1.19
'0:07.961',-1.09
'0:07.965',-0.99
'0:07.969',-0.71
'0:07.973',-0.46
'0:07.977',-0.32
'0:07.980',-0.11
'0:07.984',0.25
'0:07.988',0.56
'0:07.992',0.71
'0:07.996',0.87
'0:08.000',1.07
'0:08.004',1.39
'0:08.008',1.73
'0:08.012',2.1
'0:08.016',2.53
'0:08.020',3.07
'0:08.023',3.68
'0:08.027',4.13
'0:08.031',4.3
'0:08.035',4.33
'0:08.039',4.48
'0:08.043',4.7
'0:08.047',4.84
'0:08.051',4.89
'0:08.055',4.73
'0:08.059',4.44
'0:08.063',4.04
'0:08.066',3.66
'0:08.070',3.34
'0:08.074',2.76
'0:08.078',2
'0:08.082',1.22
'0:08.086',0.85
'0:08.090',0.73
'0:08.094',0.44
'0:08.098',0.34
'0:08.102',0.29
'0:08.105',0.07
'0:08.109',-0.09
'0:08.113',0.05
'0:08.117',0.35
'0:08.121',0.73
'0:08.125',1.07
'0:08.129',1.17
'0:08.133',1.42
'0:08.137',1.73
'0:08.141',1.62
'0:08.145',1.22
'0:08.148',0.87
'0:08.152',0.55
'0:08.156',0.15
'0:08.160',-0.12
'0:08.164',-0.41
'0:08.168',-1.27
'0:08.172',-2.19
'0:08.176',-2.81
'0:08.180',-3.22
'0:08.184',-3.47
'0:08.188',-3.77
'0:08.191',-3.87
'0:08.195',-3.61
'0:08.199',-3.6
'0:08.203',-3.58
'0:08.207',-3.45
'0:08.211',-3.39
'0:08.215',-3.26
'0:08.219',-3.51
'0:08.223',-3.79
'0:08.227',-3.78
'0:08.230',-3.79
'0:08.234',-3.51
'0:08.238',-3.04
'0:08.242',-2.68
'0:08.246',-2.44
'0:08.250',-1.92
'0:08.254',-0.74
'0:08.258',1.38
'0:08.262',4.09
'0:08.266',7.1
'0:08.270',9.28
'0:08.273',9.01
'0:08.277',5.78
'0:08.281',0.22
'0:08.285',-5.35
'0:08.289',-9.33
'0:08.293',-11.17
'0:08.297',-10.99
'0:08.301',-9.15
'0:08.305',-7.21
'0:08.309',-5.76
'0:08.313',-4.23
'0:08.316',-3.36
'0:08.320',-3.48
'0:08.324',-3.43
'0:08.328',-3.06
'0:08.332',-2.53
'0:08.336',-2.36
'0:08.340',-2.24
'0:08.344',-1.93
'0:08.348',-1.55
'0:08.352',-1.14
'0:08.355',-0.9
'0:08.359',-0.68
'0:08.363',-0.15
'0:08.367',-0.06
'0:08.371',-0.16
'0:08.375',0.09
'0:08.379',0.54
'0:08.383',0.85
'0:08.387',0.85
'0:08.391',0.83
'0:08.395',1.23
'0:08.398',2.09
'0:08.402',3.11
'0:08.406',3.78
'0:08.410',3.95
'0:08.414',3.85
'0:08.418',3.35
'0:08.422',3.1
'0:08.426',3.56
'0:08.430',4.28
'0:08.434',4.58
'0:08.438',4.04
'0:08.441',3.34
'0:08.445',2.85
'0:08.449',2.46
'0:08.453',1.92
'0:08.457',1.48
'0:08.461',0.96
'0:08.465',0.34
'0:08.469',-0.02
'0:08.473',-0.19
'0:08.477',-0.17
'0:08.480',-0.15
'0:08.484',-0.22
'0:08.488',-0.34
'0:08.492',-0.31
'0:08.496',0.06
'0:08.500',0.45
'0:08.504',0.6
'0:08.508',0.86
'0:08.512',1.33
'0:08.516',1.61
'0:08.520',1.68
'0:08.523',1.51
'0:08.527',1.32
'0:08.531',1.16
'0:08.535',1
'0:08.539',0.88
'0:08.543',0.48
'0:08.547',-0.24
'0:08.551',-1.15
'0:08.555',-2.07
'0:08.559',-2.71
'0:08.563',-3.14
'0:08.566',-3.21
'0:08.570',-2.84
'0:08.574',-2.62
'0:08.578',-2.58
'0:08.582',-2.6
'0:08.586',-2.6
'0:08.590',-2.41
'0:08.594',-2.2
'0:08.598',-1.94
'0:08.602',-1.73
'0:08.605',-1.45
'0:08.609',-1.21
'0:08.613',-0.91
'0:08.617',-0.78
'0:08.621',-0.78
'0:08.625',-0.69
'0:08.629',-0.11
'0:08.633',1.24
'0:08.637',3.25
'0:08.641',5.7
'0:08.645',8.49
'0:08.648',11.02
'0:08.652',11.77
'0:08.656',9.32
'0:08.660',4.08
'0:08.664',-1.52
'0:08.668',-5.79
'0:08.672',-8.29
'0:08.676',-8.76
'0:08.680',-7.74
'0:08.684',-6.04
'0:08.688',-4.5
'0:08.691',-3.13
'0:08.695',-2.09
'0:08.699',-1.36
'0:08.703',-0.89
'0:08.707',-0.48
'0:08.711',-0.14
'0:08.715',-0.01
'0:08.719',0.13
'0:08.723',0.25
'0:08.727',0.4
'0:08.730',0.46
'0:08.734',0.36
'0:08.738',0.37
'0:08.742',0.59
'0:08.746',0.89
'0:08.750',1.2
'0:08.754',1.34
'0:08.758',1.44
'0:08.762',1.53
'0:08.766',1.58
'0:08.770',1.74
'0:08.773',2.03
'0:08.777',2.27
'0:08.781',2.46
'0:08.785',2.74
'0:08.789',3.02
'0:08.793',3.22
'0:08.797',3.32
'0:08.801',3.42
'0:08.805',3.49
'0:08.809',3.49
'0:08.813',3.29
'0:08.816',3.01
'0:08.820',2.83
'0:08.824',2.5
'0:08.828',2.01
'0:08.832',1.51
'0:08.836',0.99
'0:08.840',0.48
'0:08.844',0.1
'0:08.848',-0.15
'0:08.852',-0.17
'0:08.855',-0.18
'0:08.859',-0.32
'0:08.863',-0.35
'0:08.867',-0.21
'0:08.871',-0.08
'0:08.875',0.09
'0:08.879',0.5
'0:08.883',0.87
'0:08.887',1.2
'0:08.891',1.51
'0:08.895',1.5
'0:08.898',1.31
'0:08.902',1.07
'0:08.906',0.88
'0:08.910',0.7
'0:08.914',0.54
'0:08.918',0.22
'0:08.922',-0.2
'0:08.926',-0.66
'0:08.930',-1.24
'0:08.934',-1.95
'0:08.938',-2.58
'0:08.941',-2.8
'0:08.945',-3.02
'0:08.949',-3.22
'0:08.953',-3.36
'0:08.957',-3.6
'0:08.961',-3.68
'0:08.965',-3.57
'0:08.969',-3.43
'0:08.973',-3.3
'0:08.977',-3.31
'0:08.980',-3.17
'0:08.984',-2.9
'0:08.988',-2.48
'0:08.992',-2.01
'0:08.996',-1.77
'0:09.000',-1.69
'0:09.004',-1.12
'0:09.008',0.7
'0:09.012',3.13
'0:09.016',5.28
'0:09.020',7.47
'0:09.023',9.52
'0:09.027',9.5
'0:09.031',6.37
'0:09.035',1.04
'0:09.039',-4.5
'0:09.043',-8.42
'0:09.047',-10.36
'0:09.051',-10.37
'0:09.055',-9.03
'0:09.059',-7.2
'0:09.063',-5.48
'0:09.066',-4.17
'0:09.070',-3.18
'0:09.074',-2.55
'0:09.078',-2.06
'0:09.082',-1.62
'0:09.086',-1.49
'0:09.090',-1.31
'0:09.094',-0.97
'0:09.098',-0.79
'0:09.102',-0.63
'0:09.105',-0.31
'0:09.109',0.03
'0:09.113',0.31
'0:09.117',0.72
'0:09.121',0.96
'0:09.125',1.01
'0:09.129',1.3
'0:09.133',1.49
'0:09.137',1.33
'0:09.141',1.04
'0:09.145',1.12
'0:09.148',1.6
'0:09.152',2.47
'0:09.156',3.08
'0:09.160',3.32
'0:09.164',3.36
'0:09.168',3.46
'0:09.172',3.68
'0:09.176',3.83
'0:09.180',3.8
'0:09.184',3.93
'0:09.188',4.22
'0:09.191',4.25
'0:09.195',4.08
'0:09.199',3.52
'0:09.203',2.62
'0:09.207',1.68
'0:09.211',1.09
'0:09.215',0.67
'0:09.219',0.24
'0:09.223',-0.13
'0:09.227',-0.36
'0:09.230',-0.59
'0:09.234',-0.85
'0:09.238',-0.91
'0:09.242',-0.79
'0:09.246',-0.47
'0:09.250',-0.27
'0:09.254',-0.34
'0:09.258',-0.23
'0:09.262',0.03
'0:09.266',0.37
'0:09.270',0.47
'0:09.273',0.42
'0:09.277',0.49
'0:09.281',0.49
'0:09.285',0.49
'0:09.289',0.57
'0:09.293',0.82
'0:09.297',0.87
'0:09.301',0.48
'0:09.305',0.04
'0:09.309',-0.56
'0:09.313',-1.08
'0:09.316',-1.64
'0:09.320',-2.11
'0:09.324',-2.37
'0:09.328',-2.73
'0:09.332',-3.07
'0:09.336',-3.13
'0:09.340',-3.01
'0:09.344',-2.72
'0:09.348',-2.48
'0:09.352',-2.43
'0:09.355',-2.38
'0:09.359',-2.26
'0:09.363',-2.16
'0:09.367',-1.96
'0:09.371',-1.72
'0:09.375',-1.57
'0:09.379',-1.58
'0:09.383',-1.69
'0:09.387',-1.67
'0:09.391',-1.12
'0:09.395',0.29
'0:09.398',2.52
'0:09.402',4.8
'0:09.406',7.05
'0:09.410',9.54
'0:09.414',10.32
'0:09.418',7.66
'0:09.422',2.51
'0:09.426',-3
'0:09.430',-7.14
'0:09.434',-9.44
'0:09.438',-9.47
'0:09.441',-8
'0:09.445',-6.07
'0:09.449',-4.28
'0:09.453',-3.07
'0:09.457',-2.36
'0:09.461',-2.04
'0:09.465',-1.74
'0:09.469',-1.31
'0:09.473',-0.96
'0:09.477',-0.55
'0:09.480',-0.21
'0:09.484',0.11
'0:09.488',0.54
'0:09.492',0.8
'0:09.496',0.85
'0:09.500',1.02
'0:09.504',1.23
'0:09.508',1.26
'0:09.512',1.34
'0:09.516',1.54
'0:09.520',1.65
'0:09.523',1.79
'0:09.527',2.23
'0:09.531',2.59
'0:09.535',2.82
'0:09.539',3.13
'0:09.543',3.45
'0:09.547',3.74
'0:09.551',4.08
'0:09.555',4.44
'0:09.559',4.48
'0:09.563',4.46
'0:09.566',4.44
'0:09.570',4.31
'0:09.574',4.16
'0:09.578',3.95
'0:09.582',3.62
'0:09.586',3.25
'0:09.590',2.79
'0:09.594',2.12
'0:09.598',1.54
'0:09.602',1.06
'0:09.605',0.55
'0:09.609',0.07
'0:09.613',-0.33
'0:09.617',-0.6
'0:09.621',-0.63
'0:09.625',-0.76
'0:09.629',-0.67
'0:09.633',-0.27
'0:09.637',-0.22
'0:09.641',-0.04
'0:09.645',0.23
'0:09.648',0.44
'0:09.652',0.67
'0:09.656',0.8
'0:09.660',0.89
'0:09.664',0.82
'0:09.668',0.53
'0:09.672',0.2
'0:09.676',0.1
'0:09.680',0.04
'0:09.684',-0.19
'0:09.688',-0.64
'0:09.691',-1.34
'0:09.695',-2.12
'0:09.699',-2.74
'0:09.703',-2.98
'0:09.707',-3.2
'0:09.711',-3.47
'0:09.715',-3.47
'0:09.719',-3.31
'0:09.723',-3.24
'0:09.727',-3.27
'0:09.730',-3.18
'0:09.734',-3.04
'0:09.738',-3.07
'0:09.742',-2.99
'0:09.746',-2.68
'0:09.750',-2.54
'0:09.754',-2.55
'0:09.758',-2.4
'0:09.762',-2.38
'0:09.766',-2.35
'0:09.770',-1.69
'0:09.773',-0.29
'0:09.777',1.62
'0:09.781',4.07
'0:09.785',6.75
'0:09.789',8.99
'0:09.793',9.91
'0:09.797',7.67
'0:09.801',2.36
'0:09.805',-3.25
'0:09.809',-7.35
'0:09.813',-9.88
'0:09.816',-10.3
'0:09.820',-8.95
'0:09.824',-6.99
'0:09.828',-5.48
'0:09.832',-4.36
'0:09.836',-3.54
'0:09.840',-2.85
'0:09.844',-2.26
'0:09.848',-2.01
'0:09.852',-1.64
'0:09.855',-1
'0:09.859',-0.54
'0:09.863',-0.68
'0:09.867',-0.89
'0:09.871',-0.85
'0:09.875',-0.89
'0:09.879',-0.55
'0:09.883',-0.12
'0:09.887',0.21
'0:09.891',0.71
'0:09.895',1.03
'0:09.898',0.95
'0:09.902',1.05
'0:09.906',1.14
'0:09.910',1.33
'0:09.914',1.82
'0:09.918',2.27
'0:09.922',2.68
'0:09.926',3.13
'0:09.930',3.44
'0:09.934',3.7
'0:09.938',3.94
'0:09.941',4.1
'0:09.945',4.02
'0:09.949',3.94
'0:09.953',3.77
'0:09.957',3.68
'0:09.961',3.51
'0:09.965',2.88
'0:09.969',2.3
'0:09.973',1.82
'0:09.977',1.17
'0:09.980',0.5
'0:09.984',0.04
'0:09.988',-0.35
'0:09.992',-0.48
'0:09.996',-0.41
'0:10.000',-0.4
'0:10.004',-0.34
'0:10.008',-0.37
'0:10.012',-0.51
'0:10.016',-0.05
'0:10.020',0.69
'0:10.023',0.83
'0:10.027',0.84
'0:10.031',0.94
'0:10.035',1.19
'0:10.039',1.26
'0:10.043',1.27
'0:10.047',1.24
'0:10.051',1.18
'0:10.055',0.61
'0:10.059',-0.16
'0:10.063',-0.78
'0:10.066',-1.17
'0:10.070',-1.39
'0:10.074',-1.74
'0:10.078',-2.33
'0:10.082',-3.01
'0:10.086',-3.16
'0:10.090',-3.06
'0:10.094',-3.12
'0:10.098',-3.35
'0:10.102',-3.55
'0:10.105',-3.63
'0:10.109',-3.57
'0:10.113',-3.45
'0:10.117',-3.26
'0:10.121',-2.9
'0:10.125',-2.47
'0:10.129',-2.27
'0:10.133',-2.45
'0:10.137',-2.65
'0:10.141',-2.64
'0:10.145',-2.47
'0:10.148',-1.97
'0:10.152',-0.74
'0:10.156',1.47
'0:10.160',3.81
'0:10.164',6
'0:10.168',8.23
'0:10.172',9.84
'0:10.176',9.22
'0:10.180',5.43
'0:10.184',-0.26
'0:10.188',-5.48
'0:10.191',-9.1
'0:10.195',-10.53
'0:10.199',-9.91
'0:10.203',-8.19
'0:10.207',-6.34
'0:10.211',-4.78
'0:10.215',-3.69
'0:10.219',-2.93
'0:10.223',-2.33
'0:10.227',-1.84
'0:10.230',-1.36
'0:10.234',-0.83
'0:10.238',-0.48
'0:10.242',-0.26
'0:10.246',-0.04
'0:10.250',-0.02
'0:10.254',-0.11
'0:10.258',0.19
'0:10.262',0.56
'0:10.266',0.78
'0:10.270',0.85
'0:10.273',1.21
'0:10.277',1.44
'0:10.281',1.48
'0:10.285',1.77
'0:10.289',2.19
'0:10.293',2.34
'0:10.297',2.5
'0:10.301',2.99
'0:10.305',3.5
'0:10.309',3.95
'0:10.313',4.46
'0:10.316',4.81
'0:10.320',4.79
'0:10.324',4.54
'0:10.328',4.19
'0:10.332',4.14
'0:10.336',4.17
'0:10.340',4.14
'0:10.344',4.03
'0:10.348',3.45
'0:10.352',2.57
'0:10.355',1.67
'0:10.359',0.78
'0:10.363',0.08
'0:10.367',-0.22
'0:10.371',-0.34
'0:10.375',-0.34
'0:10.379',-0.48
'0:10.383',-0.49
'0:10.387',-0.42
'0:10.391',-0.24
'0:10.395',0.16
'0:10.398',0.49
'0:10.402',0.59
'0:10.406',0.65
'0:10.410',0.9
'0:10.414',1.08
'0:10.418',1.04
'0:10.422',0.82
'0:10.426',0.69
'0:10.430',0.62
'0:10.434',0.54
'0:10.438',0.5
'0:10.441',0.07
'0:10.445',-0.79
'0:10.449',-1.68
'0:10.453',-2.35
'0:10.457',-2.53
'0:10.461',-2.66
'0:10.465',-2.73
'0:10.469',-2.66
'0:10.473',-2.6
'0:10.477',-2.5
'0:10.480',-2.52
'0:10.484',-2.64
'0:10.488',-2.68
'0:10.492',-2.6
'0:10.496',-2.33
'0:10.500',-2.11
'0:10.504',-2.03
'0:10.508',-1.83
'0:10.512',-1.53
'0:10.516',-1.39
'0:10.520',-1.36
'0:10.523',-1.23
'0:10.527',-0.57
'0:10.531',0.93
'0:10.535',3.27
'0:10.539',6
'0:10.543',8.91
'0:10.547',11.21
'0:10.551',11.16
'0:10.555',7.88
'0:10.559',2.38
'0:10.563',-3.24
'0:10.566',-7.25
'0:10.570',-9.18
'0:10.574',-9.09
'0:10.578',-7.46
'0:10.582',-5.53
'0:10.586',-3.98
'0:10.590',-3
'0:10.594',-2.34
'0:10.598',-1.75
'0:10.602',-1.3
'0:10.605',-0.81
'0:10.609',-0.63
'0:10.613',-0.5
'0:10.617',-0.2
'0:10.621',-0.01
'0:10.625',0.04
'0:10.629',0.07
'0:10.633',0.3
'0:10.637',0.45
'0:10.641',0.6
'0:10.645',0.69
'0:10.648',0.75
'0:10.652',0.79
'0:10.656',0.96
'0:10.660',1.18
'0:10.664',1.14
'0:10.668',1.13
'0:10.672',1.3
'0:10.676',1.47
'0:10.680',1.82
'0:10.684',2.26
'0:10.688',2.65
'0:10.691',2.96
'0:10.695',3.06
'0:10.699',3.32
'0:10.703',3.49
'0:10.707',3.51
'0:10.711',3.35
'0:10.715',3.16
'0:10.719',2.91
'0:10.723',2.42
'0:10.727',1.98
'0:10.730',1.49
'0:10.734',0.8
'0:10.738',0.14
'0:10.742',-0.28
'0:10.746',-0.57
'0:10.750',-0.55
'0:10.754',-0.69
'0:10.758',-1.28
'0:10.762',-1.51
'0:10.766',-1.4
'0:10.770',-1.05
'0:10.773',-0.42
'0:10.777',-0.28
'0:10.781',-0.31
'0:10.785',-0.01
'0:10.789',0.5
'0:10.793',0.81
'0:10.797',0.79
'0:10.801',0.71
'0:10.805',0.77
'0:10.809',0.41
'0:10.813',-0.16
'0:10.816',-0.45
'0:10.820',-0.27
'0:10.824',-0.18
'0:10.828',-0.55
'0:10.832',-1.32
'0:10.836',-2.1
'0:10.840',-2.65
'0:10.844',-2.91
'0:10.848',-3.03
'0:10.852',-3.04
'0:10.855',-2.99
'0:10.859',-3.12
'0:10.863',-3.07
'0:10.867',-3.01
'0:10.871',-2.91
'0:10.875',-3.19
'0:10.879',-3.15
'0:10.883',-2.81
'0:10.887',-2.35
'0:10.891',-1.72
'0:10.895',-1.18
'0:10.898',-1.05
'0:10.902',-1.2
'0:10.906',-1.32
'0:10.910',-0.84
'0:10.914',0.32
'0:10.918',2.45
'0:10.922',4.9
'0:10.926',7.38
'0:10.930',9.93
'0:10.934',11.07
'0:10.938',9.27
'0:10.941',4.47
'0:10.945',-1.63
'0:10.949',-6.34
'0:10.953',-9.02
'0:10.957',-9.6
'0:10.961',-8.51
'0:10.965',-6.73
'0:10.969',-5.02
'0:10.973',-3.62
'0:10.977',-2.77
'0:10.980',-2.26
'0:10.984',-1.76
'0:10.988',-1.47
'0:10.992',-1.24
'0:10.996',-1
'0:11.000',-0.78
'0:11.004',-0.72
'0:11.008',-0.27
'0:11.012',0.14
'0:11.016',0.34
'0:11.020',0.38
'0:11.023',0.46
'0:11.027',0.37
'0:11.031',0.59
'0:11.035',1.19
'0:11.039',1.57
'0:11.043',1.52
'0:11.047',1.47
'0:11.051',1.57
'0:11.055',1.92
'0:11.059',2.41
'0:11.063',3
'0:11.066',3.45
'0:11.070',3.78
'0:11.074',4.05
'0:11.078',4.29
'0:11.082',4.62
'0:11.086',4.74
'0:11.090',4.67
'0:11.094',4.41
'0:11.098',4.09
'0:11.102',3.77
'0:11.105',3.42
'0:11.109',3.06
'0:11.113',2.47
'0:11.117',1.72
'0:11.121',0.92
'0:11.125',0.19
'0:11.129',-0.25
'0:11.133',-0.42
'0:11.137',-0.66
'0:11.141',-0.95
'0:11.145',-1.15
'0:11.148',-1.23
'0:11.152',-0.93
'0:11.156',-0.67
'0:11.160',-0.42
'0:11.164',-0.34
'0:11.168',-0.34
'0:11.172',-0.15
'0:11.176',0.13
'0:11.180',0.48
'0:11.184',0.65
'0:11.188',0.27
'0:11.191',-0.11
'0:11.195',-0.34
'0:11.199',-0.48
'0:11.203',-0.9
'0:11.207',-1.5
'0:11.211',-2.03
'0:11.215',-2.49
'0:11.219',-3.05
'0:11.223',-3.57
'0:11.227',-4.04
'0:11.230',-4.21
'0:11.234',-4.33
'0:11.238',-4.33
'0:11.242',-4.41
'0:11.246',-4.22
'0:11.250',-3.78
'0:11.254',-3.49
'0:11.258',-3.11
'0:11.262',-2.64
'0:11.266',-2.59
'0:11.270',-2.81
'0:11.273',-2.9
'0:11.277',-2.84
'0:11.281',-2.68
'0:11.285',-2.47
'0:11.289',-1.64
'0:11.293',-0.59
'0:11.297',0.92
'0:11.301',3.26
'0:11.305',6.22
'0:11.309',9
'0:11.313',10.39
'0:11.316',8.84
'0:11.320',4.33
'0:11.324',-1.39
'0:11.328',-6.26
'0:11.332',-9.44
'0:11.336',-10.42
'0:11.340',-9.57
'0:11.344',-7.69
'0:11.348',-5.84
'0:11.352',-4.35
'0:11.355',-3.19
'0:11.359',-2.45
'0:11.363',-1.85
'0:11.367',-1.28
'0:11.371',-0.86
'0:11.375',-0.56
'0:11.379',-0.63
'0:11.383',-0.66
'0:11.387',-0.4
'0:11.391',-0.07
'0:11.395',0.12
'0:11.398',0.3
'0:11.402',0.63
'0:11.406',0.81
'0:11.410',0.94
'0:11.414',1.01
'0:11.418',1.08
'0:11.422',1.38
'0:11.426',1.64
'0:11.430',1.82
'0:11.434',2.16
'0:11.438',2.6
'0:11.441',2.81
'0:11.445',2.94
'0:11.449',3.46
'0:11.453',3.91
'0:11.457',3.97
'0:11.461',3.79
'0:11.465',3.56
'0:11.469',3.71
'0:11.473',3.97
'0:11.477',3.94
'0:11.480',3.64
'0:11.484',3.36
'0:11.488',3.02
'0:11.492',2.35
'0:11.496',1.55
'0:11.500',0.8
'0:11.504',0.21
'0:11.508',-0.25
'0:11.512',-0.41
'0:11.516',-0.22
'0:11.520',0.01
'0:11.523',0.18
'0:11.527',0.27
'0:11.531',0.27
'0:11.535',0.28
'0:11.539',0.71
'0:11.543',1.22
'0:11.547',1.28
'0:11.551',1.17
'0:11.555',1.31
'0:11.559',1.66
'0:11.563',1.78
'0:11.566',1.51
'0:11.570',1.28
'0:11.574',0.96
'0:11.578',0.6
'0:11.582',0.53
'0:11.586',0.07
'0:11.590',-0.85
'0:11.594',-1.53
'0:11.598',-1.79
'0:11.602',-1.88
'0:11.605',-1.98
'0:11.609',-2.16
'0:11.613',-2.47
'0:11.617',-2.66
'0:11.621',-2.69
'0:11.625',-2.44
'0:11.629',-2.29
'0:11.633',-2.26
'0:11.637',-1.89
'0:11.641',-1.63
'0:11.645',-1.75
'0:11.648',-1.87
'0:11.652',-1.68
'0:11.656',-1.48
'0:11.660',-1.77
'0:11.664',-2.06
'0:11.668',-1.72
'0:11.672',-0.3
'0:11.676',1.96
'0:11.680',4.7
'0:11.684',7.39
'0:11.688',9.81
'0:11.691',10.93
'0:11.695',9.18
'0:11.699',4.7
'0:11.703',-1.13
'0:11.707',-5.81
'0:11.711',-8.42
'0:11.715',-9.12
'0:11.719',-8.32
'0:11.723',-6.8
'0:11.727',-5.36
'0:11.730',-4.21
'0:11.734',-3.21
'0:11.738',-2.63
'0:11.742',-2.12
'0:11.746',-1.52
'0:11.750',-1.04
'0:11.754',-0.58
'0:11.758',-0.42
'0:11.762',-0.31
'0:11.766',-0.11
'0:11.770',0.21
'0:11.773',0.41
'0:11.777',0.47
'0:11.781',0.3
'0:11.785',0.1
'0:11.789',0.07
'0:11.793',0.36
'0:11.797',0.84
'0:11.801',1.16
'0:11.805',1.39
'0:11.809',1.64
'0:11.813',1.76
'0:11.816',2.12
'0:11.820',2.44
'0:11.824',2.66
'0:11.828',2.93
'0:11.832',3.18
'0:11.836',3.39
'0:11.840',3.56
'0:11.844',3.63
'0:11.848',3.73
'0:11.852',3.7
'0:11.855',3.48
'0:11.859',3.33
'0:11.863',3.05
'0:11.867',2.63
'0:11.871',2.12
'0:11.875',1.44
'0:11.879',0.72
'0:11.883',0.21
'0:11.887',-0.14
'0:11.891',-0.48
'0:11.895',-0.71
'0:11.898',-0.89
'0:11.902',-0.95
'0:11.906',-0.95
'0:11.910',-0.73
'0:11.914',-0.35
'0:11.918',-0.04
'0:11.922',0.07
'0:11.926',0.37
'0:11.930',0.83
'0:11.934',1
'0:11.938',0.89
'0:11.941',0.68
'0:11.945',0.42
'0:11.949',0.36
'0:11.953',0.25
'0:11.957',0.19
'0:11.961',-0.11
'0:11.965',-0.62
'0:11.969',-1.3
'0:11.973',-1.9
'0:11.977',-2.38
'0:11.980',-2.77
'0:11.984',-3.07
'0:11.988',-3.23
'0:11.992',-3.35
'0:11.996',-3.39
'0:12.000',-3.38
'0:12.004',-3.21
'0:12.008',-2.98
'0:12.012',-2.83
'0:12.016',-2.51
'0:12.020',-2.34
'0:12.023',-2.29
'0:12.027',-2.16
'0:12.031',-1.94
'0:12.035',-1.83
'0:12.039',-1.8
'0:12.043',-1.85
'0:12.047',-1.61
'0:12.051',-0.51
'0:12.055',1.53
'0:12.059',4.16
'0:12.063',6.87
'0:12.066',9.51
'0:12.070',11.13
'0:12.074',9.88
'0:12.078',5.5
'0:12.082',-0.32
'0:12.086',-5.16
'0:12.090',-8.2
'0:12.094',-9.25
'0:12.098',-8.53
'0:12.102',-6.74
'0:12.105',-4.88
'0:12.109',-3.46
'0:12.113',-2.55
'0:12.117',-1.85
'0:12.121',-1.26
'0:12.125',-0.79
'0:12.129',-0.43
'0:12.133',-0.12
'0:12.137',0.21
'0:12.141',0.7
'0:12.145',0.81
'0:12.148',0.7
'0:12.152',0.71
'0:12.156',0.81
'0:12.160',0.88
'0:12.164',0.85
'0:12.168',1.02
'0:12.172',1.25
'0:12.176',1.47
'0:12.180',1.73
'0:12.184',2.18
'0:12.188',2.55
'0:12.191',2.76
'0:12.195',3.04
'0:12.199',3.53
'0:12.203',3.96
'0:12.207',3.95
'0:12.211',4.18
'0:12.215',4.7
'0:12.219',4.92
'0:12.223',4.82
'0:12.227',4.8
'0:12.230',4.64
'0:12.234',4.4
'0:12.238',4.3
'0:12.242',4.15
'0:12.246',3.58
'0:12.250',2.95
'0:12.254',2.6
'0:12.258',2.08
'0:12.262',0.99
'0:12.266',-0.02
'0:12.270',-0.28
'0:12.273',-0.08
'0:12.277',-0.21
'0:12.281',-0.73
'0:12.285',-1.17
'0:12.289',-1.13
'0:12.293',-0.9
'0:12.297',-0.61
'0:12.301',-0.08
'0:12.305',0.56
'0:12.309',0.97
'0:12.313',1.19
'0:12.316',1.23
'0:12.320',0.98
'0:12.324',0.71
'0:12.328',0.5
'0:12.332',0.1
'0:12.336',0.08
'0:12.340',0.02
'0:12.344',-0.46
'0:12.348',-1.18
'0:12.352',-2.03
'0:12.355',-2.7
'0:12.359',-3.08
'0:12.363',-3.16
'0:12.367',-3.32
'0:12.371',-3.46
'0:12.375',-3.54
'0:12.379',-3.46
'0:12.383',-3.26
'0:12.387',-3.37
'0:12.391',-3.3
'0:12.395',-3.36
'0:12.398',-3.41
'0:12.402',-3.11
'0:12.406',-2.43
'0:12.410',-2.22
'0:12.414',-2.24
'0:12.418',-2.12
'0:12.422',-2.09
'0:12.426',-2.13
'0:12.430',-1.48
'0:12.434',0.14
'0:12.438',2.17
'0:12.441',4.6
'0:12.445',7.35
'0:12.449',9.71
'0:12.453',10.4
'0:12.457',7.61
'0:12.461',2.08
'0:12.465',-3.68
'0:12.469',-7.94
'0:12.473',-10.21
'0:12.477',-10.25
'0:12.480',-8.64
'0:12.484',-6.9
'0:12.488',-5.39
'0:12.492',-4.39
'0:12.496',-3.63
'0:12.500',-2.67
'0:12.504',-2.26
'0:12.508',-2.13
'0:12.512',-1.63
'0:12.516',-1.03
'0:12.520',-0.75
'0:12.523',-0.6
'0:12.527',-0.2
'0:12.531',-0.11
'0:12.535',-0.42
'0:12.539',-0.36
'0:12.543',-0.01
'0:12.547',0.26
'0:12.551',0.4
'0:12.555',0.47
'0:12.559',0.67
'0:12.563',0.73
'0:12.566',0.89
'0:12.570',1.3
'0:12.574',1.82
'0:12.578',2.13
'0:12.582',2.25
'0:12.586',2.42
'0:12.590',2.67
'0:12.594',3.07
'0:12.598',3.38
'0:12.602',3.38
'0:12.605',3.16
'0:12.609',2.93
'0:12.613',2.67
'0:12.617',2.46
'0:12.621',2.02
'0:12.625',1.49
'0:12.629',0.87
'0:12.633',0.27
'0:12.637',-0.34
'0:12.641',-0.87
'0:12.645',-1.18
'0:12.648',-1.61
'0:12.652',-1.97
'0:12.656',-2.25
'0:12.660',-2.36
'0:12.664',-2.3
'0:12.668',-2.03
'0:12.672',-1.66
'0:12.676',-1.38
'0:12.680',-1.1
'0:12.684',-0.84
'0:12.688',-0.65
'0:12.691',-0.41
'0:12.695',-0.22
'0:12.699',-0.2
'0:12.703',-0.3
'0:12.707',-0.42
'0:12.711',-0.49
'0:12.715',-0.64
'0:12.719',-0.98
'0:12.723',-1.49
'0:12.727',-1.96
'0:12.730',-2.43
'0:12.734',-3.05
'0:12.738',-3.55
'0:12.742',-3.7
'0:12.746',-3.63
'0:12.750',-3.67
'0:12.754',-3.78
'0:12.758',-3.75
'0:12.762',-3.55
'0:12.766',-3.4
'0:12.770',-3.18
'0:12.773',-2.92
'0:12.777',-2.64
'0:12.781',-2.56
'0:12.785',-2.42
'0:12.789',-2.21
'0:12.793',-1.98
'0:12.797',-1.84
'0:12.801',-1.8
'0:12.805',-1.59
'0:12.809',-0.79
'0:12.813',0.89
'0:12.816',3.09
'0:12.820',5.38
'0:12.824',8.19
'0:12.828',10.07
'0:12.832',9.55
'0:12.836',5.89
'0:12.840',0.38
'0:12.844',-4.55
'0:12.848',-7.97
'0:12.852',-9.51
'0:12.855',-9.11
'0:12.859',-7.6
'0:12.863',-5.84
'0:12.867',-4.17
'0:12.871',-2.87
'0:12.875',-2
'0:12.879',-1.42
'0:12.883',-1.12
'0:12.887',-0.81
'0:12.891',-0.28
'0:12.895',0
'0:12.898',0.07
'0:12.902',0.28
'0:12.906',0.6
'0:12.910',1.01
'0:12.914',1.35
'0:12.918',1.53
'0:12.922',1.57
'0:12.926',1.8
'0:12.930',2.08
'0:12.934',2.27
'0:12.938',2.53
'0:12.941',2.79
'0:12.945',3.1
'0:12.949',3.45
'0:12.953',3.84
'0:12.957',4.24
'0:12.961',4.54
'0:12.965',4.7
'0:12.969',4.84
'0:12.973',4.96
'0:12.977',5.01
'0:12.980',5.14
'0:12.984',5.1
'0:12.988',4.92
'0:12.992',4.72
'0:12.996',4.55
'0:13.000',4.27
'0:13.004',3.75
'0:13.008',3.3
'0:13.012',2.7
'0:13.016',1.74
'0:13.020',1
'0:13.023',0.65
'0:13.027',0.45
'0:13.031',0.32
'0:13.035',0.27
'0:13.039',0.3
'0:13.043',0.33
'0:13.047',0.41
'0:13.051',0.39
'0:13.055',0.54
'0:13.059',0.89
'0:13.063',1.23
'0:13.066',1.32
'0:13.070',1.13
'0:13.074',0.82
'0:13.078',0.62
'0:13.082',0.5
'0:13.086',0.29
'0:13.090',-0.17
'0:13.094',-0.9
'0:13.098',-1.54
'0:13.102',-2.16
'0:13.105',-2.58
'0:13.109',-2.8
'0:13.113',-2.69
'0:13.117',-2.71
'0:13.121',-3.06
'0:13.125',-3.42
'0:13.129',-3.47
'0:13.133',-3.41
'0:13.137',-3.54
'0:13.141',-3.69
'0:13.145',-3.85
'0:13.148',-3.56
'0:13.152',-2.9
'0:13.156',-2.38
'0:13.160',-2.24
'0:13.164',-2.37
'0:13.168',-2.59
'0:13.172',-2.85
'0:13.176',-2.71
'0:13.180',-1.75
'0:13.184',0.11
'0:13.188',2.48
'0:13.191',4.96
'0:13.195',7.68
'0:13.199',10.14
'0:13.203',9.81
'0:13.207',5.88
'0:13.211',0.27
'0:13.215',-5.03
'0:13.219',-8.83
'0:13.223',-10.54
'0:13.227',-10.28
'0:13.230',-8.63
'0:13.234',-6.68
'0:13.238',-5.18
'0:13.242',-4.43
'0:13.246',-4.02
'0:13.250',-3.63
'0:13.254',-2.85
'0:13.258',-2.1
'0:13.262',-1.57
'0:13.266',-1.4
'0:13.270',-1.11
'0:13.273',-1
'0:13.277',-0.96
'0:13.281',-0.87
'0:13.285',-0.58
'0:13.289',-0.25
'0:13.293',-0.06
'0:13.297',0.24
'0:13.301',0.64
'0:13.305',0.78
'0:13.309',0.85
'0:13.313',1.06
'0:13.316',1.41
'0:13.320',1.83
'0:13.324',2.41
'0:13.328',2.76
'0:13.332',3.09
'0:13.336',3.62
'0:13.340',4.09
'0:13.344',4.32
'0:13.348',4.26
'0:13.352',4.1
'0:13.355',4.2
'0:13.359',4.35
'0:13.363',4.48
'0:13.367',4.32
'0:13.371',3.92
'0:13.375',3.41
'0:13.379',2.8
'0:13.383',2.12
'0:13.387',1.6
'0:13.391',1.02
'0:13.395',0.52
'0:13.398',0.12
'0:13.402',-0.39
'0:13.406',-0.74
'0:13.410',-0.85
'0:13.414',-0.8
'0:13.418',-0.72
'0:13.422',-0.6
'0:13.426',-0.42
'0:13.430',-0.26
'0:13.434',-0.12
'0:13.438',-0.09
'0:13.441',-0.02
'0:13.445',0.11
'0:13.449',0.31
'0:13.453',0.31
'0:13.457',0.07
'0:13.461',-0.11
'0:13.465',-0.3
'0:13.469',-0.41
'0:13.473',-0.49
'0:13.477',-0.71
'0:13.480',-1.08
'0:13.484',-1.61
'0:13.488',-2.06
'0:13.492',-2.54
'0:13.496',-3.04
'0:13.500',-3.28
'0:13.504',-3.25
'0:13.508',-3.16
'0:13.512',-2.98
'0:13.516',-2.9
'0:13.520',-2.95
'0:13.523',-2.8
'0:13.527',-2.55
'0:13.531',-2.46
'0:13.535',-2.59
'0:13.539',-2.57
'0:13.543',-2.27
'0:13.547',-1.98
'0:13.551',-1.74
'0:13.555',-1.71
'0:13.559',-1.87
'0:13.563',-1.58
'0:13.566',-0.36
'0:13.570',1.9
'0:13.574',4.43
'0:13.578',7.11
'0:13.582',9.91
'0:13.586',11.41
'0:13.590',9.94
'0:13.594',5.33
'0:13.598',-0.62
'0:13.602',-5.53
'0:13.605',-8.47
'0:13.609',-9.31
'0:13.613',-8.51
'0:13.617',-6.8
'0:13.621',-5.01
'0:13.625',-3.61
'0:13.629',-2.58
'0:13.633',-1.87
'0:13.637',-1.49
'0:13.641',-1.14
'0:13.645',-0.71
'0:13.648',-0.38
'0:13.652',-0.18
'0:13.656',0.06
'0:13.660',0.28
'0:13.664',0.5
'0:13.668',0.69
'0:13.672',0.86
'0:13.676',1.08
'0:13.680',1.27
'0:13.684',1.56
'0:13.688',1.76
'0:13.691',1.94
'0:13.695',2.18
'0:13.699',2.46
'0:13.703',2.75
'0:13.707',3.01
'0:13.711',3.34
'0:13.715',3.79
'0:13.719',4.36
'0:13.723',4.8
'0:13.727',5.02
'0:13.730',5.13
'0:13.734',5.43
'0:13.738',5.6
'0:13.742',5.5
'0:13.746',5.43
'0:13.750',5.28
'0:13.754',4.85
'0:13.758',4.14
'0:13.762',3.53
'0:13.766',3.13
'0:13.770',2.86
'0:13.773',2.37
'0:13.777',1.89
'0:13.781',1.34
'0:13.785',0.91
'0:13.789',0.9
'0:13.793',0.73
'0:13.797',0.52
'0:13.801',0.43
'0:13.805',0.7
'0:13.809',1.08
'0:13.813',1.28
'0:13.816',1.33
'0:13.820',0.88
'0:13.824',0.84
'0:13.828',1.33
'0:13.832',1.53
'0:13.836',1.34
'0:13.840',1.15
'0:13.844',1.38
'0:13.848',1.63
'0:13.852',1.1
'0:13.855',0.44
'0:13.859',-0.06
'0:13.863',-0.25
'0:13.867',-1.1
'0:13.871',-3.37
'0:13.875',-3.38
'0:13.879',-2.99
'0:13.883',-2.98
'0:13.887',-3.35
'0:13.891',-3.73
'0:13.895',-3.74
'0:13.898',-3.49
'0:13.902',-3.07
'0:13.906',-2.54
'0:13.910',-2.24
'0:13.914',-1.96
'0:13.918',-1.94
'0:13.922',-2.21
'0:13.926',-2.59
'0:13.930',-2.68
'0:13.934',-2.53
'0:13.938',-1.92
'0:13.941',-0.04
'0:13.945',2.26
'0:13.949',4.57
'0:13.953',6.97
'0:13.957',8.98
'0:13.961',9.52
'0:13.965',7.19
'0:13.969',1.69
'0:13.973',-4
'0:13.977',-7.94
'0:13.980',-9.98
'0:13.984',-10.29
'0:13.988',-9.22
'0:13.992',-7.05
'0:13.996',-5.37
'0:14.000',-4.57
'0:14.004',-3.63
'0:14.008',-3
'0:14.012',-2.59
'0:14.016',-2.19
'0:14.020',-2.14
'0:14.023',-1.79
'0:14.027',-0.98
'0:14.031',-0.46
'0:14.035',-0.77
'0:14.039',-1.26
'0:14.043',-0.84
'0:14.047',-0.41
'0:14.051',-0.17
'0:14.055',-0.17
'0:14.059',-0.05
'0:14.063',0.23
'0:14.066',0.31
'0:14.070',0.57
'0:14.074',0.97
'0:14.078',1.74
'0:14.082',1.64
'0:14.086',1.38
'0:14.090',1.87
'0:14.094',2.75
'0:14.098',3.17
'0:14.102',2.98
'0:14.105',2.76
'0:14.109',2.84
'0:14.113',3.06
'0:14.117',2.82
'0:14.121',2.27
'0:14.125',2.3
'0:14.129',2.31
'0:14.133',2.05
'0:14.137',2.02
'0:14.141',1.85
'0:14.145',1.33
'0:14.148',1.12
'0:14.152',0.56
'0:14.156',0.11
'0:14.160',-0.29
'0:14.164',0.11
'0:14.168',0.96
'0:14.172',0.08
'0:14.176',-0.45
'0:14.180',0.48
'0:14.184',1.74
'0:14.188',3.17
'0:14.191',4.3
'0:14.195',5.2
'0:14.199',7.24
'0:14.203',9.24
'0:14.207',9.38
'0:14.211',8.81
'0:14.215',9.2
'0:14.219',9.54
'0:14.223',8.66
'0:14.227',7.48
'0:14.230',7.18
'0:14.234',6.93
'0:14.238',6.42
'0:14.242',5.45
'0:14.246',4.53
'0:14.250',3.92
'0:14.254',3.45
'0:14.258',3.02
'0:14.262',2.36
'0:14.266',2.12
'0:14.270',2.06
'0:14.273',1.55
'0:14.277',1.29
'0:14.281',1.06
'0:14.285',0.16
'0:14.289',-0.01
'0:14.293',0.27
'0:14.297',0.03
'0:14.301',-0.23
'0:14.305',-0.13
'0:14.309',0.05
'0:14.313',0.18
'0:14.316',0.74
'0:14.320',2
'0:14.324',3.76
'0:14.328',5.63
'0:14.332',8.13
'0:14.336',10.36
'0:14.340',10.32
'0:14.344',6.81
'0:14.348',0.91
'0:14.352',-4.66
'0:14.355',-8.62
'0:14.359',-10.76
'0:14.363',-11.14
'0:14.367',-10.1
'0:14.371',-8.58
'0:14.375',-7.16
'0:14.379',-6.02
'0:14.383',-5.01
'0:14.387',-4.39
'0:14.391',-4.12
'0:14.395',-3.74
'0:14.398',-3.38
'0:14.402',-3.16
'0:14.406',-2.98
'0:14.410',-2.88
'0:14.414',-2.73
'0:14.418',-2.67
'0:14.422',-2.53
'0:14.426',-2.34
'0:14.430',-2.14
'0:14.434',-1.74
'0:14.438',-1.41
'0:14.441',-1.23
'0:14.445',-1.28
'0:14.449',-1.36
'0:14.453',-1.23
'0:14.457',-0.97
'0:14.461',-0.74
'0:14.465',-0.47
'0:14.469',-0.15
'0:14.473',0.27
'0:14.477',0.64
'0:14.480',0.83
'0:14.484',0.9
'0:14.488',0.97
'0:14.492',0.99
'0:14.496',0.8
'0:14.500',0.6
'0:14.504',0.35
'0:14.508',0.01
'0:14.512',-0.29
'0:14.516',-0.6
'0:14.520',-1.07
'0:14.523',-1.6
'0:14.527',-1.97
'0:14.531',-2.33
'0:14.535',-2.62
'0:14.539',-2.65
'0:14.543',-2.69
'0:14.547',-2.74
'0:14.551',-2.53
'0:14.555',-2.26
'0:14.559',-2.08
'0:14.563',-1.93
'0:14.566',-1.7
'0:14.570',-1.37
'0:14.574',-0.99
'0:14.578',-1.01
'0:14.582',-1.36
'0:14.586',-1.64
'0:14.590',-1.76
'0:14.594',-1.87
'0:14.598',-2.03
'0:14.602',-2.38
'0:14.605',-2.79
'0:14.609',-3.28
'0:14.613',-3.89
'0:14.617',-4.52
'0:14.621',-4.89
'0:14.625',-5.33
'0:14.629',-5.5
'0:14.633',-5.46
'0:14.637',-5.3
'0:14.641',-5.19
'0:14.645',-5.19
'0:14.648',-5.08
'0:14.652',-4.79
'0:14.656',-4.69
'0:14.660',-5.15
'0:14.664',-5.87
'0:14.668',-6.35
'0:14.672',-6.76
'0:14.676',-7.2
'0:14.680',-7.79
'0:14.684',-8.15
'0:14.688',-8.01
'0:14.691',-6.85
'0:14.695',-4.86
'0:14.699',-2.35
'0:14.703',0.23
'0:14.707',2.76
'0:14.711',4.33
'0:14.715',3.25
'0:14.719',-0.7
'0:14.723',-6.21
'0:14.727',-10.75
'0:14.730',-13.45
'0:14.734',-14.26
'0:14.738',-13.31
'0:14.742',-11.43
'0:14.746',-9.41
'0:14.750',-7.74
'0:14.754',-6.58
'0:14.758',-5.71
'0:14.762',-4.83
'0:14.766',-4.04
'0:14.770',-3.3
'0:14.773',-3.14
'0:14.777',-2.98
'0:14.781',-2.55
'0:14.785',-1.97
'0:14.789',-1.5
'0:14.793',-1.3
'0:14.797',-0.92
'0:14.801',-0.31
'0:14.805',0.08
'0:14.809',0.2
'0:14.813',0.39
'0:14.816',0.7
'0:14.820',1.16
'0:14.824',1.47
'0:14.828',1.68
'0:14.832',2.13
'0:14.836',2.65
'0:14.840',3.26
'0:14.844',3.82
'0:14.848',3.96
'0:14.852',4.1
'0:14.855',4.58
'0:14.859',4.98
'0:14.863',5.07
'0:14.867',4.96
'0:14.871',4.78
'0:14.875',4.93
'0:14.879',4.96
'0:14.883',4.59
'0:14.887',4.06
'0:14.891',3.35
'0:14.895',2.85
'0:14.898',2.45
'0:14.902',1.96
'0:14.906',1.31
'0:14.910',0.36
'0:14.914',-0.01
'0:14.918',0.29
'0:14.922',0.62
'0:14.926',0.83
'0:14.930',0.76
'0:14.934',0.83
'0:14.938',1.3
'0:14.941',1.74
'0:14.945',1.91
'0:14.949',1.95
'0:14.953',2.02
'0:14.957',2.28
'0:14.961',2.25
'0:14.965',2.01
'0:14.969',1.8
'0:14.973',1.52
'0:14.977',1.47
'0:14.980',1.4
'0:14.984',1.01
'0:14.988',0.59
'0:14.992',0.01
'0:14.996',-0.87
'0:15.000',-1.55
'0:15.004',-1.77
'0:15.008',-1.82
'0:15.012',-1.71
'0:15.016',-1.65
'0:15.020',-1.7
'0:15.023',-1.67
'0:15.027',-1.52
'0:15.031',-1.23
'0:15.035',-1.18
'0:15.039',-1.21
'0:15.043',-1.09
'0:15.047',-1.02
'0:15.051',-1.01
'0:15.055',-0.86
'0:15.059',-0.7
'0:15.063',-0.66
'0:15.066',-0.7
'0:15.070',-0.32
'0:15.074',0.96
'0:15.078',2.96
'0:15.082',5.35
'0:15.086',7.89
'0:15.090',10.37
'0:15.094',11.27
'0:15.098',9.16
'0:15.102',4.49
'0:15.105',-1.11
'0:15.109',-5.38
'0:15.113',-7.9
'0:15.117',-8.43
'0:15.121',-7.49
'0:15.125',-5.99
'0:15.129',-4.38
'0:15.133',-2.75
'0:15.137',-1.73
'0:15.141',-1.54
'0:15.145',-1.2
'0:15.148',-0.78
'0:15.152',-0.29
'0:15.156',0.06
'0:15.160',0.28
'0:15.164',0.43
'0:15.168',0.59
'0:15.172',0.92
'0:15.176',1.15
'0:15.180',1.22
'0:15.184',1.26
'0:15.188',1.53
'0:15.191',1.93
'0:15.195',2.12
'0:15.199',2.3
'0:15.203',2.49
'0:15.207',2.69
'0:15.211',2.77
'0:15.215',2.9
'0:15.219',3.12
'0:15.223',3.5
'0:15.227',3.92
'0:15.230',4.1
'0:15.234',4.3
'0:15.238',4.52
'0:15.242',4.75
'0:15.246',5.01
'0:15.250',5.01
'0:15.254',4.8
'0:15.258',4.85
'0:15.262',4.75
'0:15.266',4.31
'0:15.270',3.73
'0:15.273',3.22
'0:15.277',2.61
'0:15.281',1.95
'0:15.285',1.29
'0:15.289',0.67
'0:15.293',0.44
'0:15.297',0.53
'0:15.301',0.54
'0:15.305',0.4
'0:15.309',0.41
'0:15.313',0.57
'0:15.316',0.76
'0:15.320',1.07
'0:15.324',1.45
'0:15.328',1.64
'0:15.332',1.75
'0:15.336',1.8
'0:15.340',1.84
'0:15.344',1.95
'0:15.348',2.02
'0:15.352',1.81
'0:15.355',1.45
'0:15.359',1.15
'0:15.363',0.92
'0:15.367',0.42
'0:15.371',-0.18
'0:15.375',-0.65
'0:15.379',-1.04
'0:15.383',-1.53
'0:15.387',-2.05
'0:15.391',-2.42
'0:15.395',-2.43
'0:15.398',-2.27
'0:15.402',-2.2
'0:15.406',-2.06
'0:15.410',-1.89
'0:15.414',-1.77
'0:15.418',-1.52
'0:15.422',-1.37
'0:15.426',-1.34
'0:15.430',-1.21
'0:15.434',-1.14
'0:15.438',-1.05
'0:15.441',-1.07
'0:15.445',-1.19
'0:15.449',-1.14
'0:15.453',-0.49
'0:15.457',0.97
'0:15.461',3.14
'0:15.465',5.62
'0:15.469',8.28
'0:15.473',10.82
'0:15.477',11.52
'0:15.480',8.98
'0:15.484',3.52
'0:15.488',-2.64
'0:15.492',-7.16
'0:15.496',-9.48
'0:15.500',-9.67
'0:15.504',-8.52
'0:15.508',-6.88
'0:15.512',-5.06
'0:15.516',-3.41
'0:15.520',-2.3
'0:15.523',-1.78
'0:15.527',-1.41
'0:15.531',-1.43
'0:15.535',-1.81
'0:15.539',-1.6
'0:15.543',-0.92
'0:15.547',-0.51
'0:15.551',-0.35
'0:15.555',0
'0:15.559',0.17
'0:15.563',0.43
'0:15.566',0.68
'0:15.570',0.83
'0:15.574',0.92
'0:15.578',1.1
'0:15.582',1.51
'0:15.586',1.9
'0:15.590',1.99
'0:15.594',1.97
'0:15.598',2.21
'0:15.602',2.41
'0:15.605',2.8
'0:15.609',3.45
'0:15.613',4.15
'0:15.617',4.45
'0:15.621',4.39
'0:15.625',4.47
'0:15.629',4.68
'0:15.633',4.62
'0:15.637',4.35
'0:15.641',4.22
'0:15.645',4.15
'0:15.648',3.85
'0:15.652',3.18
'0:15.656',2.62
'0:15.660',1.84
'0:15.664',1.05
'0:15.668',0.78
'0:15.672',0.69
'0:15.676',0.11
'0:15.680',-0.42
'0:15.684',-0.69
'0:15.688',-0.61
'0:15.691',-0.58
'0:15.695',-0.43
'0:15.699',-0.25
'0:15.703',0.11
'0:15.707',0.88
'0:15.711',1.36
'0:15.715',1.41
'0:15.719',1.13
'0:15.723',0.62
'0:15.727',0.41
'0:15.730',0.23
'0:15.734',0.22
'0:15.738',-0.1
'0:15.742',-0.87
'0:15.746',-1.13
'0:15.750',-1.36
'0:15.754',-2.02
'0:15.758',-2.86
'0:15.762',-3.69
'0:15.766',-4.35
'0:15.770',-4.69
'0:15.773',-4.79
'0:15.777',-4.9
'0:15.781',-4.99
'0:15.785',-4.59
'0:15.789',-4.33
'0:15.793',-4.41
'0:15.797',-4.2
'0:15.801',-4.2
'0:15.805',-4.14
'0:15.809',-3.78
'0:15.813',-3.37
'0:15.816',-3.26
'0:15.820',-3.35
'0:15.824',-3.49
'0:15.828',-3.51
'0:15.832',-2.83
'0:15.836',-1.53
'0:15.840',0.31
'0:15.844',2.58
'0:15.848',5.35
'0:15.852',8.07
'0:15.855',9.42
'0:15.859',7.46
'0:15.863',2.29
'0:15.867',-3.45
'0:15.871',-7.87
'0:15.875',-10.52
'0:15.879',-11.02
'0:15.883',-9.78
'0:15.887',-7.87
'0:15.891',-6.17
'0:15.895',-5.04
'0:15.898',-4.16
'0:15.902',-3.25
'0:15.906',-2.38
'0:15.910',-1.88
'0:15.914',-1.6
'0:15.918',-1.25
'0:15.922',-0.87
'0:15.926',-0.63
'0:15.930',-0.31
'0:15.934',-0.08
'0:15.938',-0.02
'0:15.941',0.15
'0:15.945',0.18
'0:15.949',0.26
'0:15.953',0.48
'0:15.957',0.87
'0:15.961',1.26
'0:15.965',1.64
'0:15.969',2.21
'0:15.973',2.77
'0:15.977',3.21
'0:15.980',3.6
'0:15.984',3.97
'0:15.988',4.27
'0:15.992',4.31
'0:15.996',4.38
'0:16.000',4.57
'0:16.004',4.76
'0:16.008',5.03
'0:16.012',5.07
'0:16.016',5.07
'0:16.020',4.95
'0:16.023',4.66
'0:16.027',4.06
'0:16.031',3.31
'0:16.035',2.59
'0:16.039',2.04
'0:16.043',1.57
'0:16.047',1.13
'0:16.051',0.78
'0:16.055',0.56
'0:16.059',0.32
'0:16.063',0.1
'0:16.066',0.2
'0:16.070',0.33
'0:16.074',0.41
'0:16.078',0.56
'0:16.082',0.81
'0:16.086',1.08
'0:16.090',1.36
'0:16.094',1.58
'0:16.098',1.69
'0:16.102',1.8
'0:16.105',1.85
'0:16.109',1.78
'0:16.113',1.75
'0:16.117',1.7
'0:16.121',1.47
'0:16.125',0.86
'0:16.129',0.11
'0:16.133',-0.49
'0:16.137',-0.98
'0:16.141',-1.41
'0:16.145',-1.74
'0:16.148',-1.97
'0:16.152',-2.08
'0:16.156',-2.27
'0:16.160',-2.26
'0:16.164',-2.04
'0:16.168',-1.92
'0:16.172',-1.84
'0:16.176',-1.54
'0:16.180',-1.38
'0:16.184',-1.37
'0:16.188',-1.34
'0:16.191',-1.12
'0:16.195',-0.79
'0:16.199',-0.79
'0:16.203',-0.98
'0:16.207',-0.81
'0:16.211',-0.11
'0:16.215',1.12
'0:16.219',3
'0:16.223',5.21
'0:16.227',7.76
'0:16.230',10.34
'0:16.234',11.14
'0:16.238',8.6
'0:16.242',3.32
'0:16.246',-2.73
'0:16.250',-7.14
'0:16.254',-9.24
'0:16.258',-9.5
'0:16.262',-8.58
'0:16.266',-7.06
'0:16.270',-5.34
'0:16.273',-3.89
'0:16.277',-3
'0:16.281',-2.3
'0:16.285',-1.54
'0:16.289',-0.99
'0:16.293',-0.88
'0:16.297',-0.74
'0:16.301',-0.47
'0:16.305',-0.3
'0:16.309',-0.15
'0:16.313',-0.13
'0:16.316',-0.27
'0:16.320',-0.34
'0:16.324',-0.1
'0:16.328',0.16
'0:16.332',0.43
'0:16.336',0.69
'0:16.340',0.84
'0:16.344',0.73
'0:16.348',0.91
'0:16.352',1.23
'0:16.355',1.4
'0:16.359',1.87
'0:16.363',2.6
'0:16.367',3.16
'0:16.371',3.4
'0:16.375',3.73
'0:16.379',4.14
'0:16.383',4.38
'0:16.387',4.22
'0:16.391',4.22
'0:16.395',4.02
'0:16.398',3.88
'0:16.402',3.67
'0:16.406',3.01
'0:16.410',2.29
'0:16.414',2
'0:16.418',1.73
'0:16.422',0.91
'0:16.426',0.06
'0:16.430',-0.44
'0:16.434',-0.63
'0:16.438',-0.59
'0:16.441',-0.5
'0:16.445',-0.55
'0:16.449',-0.84
'0:16.453',-0.97
'0:16.457',-0.9
'0:16.461',-0.65
'0:16.465',-0.32
'0:16.469',0.17
'0:16.473',0.27
'0:16.477',0.51
'0:16.480',0.57
'0:16.484',0.37
'0:16.488',0.23
'0:16.492',0.11
'0:16.496',0.07
'0:16.500',-0.28
'0:16.504',-0.85
'0:16.508',-1.29
'0:16.512',-1.77
'0:16.516',-2.5
'0:16.520',-2.86
'0:16.523',-3.32
'0:16.527',-3.6
'0:16.531',-3.78
'0:16.535',-4
'0:16.539',-4.12
'0:16.543',-3.97
'0:16.547',-3.77
'0:16.551',-3.69
'0:16.555',-3.73
'0:16.559',-3.51
'0:16.563',-3.12
'0:16.566',-2.55
'0:16.570',-2.14
'0:16.574',-1.93
'0:16.578',-1.61
'0:16.582',-1.63
'0:16.586',-1.94
'0:16.590',-2.02
'0:16.594',-1.2
'0:16.598',0.73
'0:16.602',3.37
'0:16.605',6
'0:16.609',8.88
'0:16.613',10.87
'0:16.617',9.82
'0:16.621',5.58
'0:16.625',-0.33
'0:16.629',-5.63
'0:16.633',-8.94
'0:16.637',-9.86
'0:16.641',-9.16
'0:16.645',-7.52
'0:16.648',-5.84
'0:16.652',-4.6
'0:16.656',-3.26
'0:16.660',-2.09
'0:16.664',-1.37
'0:16.668',-1.01
'0:16.672',-0.71
'0:16.676',-0.46
'0:16.680',-0.42
'0:16.684',-0.24
'0:16.688',-0.09
'0:16.691',-0.11
'0:16.695',-0.09
'0:16.699',0.03
'0:16.703',0.27
'0:16.707',0.59
'0:16.711',0.71
'0:16.715',0.81
'0:16.719',1.14
'0:16.723',1.49
'0:16.727',1.81
'0:16.730',2.01
'0:16.734',2.15
'0:16.738',2.51
'0:16.742',2.91
'0:16.746',3.26
'0:16.750',3.72
'0:16.754',4.23
'0:16.758',4.47
'0:16.762',4.45
'0:16.766',4.36
'0:16.770',4.49
'0:16.773',4.62
'0:16.777',4.61
'0:16.781',4.41
'0:16.785',3.91
'0:16.789',3.31
'0:16.793',2.73
'0:16.797',2.01
'0:16.801',1.18
'0:16.805',0.39
'0:16.809',0.15
'0:16.813',0.1
'0:16.816',0
'0:16.820',-0.15
'0:16.824',-0.4
'0:16.828',-0.51
'0:16.832',-0.35
'0:16.836',-0.2
'0:16.840',0.04
'0:16.844',0.4
'0:16.848',0.57
'0:16.852',0.74
'0:16.855',0.92
'0:16.859',0.95
'0:16.863',0.91
'0:16.867',0.79
'0:16.871',0.52
'0:16.875',0.22
'0:16.879',0.06
'0:16.883',0.04
'0:16.887',-0.29
'0:16.891',-0.79
'0:16.895',-1.41
'0:16.898',-1.97
'0:16.902',-2.49
'0:16.906',-2.92
'0:16.910',-3.13
'0:16.914',-3.32
'0:16.918',-3.46
'0:16.922',-3.33
'0:16.926',-3.09
'0:16.930',-2.87
'0:16.934',-2.75
'0:16.938',-2.75
'0:16.941',-2.77
'0:16.945',-2.58
'0:16.949',-2.06
'0:16.953',-1.52
'0:16.957',-1.28
'0:16.961',-1.24
'0:16.965',-1.2
'0:16.969',-1.19
'0:16.973',-1.03
'0:16.977',-0.23
'0:16.980',1.39
'0:16.984',3.88
'0:16.988',6.8
'0:16.992',9.82
'0:16.996',11.79
'0:17.000',10.66
'0:17.004',6.08
'0:17.008',-0.12
'0:17.012',-5.36
'0:17.016',-8.6
'0:17.020',-9.55
'0:17.023',-8.82
'0:17.027',-7.35
'0:17.031',-5.59
'0:17.035',-4.05
'0:17.039',-2.97
'0:17.043',-2.03
'0:17.047',-1.12
'0:17.051',-0.42
'0:17.055',-0.55
'0:17.059',-0.82
'0:17.063',-0.87
'0:17.066',-0.56
'0:17.070',-0.14
'0:17.074',0.02
'0:17.078',0.21
'0:17.082',0.37
'0:17.086',0.31
'0:17.090',0.31
'0:17.094',0.58
'0:17.098',1.03
'0:17.102',1.51
'0:17.105',1.84
'0:17.109',1.72
'0:17.113',1.61
'0:17.117',1.69
'0:17.121',2.03
'0:17.125',2.49
'0:17.129',2.91
'0:17.133',3.24
'0:17.137',3.68
'0:17.141',4.22
'0:17.145',4.22
'0:17.148',3.82
'0:17.152',3.91
'0:17.156',3.93
'0:17.160',3.32
'0:17.164',2.6
'0:17.168',2.05
'0:17.172',1.66
'0:17.176',1.32
'0:17.180',0.73
'0:17.184',0.38
'0:17.188',0.4
'0:17.191',-0.29
'0:17.195',-1.2
'0:17.199',-1.41
'0:17.203',-1.5
'0:17.207',-1.87
'0:17.211',-2.1
'0:17.215',-1.75
'0:17.219',-1.15
'0:17.223',-0.82
'0:17.227',-0.71
'0:17.230',-0.6
'0:17.234',-0.39
'0:17.238',-0.66
'0:17.242',-1.07
'0:17.246',-0.85
'0:17.250',-0.44
'0:17.254',-0.21
'0:17.258',-0.31
'0:17.262',-0.99
'0:17.266',-1.62
'0:17.270',-2.12
'0:17.273',-2.48
'0:17.277',-2.78
'0:17.281',-3.25
'0:17.285',-3.97
'0:17.289',-4.33
'0:17.293',-4.42
'0:17.297',-4.73
'0:17.301',-4.77
'0:17.305',-4.9
'0:17.309',-4.84
'0:17.313',-4.46
'0:17.316',-3.88
'0:17.320',-3.65
'0:17.324',-3.71
'0:17.328',-3.97
'0:17.332',-3.72
'0:17.336',-3.41
'0:17.340',-3.1
'0:17.344',-3.17
'0:17.348',-2.89
'0:17.352',-2.18
'0:17.355',-1.34
'0:17.359',0.2
'0:17.363',2.71
'0:17.367',5.55
'0:17.371',8.17
'0:17.375',9.39
'0:17.379',8.17
'0:17.383',3.86
'0:17.387',-1.84
'0:17.391',-6.4
'0:17.395',-9.45
'0:17.398',-10.65
'0:17.402',-9.94
'0:17.406',-8.16
'0:17.410',-6.36
'0:17.414',-4.85
'0:17.418',-3.62
'0:17.422',-2.6
'0:17.426',-1.84
'0:17.430',-1.38
'0:17.434',-1
'0:17.438',-0.5
'0:17.441',-0.12
'0:17.445',-0.27
'0:17.449',-0.26
'0:17.453',-0.28
'0:17.457',-0.1
'0:17.461',0.28
'0:17.465',0.37
'0:17.469',0.52
'0:17.473',0.85
'0:17.477',1.29
'0:17.480',1.7
'0:17.484',2.11
'0:17.488',2.23
'0:17.492',2.33
'0:17.496',2.47
'0:17.500',2.77
'0:17.504',3.25
'0:17.508',3.68
'0:17.512',4.02
'0:17.516',4.35
'0:17.520',4.67
'0:17.523',4.81
'0:17.527',4.87
'0:17.531',4.9
'0:17.535',4.92
'0:17.539',4.84
'0:17.543',4.49
'0:17.547',3.87
'0:17.551',3.17
'0:17.555',2.69
'0:17.559',2.32
'0:17.563',1.79
'0:17.566',1.17
'0:17.570',0.69
'0:17.574',0.45
'0:17.578',0.31
'0:17.582',0.27
'0:17.586',0.22
'0:17.590',0.32
'0:17.594',0.54
'0:17.598',0.85
'0:17.602',1.13
'0:17.605',1.28
'0:17.609',1.31
'0:17.613',1.53
'0:17.617',1.84
'0:17.621',1.98
'0:17.625',1.86
'0:17.629',1.74
'0:17.633',1.6
'0:17.637',1.34
'0:17.641',0.85
'0:17.645',0.22
'0:17.648',-0.28
'0:17.652',-0.83
'0:17.656',-1.44
'0:17.660',-2.01
'0:17.664',-2.44
'0:17.668',-2.7
'0:17.672',-2.67
'0:17.676',-2.46
'0:17.680',-2.5
'0:17.684',-2.6
'0:17.688',-2.58
'0:17.691',-2.58
'0:17.695',-2.6
'0:17.699',-2.52
'0:17.703',-2.23
'0:17.707',-1.96
'0:17.711',-1.77
'0:17.715',-1.6
'0:17.719',-1.55
'0:17.723',-1.72
'0:17.727',-1.64
'0:17.730',-0.88
'0:17.734',0.72
'0:17.738',3.12
'0:17.742',5.76
'0:17.746',8.52
'0:17.750',10.72
'0:17.754',10.83
'0:17.758',7.61
'0:17.762',2.06
'0:17.766',-3.52
'0:17.770',-7.42
'0:17.773',-9.32
'0:17.777',-9.14
'0:17.781',-7.77
'0:17.785',-6.04
'0:17.789',-4.28
'0:17.793',-2.9
'0:17.797',-2.01
'0:17.801',-1.42
'0:17.805',-1.06
'0:17.809',-0.8
'0:17.813',-0.49
'0:17.816',-0.41
'0:17.820',-0.29
'0:17.824',0.01
'0:17.828',0.31
'0:17.832',0.57
'0:17.836',0.7
'0:17.840',0.73
'0:17.844',0.76
'0:17.848',0.89
'0:17.852',1.06
'0:17.855',1.12
'0:17.859',1.24
'0:17.863',1.75
'0:17.867',2.06
'0:17.871',2.13
'0:17.875',2.46
'0:17.879',3.05
'0:17.883',3.59
'0:17.887',3.88
'0:17.891',3.94
'0:17.895',4.2
'0:17.898',4.43
'0:17.902',4.6
'0:17.906',4.56
'0:17.910',4.32
'0:17.914',3.92
'0:17.918',3.69
'0:17.922',3.48
'0:17.926',3.23
'0:17.930',2.69
'0:17.934',2.13
'0:17.938',1.5
'0:17.941',0.66
'0:17.945',-0.23
'0:17.949',-0.96
'0:17.953',-1.19
'0:17.957',-1.21
'0:17.961',-1.3
'0:17.965',-1.42
'0:17.969',-1.2
'0:17.973',-0.6
'0:17.977',-0.24
'0:17.980',-0.06
'0:17.984',0.3
'0:17.988',0.44
'0:17.992',0.36
'0:17.996',0.25
'0:18.000',0.28
'0:18.004',0.1
'0:18.008',-0.11
'0:18.012',-0.35
'0:18.016',-0.47
'0:18.020',-0.72
'0:18.023',-1.34
'0:18.027',-2.1
'0:18.031',-2.55
'0:18.035',-3.01
'0:18.039',-3.34
'0:18.043',-3.52
'0:18.047',-3.81
'0:18.051',-4.24
'0:18.055',-4.23
'0:18.059',-3.88
'0:18.063',-3.5
'0:18.066',-3.57
'0:18.070',-3.6
'0:18.074',-3.32
'0:18.078',-3.01
'0:18.082',-2.85
'0:18.086',-2.81
'0:18.090',-2.77
'0:18.094',-2.72
'0:18.098',-2.89
'0:18.102',-2.83
'0:18.105',-2.25
'0:18.109',-1.25
'0:18.113',0.5
'0:18.117',2.8
'0:18.121',5.32
'0:18.125',7.91
'0:18.129',9.56
'0:18.133',9.01
'0:18.137',5.36
'0:18.141',-0.49
'0:18.145',-5.62
'0:18.148',-8.74
'0:18.152',-9.72
'0:18.156',-8.92
'0:18.160',-7.24
'0:18.164',-5.67
'0:18.168',-4.09
'0:18.172',-2.83
'0:18.176',-2.29
'0:18.180',-1.9
'0:18.184',-1.36
'0:18.188',-0.98
'0:18.191',-0.69
'0:18.195',-0.33
'0:18.199',-0.09
'0:18.203',0.27
'0:18.207',0.61
'0:18.211',0.82
'0:18.215',1.05
'0:18.219',1.25
'0:18.223',1.54
'0:18.227',1.85
'0:18.230',2.2
'0:18.234',2.38
'0:18.238',2.52
'0:18.242',2.64
'0:18.246',2.78
'0:18.250',3.21
'0:18.254',3.54
'0:18.258',3.69
'0:18.262',3.97
'0:18.266',4.21
'0:18.270',4.53
'0:18.273',4.74
'0:18.277',4.88
'0:18.281',5.02
'0:18.285',5
'0:18.289',4.99
'0:18.293',4.91
'0:18.297',4.67
'0:18.301',4.26
'0:18.305',3.72
'0:18.309',3.07
'0:18.313',2.31
'0:18.316',1.54
'0:18.320',0.92
'0:18.324',0.35
'0:18.328',0.02
'0:18.332',-0.2
'0:18.336',-0.34
'0:18.340',-0.24
'0:18.344',-0.13
'0:18.348',-0.15
'0:18.352',-0.08
'0:18.355',0.22
'0:18.359',0.48
'0:18.363',0.56
'0:18.367',0.69
'0:18.371',0.91
'0:18.375',1.07
'0:18.379',1.04
'0:18.383',0.8
'0:18.387',0.58
'0:18.391',0.32
'0:18.395',0.09
'0:18.398',-0.16
'0:18.402',-0.71
'0:18.406',-1.34
'0:18.410',-1.98
'0:18.414',-2.43
'0:18.418',-2.65
'0:18.422',-2.97
'0:18.426',-3.34
'0:18.430',-3.39
'0:18.434',-3.29
'0:18.438',-3.13
'0:18.441',-3.07
'0:18.445',-3.11
'0:18.449',-3.01
'0:18.453',-2.71
'0:18.457',-2.35
'0:18.461',-2.22
'0:18.465',-2.21
'0:18.469',-2.18
'0:18.473',-1.96
'0:18.477',-1.97
'0:18.480',-2.12
'0:18.484',-2.15
'0:18.488',-1.56
'0:18.492',-0.13
'0:18.496',1.95
'0:18.500',4.47
'0:18.504',7.31
'0:18.508',9.93
'0:18.512',10.89
'0:18.516',8.57
'0:18.520',2.95
'0:18.523',-3.22
'0:18.527',-7.58
'0:18.531',-9.62
'0:18.535',-9.73
'0:18.539',-8.59
'0:18.543',-6.91
'0:18.547',-5.09
'0:18.551',-3.57
'0:18.555',-2.66
'0:18.559',-2.17
'0:18.563',-1.92
'0:18.566',-1.58
'0:18.570',-1.15
'0:18.574',-0.64
'0:18.578',-0.2
'0:18.582',-0.13
'0:18.586',-0.2
'0:18.590',0.02
'0:18.594',0.18
'0:18.598',0.33
'0:18.602',0.53
'0:18.605',0.79
'0:18.609',1.01
'0:18.613',1.18
'0:18.617',1.37
'0:18.621',1.63
'0:18.625',1.91
'0:18.629',2.12
'0:18.633',2.48
'0:18.637',2.74
'0:18.641',2.9
'0:18.645',3.12
'0:18.648',3.41
'0:18.652',3.72
'0:18.656',4.03
'0:18.660',4.13
'0:18.664',4.34
'0:18.668',4.55
'0:18.672',4.4
'0:18.676',4
'0:18.680',3.7
'0:18.684',3.36
'0:18.688',2.82
'0:18.691',2.12
'0:18.695',1.32
'0:18.699',0.58
'0:18.703',0.15
'0:18.707',-0.18
'0:18.711',-0.59
'0:18.715',-0.9
'0:18.719',-0.93
'0:18.723',-1.07
'0:18.727',-1.01
'0:18.730',-0.71
'0:18.734',-0.19
'0:18.738',0.28
'0:18.742',0.18
'0:18.746',-0.25
'0:18.750',-0.21
'0:18.754',-0.07
'0:18.758',-0.46
'0:18.762',-0.74
'0:18.766',-0.43
'0:18.770',-0.33
'0:18.773',-0.28
'0:18.777',-0.48
'0:18.781',-0.91
'0:18.785',-1.85
'0:18.789',-3.32
'0:18.793',-4.22
'0:18.797',-4.7
'0:18.801',-5.12
'0:18.805',-5.12
'0:18.809',-5.21
'0:18.813',-4.9
'0:18.816',-4.37
'0:18.820',-4.45
'0:18.824',-4.52
'0:18.828',-4.27
'0:18.832',-3.94
'0:18.836',-4.01
'0:18.840',-3.96
'0:18.844',-3.64
'0:18.848',-3.25
'0:18.852',-2.85
'0:18.855',-2.87
'0:18.859',-3.09
'0:18.863',-2.85
'0:18.867',-2.07
'0:18.871',-0.16
'0:18.875',2.53
'0:18.879',5.24
'0:18.883',7.91
'0:18.887',10.09
'0:18.891',9.37
'0:18.895',4.69
'0:18.898',-1.46
'0:18.902',-6.51
'0:18.906',-9.34
'0:18.910',-10.24
'0:18.914',-9.7
'0:18.918',-8.3
'0:18.922',-6.76
'0:18.926',-5.33
'0:18.930',-4.27
'0:18.934',-3.3
'0:18.938',-2.45
'0:18.941',-1.71
'0:18.945',-1.02
'0:18.949',-0.7
'0:18.953',-0.71
'0:18.957',-0.85
'0:18.961',-0.87
'0:18.965',-0.71
'0:18.969',-0.33
'0:18.973',-0.06
'0:18.977',0.09
'0:18.980',0.31
'0:18.984',0.39
'0:18.988',0.66
'0:18.992',1.33
'0:18.996',2
'0:19.000',2.24
'0:19.004',2.17
'0:19.008',2.25
'0:19.012',2.55
'0:19.016',2.83
'0:19.020',3.24
'0:19.023',3.67
'0:19.027',4.2
'0:19.031',4.65
'0:19.035',4.8
'0:19.039',4.72
'0:19.043',4.7
'0:19.047',4.57
'0:19.051',4.35
'0:19.055',4.14
'0:19.059',3.71
'0:19.063',3.23
'0:19.066',2.59
'0:19.070',2.03
'0:19.074',1.46
'0:19.078',0.92
'0:19.082',0.49
'0:19.086',0.26
'0:19.090',0.27
'0:19.094',0.3
'0:19.098',0.22
'0:19.102',0.2
'0:19.105',0.26
'0:19.109',0.38
'0:19.113',0.81
'0:19.117',1.38
'0:19.121',1.63
'0:19.125',1.59
'0:19.129',1.55
'0:19.133',1.38
'0:19.137',1.16
'0:19.141',0.94
'0:19.145',0.84
'0:19.148',0.9
'0:19.152',0.64
'0:19.156',-0.1
'0:19.160',-0.93
'0:19.164',-1.48
'0:19.168',-1.85
'0:19.172',-2.13
'0:19.176',-2.39
'0:19.180',-2.69
'0:19.184',-2.8
'0:19.188',-2.61
'0:19.191',-2.41
'0:19.195',-2.34
'0:19.199',-2.41
'0:19.203',-2.47
'0:19.207',-2.33
'0:19.211',-2.19
'0:19.215',-2.02
'0:19.219',-1.72
'0:19.223',-1.52
'0:19.227',-1.51
'0:19.230',-1.67
'0:19.234',-1.8
'0:19.238',-1.48
'0:19.242',-0.33
'0:19.246',1.55
'0:19.250',3.85
'0:19.254',6.22
'0:19.258',8.73
'0:19.262',10.64
'0:19.266',9.99
'0:19.270',5.98
'0:19.273',0
'0:19.277',-5.03
'0:19.281',-8.22
'0:19.285',-9.37
'0:19.289',-9
'0:19.293',-7.69
'0:19.297',-6.08
'0:19.301',-4.68
'0:19.305',-3.54
'0:19.309',-2.82
'0:19.313',-2.17
'0:19.316',-1.32
'0:19.320',-0.93
'0:19.324',-0.91
'0:19.328',-0.71
'0:19.332',-0.43
'0:19.336',-0.17
'0:19.340',0.08
'0:19.344',0.25
'0:19.348',0.27
'0:19.352',0.33
'0:19.355',0.6
'0:19.359',1.05
'0:19.363',1.15
'0:19.367',1.16
'0:19.371',1.41
'0:19.375',1.73
'0:19.379',2.02
'0:19.383',2.34
'0:19.387',2.7
'0:19.391',3.21
'0:19.395',3.7
'0:19.398',4.12
'0:19.402',4.37
'0:19.406',4.56
'0:19.410',4.77
'0:19.414',4.8
'0:19.418',4.87
'0:19.422',4.79
'0:19.426',4.6
'0:19.430',4.46
'0:19.434',4.29
'0:19.438',3.71
'0:19.441',2.95
'0:19.445',2.42
'0:19.449',1.87
'0:19.453',1.15
'0:19.457',0.55
'0:19.461',0.13
'0:19.465',-0.33
'0:19.469',-0.49
'0:19.473',-0.23
'0:19.477',0.01
'0:19.480',0.21
'0:19.484',0.44
'0:19.488',0.67
'0:19.492',0.76
'0:19.496',0.9
'0:19.500',1.18
'0:19.504',1.29
'0:19.508',1.09
'0:19.512',0.76
'0:19.516',0.29
'0:19.520',-0.18
'0:19.523',-0.25
'0:19.527',-0.33
