'0:00.000',4.63
'0:00.004',4.54
'0:00.008',4.15
'0:00.012',3.76
'0:00.016',3.36
'0:00.020',2.76
'0:00.023',2.18
'0:00.027',1.78
'0:00.031',1.35
'0:00.035',0.47
'0:00.039',-0.36
'0:00.043',-0.88
'0:00.047',-1.31
'0:00.051',-1.55
'0:00.055',-1.96
'0:00.059',-2.56
'0:00.063',-3.41
'0:00.066',-4.45
'0:00.070',-5.3
'0:00.074',-5.07
'0:00.078',-3.15
'0:00.082',0.56
'0:00.086',5.2
'0:00.090',10.44
'0:00.094',16.26
'0:00.098',21.36
'0:00.102',22.11
'0:00.105',17.7
'0:00.109',10.19
'0:00.113',1.81
'0:00.117',-5.27
'0:00.121',-9.89
'0:00.125',-12.19
'0:00.129',-12.8
'0:00.133',-12.28
'0:00.137',-11.17
'0:00.141',-9.7
'0:00.145',-8.17
'0:00.148',-6.8
'0:00.152',-5.63
'0:00.156',-4.7
'0:00.160',-3.88
'0:00.164',-3.23
'0:00.168',-2.77
'0:00.172',-2.34
'0:00.176',-2.09
'0:00.180',-1.88
'0:00.184',-1.53
'0:00.188',-1.24
'0:00.191',-0.93
'0:00.195',-0.61
'0:00.199',-0.34
'0:00.203',-0.17
'0:00.207',0.01
'0:00.211',0.15
'0:00.215',0.48
'0:00.219',0.83
'0:00.223',1.03
'0:00.227',1.25
'0:00.230',1.44
'0:00.234',1.7
'0:00.238',2.04
'0:00.242',2.36
'0:00.246',2.73
'0:00.250',2.95
'0:00.254',3.12
'0:00.258',3.27
'0:00.262',3.41
'0:00.266',3.36
'0:00.270',3.27
'0:00.273',3.34
'0:00.277',3.29
'0:00.281',3.03
'0:00.285',2.55
'0:00.289',2.1
'0:00.293',1.75
'0:00.297',1.45
'0:00.301',1.17
'0:00.305',0.9
'0:00.309',0.69
'0:00.313',0.64
'0:00.316',0.78
'0:00.320',0.71
'0:00.324',0.49
'0:00.328',0.3
'0:00.332',0.08
'0:00.336',0.07
'0:00.340',0.05
'0:00.344',-0.09
'0:00.348',-0.31
'0:00.352',-0.36
'0:00.355',-0.46
'0:00.359',-0.6
'0:00.363',-0.66
'0:00.367',-0.73
'0:00.371',-0.9
'0:00.375',-1.31
'0:00.379',-1.58
'0:00.383',-1.45
'0:00.387',-1.27
'0:00.391',-1.12
'0:00.395',-0.95
'0:00.398',-0.73
'0:00.402',-0.75
'0:00.406',-1.04
'0:00.410',-0.89
'0:00.414',0.59
'0:00.418',3.36
'0:00.422',6.89
'0:00.426',11.15
'0:00.430',16.15
'0:00.434',21.58
'0:00.438',24.61
'0:00.441',22.75
'0:00.445',16.77
'0:00.449',9.33
'0:00.453',2.29
'0:00.457',-3.34
'0:00.461',-6.88
'0:00.465',-8.85
'0:00.469',-9.85
'0:00.473',-9.89
'0:00.477',-9.1
'0:00.480',-7.82
'0:00.484',-6.6
'0:00.488',-5.79
'0:00.492',-5.16
'0:00.496',-4.55
'0:00.500',-4.14
'0:00.504',-3.94
'0:00.508',-3.85
'0:00.512',-3.63
'0:00.516',-3.43
'0:00.520',-3.17
'0:00.523',-2.97
'0:00.527',-2.82
'0:00.531',-2.74
'0:00.535',-2.7
'0:00.539',-2.63
'0:00.543',-2.53
'0:00.547',-2.48
'0:00.551',-2.26
'0:00.555',-1.99
'0:00.559',-1.85
'0:00.563',-1.75
'0:00.566',-1.63
'0:00.570',-1.46
'0:00.574',-1.17
'0:00.578',-0.85
'0:00.582',-0.51
'0:00.586',-0.13
'0:00.590',0.51
'0:00.594',1.31
'0:00.598',1.78
'0:00.602',1.77
'0:00.605',1.44
'0:00.609',1.01
'0:00.613',0.49
'0:00.617',0.23
'0:00.621',0.27
'0:00.625',0.27
'0:00.629',0.36
'0:00.633',0.64
'0:00.637',0.98
'0:00.641',1.39
'0:00.645',1.92
'0:00.648',2.39
'0:00.652',2.76
'0:00.656',2.88
'0:00.660',2.83
'0:00.664',2.83
'0:00.668',2.81
'0:00.672',2.56
'0:00.676',2.17
'0:00.680',1.62
'0:00.684',1.01
'0:00.688',0.01
'0:00.691',-1.21
'0:00.695',-2.19
'0:00.699',-2.91
'0:00.703',-3.46
'0:00.707',-3.94
'0:00.711',-4.2
'0:00.715',-4.19
'0:00.719',-3.94
'0:00.723',-3.43
'0:00.727',-2.82
'0:00.730',-2.31
'0:00.734',-2.09
'0:00.738',-1.94
'0:00.742',-1.36
'0:00.746',0.25
'0:00.750',3.16
'0:00.754',7.09
'0:00.758',11.25
'0:00.762',15.66
'0:00.766',20.31
'0:00.770',23.53
'0:00.773',22.54
'0:00.777',17.09
'0:00.781',9.52
'0:00.785',2
'0:00.789',-3.95
'0:00.793',-7.58
'0:00.797',-9.41
'0:00.801',-10.07
'0:00.805',-9.54
'0:00.809',-8.16
'0:00.813',-6.52
'0:00.816',-5.04
'0:00.820',-3.83
'0:00.824',-3.05
'0:00.828',-2.68
'0:00.832',-2.75
'0:00.836',-3.01
'0:00.840',-3.24
'0:00.844',-3.46
'0:00.848',-3.7
'0:00.852',-3.77
'0:00.855',-3.65
'0:00.859',-3.43
'0:00.863',-3.23
'0:00.867',-3.02
'0:00.871',-2.83
'0:00.875',-2.65
'0:00.879',-2.5
'0:00.883',-2.38
'0:00.887',-2.26
'0:00.891',-2.14
'0:00.895',-1.95
'0:00.898',-1.65
'0:00.902',-1.36
'0:00.906',-0.99
'0:00.910',-0.47
'0:00.914',-0.1
'0:00.918',0.15
'0:00.922',0.33
'0:00.926',0.61
'0:00.930',1.03
'0:00.934',1.34
'0:00.938',1.44
'0:00.941',1.43
'0:00.945',1.32
'0:00.949',1.13
'0:00.953',0.86
'0:00.957',0.64
'0:00.961',0.56
'0:00.965',0.61
'0:00.969',0.59
'0:00.973',0.56
'0:00.977',0.66
'0:00.980',0.79
'0:00.984',0.85
'0:00.988',0.86
'0:00.992',0.86
'0:00.996',0.88
'0:01.000',0.83
'0:01.004',0.61
'0:01.008',0.2
'0:01.012',-0.48
'0:01.016',-1.26
'0:01.020',-2.01
'0:01.023',-2.97
'0:01.027',-3.84
'0:01.031',-4.43
'0:01.035',-4.87
'0:01.039',-5.22
'0:01.043',-5.39
'0:01.047',-5.55
'0:01.051',-5.85
'0:01.055',-6.18
'0:01.059',-6.6
'0:01.063',-7.36
'0:01.066',-8.36
'0:01.070',-9.32
'0:01.074',-9.68
'0:01.078',-8.52
'0:01.082',-5.61
'0:01.086',-1.53
'0:01.090',3.12
'0:01.094',8.48
'0:01.098',14.22
'0:01.102',17.94
'0:01.105',16.6
'0:01.109',10.89
'0:01.113',3.52
'0:01.117',-3.31
'0:01.121',-7.85
'0:01.125',-10.02
'0:01.129',-10.54
'0:01.133',-9.78
'0:01.137',-8.15
'0:01.141',-6.42
'0:01.145',-5.24
'0:01.148',-4.58
'0:01.152',-4.04
'0:01.156',-3.72
'0:01.160',-3.75
'0:01.164',-3.94
'0:01.168',-4.18
'0:01.172',-4.35
'0:01.176',-4.29
'0:01.180',-4.21
'0:01.184',-4.01
'0:01.188',-3.58
'0:01.191',-2.97
'0:01.195',-2.82
'0:01.199',-2.63
'0:01.203',-2.24
'0:01.207',-1.9
'0:01.211',-1.66
'0:01.215',-1.55
'0:01.219',-1.33
'0:01.223',-0.9
'0:01.227',-0.37
'0:01.230',0.1
'0:01.234',0.76
'0:01.238',1.45
'0:01.242',2.08
'0:01.246',2.71
'0:01.250',3.25
'0:01.254',3.66
'0:01.258',4.1
'0:01.262',4.53
'0:01.266',4.78
'0:01.270',4.9
'0:01.273',4.69
'0:01.277',4.32
'0:01.281',3.87
'0:01.285',3.22
'0:01.289',2.57
'0:01.293',2.1
'0:01.297',1.7
'0:01.301',1.37
'0:01.305',1.03
'0:01.309',0.73
'0:01.313',0.49
'0:01.316',0.38
'0:01.320',0.42
'0:01.324',0.47
'0:01.328',0.52
'0:01.332',0.59
'0:01.336',0.71
'0:01.340',0.73
'0:01.344',0.62
'0:01.348',0.4
'0:01.352',0.05
'0:01.355',-0.31
'0:01.359',-0.85
'0:01.363',-1.51
'0:01.367',-2.06
'0:01.371',-2.38
'0:01.375',-2.63
'0:01.379',-2.73
'0:01.383',-2.67
'0:01.387',-2.53
'0:01.391',-2.38
'0:01.395',-2.41
'0:01.398',-2.8
'0:01.402',-3.45
'0:01.406',-4.24
'0:01.410',-4.69
'0:01.414',-4.12
'0:01.418',-1.82
'0:01.422',2.16
'0:01.426',7.27
'0:01.430',13.29
'0:01.434',19.91
'0:01.438',25.69
'0:01.441',27.21
'0:01.445',23.31
'0:01.449',15.79
'0:01.453',7.1
'0:01.457',-0.68
'0:01.461',-6.09
'0:01.465',-9.19
'0:01.469',-10.39
'0:01.473',-10.2
'0:01.477',-9.2
'0:01.480',-7.79
'0:01.484',-6.36
'0:01.488',-5.04
'0:01.492',-3.97
'0:01.496',-3.19
'0:01.500',-2.48
'0:01.504',-1.84
'0:01.508',-1.44
'0:01.512',-1.17
'0:01.516',-0.87
'0:01.520',-0.51
'0:01.523',-0.11
'0:01.527',0.33
'0:01.531',0.69
'0:01.535',1.06
'0:01.539',1.35
'0:01.543',1.64
'0:01.547',1.95
'0:01.551',2.22
'0:01.555',2.44
'0:01.559',2.63
'0:01.563',2.74
'0:01.566',2.91
'0:01.570',3.18
'0:01.574',3.49
'0:01.578',3.78
'0:01.582',4.12
'0:01.586',4.43
'0:01.590',4.75
'0:01.594',5.02
'0:01.598',5.24
'0:01.602',5.47
'0:01.605',5.78
'0:01.609',5.89
'0:01.613',5.74
'0:01.617',5.62
'0:01.621',5.37
'0:01.625',5.04
'0:01.629',4.73
'0:01.633',4.31
'0:01.637',3.85
'0:01.641',3.39
'0:01.645',3.03
'0:01.648',2.85
'0:01.652',2.91
'0:01.656',2.93
'0:01.660',2.98
'0:01.664',3
'0:01.668',3.07
'0:01.672',2.99
'0:01.676',2.56
'0:01.680',1.98
'0:01.684',1.38
'0:01.688',0.66
'0:01.691',-0.2
'0:01.695',-1.06
'0:01.699',-1.75
'0:01.703',-2.52
'0:01.707',-3.09
'0:01.711',-3.3
'0:01.715',-3.36
'0:01.719',-3.53
'0:01.723',-3.58
'0:01.727',-3.58
'0:01.730',-3.68
'0:01.734',-4.06
'0:01.738',-4.68
'0:01.742',-5.89
'0:01.746',-5.61
'0:01.750',-3.82
'0:01.754',-0.41
'0:01.758',3.85
'0:01.762',8.84
'0:01.766',14.48
'0:01.770',19.15
'0:01.773',19.68
'0:01.777',15.3
'0:01.781',8.34
'0:01.785',1.21
'0:01.789',-4.79
'0:01.793',-9.03
'0:01.797',-11.67
'0:01.801',-12.91
'0:01.805',-13.1
'0:01.809',-12.54
'0:01.813',-11.31
'0:01.816',-9.78
'0:01.820',-8.59
'0:01.824',-7.82
'0:01.828',-7.18
'0:01.832',-6.52
'0:01.836',-5.96
'0:01.840',-5.6
'0:01.844',-5.31
'0:01.848',-4.9
'0:01.852',-4.55
'0:01.855',-4.38
'0:01.859',-4.23
'0:01.863',-3.77
'0:01.867',-3.33
'0:01.871',-3.05
'0:01.875',-3.02
'0:01.879',-2.92
'0:01.883',-2.78
'0:01.887',-2.73
'0:01.891',-2.67
'0:01.895',-2.43
'0:01.898',-1.91
'0:01.902',-1.06
'0:01.906',-0.21
'0:01.910',0.52
'0:01.914',1.08
'0:01.918',1.54
'0:01.922',1.93
'0:01.926',2.27
'0:01.930',2.64
'0:01.934',3.08
'0:01.938',3.41
'0:01.941',3.58
'0:01.945',3.48
'0:01.949',3.14
'0:01.953',2.88
'0:01.957',2.72
'0:01.961',2.56
'0:01.965',2.47
'0:01.969',2.48
'0:01.973',2.45
'0:01.977',2.75
'0:01.980',3.19
'0:01.984',3.41
'0:01.988',3.51
'0:01.992',3.83
'0:01.996',4.39
'0:02.000',4.7
'0:02.004',4.39
'0:02.008',3.96
'0:02.012',3.81
'0:02.016',3.5
'0:02.020',2.87
'0:02.023',2.22
'0:02.027',1.71
'0:02.031',1.14
'0:02.035',0.52
'0:02.039',0.16
'0:02.043',-0.24
'0:02.047',-0.72
'0:02.051',-0.98
'0:02.055',-1.14
'0:02.059',-1.49
'0:02.063',-2.04
'0:02.066',-2.86
'0:02.070',-4.05
'0:02.074',-5.06
'0:02.078',-5.42
'0:02.082',-4.58
'0:02.086',-2.06
'0:02.090',1.72
'0:02.094',6.3
'0:02.098',11.47
'0:02.102',16.44
'0:02.105',18.42
'0:02.109',15.61
'0:02.113',9.38
'0:02.117',2.08
'0:02.121',-4.72
'0:02.125',-9.64
'0:02.129',-12.45
'0:02.133',-13.87
'0:02.137',-14.24
'0:02.141',-13.6
'0:02.145',-12.25
'0:02.148',-10.68
'0:02.152',-9.1
'0:02.156',-7.57
'0:02.160',-6.05
'0:02.164',-4.7
'0:02.168',-3.72
'0:02.172',-2.89
'0:02.176',-2.18
'0:02.180',-1.53
'0:02.184',-1.16
'0:02.188',-1.28
'0:02.191',-1.71
'0:02.195',-2.12
'0:02.199',-2.5
'0:02.203',-2.6
'0:02.207',-2.51
'0:02.211',-2.28
'0:02.215',-2.11
'0:02.219',-2
'0:02.223',-1.84
'0:02.227',-1.65
'0:02.230',-1.46
'0:02.234',-1.21
'0:02.238',-0.85
'0:02.242',-0.49
'0:02.246',-0.03
'0:02.250',0.57
'0:02.254',1.21
'0:02.258',1.9
'0:02.262',2.42
'0:02.266',2.73
'0:02.270',3.04
'0:02.273',3.17
'0:02.277',3.12
'0:02.281',2.99
'0:02.285',2.87
'0:02.289',2.68
'0:02.293',2.52
'0:02.297',2.44
'0:02.301',2.39
'0:02.305',2.37
'0:02.309',2.39
'0:02.313',2.4
'0:02.316',2.47
'0:02.320',2.51
'0:02.324',2.58
'0:02.328',2.63
'0:02.332',2.63
'0:02.336',2.46
'0:02.340',2.29
'0:02.344',2.15
'0:02.348',2.1
'0:02.352',1.96
'0:02.355',1.59
'0:02.359',1.08
'0:02.363',0.34
'0:02.367',-0.32
'0:02.371',-0.8
'0:02.375',-1.15
'0:02.379',-1.44
'0:02.383',-1.7
'0:02.387',-1.98
'0:02.391',-2.25
'0:02.395',-2.61
'0:02.398',-3.45
'0:02.402',-4.65
'0:02.406',-5.38
'0:02.410',-4.97
'0:02.414',-2.86
'0:02.418',0.87
'0:02.422',5.55
'0:02.426',11.12
'0:02.430',17.02
'0:02.434',21.49
'0:02.438',21.12
'0:02.441',15.75
'0:02.445',7.83
'0:02.449',-0.22
'0:02.453',-6.44
'0:02.457',-10.37
'0:02.461',-12.45
'0:02.465',-12.88
'0:02.469',-12.19
'0:02.473',-10.98
'0:02.477',-9.68
'0:02.480',-8.54
'0:02.484',-7.66
'0:02.488',-6.94
'0:02.492',-6.4
'0:02.496',-5.99
'0:02.500',-5.6
'0:02.504',-5.34
'0:02.508',-5.06
'0:02.512',-4.8
'0:02.516',-4.58
'0:02.520',-4.33
'0:02.523',-4.04
'0:02.527',-3.62
'0:02.531',-3.5
'0:02.535',-3.5
'0:02.539',-3.5
'0:02.543',-3.5
'0:02.547',-3.5
'0:02.551',-3.5
'0:02.555',-3.5
'0:02.559',-3.5
'0:02.563',-3.5
'0:02.566',-3.51
'0:02.570',-3.5
'0:02.574',-3.5
'0:02.578',-3.5
'0:02.582',-3.5
'0:02.586',-3.5
'0:02.590',-3.5
'0:02.594',-3.5
'0:02.598',-3.51
'0:02.602',-3.51
'0:02.605',3.29
'0:02.609',4.81
'0:02.613',5.22
'0:02.617',5.14
'0:02.621',4.85
'0:02.625',4.43
'0:02.629',4
'0:02.633',3.61
'0:02.637',3.32
'0:02.641',3.13
'0:02.645',3.12
'0:02.648',3.3
'0:02.652',3.54
'0:02.656',3.68
'0:02.660',3.75
'0:02.664',3.85
'0:02.668',3.75
'0:02.672',3.44
'0:02.676',3.1
'0:02.680',2.63
'0:02.684',2.07
'0:02.688',1.51
'0:02.691',0.79
'0:02.695',-0.02
'0:02.699',-0.7
'0:02.703',-1.09
'0:02.707',-1.23
'0:02.711',-1.11
'0:02.715',-1.01
'0:02.719',-0.77
'0:02.723',-0.35
'0:02.727',0.15
'0:02.730',0.52
'0:02.734',0.56
'0:02.738',0.1
'0:02.742',-0.52
'0:02.746',-0.57
'0:02.750',0.7
'0:02.754',3.87
'0:02.758',8.16
'0:02.762',12.94
'0:02.766',18.52
'0:02.770',24.13
'0:02.773',26.72
'0:02.777',23.95
'0:02.781',17.11
'0:02.785',9.2
'0:02.789',1.83
'0:02.793',-3.63
'0:02.797',-6.65
'0:02.801',-7.84
'0:02.805',-8.3
'0:02.809',-8.15
'0:02.813',-7.04
'0:02.816',-5.63
'0:02.820',-4.36
'0:02.824',-3.36
'0:02.828',-2.74
'0:02.832',-2.28
'0:02.836',-1.68
'0:02.840',-1.27
'0:02.844',-1.21
'0:02.848',-1.12
'0:02.852',-1.02
'0:02.855',-1.09
'0:02.859',-1.19
'0:02.863',-1.24
'0:02.867',-1.18
'0:02.871',-1.19
'0:02.875',-1.14
'0:02.879',-1.02
'0:02.883',-1.01
'0:02.887',-1.16
'0:02.891',-1.32
'0:02.895',-1.13
'0:02.898',-0.84
'0:02.902',-0.61
'0:02.906',-0.36
'0:02.910',-0.14
'0:02.914',0.08
'0:02.918',0.5
'0:02.922',1.01
'0:02.926',1.35
'0:02.930',1.57
'0:02.934',1.81
'0:02.938',1.96
'0:02.941',2.16
'0:02.945',2.32
'0:02.949',2.29
'0:02.953',2.14
'0:02.957',1.95
'0:02.961',1.69
'0:02.965',1.41
'0:02.969',1.13
'0:02.973',0.79
'0:02.977',0.33
'0:02.980',-0.04
'0:02.984',-0.09
'0:02.988',0.09
'0:02.992',0.15
'0:02.996',0.17
'0:03.000',0.14
'0:03.004',-0.14
'0:03.008',-0.58
'0:03.012',-0.9
'0:03.016',-1.21
'0:03.020',-1.71
'0:03.023',-2.12
'0:03.027',-2.48
'0:03.031',-3
'0:03.035',-3.76
'0:03.039',-4.29
'0:03.043',-4.49
'0:03.047',-4.53
'0:03.051',-4.49
'0:03.055',-4.25
'0:03.059',-3.94
'0:03.063',-3.7
'0:03.066',-3.64
'0:03.070',-3.89
'0:03.074',-4.01
'0:03.078',-3.54
'0:03.082',-2.12
'0:03.086',0.66
'0:03.090',4.78
'0:03.094',9.83
'0:03.098',15.62
'0:03.102',21.57
'0:03.105',25.35
'0:03.109',24.28
'0:03.113',19.01
'0:03.117',12.02
'0:03.121',5.02
'0:03.125',-0.77
'0:03.129',-4.87
'0:03.133',-7.64
'0:03.137',-9.33
'0:03.141',-9.79
'0:03.145',-9.19
'0:03.148',-7.76
'0:03.152',-6.2
'0:03.156',-4.96
'0:03.160',-3.92
'0:03.164',-3.09
'0:03.168',-2.66
'0:03.172',-2.64
'0:03.176',-2.8
'0:03.180',-3.02
'0:03.184',-3.02
'0:03.188',-2.75
'0:03.191',-2.58
'0:03.195',-2.51
'0:03.199',-2.48
'0:03.203',-2.46
'0:03.207',-2.39
'0:03.211',-2.24
'0:03.215',-2.13
'0:03.219',-2.07
'0:03.223',-2.05
'0:03.227',-1.94
'0:03.230',-1.77
'0:03.234',-1.57
'0:03.238',-1.24
'0:03.242',-0.84
'0:03.246',-0.38
'0:03.250',0.03
'0:03.254',0.28
'0:03.258',0.44
'0:03.262',0.69
'0:03.266',1.07
'0:03.270',1.41
'0:03.273',1.63
'0:03.277',1.61
'0:03.281',1.38
'0:03.285',1.07
'0:03.289',0.76
'0:03.293',0.54
'0:03.297',0.52
'0:03.301',0.52
'0:03.305',0.42
'0:03.309',0.4
'0:03.313',0.47
'0:03.316',0.52
'0:03.320',0.59
'0:03.324',0.61
'0:03.328',0.74
'0:03.332',0.75
'0:03.336',0.63
'0:03.340',0.44
'0:03.344',0.3
'0:03.348',0
'0:03.352',-0.49
'0:03.355',-1.18
'0:03.359',-2.12
'0:03.363',-2.93
'0:03.367',-3.52
'0:03.371',-3.94
'0:03.375',-4.31
'0:03.379',-4.66
'0:03.383',-4.8
'0:03.387',-4.78
'0:03.391',-4.68
'0:03.395',-4.75
'0:03.398',-5.32
'0:03.402',-6.41
'0:03.406',-7.6
'0:03.410',-8.19
'0:03.414',-7.41
'0:03.418',-5
'0:03.422',-1.19
'0:03.426',3.42
'0:03.430',8.74
'0:03.434',14.39
'0:03.438',18.2
'0:03.441',17.1
'0:03.445',11.69
'0:03.449',4.19
'0:03.453',-3.14
'0:03.457',-8.61
'0:03.461',-11.97
'0:03.465',-13.55
'0:03.469',-13.64
'0:03.473',-12.77
'0:03.477',-11.6
'0:03.480',-10.41
'0:03.484',-9.26
'0:03.488',-8.27
'0:03.492',-7.62
'0:03.496',-7.01
'0:03.500',-6.2
'0:03.504',-5.25
'0:03.508',-4.38
'0:03.512',-3.72
'0:03.516',-3.16
'0:03.520',-2.57
'0:03.523',-2.03
'0:03.527',-1.69
'0:03.531',-1.45
'0:03.535',-1.29
'0:03.539',-1.08
'0:03.543',-0.98
'0:03.547',-1.22
'0:03.551',-1.24
'0:03.555',-1.14
'0:03.559',-1.06
'0:03.563',-1.14
'0:03.566',-1.45
'0:03.570',-1.33
'0:03.574',-0.7
'0:03.578',0.16
'0:03.582',0.74
'0:03.586',1.11
'0:03.590',1.84
'0:03.594',2.84
'0:03.598',3.64
'0:03.602',4.08
'0:03.605',4.19
'0:03.609',4.22
'0:03.613',4.22
'0:03.617',4.35
'0:03.621',4.37
'0:03.625',4.14
'0:03.629',3.78
'0:03.633',3.53
'0:03.637',3.42
'0:03.641',3.32
'0:03.645',3.22
'0:03.648',3.24
'0:03.652',3.34
'0:03.656',3.56
'0:03.660',3.76
'0:03.664',3.78
'0:03.668',3.58
'0:03.672',3.18
'0:03.676',2.73
'0:03.680',2.34
'0:03.684',1.87
'0:03.688',1.16
'0:03.691',0.4
'0:03.695',-0.42
'0:03.699',-1.13
'0:03.703',-1.86
'0:03.707',-2.51
'0:03.711',-2.93
'0:03.715',-3.1
'0:03.719',-3.24
'0:03.723',-3.23
'0:03.727',-3.04
'0:03.730',-2.82
'0:03.734',-2.83
'0:03.738',-3.39
'0:03.742',-4.13
'0:03.746',-4.42
'0:03.750',-3.45
'0:03.754',-0.73
'0:03.758',3.5
'0:03.762',8.5
'0:03.766',14.17
'0:03.770',20.23
'0:03.773',24.16
'0:03.777',22.95
'0:03.781',17.34
'0:03.785',9.46
'0:03.789',1.7
'0:03.793',-4.14
'0:03.797',-7.63
'0:03.801',-9.14
'0:03.805',-9.32
'0:03.809',-8.56
'0:03.813',-7.19
'0:03.816',-6.03
'0:03.820',-5.18
'0:03.824',-4.46
'0:03.828',-3.76
'0:03.832',-2.96
'0:03.836',-2.11
'0:03.840',-1.39
'0:03.844',-0.97
'0:03.848',-0.82
'0:03.852',-0.65
'0:03.855',-0.57
'0:03.859',-0.5
'0:03.863',-0.4
'0:03.867',-0.16
'0:03.871',0.3
'0:03.875',0.66
'0:03.879',0.86
'0:03.883',0.98
'0:03.887',0.95
'0:03.891',0.96
'0:03.895',1.1
'0:03.898',1.27
'0:03.902',1.57
'0:03.906',2.04
'0:03.910',2.7
'0:03.914',3.38
'0:03.918',3.86
'0:03.922',4.13
'0:03.926',4.45
'0:03.930',4.91
'0:03.934',5.24
'0:03.938',5.42
'0:03.941',5.44
'0:03.945',5.29
'0:03.949',5.02
'0:03.953',4.8
'0:03.957',4.54
'0:03.961',4.17
'0:03.965',3.68
'0:03.969',3.41
'0:03.973',3.33
'0:03.977',3.37
'0:03.980',3.34
'0:03.984',3.38
'0:03.988',3.51
'0:03.992',3.49
'0:03.996',3.57
'0:04.000',3.66
'0:04.004',3.56
'0:04.008',3.14
'0:04.012',2.7
'0:04.016',2.27
'0:04.020',1.58
'0:04.023',0.77
'0:04.027',-0.1
'0:04.031',-0.91
'0:04.035',-1.42
'0:04.039',-1.83
'0:04.043',-2.34
'0:04.047',-2.87
'0:04.051',-3.09
'0:04.055',-3.14
'0:04.059',-2.99
'0:04.063',-2.93
'0:04.066',-3.28
'0:04.070',-3.95
'0:04.074',-4.75
'0:04.078',-5.44
'0:04.082',-5.62
'0:04.086',-4.47
'0:04.090',-1.48
'0:04.094',2.86
'0:04.098',7.85
'0:04.102',13.46
'0:04.105',18.33
'0:04.109',19.69
'0:04.113',16.1
'0:04.117',9.44
'0:04.121',2.4
'0:04.125',-3.87
'0:04.129',-8.45
'0:04.133',-11.2
'0:04.137',-12.82
'0:04.141',-13.46
'0:04.145',-12.91
'0:04.148',-11.54
'0:04.152',-10.1
'0:04.156',-8.88
'0:04.160',-7.68
'0:04.164',-6.54
'0:04.168',-5.81
'0:04.172',-5.36
'0:04.176',-5
'0:04.180',-4.57
'0:04.184',-4.13
'0:04.188',-3.74
'0:04.191',-3.41
'0:04.195',-3.11
'0:04.199',-2.79
'0:04.203',-2.45
'0:04.207',-2.26
'0:04.211',-2.24
'0:04.215',-2.22
'0:04.219',-2.19
'0:04.223',-2.11
'0:04.227',-1.97
'0:04.230',-1.88
'0:04.234',-1.67
'0:04.238',-1.56
'0:04.242',-1.46
'0:04.246',-1
'0:04.250',-0.3
'0:04.254',0.18
'0:04.258',0.57
'0:04.262',0.89
'0:04.266',1.22
'0:04.270',1.38
'0:04.273',1.37
'0:04.277',1.24
'0:04.281',1.17
'0:04.285',1.13
'0:04.289',0.98
'0:04.293',0.8
'0:04.297',0.71
'0:04.301',0.75
'0:04.305',0.93
'0:04.309',1.16
'0:04.313',1.4
'0:04.316',1.74
'0:04.320',2.08
'0:04.324',2.26
'0:04.328',2.39
'0:04.332',2.61
'0:04.336',2.73
'0:04.340',2.53
'0:04.344',2.15
'0:04.348',1.8
'0:04.352',1.44
'0:04.355',0.89
'0:04.359',0.22
'0:04.363',-0.41
'0:04.367',-1.13
'0:04.371',-1.66
'0:04.375',-1.92
'0:04.379',-1.85
'0:04.383',-1.58
'0:04.387',-1.39
'0:04.391',-1.25
'0:04.395',-1.24
'0:04.398',-1.34
'0:04.402',-1.74
'0:04.406',-2.7
'0:04.410',-3.83
'0:04.414',-4.1
'0:04.418',-2.89
'0:04.422',-0.02
'0:04.426',3.83
'0:04.430',8.38
'0:04.434',13.75
'0:04.438',19.15
'0:04.441',21.83
'0:04.445',19.53
'0:04.449',13.15
'0:04.453',5.22
'0:04.457',-2.24
'0:04.461',-7.74
'0:04.465',-11.11
'0:04.469',-12.84
'0:04.473',-13.45
'0:04.477',-13.08
'0:04.480',-12.01
'0:04.484',-10.71
'0:04.488',-9.54
'0:04.492',-8.59
'0:04.496',-7.81
'0:04.500',-7.22
'0:04.504',-6.69
'0:04.508',-6.3
'0:04.512',-5.97
'0:04.516',-5.63
'0:04.520',-5.45
'0:04.523',-5.28
'0:04.527',-5.04
'0:04.531',-4.82
'0:04.535',-4.57
'0:04.539',-4.43
'0:04.543',-4.43
'0:04.547',-4.43
'0:04.551',-4.37
'0:04.555',-4.18
'0:04.559',-3.76
'0:04.563',-3.06
'0:04.566',-2.03
'0:04.570',-0.7
'0:04.574',0.65
'0:04.578',1.57
'0:04.582',1.81
'0:04.586',1.73
'0:04.590',1.71
'0:04.594',1.78
'0:04.598',1.96
'0:04.602',2.37
'0:04.605',2.79
'0:04.609',3.16
'0:04.613',3.49
'0:04.617',3.46
'0:04.621',3.19
'0:04.625',2.93
'0:04.629',2.68
'0:04.633',2.57
'0:04.637',2.49
'0:04.641',2.37
'0:04.645',2.29
'0:04.648',2.28
'0:04.652',2.34
'0:04.656',2.41
'0:04.660',2.56
'0:04.664',2.68
'0:04.668',2.48
'0:04.672',2.27
'0:04.676',2.04
'0:04.680',1.53
'0:04.684',0.9
'0:04.688',0.14
'0:04.691',-0.82
'0:04.695',-1.51
'0:04.699',-2.07
'0:04.703',-2.63
'0:04.707',-2.71
'0:04.711',-2.53
'0:04.715',-2.39
'0:04.719',-2.34
'0:04.723',-2.46
'0:04.727',-2.8
'0:04.730',-3.42
'0:04.734',-4.26
'0:04.738',-5.17
'0:04.742',-5.59
'0:04.746',-4.57
'0:04.750',-1.7
'0:04.754',2.44
'0:04.758',7.44
'0:04.762',13.47
'0:04.766',19.64
'0:04.770',22.99
'0:04.773',20.86
'0:04.777',14.34
'0:04.781',6.18
'0:04.785',-1.54
'0:04.789',-7.13
'0:04.793',-10.35
'0:04.797',-11.57
'0:04.801',-11.31
'0:04.805',-10.11
'0:04.809',-8.86
'0:04.813',-7.76
'0:04.816',-6.67
'0:04.820',-5.76
'0:04.824',-5.11
'0:04.828',-4.6
'0:04.832',-4.18
'0:04.836',-3.84
'0:04.840',-3.56
'0:04.844',-3.28
'0:04.848',-2.87
'0:04.852',-2.51
'0:04.855',-2.29
'0:04.859',-2.03
'0:04.863',-1.75
'0:04.867',-1.53
'0:04.871',-1.46
'0:04.875',-1.5
'0:04.879',-1.59
'0:04.883',-1.58
'0:04.887',-1.41
'0:04.891',-1.21
'0:04.895',-0.99
'0:04.898',-0.7
'0:04.902',-0.38
'0:04.906',0.05
'0:04.910',0.49
'0:04.914',0.92
'0:04.918',1.4
'0:04.922',1.89
'0:04.926',2.51
'0:04.930',3.14
'0:04.934',3.72
'0:04.938',4.03
'0:04.941',4.12
'0:04.945',4.17
'0:04.949',4.05
'0:04.953',3.79
'0:04.957',3.49
'0:04.961',3.31
'0:04.965',3.17
'0:04.969',3.09
'0:04.973',3.2
'0:04.977',3.2
'0:04.980',3.22
'0:04.984',3.3
'0:04.988',3.51
'0:04.992',3.76
'0:04.996',3.94
'0:05.000',3.92
'0:05.004',3.78
'0:05.008',3.58
'0:05.012',3.21
'0:05.016',2.52
'0:05.020',1.9
'0:05.023',1.48
'0:05.027',0.92
'0:05.031',0.1
'0:05.035',-0.48
'0:05.039',-0.91
'0:05.043',-1.36
'0:05.047',-1.78
'0:05.051',-2.12
'0:05.055',-2.17
'0:05.059',-2.07
'0:05.063',-2.02
'0:05.066',-2.19
'0:05.070',-2.87
'0:05.074',-3.96
'0:05.078',-4.7
'0:05.082',-4.08
'0:05.086',-1.77
'0:05.090',2.19
'0:05.094',7.37
'0:05.098',13.29
'0:05.102',19.57
'0:05.105',24.5
'0:05.109',25.01
'0:05.113',20.34
'0:05.117',12.88
'0:05.121',5.09
'0:05.125',-1.6
'0:05.129',-6.29
'0:05.133',-8.88
'0:05.137',-10.02
'0:05.141',-10.14
'0:05.145',-9.25
'0:05.148',-7.85
'0:05.152',-6.46
'0:05.156',-5.19
'0:05.160',-4.07
'0:05.164',-3.16
'0:05.168',-2.28
'0:05.172',-1.67
'0:05.176',-1.39
'0:05.180',-1.09
'0:05.184',-0.58
'0:05.188',-0.19
'0:05.191',0.09
'0:05.195',0.42
'0:05.199',0.74
'0:05.203',0.99
'0:05.207',1.37
'0:05.211',1.71
'0:05.215',1.95
'0:05.219',2.11
'0:05.223',2.25
'0:05.227',2.39
'0:05.230',2.29
'0:05.234',2.13
'0:05.238',2.15
'0:05.242',2.22
'0:05.246',2.42
'0:05.250',2.44
'0:05.254',2.64
'0:05.258',2.8
'0:05.262',2.92
'0:05.266',3.01
'0:05.270',3.04
'0:05.273',2.94
'0:05.277',2.88
'0:05.281',2.9
'0:05.285',2.7
'0:05.289',2.19
'0:05.293',1.76
'0:05.297',1.53
'0:05.301',1.29
'0:05.305',1.07
'0:05.309',0.85
'0:05.313',0.71
'0:05.316',0.76
'0:05.320',0.86
'0:05.324',0.88
'0:05.328',0.81
'0:05.332',0.84
'0:05.336',1.01
'0:05.340',1.35
'0:05.344',1.59
'0:05.348',1.33
'0:05.352',1
'0:05.355',0.49
'0:05.359',0.03
'0:05.363',-0.42
'0:05.367',-0.93
'0:05.371',-1.24
'0:05.375',-1.31
'0:05.379',-1.34
'0:05.383',-1.24
'0:05.387',-1.19
'0:05.391',-1.21
'0:05.395',-1.62
'0:05.398',-2.62
'0:05.402',-3.83
'0:05.406',-5.06
'0:05.410',-5.95
'0:05.414',-6.14
'0:05.418',-5.1
'0:05.422',-2.65
'0:05.426',0.99
'0:05.430',5.44
'0:05.434',10.57
'0:05.438',15.06
'0:05.441',15.92
'0:05.445',11.85
'0:05.449',5.03
'0:05.453',-1.73
'0:05.457',-6.82
'0:05.461',-9.93
'0:05.465',-11.48
'0:05.469',-12.08
'0:05.473',-11.63
'0:05.477',-10.23
'0:05.480',-8.23
'0:05.484',-6.23
'0:05.488',-4.43
'0:05.492',-2.83
'0:05.496',-1.62
'0:05.500',-0.67
'0:05.504',0.04
'0:05.508',0.52
'0:05.512',0.84
'0:05.516',0.98
'0:05.520',0.85
'0:05.523',0.51
'0:05.527',0.32
'0:05.531',0.38
'0:05.535',0.69
'0:05.539',1.13
'0:05.543',1.57
'0:05.547',1.81
'0:05.551',1.95
'0:05.555',2.03
'0:05.559',2.16
'0:05.563',2.27
'0:05.566',2.11
'0:05.570',1.89
'0:05.574',1.91
'0:05.578',2.02
'0:05.582',2.07
'0:05.586',2.03
'0:05.590',2.16
'0:05.594',2.41
'0:05.598',2.71
'0:05.602',2.98
'0:05.605',3.05
'0:05.609',2.96
'0:05.613',2.75
'0:05.617',2.44
'0:05.621',2.07
'0:05.625',1.76
'0:05.629',1.56
'0:05.633',1.42
'0:05.637',1.29
'0:05.641',1.08
'0:05.645',0.92
'0:05.648',0.96
'0:05.652',0.95
'0:05.656',0.78
'0:05.660',0.74
'0:05.664',0.81
'0:05.668',0.71
'0:05.672',0.47
'0:05.676',0.08
'0:05.680',-0.44
'0:05.684',-0.98
'0:05.688',-1.55
'0:05.691',-2.3
'0:05.695',-3
'0:05.699',-3.61
'0:05.703',-4.09
'0:05.707',-4.34
'0:05.711',-4.35
'0:05.715',-4.33
'0:05.719',-4.43
'0:05.723',-4.53
'0:05.727',-4.58
'0:05.730',-4.93
'0:05.734',-5.74
'0:05.738',-6.83
'0:05.742',-7.36
'0:05.746',-6.58
'0:05.750',-4.08
'0:05.754',-0.09
'0:05.758',4.76
'0:05.762',10.49
'0:05.766',16.41
'0:05.770',20
'0:05.773',18.36
'0:05.777',12.21
'0:05.781',4.15
'0:05.785',-3.4
'0:05.789',-8.72
'0:05.793',-12.11
'0:05.797',-13.99
'0:05.801',-14.55
'0:05.805',-14.04
'0:05.809',-12.96
'0:05.813',-11.78
'0:05.816',-10.63
'0:05.820',-9.78
'0:05.824',-8.97
'0:05.828',-8.43
'0:05.832',-8.05
'0:05.836',-7.72
'0:05.840',-7.4
'0:05.844',-6.99
'0:05.848',-6.59
'0:05.852',-6.3
'0:05.855',-6.03
'0:05.859',-5.63
'0:05.863',-5.42
'0:05.867',-5.29
'0:05.871',-5.03
'0:05.875',-4.55
'0:05.879',-3.87
'0:05.883',-2.85
'0:05.887',-1.57
'0:05.891',-0.32
'0:05.895',0.77
'0:05.898',1.59
'0:05.902',2.19
'0:05.906',2.59
'0:05.910',2.76
'0:05.914',2.63
'0:05.918',2.53
'0:05.922',2.57
'0:05.926',2.8
'0:05.930',3.05
'0:05.934',3.22
'0:05.938',3.18
'0:05.941',3.17
'0:05.945',3.1
'0:05.949',2.98
'0:05.953',2.77
'0:05.957',2.29
'0:05.961',1.93
'0:05.965',1.91
'0:05.969',2.2
'0:05.973',2.36
'0:05.977',2.37
'0:05.980',2.39
'0:05.984',2.76
'0:05.988',3.22
'0:05.992',3.69
'0:05.996',3.99
'0:06.000',4.06
'0:06.004',3.89
'0:06.008',3.64
'0:06.012',3.43
'0:06.016',2.94
'0:06.020',2.29
'0:06.023',1.63
'0:06.027',0.78
'0:06.031',-0.09
'0:06.035',-0.86
'0:06.039',-1.49
'0:06.043',-1.94
'0:06.047',-2.21
'0:06.051',-2.46
'0:06.055',-2.69
'0:06.059',-3.07
'0:06.063',-3.57
'0:06.066',-4.3
'0:06.070',-5.36
'0:06.074',-6.27
'0:06.078',-6.31
'0:06.082',-4.72
'0:06.086',-1.28
'0:06.090',3.25
'0:06.094',8.53
'0:06.098',14.66
'0:06.102',20.22
'0:06.105',21.67
'0:06.109',18.14
'0:06.113',11.45
'0:06.117',3.73
'0:06.121',-3.1
'0:06.125',-7.84
'0:06.129',-10.56
'0:06.133',-11.67
'0:06.137',-11.47
'0:06.141',-10.33
'0:06.145',-8.81
'0:06.148',-7.21
'0:06.152',-5.71
'0:06.156',-4.37
'0:06.160',-3.21
'0:06.164',-2.22
'0:06.168',-1.22
'0:06.172',-0.34
'0:06.176',0.5
'0:06.180',1.46
'0:06.184',2.2
'0:06.188',2.08
'0:06.191',1.39
'0:06.195',0.8
'0:06.199',0.48
'0:06.203',0.45
'0:06.207',0.57
'0:06.211',0.84
'0:06.215',1.23
'0:06.219',1.61
'0:06.223',1.83
'0:06.227',2.1
'0:06.230',2.17
'0:06.234',2.25
'0:06.238',2.39
'0:06.242',2.74
'0:06.246',3.23
'0:06.250',3.71
'0:06.254',4.07
'0:06.258',4.27
'0:06.262',4.52
'0:06.266',4.85
'0:06.270',5.07
'0:06.273',5.32
'0:06.277',5.56
'0:06.281',5.62
'0:06.285',5.41
'0:06.289',4.97
'0:06.293',4.68
'0:06.297',4.63
'0:06.301',4.61
'0:06.305',4.45
'0:06.309',4.19
'0:06.313',4.19
'0:06.316',4.35
'0:06.320',4.64
'0:06.324',4.7
'0:06.328',4.58
'0:06.332',4.29
'0:06.336',3.95
'0:06.340',3.55
'0:06.344',3.1
'0:06.348',2.61
'0:06.352',2.14
'0:06.355',1.39
'0:06.359',0.5
'0:06.363',-0.43
'0:06.367',-1.03
'0:06.371',-1.57
'0:06.375',-1.94
'0:06.379',-2.1
'0:06.383',-2.21
'0:06.387',-2.28
'0:06.391',-2.22
'0:06.395',-2.17
'0:06.398',-2.46
'0:06.402',-3.27
'0:06.406',-4.25
'0:06.410',-4.89
'0:06.414',-4.38
'0:06.418',-2.4
'0:06.422',1.12
'0:06.426',5.57
'0:06.430',10.77
'0:06.434',16.46
'0:06.438',20.45
'0:06.441',19.87
'0:06.445',14.76
'0:06.449',7.79
'0:06.453',0.68
'0:06.457',-5.3
'0:06.461',-9.57
'0:06.465',-12.09
'0:06.469',-13.14
'0:06.473',-13.17
'0:06.477',-12.3
'0:06.480',-10.88
'0:06.484',-9.38
'0:06.488',-8.14
'0:06.492',-7.2
'0:06.496',-6.49
'0:06.500',-5.88
'0:06.504',-5.32
'0:06.508',-4.76
'0:06.512',-4.4
'0:06.516',-4.18
'0:06.520',-3.84
'0:06.523',-3.58
'0:06.527',-3.42
'0:06.531',-3.15
'0:06.535',-2.89
'0:06.539',-2.72
'0:06.543',-2.47
'0:06.547',-2.31
'0:06.551',-2.27
'0:06.555',-2.14
'0:06.559',-1.94
'0:06.563',-1.65
'0:06.566',-1.37
'0:06.570',-1.07
'0:06.574',-0.82
'0:06.578',-0.52
'0:06.582',-0.28
'0:06.586',0.04
'0:06.590',0.53
'0:06.594',0.93
'0:06.598',1.06
'0:06.602',1.21
'0:06.605',1.21
'0:06.609',1.06
'0:06.613',1.03
'0:06.617',0.97
'0:06.621',0.67
'0:06.625',0.34
'0:06.629',0.07
'0:06.633',-0.1
'0:06.637',-0.22
'0:06.641',-0.32
'0:06.645',-0.33
'0:06.648',0.01
'0:06.652',0.49
'0:06.656',0.81
'0:06.660',0.98
'0:06.664',0.97
'0:06.668',0.95
'0:06.672',0.92
'0:06.676',0.72
'0:06.680',0.42
'0:06.684',0.14
'0:06.688',-0.25
'0:06.691',-0.71
'0:06.695',-1.1
'0:06.699',-1.5
'0:06.703',-1.96
'0:06.707',-2.31
'0:06.711',-2.49
'0:06.715',-2.58
'0:06.719',-2.43
'0:06.723',-2.33
'0:06.727',-2.41
'0:06.730',-2.76
'0:06.734',-3.22
'0:06.738',-3.74
'0:06.742',-3.79
'0:06.746',-3.08
'0:06.750',-1.06
'0:06.754',2.36
'0:06.758',6.8
'0:06.762',12.07
'0:06.766',17.79
'0:06.770',22.11
'0:06.773',22.03
'0:06.777',17.45
'0:06.781',10.72
'0:06.785',3.59
'0:06.789',-2.37
'0:06.793',-6.37
'0:06.797',-8.77
'0:06.801',-10.17
'0:06.805',-10.47
'0:06.809',-9.79
'0:06.813',-8.62
'0:06.816',-7.43
'0:06.820',-6.44
'0:06.824',-5.69
'0:06.828',-5.22
'0:06.832',-4.99
'0:06.836',-4.82
'0:06.840',-4.7
'0:06.844',-4.63
'0:06.848',-4.48
'0:06.852',-4.33
'0:06.855',-4.21
'0:06.859',-4.21
'0:06.863',-4.31
'0:06.867',-4.31
'0:06.871',-4.26
'0:06.875',-4.21
'0:06.879',-4.14
'0:06.883',-4.02
'0:06.887',-3.9
'0:06.891',-3.79
'0:06.895',-3.6
'0:06.898',-3.22
'0:06.902',-2.69
'0:06.906',-2.1
'0:06.910',-1.37
'0:06.914',-0.56
'0:06.918',0.19
'0:06.922',0.9
'0:06.926',1.65
'0:06.930',2.46
'0:06.934',3.18
'0:06.938',3.79
'0:06.941',4.06
'0:06.945',3.97
'0:06.949',3.62
'0:06.953',3.08
'0:06.957',2.71
'0:06.961',2.61
'0:06.965',2.62
'0:06.969',2.48
'0:06.973',2.36
'0:06.977',2.4
'0:06.980',2.56
'0:06.984',2.61
'0:06.988',2.64
'0:06.992',2.6
'0:06.996',2.48
'0:07.000',2.19
'0:07.004',1.7
'0:07.008',0.96
'0:07.012',0.13
'0:07.016',-0.59
'0:07.020',-1.23
'0:07.023',-1.81
'0:07.027',-2.3
'0:07.031',-2.69
'0:07.035',-3.08
'0:07.039',-3.37
'0:07.043',-3.41
'0:07.047',-3.34
'0:07.051',-3.34
'0:07.055',-3.48
'0:07.059',-3.86
'0:07.063',-4.75
'0:07.066',-5.85
'0:07.070',-6.24
'0:07.074',-5.13
'0:07.078',-2.17
'0:07.082',2.15
'0:07.086',7.54
'0:07.090',13.83
'0:07.094',20.26
'0:07.098',24.16
'0:07.102',22.52
'0:07.105',16.12
'0:07.109',7.66
'0:07.113',-0.12
'0:07.117',-5.5
'0:07.121',-8.7
'0:07.125',-10.21
'0:07.129',-10.15
'0:07.133',-9.23
'0:07.137',-8.2
'0:07.141',-7.09
'0:07.145',-6.11
'0:07.148',-5.36
'0:07.152',-4.73
'0:07.156',-4.08
'0:07.160',-3.58
'0:07.164',-3.31
'0:07.168',-3.14
'0:07.172',-2.96
'0:07.176',-2.76
'0:07.180',-2.55
'0:07.184',-2.48
'0:07.188',-2.51
'0:07.191',-2.53
'0:07.195',-2.48
'0:07.199',-2.48
'0:07.203',-2.42
'0:07.207',-2.36
'0:07.211',-2.31
'0:07.215',-2.15
'0:07.219',-1.92
'0:07.223',-1.75
'0:07.227',-1.53
'0:07.230',-1.2
'0:07.234',-0.83
'0:07.238',-0.5
'0:07.242',-0.07
'0:07.246',0.34
'0:07.250',0.72
'0:07.254',1.14
'0:07.258',1.6
'0:07.262',2.03
'0:07.266',2.48
'0:07.270',2.79
'0:07.273',2.89
'0:07.277',2.77
'0:07.281',2.51
'0:07.285',2.27
'0:07.289',2.2
'0:07.293',2.01
'0:07.297',2.03
'0:07.301',2.08
'0:07.305',2.35
'0:07.309',2.7
'0:07.313',3.04
'0:07.316',3.23
'0:07.320',3.27
'0:07.324',3.32
'0:07.328',3.44
'0:07.332',3.39
'0:07.336',3.27
'0:07.340',2.91
'0:07.344',2.25
'0:07.348',1.51
'0:07.352',0.81
'0:07.355',0.13
'0:07.359',-0.51
'0:07.363',-1.06
'0:07.367',-1.47
'0:07.371',-1.73
'0:07.375',-1.92
'0:07.379',-2.03
'0:07.383',-2.19
'0:07.387',-2.31
'0:07.391',-2.49
'0:07.395',-2.87
'0:07.398',-3.71
'0:07.402',-4.67
'0:07.406',-4.91
'0:07.410',-3.51
'0:07.414',-0.3
'0:07.418',4.19
'0:07.422',9.4
'0:07.426',15.24
'0:07.430',20.7
'0:07.434',22.76
'0:07.438',19.51
'0:07.441',12.57
'0:07.445',4.73
'0:07.449',-2.48
'0:07.453',-7.62
'0:07.457',-10.48
'0:07.461',-11.83
'0:07.465',-12.04
'0:07.469',-11.07
'0:07.473',-9.45
'0:07.477',-7.72
'0:07.480',-6.08
'0:07.484',-4.41
'0:07.488',-2.98
'0:07.492',-1.95
'0:07.496',-1.34
'0:07.500',-1.29
'0:07.504',-1.19
'0:07.508',-0.99
'0:07.512',-0.64
'0:07.516',-0.28
'0:07.520',-0.19
'0:07.523',0.01
'0:07.527',0.54
'0:07.531',0.96
'0:07.535',1.27
'0:07.539',1.6
'0:07.543',1.99
'0:07.547',2.37
'0:07.551',2.6
'0:07.555',2.87
'0:07.559',3.18
'0:07.563',3.62
'0:07.566',4.17
'0:07.570',4.87
'0:07.574',5.26
'0:07.578',5.37
'0:07.582',5.51
'0:07.586',5.63
'0:07.590',5.7
'0:07.594',5.88
'0:07.598',6
'0:07.602',6.07
'0:07.605',5.9
'0:07.609',5.3
'0:07.613',4.63
'0:07.617',3.9
'0:07.621',3.13
'0:07.625',2.65
'0:07.629',2.34
'0:07.633',2.12
'0:07.637',1.9
'0:07.641',1.85
'0:07.645',1.93
'0:07.648',1.88
'0:07.652',1.82
'0:07.656',1.73
'0:07.660',1.68
'0:07.664',1.54
'0:07.668',1.22
'0:07.672',0.85
'0:07.676',0.23
'0:07.680',-0.35
'0:07.684',-0.97
'0:07.688',-1.74
'0:07.691',-2.6
'0:07.695',-3.27
'0:07.699',-3.65
'0:07.703',-3.92
'0:07.707',-3.99
'0:07.711',-3.94
'0:07.715',-4.09
'0:07.719',-4.34
'0:07.723',-4.52
'0:07.727',-4.9
'0:07.730',-5.57
'0:07.734',-6.29
'0:07.738',-6.82
'0:07.742',-6.28
'0:07.746',-4.43
'0:07.750',-1.38
'0:07.754',2.65
'0:07.758',7.59
'0:07.762',13.15
'0:07.766',16.61
'0:07.770',15.38
'0:07.773',10.11
'0:07.777',3.49
'0:07.781',-2.82
'0:07.785',-7.88
'0:07.789',-11.15
'0:07.793',-12.84
'0:07.797',-13.57
'0:07.801',-13.42
'0:07.805',-12.37
'0:07.809',-10.82
'0:07.813',-9.34
'0:07.816',-7.87
'0:07.820',-6.24
'0:07.824',-4.73
'0:07.828',-3.58
'0:07.832',-2.85
'0:07.836',-2.24
'0:07.840',-1.38
'0:07.844',-0.41
'0:07.848',0.42
'0:07.852',1.14
'0:07.855',1.79
'0:07.859',2.42
'0:07.863',3.15
'0:07.867',3.92
'0:07.871',4.39
'0:07.875',4.84
'0:07.879',5.43
'0:07.883',5.91
'0:07.887',6.2
'0:07.891',6.23
'0:07.895',6.22
'0:07.898',6.12
'0:07.902',5.86
'0:07.906',5.43
'0:07.910',4.99
'0:07.914',4.63
'0:07.918',4.46
'0:07.922',4.46
'0:07.926',4.64
'0:07.930',5.02
'0:07.934',5.47
'0:07.938',5.78
'0:07.941',5.86
'0:07.945',5.62
'0:07.949',5.05
'0:07.953',4.18
'0:07.957',3.12
'0:07.961',2.1
'0:07.965',1.34
'0:07.969',0.8
'0:07.973',0.49
'0:07.977',0.23
'0:07.980',0.02
'0:07.984',-0.07
'0:07.988',-0.03
'0:07.992',0.01
'0:07.996',-0.22
'0:08.000',-0.63
'0:08.004',-1.16
'0:08.008',-1.76
'0:08.012',-2.35
'0:08.016',-2.99
'0:08.020',-3.62
'0:08.023',-4.26
'0:08.027',-4.87
'0:08.031',-5.32
'0:08.035',-5.63
'0:08.039',-5.83
'0:08.043',-5.92
'0:08.047',-5.86
'0:08.051',-5.87
'0:08.055',-6.2
'0:08.059',-6.89
'0:08.063',-7.85
'0:08.066',-8.47
'0:08.070',-7.96
'0:08.074',-5.85
'0:08.078',-2.25
'0:08.082',2.3
'0:08.086',7.72
'0:08.090',13.75
'0:08.094',18.48
'0:08.098',18.35
'0:08.102',13.34
'0:08.105',5.86
'0:08.109',-1.71
'0:08.113',-7.7
'0:08.117',-11.42
'0:08.121',-13.28
'0:08.125',-13.73
'0:08.129',-13.02
'0:08.133',-11.9
'0:08.137',-10.66
'0:08.141',-9.44
'0:08.145',-8.3
'0:08.148',-7.52
'0:08.152',-6.98
'0:08.156',-6.63
'0:08.160',-6.29
'0:08.164',-5.98
'0:08.168',-5.68
'0:08.172',-5.39
'0:08.176',-5.23
'0:08.180',-5.28
'0:08.184',-5.39
'0:08.188',-5.39
'0:08.191',-5.22
'0:08.195',-4.99
'0:08.199',-4.92
'0:08.203',-4.92
'0:08.207',-4.94
'0:08.211',-4.71
'0:08.215',-4.39
'0:08.219',-4.05
'0:08.223',-3.68
'0:08.227',-3.22
'0:08.230',-2.86
'0:08.234',-2.52
'0:08.238',-2.08
'0:08.242',-1.49
'0:08.246',-0.82
'0:08.250',-0.14
'0:08.254',0.54
'0:08.258',1.3
'0:08.262',1.71
'0:08.266',1.78
'0:08.270',1.78
'0:08.273',1.99
'0:08.277',2.36
'0:08.281',2.57
'0:08.285',2.69
'0:08.289',2.78
'0:08.293',2.93
'0:08.297',3.14
'0:08.301',3.17
'0:08.305',3.13
'0:08.309',3.35
'0:08.313',3.51
'0:08.316',3.43
'0:08.320',3.2
'0:08.324',2.94
'0:08.328',2.54
'0:08.332',2.33
'0:08.336',2.17
'0:08.340',1.94
'0:08.344',1.45
'0:08.348',1.42
'0:08.352',1.38
'0:08.355',1.04
'0:08.359',0.69
'0:08.363',0.58
'0:08.367',0.36
'0:08.371',-0.05
'0:08.375',-0.42
'0:08.379',-0.52
'0:08.383',-0.35
'0:08.387',-0.31
'0:08.391',-0.71
'0:08.395',-1.79
'0:08.398',-3.11
'0:08.402',-3.54
'0:08.406',-2.19
'0:08.410',0.88
'0:08.414',5.24
'0:08.418',10.11
'0:08.422',15.63
'0:08.426',21.28
'0:08.430',23.93
'0:08.434',21.25
'0:08.438',14.86
'0:08.441',6.97
'0:08.445',-0.5
'0:08.449',-5.93
'0:08.453',-9.13
'0:08.457',-10.69
'0:08.461',-10.95
'0:08.465',-10.15
'0:08.469',-8.87
'0:08.473',-7.48
'0:08.477',-6.19
'0:08.480',-4.93
'0:08.484',-3.87
'0:08.488',-3.02
'0:08.492',-2.41
'0:08.496',-2.08
'0:08.500',-1.77
'0:08.504',-1.37
'0:08.508',-1.11
'0:08.512',-0.79
'0:08.516',-0.52
'0:08.520',-0.26
'0:08.523',-0.04
'0:08.527',0.08
'0:08.531',0.15
'0:08.535',0.18
'0:08.539',0.17
'0:08.543',0.45
'0:08.547',0.94
'0:08.551',1.56
'0:08.555',2.33
'0:08.559',3.34
'0:08.563',4.29
'0:08.566',4.91
'0:08.570',4.97
'0:08.574',4.7
'0:08.578',4.56
'0:08.582',4.65
'0:08.586',5.04
'0:08.590',5.57
'0:08.594',5.8
'0:08.598',5.8
'0:08.602',5.7
'0:08.605',5.43
'0:08.609',5.08
'0:08.613',4.63
'0:08.617',4.23
'0:08.621',3.84
'0:08.625',3.5
'0:08.629',3.34
'0:08.633',3.25
'0:08.637',3.37
'0:08.641',3.65
'0:08.645',4.08
'0:08.648',4.42
'0:08.652',4.53
'0:08.656',4.54
'0:08.660',4.52
'0:08.664',4.26
'0:08.668',3.79
'0:08.672',3.28
'0:08.676',2.64
'0:08.680',1.93
'0:08.684',1.07
'0:08.688',0.4
'0:08.691',0.04
'0:08.695',-0.38
'0:08.699',-0.86
'0:08.703',-1.16
'0:08.707',-1.33
'0:08.711',-1.48
'0:08.715',-1.43
'0:08.719',-1.52
'0:08.723',-1.92
'0:08.727',-2.64
'0:08.730',-3.79
'0:08.734',-4.66
'0:08.738',-4.34
'0:08.742',-2.49
'0:08.746',0.84
'0:08.750',5.22
'0:08.754',10.43
'0:08.758',16.33
'0:08.762',21
'0:08.766',21.07
'0:08.770',16.42
'0:08.773',9.15
'0:08.777',1.78
'0:08.781',-4.39
'0:08.785',-8.72
'0:08.789',-11.05
'0:08.793',-12.25
'0:08.797',-12.56
'0:08.801',-11.87
'0:08.805',-10.58
'0:08.809',-9.13
'0:08.813',-7.81
'0:08.816',-6.71
'0:08.820',-5.89
'0:08.824',-5.09
'0:08.828',-4.54
'0:08.832',-4.19
'0:08.836',-3.81
'0:08.840',-3.51
'0:08.844',-3.24
'0:08.848',-2.98
'0:08.852',-2.7
'0:08.855',-2.42
'0:08.859',-2.22
'0:08.863',-2.15
'0:08.867',-2.08
'0:08.871',-1.87
'0:08.875',-1.67
'0:08.879',-1.55
'0:08.883',-1.35
'0:08.887',-1.25
'0:08.891',-1.11
'0:08.895',-0.87
'0:08.898',-0.64
'0:08.902',-0.27
'0:08.906',0.12
'0:08.910',0.52
'0:08.914',1.04
'0:08.918',1.58
'0:08.922',1.98
'0:08.926',2.19
'0:08.930',2.22
'0:08.934',2.13
'0:08.938',1.97
'0:08.941',1.77
'0:08.945',1.46
'0:08.949',1.23
'0:08.953',1.14
'0:08.957',1.1
'0:08.961',1.05
'0:08.965',0.93
'0:08.969',0.82
'0:08.973',0.79
'0:08.977',0.98
'0:08.980',1.15
'0:08.984',1.15
'0:08.988',1.17
'0:08.992',1
'0:08.996',0.69
'0:09.000',0.21
'0:09.004',-0.38
'0:09.008',-0.92
'0:09.012',-1.54
'0:09.016',-2.44
'0:09.020',-3.34
'0:09.023',-4.06
'0:09.027',-4.67
'0:09.031',-5.12
'0:09.035',-5.15
'0:09.039',-4.99
'0:09.043',-4.99
'0:09.047',-5.08
'0:09.051',-5.13
'0:09.055',-5.31
'0:09.059',-5.78
'0:09.063',-6.51
'0:09.066',-6.86
'0:09.070',-6.09
'0:09.074',-3.94
'0:09.078',-0.39
'0:09.082',4.17
'0:09.086',9.16
'0:09.090',14.7
'0:09.094',19.57
'0:09.098',20.72
'0:09.102',17.03
'0:09.105',10.24
'0:09.109',2.75
'0:09.113',-4.06
'0:09.117',-7.51
'0:09.121',-10.84
'0:09.125',-12.37
'0:09.129',-12.7
'0:09.133',-11.98
'0:09.137',-10.51
'0:09.141',-8.82
'0:09.145',-7.23
'0:09.148',-5.88
'0:09.152',-4.94
'0:09.156',-4.39
'0:09.160',-3.75
'0:09.164',-2.85
'0:09.168',-2.09
'0:09.172',-1.58
'0:09.176',-1.46
'0:09.180',-1.4
'0:09.184',-1.22
'0:09.188',-1.12
'0:09.191',-0.84
'0:09.195',-0.52
'0:09.199',-0.32
'0:09.203',-0.35
'0:09.207',-0.53
'0:09.211',-0.58
'0:09.215',-0.68
'0:09.219',-0.87
'0:09.223',-0.99
'0:09.227',-0.81
'0:09.230',-0.55
'0:09.234',-0.3
'0:09.238',-0.02
'0:09.242',0.26
'0:09.246',0.6
'0:09.250',0.89
'0:09.254',1.26
'0:09.258',1.6
'0:09.262',1.85
'0:09.266',1.86
'0:09.270',1.75
'0:09.273',1.43
'0:09.277',1.04
'0:09.281',0.73
'0:09.285',0.55
'0:09.289',0.5
'0:09.293',0.41
'0:09.297',0.32
'0:09.301',0.35
'0:09.305',0.35
'0:09.309',0.31
'0:09.313',0.21
'0:09.316',0.16
'0:09.320',0.05
'0:09.324',-0.15
'0:09.328',-0.47
'0:09.332',-0.69
'0:09.336',-0.83
'0:09.340',-0.99
'0:09.344',-1
'0:09.348',-1.08
'0:09.352',-1.21
'0:09.355',-1.22
'0:09.359',-1.23
'0:09.363',-1.45
'0:09.367',-1.79
'0:09.371',-2.15
'0:09.375',-2.48
'0:09.379',-2.71
'0:09.383',-3.07
'0:09.387',-3.76
'0:09.391',-4.88
'0:09.395',-5.88
'0:09.398',-6.02
'0:09.402',-4.62
'0:09.406',-1.66
'0:09.410',2.31
'0:09.414',7.22
'0:09.418',13.03
'0:09.422',18.77
'0:09.426',21.63
'0:09.430',19.38
'0:09.434',13.09
'0:09.438',5.2
'0:09.441',-2
'0:09.445',-7.06
'0:09.449',-9.89
'0:09.453',-11.05
'0:09.457',-10.87
'0:09.461',-9.92
'0:09.465',-8.65
'0:09.469',-7.26
'0:09.473',-5.94
'0:09.477',-4.86
'0:09.480',-4.07
'0:09.484',-3.53
'0:09.488',-3.18
'0:09.492',-2.95
'0:09.496',-2.66
'0:09.500',-2.37
'0:09.504',-2.03
'0:09.508',-1.68
'0:09.512',-1.48
'0:09.516',-1.28
'0:09.520',-1.08
'0:09.523',-0.85
'0:09.527',-0.69
'0:09.531',-0.6
'0:09.535',-0.62
'0:09.539',-0.7
'0:09.543',-0.73
'0:09.547',-0.68
'0:09.551',-0.48
'0:09.555',-0.18
'0:09.559',0.29
'0:09.563',0.85
'0:09.566',1.43
'0:09.570',1.99
'0:09.574',2.64
'0:09.578',3.31
'0:09.582',4.05
'0:09.586',4.8
'0:09.590',5.34
'0:09.594',5.71
'0:09.598',5.93
'0:09.602',6
'0:09.605',5.87
'0:09.609',5.63
'0:09.613',5.43
'0:09.617',5.16
'0:09.621',4.84
'0:09.625',4.53
'0:09.629',4.18
'0:09.633',3.87
'0:09.637',3.86
'0:09.641',3.97
'0:09.645',3.95
'0:09.648',3.88
'0:09.652',3.86
'0:09.656',3.75
'0:09.660',3.73
'0:09.664',2.96
'0:09.668',2.34
'0:09.672',1.65
'0:09.676',1.09
'0:09.680',0.52
'0:09.684',-0.04
'0:09.688',-0.56
'0:09.691',-0.98
'0:09.695',-1.27
'0:09.699',-1.46
'0:09.703',-1.51
'0:09.707',-1.51
'0:09.711',-1.46
'0:09.715',-1.65
'0:09.719',-2.11
'0:09.723',-2.84
'0:09.727',-3.58
'0:09.730',-3.92
'0:09.734',-3.14
'0:09.738',-0.63
'0:09.742',3.4
'0:09.746',8.38
'0:09.750',14.07
'0:09.754',19.85
'0:09.758',23.34
'0:09.762',21.62
'0:09.766',15.36
'0:09.770',7.26
'0:09.773',-0.46
'0:09.777',-6.43
'0:09.781',-10.19
'0:09.785',-12.18
'0:09.789',-12.92
'0:09.793',-12.67
'0:09.797',-11.81
'0:09.801',-10.51
'0:09.805',-9.16
'0:09.809',-8.11
'0:09.813',-8.11
'0:09.816',-5.74
'0:09.820',-4.88
'0:09.824',-4.42
'0:09.828',-4.14
'0:09.832',-3.67
'0:09.836',-3.42
'0:09.840',-3.09
'0:09.844',-2.95
'0:09.848',-2.89
'0:09.852',-2.84
'0:09.855',-2.61
'0:09.859',-2.37
'0:09.863',-2.03
'0:09.867',-1.66
'0:09.871',-1.35
'0:09.875',-1.05
'0:09.879',-0.78
'0:09.883',-0.74
'0:09.887',-0.45
'0:09.891',0.05
'0:09.895',0.47
'0:09.898',0.88
'0:09.902',1.19
'0:09.906',1.66
'0:09.910',2.36
'0:09.914',3.22
'0:09.918',3.99
'0:09.922',4.44
'0:09.926',4.58
'0:09.930',4.59
'0:09.934',4.63
'0:09.938',4.52
'0:09.941',4.25
'0:09.945',4.13
'0:09.949',4.1
'0:09.953',4.23
'0:09.957',4.36
'0:09.961',4.47
'0:09.965',4.51
'0:09.969',4.69
'0:09.973',4.99
'0:09.977',5.27
'0:09.980',5.19
'0:09.984',4.94
'0:09.988',4.74
'0:09.992',4.33
'0:09.996',3.76
'0:10.000',3.18
'0:10.004',2.5
'0:10.008',1.8
'0:10.012',1.01
'0:10.016',0.07
'0:10.020',-0.82
'0:10.023',-1.57
'0:10.027',-2.21
'0:10.031',-2.78
'0:10.035',-3.17
'0:10.039',-3.44
'0:10.043',-3.56
'0:10.047',-3.71
'0:10.051',-3.9
'0:10.055',-4.31
'0:10.059',-4.96
'0:10.063',-5.67
'0:10.066',-5.93
'0:10.070',-5.2
'0:10.074',-3.04
'0:10.078',0.53
'0:10.082',4.96
'0:10.086',10.01
'0:10.090',15.4
'0:10.094',18.91
'0:10.098',17.85
'0:10.102',12.59
'0:10.105',5.64
'0:10.109',-1.28
'0:10.113',-7
'0:10.117',-10.7
'0:10.121',-12.66
'0:10.125',-13.62
'0:10.129',-13.52
'0:10.133',-12.6
'0:10.137',-11.23
'0:10.141',-9.98
'0:10.145',-9.05
'0:10.148',-8.46
'0:10.152',-8.18
'0:10.156',-8.06
'0:10.160',-8.06
'0:10.164',-8.06
'0:10.168',-8.1
'0:10.172',-7.92
'0:10.176',-7.53
'0:10.180',-6.89
'0:10.184',-6.14
'0:10.188',-5.53
'0:10.191',-4.85
'0:10.195',-4.51
'0:10.199',-4.04
'0:10.203',-3.41
'0:10.207',-2.67
'0:10.211',-2.1
'0:10.215',-1.54
'0:10.219',-1.05
'0:10.223',-0.47
'0:10.227',0.18
'0:10.230',0.89
'0:10.234',1.65
'0:10.238',2.5
'0:10.242',3.43
'0:10.246',4.53
'0:10.250',5.57
'0:10.254',6.31
'0:10.258',6.86
'0:10.262',7.2
'0:10.266',7.35
'0:10.270',7.41
'0:10.273',7.35
'0:10.277',7.15
'0:10.281',6.9
'0:10.285',6.8
'0:10.289',6.41
'0:10.293',6.31
'0:10.297',6.55
'0:10.301',6.66
'0:10.305',6.4
'0:10.309',5.99
'0:10.313',5.61
'0:10.316',5.19
'0:10.320',4.58
'0:10.324',3.73
'0:10.328',2.88
'0:10.332',1.97
'0:10.336',0.97
'0:10.340',0.03
'0:10.344',-0.81
'0:10.348',-1.37
'0:10.352',-1.66
'0:10.355',-1.78
'0:10.359',-2.04
'0:10.363',-2.19
'0:10.367',-2.15
'0:10.371',-2.09
'0:10.375',-2.17
'0:10.379',-2.57
'0:10.383',-3.34
'0:10.387',-4.44
'0:10.391',-5.63
'0:10.395',-6.1
'0:10.398',-5.18
'0:10.402',-2.5
'0:10.406',1.35
'0:10.410',6.05
'0:10.414',11.63
'0:10.418',17.28
'0:10.422',20.18
'0:10.426',17.59
'0:10.430',10.56
'0:10.434',2.08
'0:10.438',-5.52
'0:10.441',-10.8
'0:10.445',-13.85
'0:10.449',-15.03
'0:10.453',-14.85
'0:10.457',-13.91
'0:10.461',-12.73
'0:10.465',-11.5
'0:10.469',-10.39
'0:10.473',-9.46
'0:10.477',-8.62
'0:10.480',-7.99
'0:10.484',-7.48
'0:10.488',-7.05
'0:10.492',-6.61
'0:10.496',-6.17
'0:10.500',-5.76
'0:10.504',-5.45
'0:10.508',-5.19
'0:10.512',-4.83
'0:10.516',-4.39
'0:10.520',-4.11
'0:10.523',-3.81
'0:10.527',-3.39
'0:10.531',-3.16
'0:10.535',-3.07
'0:10.539',-2.99
'0:10.543',-2.77
'0:10.547',-2.6
'0:10.551',-2.47
'0:10.555',-2.14
'0:10.559',-1.61
'0:10.563',-1.07
'0:10.566',-0.57
'0:10.570',-0.15
'0:10.574',0.37
'0:10.578',0.91
'0:10.582',1.4
'0:10.586',1.61
'0:10.590',1.56
'0:10.594',1.53
'0:10.598',1.23
'0:10.602',0.75
'0:10.605',0.34
'0:10.609',0.15
'0:10.613',0.11
'0:10.617',0.18
'0:10.621',0.15
'0:10.625',0.05
'0:10.629',0.13
'0:10.633',0.33
'0:10.637',0.44
'0:10.641',0.47
'0:10.645',0.55
'0:10.648',0.63
'0:10.652',0.66
'0:10.656',0.59
'0:10.660',0.59
'0:10.664',0.61
'0:10.668',0.59
'0:10.672',0.52
'0:10.676',0.23
'0:10.680',0
'0:10.684',-0.24
'0:10.688',-0.31
'0:10.691',-0.11
'0:10.695',0.16
'0:10.699',0.41
'0:10.703',0.86
'0:10.707',1.35
'0:10.711',1.46
'0:10.715',1.3
'0:10.719',0.82
'0:10.723',-0.08
'0:10.727',-1.17
'0:10.730',-1.93
'0:10.734',-1.47
'0:10.738',0.6
'0:10.742',4.35
'0:10.746',9.25
'0:10.750',14.93
'0:10.754',21.03
'0:10.758',25.84
'0:10.762',25.89
'0:10.766',20.87
'0:10.770',13.09
'0:10.773',5.05
'0:10.777',-1.57
'0:10.781',-5.92
'0:10.785',-8.2
'0:10.789',-9.06
'0:10.793',-8.92
'0:10.797',-7.94
'0:10.801',-6.36
'0:10.805',-4.75
'0:10.809',-3.5
'0:10.813',-2.68
'0:10.816',-2.12
'0:10.820',-1.68
'0:10.824',-1.43
'0:10.828',-1.1
'0:10.832',-0.82
'0:10.836',-0.6
'0:10.840',-0.48
'0:10.844',-0.48
'0:10.848',-0.43
'0:10.852',-0.37
'0:10.855',-0.36
'0:10.859',-0.31
'0:10.863',-0.24
'0:10.867',-0.13
'0:10.871',-0.02
'0:10.875',0.09
'0:10.879',0.28
'0:10.883',0.32
'0:10.887',0.47
'0:10.891',0.72
'0:10.895',0.91
'0:10.898',1.18
'0:10.902',1.48
'0:10.906',1.84
'0:10.910',2.12
'0:10.914',2.39
'0:10.918',2.7
'0:10.922',3.06
'0:10.926',3.37
'0:10.930',3.67
'0:10.934',4.07
'0:10.938',4.64
'0:10.941',5.35
'0:10.945',5.82
'0:10.949',5.29
'0:10.953',4.16
'0:10.957',3.41
'0:10.961',3.12
'0:10.965',3.12
'0:10.969',3.17
'0:10.973',3.28
'0:10.977',3.39
'0:10.980',3.33
'0:10.984',3.17
'0:10.988',2.95
'0:10.992',2.87
'0:10.996',2.65
'0:11.000',2.28
'0:11.004',1.76
'0:11.008',1.18
'0:11.012',0.46
'0:11.016',-0.37
'0:11.020',-1.22
'0:11.023',-1.81
'0:11.027',-2.11
'0:11.031',-2.42
'0:11.035',-2.6
'0:11.039',-2.52
'0:11.043',-2.43
'0:11.047',-2.38
'0:11.051',-2.5
'0:11.055',-2.92
'0:11.059',-3.55
'0:11.063',-3.98
'0:11.066',-3.88
'0:11.070',-2.94
'0:11.074',-0.43
'0:11.078',3.55
'0:11.082',8.4
'0:11.086',14.07
'0:11.090',19.84
'0:11.094',22.46
'0:11.098',19.98
'0:11.102',13.72
'0:11.105',6.53
'0:11.109',-0.02
'0:11.113',-5.01
'0:11.117',-8.37
'0:11.121',-10.24
'0:11.125',-11
'0:11.129',-10.94
'0:11.133',-10.22
'0:11.137',-9.06
'0:11.141',-7.81
'0:11.145',-6.53
'0:11.148',-5.56
'0:11.152',-4.92
'0:11.156',-4.51
'0:11.160',-4.09
'0:11.164',-3.65
'0:11.168',-3.34
'0:11.172',-3.21
'0:11.176',-3
'0:11.180',-2.62
'0:11.184',-2.35
'0:11.188',-1.98
'0:11.191',-1.69
'0:11.195',-1.53
'0:11.199',-1.28
'0:11.203',-1.07
'0:11.207',-0.97
'0:11.211',-0.86
'0:11.215',-0.72
'0:11.219',-0.44
'0:11.223',-0.11
'0:11.227',0.29
'0:11.230',0.79
'0:11.234',1.21
'0:11.238',1.63
'0:11.242',2.02
'0:11.246',2.32
'0:11.250',2.55
'0:11.254',2.81
'0:11.258',2.95
'0:11.262',2.98
'0:11.266',2.81
'0:11.270',2.52
'0:11.273',2.18
'0:11.277',1.84
'0:11.281',1.63
'0:11.285',1.43
'0:11.289',1.35
'0:11.293',1.32
'0:11.297',1.42
'0:11.301',1.52
'0:11.305',1.54
'0:11.309',1.51
'0:11.313',1.54
'0:11.316',1.57
'0:11.320',1.66
'0:11.324',1.62
'0:11.328',1.37
'0:11.332',0.91
'0:11.336',0.36
'0:11.340',-0.16
'0:11.344',-0.76
'0:11.348',-1.56
'0:11.352',-2.25
'0:11.355',-2.68
'0:11.359',-3.05
'0:11.363',-3.34
'0:11.367',-3.59
'0:11.371',-3.84
'0:11.375',-4.06
'0:11.379',-4.01
'0:11.383',-4.2
'0:11.387',-4.82
'0:11.391',-5.84
'0:11.395',-6.93
'0:11.398',-7.33
'0:11.402',-6.42
'0:11.406',-3.95
'0:11.410',-0.16
'0:11.414',4.5
'0:11.418',9.96
'0:11.422',15.32
'0:11.426',17.91
'0:11.430',15.64
'0:11.434',9.44
'0:11.438',1.87
'0:11.441',-5.15
'0:11.445',-10.2
'0:11.449',-13.07
'0:11.453',-14.36
'0:11.457',-14.37
'0:11.461',-13.31
'0:11.465',-11.61
'0:11.469',-9.6
'0:11.473',-7.67
'0:11.477',-5.95
'0:11.480',-4.66
'0:11.484',-3.64
'0:11.488',-2.84
'0:11.492',-2.22
'0:11.496',-2
'0:11.500',-2.28
'0:11.504',-2.67
'0:11.508',-3.07
'0:11.512',-3.46
'0:11.516',-3.59
'0:11.520',-3.48
'0:11.523',-3.32
'0:11.527',-3.12
'0:11.531',-2.84
'0:11.535',-2.58
'0:11.539',-2.27
'0:11.543',-1.84
'0:11.547',-1.45
'0:11.551',-1.18
'0:11.555',-0.91
'0:11.559',-0.38
'0:11.563',0.41
'0:11.566',1.35
'0:11.570',2.38
'0:11.574',3.25
'0:11.578',3.83
'0:11.582',4.39
'0:11.586',4.91
'0:11.590',5.27
'0:11.594',5.42
'0:11.598',5.26
'0:11.602',4.96
'0:11.605',4.42
'0:11.609',3.89
'0:11.613',3.42
'0:11.617',3.18
'0:11.621',3.02
'0:11.625',2.85
'0:11.629',2.65
'0:11.633',2.51
'0:11.637',2.43
'0:11.641',2.22
'0:11.645',1.95
'0:11.648',1.77
'0:11.652',1.51
'0:11.656',1.16
'0:11.660',0.69
'0:11.664',-0.07
'0:11.668',-0.95
'0:11.672',-1.71
'0:11.676',-2.43
'0:11.680',-3.13
'0:11.684',-3.64
'0:11.688',-4.01
'0:11.691',-4.27
'0:11.695',-4.45
'0:11.699',-4.4
'0:11.703',-4.13
'0:11.707',-3.76
'0:11.711',-3.93
'0:11.715',-4.72
'0:11.719',-5.91
'0:11.723',-6.76
'0:11.727',-6.55
'0:11.730',-5.83
'0:11.734',-3.13
'0:11.738',0.82
'0:11.742',5.55
'0:11.746',11.15
'0:11.750',16.99
'0:11.754',20.61
'0:11.758',19.14
'0:11.762',13.3
'0:11.766',5.53
'0:11.770',-2.04
'0:11.773',-7.63
'0:11.777',-10.83
'0:11.781',-12.01
'0:11.785',-11.57
'0:11.789',-10.27
'0:11.793',-8.85
'0:11.797',-7.55
'0:11.801',-6.39
'0:11.805',-5.4
'0:11.809',-4.77
'0:11.813',-4.34
'0:11.816',-4
'0:11.820',-3.62
'0:11.824',-3.06
'0:11.828',-2.59
'0:11.832',-2.32
'0:11.836',-1.95
'0:11.840',-1.52
'0:11.844',-1.01
'0:11.848',-0.56
'0:11.852',-0.21
'0:11.855',-0.06
'0:11.859',0.14
'0:11.863',0.42
'0:11.867',0.61
'0:11.871',0.58
'0:11.875',0.51
'0:11.879',0.6
'0:11.883',0.82
'0:11.887',1.2
'0:11.891',1.71
'0:11.895',2.26
'0:11.898',2.77
'0:11.902',3.32
'0:11.906',3.79
'0:11.910',4.07
'0:11.914',4.69
'0:11.918',4.96
'0:11.922',5.09
'0:11.926',5.15
'0:11.930',5.12
'0:11.934',5.03
'0:11.938',4.87
'0:11.941',4.85
'0:11.945',4.83
'0:11.949',4.64
'0:11.953',4.29
'0:11.957',4.1
'0:11.961',4.25
'0:11.965',4.47
'0:11.969',4.67
'0:11.973',4.83
'0:11.977',5.05
'0:11.980',5.27
'0:11.984',5.32
'0:11.988',5.24
'0:11.992',4.87
'0:11.996',4.32
'0:12.000',3.63
'0:12.004',2.77
'0:12.008',1.85
'0:12.012',1.07
'0:12.016',0.4
'0:12.020',-0.13
'0:12.023',-0.6
'0:12.027',-0.9
'0:12.031',-1.09
'0:12.035',-1.27
'0:12.039',-1.51
'0:12.043',-1.79
'0:12.047',-2.3
'0:12.051',-3.12
'0:12.055',-3.93
'0:12.059',-4.19
'0:12.063',-3.36
'0:12.066',-2.32
'0:12.070',1.04
'0:12.074',5.65
'0:12.078',11.04
'0:12.082',16.89
'0:12.086',21.82
'0:12.090',22.64
'0:12.094',18.41
'0:12.098',11.05
'0:12.102',3.13
'0:12.105',-3.61
'0:12.109',-8.21
'0:12.113',-10.78
'0:12.117',-11.93
'0:12.121',-12.14
'0:12.125',-11.48
'0:12.129',-10.18
'0:12.133',-8.66
'0:12.137',-7.2
'0:12.141',-6.04
'0:12.145',-5
'0:12.148',-4.38
'0:12.152',-3.93
'0:12.156',-3.65
'0:12.160',-3.35
'0:12.164',-3.13
'0:12.168',-2.94
'0:12.172',-2.78
'0:12.176',-2.72
'0:12.180',-2.6
'0:12.184',-2.34
'0:12.188',-2.11
'0:12.191',-2.04
'0:12.195',-1.94
'0:12.199',-1.74
'0:12.203',-1.88
'0:12.207',-2.01
'0:12.211',-1.62
'0:12.215',-1.35
'0:12.219',-1.16
'0:12.223',-0.99
'0:12.227',-0.79
'0:12.230',-0.44
'0:12.234',-0.03
'0:12.238',0.26
'0:12.242',0.35
'0:12.246',0.51
'0:12.250',0.65
'0:12.254',0.85
'0:12.258',1.31
'0:12.262',1.61
'0:12.266',1.58
'0:12.270',1.44
'0:12.273',1.17
'0:12.277',0.87
'0:12.281',0.74
'0:12.285',0.61
'0:12.289',0.52
'0:12.293',0.75
'0:12.297',1.3
'0:12.301',1.77
'0:12.305',2.03
'0:12.309',2.03
'0:12.313',1.94
'0:12.316',1.86
'0:12.320',1.78
'0:12.324',1.67
'0:12.328',1.45
'0:12.332',1.08
'0:12.336',0.87
'0:12.340',0.53
'0:12.344',-0.04
'0:12.348',-0.46
'0:12.352',-0.71
'0:12.355',-0.7
'0:12.359',-0.63
'0:12.363',-0.52
'0:12.367',-0.26
'0:12.371',0.13
'0:12.375',0.43
'0:12.379',0.57
'0:12.383',0.54
'0:12.387',0.01
'0:12.391',-0.78
'0:12.395',-1.26
'0:12.398',-0.61
'0:12.402',1.73
'0:12.406',5.45
'0:12.410',9.79
'0:12.414',14.58
'0:12.418',19.45
'0:12.422',21.89
'0:12.426',19.69
'0:12.430',13.71
'0:12.434',6.45
'0:12.438',-0.62
'0:12.441',-6.38
'0:12.445',-10.16
'0:12.449',-12.24
'0:12.453',-13.29
'0:12.457',-13.4
'0:12.461',-12.68
'0:12.465',-11.37
'0:12.469',-10.02
'0:12.473',-8.81
'0:12.477',-7.91
'0:12.480',-7.33
'0:12.484',-6.84
'0:12.488',-6.39
'0:12.492',-6.04
'0:12.496',-5.71
'0:12.500',-5.35
'0:12.504',-5.03
'0:12.508',-4.73
'0:12.512',-4.36
'0:12.516',-4
'0:12.520',-3.51
'0:12.523',-2.79
'0:12.527',-1.99
'0:12.531',-1.23
'0:12.535',-0.51
'0:12.539',0.1
'0:12.543',0.58
'0:12.547',0.71
'0:12.551',0.56
'0:12.555',0.24
'0:12.559',0
'0:12.563',-0.14
'0:12.566',-0.25
'0:12.570',-0.34
'0:12.574',-0.23
'0:12.578',0.15
'0:12.582',0.6
'0:12.586',0.95
'0:12.590',1.23
'0:12.594',1.45
'0:12.598',1.56
'0:12.602',1.57
'0:12.605',1.46
'0:12.609',1.24
'0:12.613',1.05
'0:12.617',0.9
'0:12.621',0.83
'0:12.625',0.96
'0:12.629',1.06
'0:12.633',1.06
'0:12.637',0.9
'0:12.641',1
'0:12.645',1.36
'0:12.648',1.67
'0:12.652',1.84
'0:12.656',1.93
'0:12.660',1.8
'0:12.664',1.47
'0:12.668',0.95
'0:12.672',0.22
'0:12.676',-0.55
'0:12.680',-1.21
'0:12.684',-1.67
'0:12.688',-1.93
'0:12.691',-2.04
'0:12.695',-2.02
'0:12.699',-1.76
'0:12.703',-1.33
'0:12.707',-0.89
'0:12.711',-0.78
'0:12.715',-1.15
'0:12.719',-2.11
'0:12.723',-3.07
'0:12.727',-2.97
'0:12.730',-1.45
'0:12.734',1.41
'0:12.738',5.41
'0:12.742',10.41
'0:12.746',16.12
'0:12.750',21.14
'0:12.754',22
'0:12.758',17.31
'0:12.762',9.27
'0:12.766',0.79
'0:12.770',-6.08
'0:12.773',-10.52
'0:12.777',-12.92
'0:12.781',-13.57
'0:12.785',-12.7
'0:12.789',-11.27
'0:12.793',-9.77
'0:12.797',-8.38
'0:12.801',-7.22
'0:12.805',-6.41
'0:12.809',-5.77
'0:12.813',-5.27
'0:12.816',-4.88
'0:12.820',-4.53
'0:12.824',-4.32
'0:12.828',-4.21
'0:12.832',-4.08
'0:12.836',-3.83
'0:12.840',-3.54
'0:12.844',-3.36
'0:12.848',-3.29
'0:12.852',-3.19
'0:12.855',-3.1
'0:12.859',-2.99
'0:12.863',-2.77
'0:12.867',-2.6
'0:12.871',-2.52
'0:12.875',-2.4
'0:12.879',-2.08
'0:12.883',-1.71
'0:12.887',-1.27
'0:12.891',-0.78
'0:12.895',-0.19
'0:12.898',0.41
'0:12.902',1.01
'0:12.906',1.5
'0:12.910',1.92
'0:12.914',2.31
'0:12.918',2.62
'0:12.922',2.68
'0:12.926',2.62
'0:12.930',2.49
'0:12.934',2.31
'0:12.938',1.98
'0:12.941',1.53
'0:12.945',1.06
'0:12.949',0.85
'0:12.953',0.86
'0:12.957',0.76
'0:12.961',0.64
'0:12.965',0.64
'0:12.969',0.82
'0:12.973',0.95
'0:12.977',0.96
'0:12.980',0.87
'0:12.984',0.7
'0:12.988',0.43
'0:12.992',0.26
'0:12.996',0.02
'0:13.000',-0.21
'0:13.004',-0.6
'0:13.008',-1.09
'0:13.012',-1.5
'0:13.016',-2.16
'0:13.020',-2.69
'0:13.023',-3
'0:13.027',-3.03
'0:13.031',-2.84
'0:13.035',-2.62
'0:13.039',-2.4
'0:13.043',-2.13
'0:13.047',-2.2
'0:13.051',-2.85
'0:13.055',-3.92
'0:13.059',-4.72
'0:13.063',-4.46
'0:13.066',-2.62
'0:13.070',1.13
'0:13.074',6.02
'0:13.078',10.97
'0:13.082',21.62
'0:13.086',25.73
'0:13.090',25.84
'0:13.094',22.04
'0:13.098',14.81
'0:13.102',11.09
'0:13.105',-0.08
'0:13.109',-4.82
'0:13.113',-4.89
'0:13.117',-4.89
'0:13.121',-4.9
'0:13.125',-6.86
'0:13.129',-5.39
'0:13.133',-3.76
'0:13.137',-2.46
'0:13.141',-1.55
'0:13.145',-0.68
'0:13.148',-0.22
'0:13.152',0.38
'0:13.156',0.7
'0:13.160',0.85
'0:13.164',0.94
'0:13.168',1.31
'0:13.172',1.7
'0:13.176',1.97
'0:13.180',2.11
'0:13.184',2.25
'0:13.188',2.32
'0:13.191',2.14
'0:13.195',2.05
'0:13.199',1.97
'0:13.203',1.88
'0:13.207',1.81
'0:13.211',1.76
'0:13.215',1.71
'0:13.219',1.71
'0:13.223',1.76
'0:13.227',1.94
'0:13.230',2.31
'0:13.234',2.62
'0:13.238',2.84
'0:13.242',3.05
'0:13.246',3.28
'0:13.250',3.39
'0:13.254',3.37
'0:13.258',3.35
'0:13.262',3.17
'0:13.266',2.87
'0:13.270',2.6
'0:13.273',2.37
'0:13.277',2.09
'0:13.281',1.85
'0:13.285',1.63
'0:13.289',1.43
'0:13.293',1.29
'0:13.297',1.18
'0:13.301',1.23
'0:13.305',1.32
'0:13.309',1.35
'0:13.313',1.48
'0:13.316',1.64
'0:13.320',1.9
'0:13.324',2.13
'0:13.328',2.29
'0:13.332',2.23
'0:13.336',2.02
'0:13.340',1.55
'0:13.344',0.75
'0:13.348',-0.12
'0:13.352',-0.96
'0:13.355',-1.89
'0:13.359',-2.75
'0:13.363',-3.45
'0:13.367',-4.02
'0:13.371',-4.45
'0:13.375',-4.73
'0:13.379',-4.9
'0:13.383',-5.27
'0:13.387',-5.8
'0:13.391',-6.47
'0:13.395',-6.87
'0:13.398',-6.45
'0:13.402',-4.38
'0:13.406',-0.66
'0:13.410',3.93
'0:13.414',9.27
'0:13.418',15.01
'0:13.422',18.81
'0:13.426',17.76
'0:13.430',12.59
'0:13.434',5.95
'0:13.438',-0.27
'0:13.441',-5.04
'0:13.445',-7.95
'0:13.449',-9.32
'0:13.453',-9.48
'0:13.457',-8.53
'0:13.461',-6.63
'0:13.465',-4.57
'0:13.469',-2.82
'0:13.473',-1.71
'0:13.477',-1.12
'0:13.480',-0.74
'0:13.484',-0.58
'0:13.488',-0.72
'0:13.492',-1.07
'0:13.496',-1.26
'0:13.500',-1.12
'0:13.504',-0.69
'0:13.508',-0.12
'0:13.512',0.58
'0:13.516',1.31
'0:13.520',1.91
'0:13.523',2.31
'0:13.527',2.56
'0:13.531',2.6
'0:13.535',2.09
'0:13.539',1.03
'0:13.543',-0.08
'0:13.547',-0.92
'0:13.551',-1.23
'0:13.555',-1.05
'0:13.559',-0.53
'0:13.563',0.11
'0:13.566',0.72
'0:13.570',1.24
'0:13.574',1.68
'0:13.578',2.02
'0:13.582',2.28
'0:13.586',2.41
'0:13.590',2.37
'0:13.594',2.17
'0:13.598',1.92
'0:13.602',1.68
'0:13.605',1.4
'0:13.609',1.08
'0:13.613',0.76
'0:13.617',0.53
'0:13.621',0.34
'0:13.625',0.21
'0:13.629',0.22
'0:13.633',0.42
'0:13.637',0.69
'0:13.641',0.86
'0:13.645',1.01
'0:13.648',1.08
'0:13.652',0.99
'0:13.656',0.78
'0:13.660',0.3
'0:13.664',-0.31
'0:13.668',-0.88
'0:13.672',-1.48
'0:13.676',-2.14
'0:13.680',-2.66
'0:13.684',-3.21
'0:13.688',-3.67
'0:13.691',-4
'0:13.695',-4.04
'0:13.699',-4.07
'0:13.703',-4.17
'0:13.707',-4.34
'0:13.711',-4.52
'0:13.715',-4.93
'0:13.719',-5.69
'0:13.723',-6.63
'0:13.727',-7.13
'0:13.730',-6.43
'0:13.734',-4.07
'0:13.738',-0.25
'0:13.742',4.44
'0:13.746',9.9
'0:13.750',15.5
'0:13.754',18.86
'0:13.758',17.28
'0:13.762',11.28
'0:13.766',3.48
'0:13.770',-3.86
'0:13.773',-9.27
'0:13.777',-12.64
'0:13.781',-14.5
'0:13.785',-14.46
'0:13.789',-13.36
'0:13.793',-12
'0:13.797',-10.55
'0:13.801',-9.16
'0:13.805',-8.12
'0:13.809',-7.48
'0:13.813',-6.96
'0:13.816',-6.43
'0:13.820',-5.92
'0:13.824',-5.51
'0:13.828',-5.21
'0:13.832',-5.12
'0:13.836',-5.07
'0:13.840',-4.89
'0:13.844',-4.63
'0:13.848',-4.42
'0:13.852',-4.04
'0:13.855',-3.3
'0:13.859',-2.41
'0:13.863',-1.66
'0:13.867',-1.17
'0:13.871',-0.84
'0:13.875',-0.49
'0:13.879',-0.03
'0:13.883',0.45
'0:13.887',0.61
'0:13.891',0.6
'0:13.895',0.79
'0:13.898',1.08
'0:13.902',1.33
'0:13.906',1.44
'0:13.910',1.68
'0:13.914',1.68
'0:13.918',2.25
'0:13.922',2.87
'0:13.926',3.45
'0:13.930',3.92
'0:13.934',4.48
'0:13.938',5.11
'0:13.941',5.55
'0:13.945',5.8
'0:13.949',5.76
'0:13.953',5.25
'0:13.957',4.67
'0:13.961',4.41
'0:13.965',4.42
'0:13.969',4.56
'0:13.973',4.36
'0:13.977',4.17
'0:13.980',3.94
'0:13.984',3.53
'0:13.988',3.02
'0:13.992',2.34
'0:13.996',1.54
'0:14.000',0.85
'0:14.004',0.29
'0:14.008',-0.3
'0:14.012',-1
'0:14.016',-1.76
'0:14.020',-2.53
'0:14.023',-3.03
'0:14.027',-3.19
'0:14.031',-3.21
'0:14.035',-3.32
'0:14.039',-3.55
'0:14.043',-3.88
'0:14.047',-4.42
'0:14.051',-5.23
'0:14.055',-6.17
'0:14.059',-6.48
'0:14.063',-5.44
'0:14.066',-2.73
'0:14.070',1.42
'0:14.074',6.28
'0:14.078',11.71
'0:14.082',17.47
'0:14.086',21.02
'0:14.090',19.56
'0:14.094',14.09
'0:14.098',6.71
'0:14.102',-0.66
'0:14.105',-6.23
'0:14.109',-9.6
'0:14.113',-11.31
'0:14.117',-11.78
'0:14.121',-11.23
'0:14.125',-10.13
'0:14.129',-8.73
'0:14.133',-7.25
'0:14.137',-5.85
'0:14.141',-4.69
'0:14.145',-3.61
'0:14.148',-2.63
'0:14.152',-1.86
'0:14.156',-1.23
'0:14.160',-0.6
'0:14.164',-0.16
'0:14.168',-0.03
'0:14.172',0.02
'0:14.176',0.11
'0:14.180',0.31
'0:14.184',0.57
'0:14.188',0.86
'0:14.191',1.13
'0:14.195',1.42
'0:14.199',1.56
'0:14.203',1.67
'0:14.207',1.81
'0:14.211',2.03
'0:14.215',2.37
'0:14.219',2.96
'0:14.223',3.57
'0:14.227',3.92
'0:14.230',4.22
'0:14.234',4.58
'0:14.238',5.05
'0:14.242',5.43
'0:14.246',5.72
'0:14.250',5.84
'0:14.254',5.98
'0:14.258',6.09
'0:14.262',5.99
'0:14.266',5.69
'0:14.270',5.26
'0:14.273',4.75
'0:14.277',4.24
'0:14.281',3.89
'0:14.285',3.83
'0:14.289',3.86
'0:14.293',4.01
'0:14.297',4.13
'0:14.301',4.37
'0:14.305',4.54
'0:14.309',4.63
'0:14.313',4.61
'0:14.316',4.5
'0:14.320',4.24
'0:14.324',3.83
'0:14.328',3.22
'0:14.332',2.6
'0:14.336',1.85
'0:14.340',1.04
'0:14.344',0.11
'0:14.348',-0.66
'0:14.352',-1.24
'0:14.355',-1.82
'0:14.359',-2.28
'0:14.363',-2.61
'0:14.367',-2.78
'0:14.371',-2.9
'0:14.375',-2.94
'0:14.379',-3.18
'0:14.383',-3.82
'0:14.387',-4.85
'0:14.391',-5.6
'0:14.395',-5.21
'0:14.398',-3.36
'0:14.402',0.14
'0:14.406',4.77
'0:14.410',10.11
'0:14.414',15.88
'0:14.418',20.42
'0:14.422',20.61
'0:14.426',15.98
'0:14.430',8.83
'0:14.434',1.48
'0:14.438',-4.91
'0:14.441',-9.29
'0:14.445',-11.56
'0:14.449',-12.61
'0:14.453',-12.92
'0:14.457',-12.25
'0:14.461',-11
'0:14.465',-9.46
'0:14.469',-7.94
'0:14.473',-6.65
'0:14.477',-5.53
'0:14.480',-4.93
'0:14.484',-4.53
'0:14.488',-4.15
'0:14.492',-3.71
'0:14.496',-3.29
'0:14.500',-2.95
'0:14.504',-2.63
'0:14.508',-2.48
'0:14.512',-2.33
'0:14.516',-1.97
'0:14.520',-1.85
'0:14.523',-1.67
'0:14.527',-1.43
'0:14.531',-1.23
'0:14.535',-0.96
'0:14.539',-0.93
'0:14.543',-1.03
'0:14.547',-1.01
'0:14.551',-0.79
'0:14.555',-0.44
'0:14.559',0.04
'0:14.563',0.42
'0:14.566',0.77
'0:14.570',0.98
'0:14.574',1.11
'0:14.578',1.31
'0:14.582',1.57
'0:14.586',1.66
'0:14.590',1.61
'0:14.594',1.51
'0:14.598',1.23
'0:14.602',0.84
'0:14.605',0.59
'0:14.609',0.3
'0:14.613',0.13
'0:14.617',0.08
'0:14.621',0.15
'0:14.625',0.39
'0:14.629',0.73
'0:14.633',1.12
'0:14.637',1.42
'0:14.641',1.62
'0:14.645',1.8
'0:14.648',1.83
'0:14.652',1.7
'0:14.656',1.27
'0:14.660',0.53
'0:14.664',-0.09
'0:14.668',-0.55
'0:14.672',-1.23
'0:14.676',-2.02
'0:14.680',-2.54
'0:14.684',-2.95
'0:14.688',-3.47
'0:14.691',-3.68
'0:14.695',-3.52
'0:14.699',-3.06
'0:14.703',-2.88
'0:14.707',-2.91
'0:14.711',-3
'0:14.715',-3.25
'0:14.719',-3.79
'0:14.723',-3.96
'0:14.727',-3.07
'0:14.730',-0.69
'0:14.734',3.33
'0:14.738',8.28
'0:14.742',13.66
'0:14.746',19.22
'0:14.750',22.93
'0:14.754',22.05
'0:14.758',16.8
'0:14.762',9.62
'0:14.766',2.33
'0:14.770',-3.74
'0:14.773',-7.65
'0:14.777',-9.94
'0:14.781',-11.15
'0:14.785',-11.15
'0:14.789',-10.2
'0:14.793',-8.97
'0:14.797',-7.76
'0:14.801',-6.69
'0:14.805',-5.94
'0:14.809',-5.38
'0:14.813',-4.97
'0:14.816',-4.76
'0:14.820',-4.63
'0:14.824',-4.5
'0:14.828',-4.32
'0:14.832',-4.13
'0:14.836',-3.94
'0:14.840',-3.72
'0:14.844',-3.52
'0:14.848',-3.3
'0:14.852',-3.07
'0:14.855',-2.82
'0:14.859',-2.62
'0:14.863',-2.4
'0:14.867',-2.13
'0:14.871',-1.87
'0:14.875',-1.56
'0:14.879',-1.22
'0:14.883',-0.88
'0:14.887',-0.54
'0:14.891',-0.22
'0:14.895',0.19
'0:14.898',0.69
'0:14.902',1.19
'0:14.906',1.72
'0:14.910',2.06
'0:14.914',2.22
'0:14.918',2.3
'0:14.922',2.36
'0:14.926',2.52
'0:14.930',2.77
'0:14.934',3.03
'0:14.938',3.14
'0:14.941',3.06
'0:14.945',2.81
'0:14.949',2.53
'0:14.953',2.29
'0:14.957',2.17
'0:14.961',2.22
'0:14.965',2.27
'0:14.969',2.31
'0:14.973',2.23
'0:14.977',2.09
'0:14.980',1.99
'0:14.984',1.74
'0:14.988',1.14
'0:14.992',0.32
'0:14.996',-0.33
'0:15.000',-0.99
'0:15.004',-1.71
'0:15.008',-2.27
'0:15.012',-2.77
'0:15.016',-3.02
'0:15.020',-3.09
'0:15.023',-3.07
'0:15.027',-2.97
'0:15.031',-3
'0:15.035',-3.1
'0:15.039',-3.3
'0:15.043',-3.86
'0:15.047',-4.72
'0:15.051',-5.17
'0:15.055',-4.3
'0:15.059',-1.77
'0:15.063',2.26
'0:15.066',7.25
'0:15.070',13.04
'0:15.074',19.04
'0:15.078',22.99
'0:15.082',21.79
'0:15.086',15.81
'0:15.090',7.53
'0:15.094',-0.48
'0:15.098',-6.29
'0:15.102',-9.83
'0:15.105',-11.44
'0:15.109',-11.33
'0:15.113',-10.3
'0:15.117',-9.02
'0:15.121',-7.76
'0:15.125',-6.58
'0:15.129',-5.64
'0:15.133',-4.88
'0:15.137',-4.24
'0:15.141',-3.74
'0:15.145',-3.26
'0:15.148',-2.89
'0:15.152',-2.82
'0:15.156',-2.69
'0:15.160',-2.55
'0:15.164',-2.44
'0:15.168',-2.34
'0:15.172',-2.29
'0:15.176',-2.31
'0:15.180',-2.3
'0:15.184',-2.11
'0:15.188',-1.9
'0:15.191',-1.88
'0:15.195',-1.93
'0:15.199',-1.89
'0:15.203',-1.75
'0:15.207',-1.7
'0:15.211',-1.48
'0:15.215',-1.07
'0:15.219',-0.59
'0:15.223',-0.05
'0:15.227',0.43
'0:15.230',0.92
'0:15.234',1.39
'0:15.238',1.76
'0:15.242',2.01
'0:15.246',2.08
'0:15.250',2.07
'0:15.254',2.01
'0:15.258',1.82
'0:15.262',1.54
'0:15.266',1.18
'0:15.270',0.81
'0:15.273',0.58
'0:15.277',0.49
'0:15.281',0.56
'0:15.285',0.5
'0:15.289',0.4
'0:15.293',0.43
'0:15.297',0.62
'0:15.301',0.89
'0:15.305',1.19
'0:15.309',1.45
'0:15.313',1.55
'0:15.316',1.59
'0:15.320',1.55
'0:15.324',1.28
'0:15.328',0.81
'0:15.332',0.2
'0:15.336',-0.36
'0:15.340',-0.94
'0:15.344',-1.65
'0:15.348',-2.29
'0:15.352',-2.7
'0:15.355',-2.93
'0:15.359',-3.07
'0:15.363',-3.11
'0:15.367',-2.95
'0:15.371',-2.73
'0:15.375',-2.71
'0:15.379',-3.09
'0:15.383',-3.76
'0:15.387',-4.51
'0:15.391',-4.66
'0:15.395',-3.46
'0:15.398',-0.7
'0:15.402',3.39
'0:15.406',8.34
'0:15.410',14.19
'0:15.414',19.93
'0:15.418',22.66
'0:15.422',20.28
'0:15.426',14
'0:15.430',9.19
'0:15.434',3.83
'0:15.438',3.83
'0:15.441',3.83
'0:15.445',3.83
'0:15.449',3.83
'0:15.453',3.83
'0:15.457',3.83
'0:15.461',3.83
'0:15.465',3.83
'0:15.469',3.82
'0:15.473',3.83
'0:15.477',3.83
'0:15.480',3.83
'0:15.484',3.83
'0:15.488',3.83
'0:15.492',3.83
'0:15.496',3.83
'0:15.500',3.83
'0:15.504',3.83
'0:15.508',3.83
'0:15.512',3.83
'0:15.516',3.83
'0:15.520',3.83
'0:15.523',3.83
'0:15.527',3.83
'0:15.531',3.83
'0:15.535',3.83
'0:15.539',3.83
'0:15.543',3.83
'0:15.547',3.83
'0:15.551',3.83
'0:15.555',3.83
'0:15.559',3.49
'0:15.563',3.09
'0:15.566',3.19
'0:15.570',3.55
'0:15.574',3.84
'0:15.578',4.01
'0:15.582',4.07
'0:15.586',3.99
'0:15.590',3.62
'0:15.594',3.12
'0:15.598',2.51
'0:15.602',2.17
'0:15.605',1.79
'0:15.609',1.5
'0:15.613',1.25
'0:15.617',0.93
'0:15.621',0.68
'0:15.625',0.66
'0:15.629',0.81
'0:15.633',0.9
'0:15.637',1.04
'0:15.641',1.21
'0:15.645',1.22
'0:15.648',1.22
'0:15.652',1.22
'0:15.656',0.58
'0:15.660',0.23
'0:15.664',-0.09
'0:15.668',-0.59
'0:15.672',-1.94
'0:15.676',-2.09
'0:15.680',-2.86
'0:15.684',-2.82
'0:15.688',-2.68
'0:15.691',-2.65
'0:15.695',-2.73
'0:15.699',-2.96
'0:15.703',-3.04
'0:15.707',-3
'0:15.711',-3.05
'0:15.715',-3.29
'0:15.719',-4.03
'0:15.723',-4.61
'0:15.727',-4.44
'0:15.730',-3.03
'0:15.734',-0.11
'0:15.738',3.96
'0:15.742',8.58
'0:15.746',13.9
'0:15.750',18.85
'0:15.754',20.35
'0:15.758',16.79
'0:15.762',10.08
'0:15.766',2.86
'0:15.770',-3.6
'0:15.773',-8.37
'0:15.777',-11.14
'0:15.781',-12.53
'0:15.785',-12.82
'0:15.789',-12.18
'0:15.793',-10.91
'0:15.797',-9.43
'0:15.801',-8.08
'0:15.805',-6.88
'0:15.809',-5.92
'0:15.813',-5.16
'0:15.816',-4.66
'0:15.820',-4.17
'0:15.824',-3.74
'0:15.828',-3.27
'0:15.832',-2.87
'0:15.836',-2.46
'0:15.840',-2.1
'0:15.844',-1.66
'0:15.848',-1.31
'0:15.852',-1.03
'0:15.855',-0.66
'0:15.859',-0.22
'0:15.863',0.13
'0:15.867',0.41
'0:15.871',0.61
'0:15.875',0.66
'0:15.879',0.77
'0:15.883',1.12
'0:15.887',1.48
'0:15.891',2.01
'0:15.895',2.54
'0:15.898',2.95
'0:15.902',3.23
'0:15.906',3.45
'0:15.910',3.75
'0:15.914',4.05
'0:15.918',4.19
'0:15.922',4.07
'0:15.926',3.72
'0:15.930',3.3
'0:15.934',2.79
'0:15.938',2.43
'0:15.941',2.2
'0:15.945',1.94
'0:15.949',1.72
'0:15.953',1.53
'0:15.957',1.4
'0:15.961',1.48
'0:15.965',1.64
'0:15.969',1.81
'0:15.973',1.87
'0:15.977',1.96
'0:15.980',2.15
'0:15.984',2.07
'0:15.988',1.76
'0:15.992',1.37
'0:15.996',0.88
'0:16.000',0.16
'0:16.004',-0.64
'0:16.008',-1.45
'0:16.012',-2.19
'0:16.016',-2.75
'0:16.020',-3.12
'0:16.023',-3.3
'0:16.027',-3.44
'0:16.031',-3.66
'0:16.035',-3.79
'0:16.039',-3.88
'0:16.043',-4.01
'0:16.047',-4.44
'0:16.051',-5.23
'0:16.055',-6.17
'0:16.059',-6.54
'0:16.063',-5.68
'0:16.066',-3.16
'0:16.070',0.82
'0:16.074',5.72
'0:16.078',11.37
'0:16.082',16.94
'0:16.086',20.02
'0:16.090',18.1
'0:16.094',11.88
'0:16.098',4.26
'0:16.102',-2.95
'0:16.105',-8.38
'0:16.109',-11.65
'0:16.113',-13.24
'0:16.117',-13.65
'0:16.121',-13.01
'0:16.125',-11.82
'0:16.129',-10.5
'0:16.133',-9.34
'0:16.137',-8.32
'0:16.141',-7.57
'0:16.145',-7.16
'0:16.148',-6.88
'0:16.152',-6.72
'0:16.156',-6.72
'0:16.160',-6.59
'0:16.164',-6.3
'0:16.168',-6.16
'0:16.172',-6.05
'0:16.176',-5.62
'0:16.180',-5.09
'0:16.184',-4.53
'0:16.188',-4.11
'0:16.191',-3.97
'0:16.195',-4.05
'0:16.199',-4.12
'0:16.203',-3.94
'0:16.207',-3.52
'0:16.211',-2.72
'0:16.215',-1.4
'0:16.219',0.13
'0:16.223',1.49
'0:16.227',2.38
'0:16.230',2.96
'0:16.234',3.32
'0:16.238',3.37
'0:16.242',3.36
'0:16.246',3.34
'0:16.250',3.09
'0:16.254',2.74
'0:16.258',2.4
'0:16.262',2.03
'0:16.266',1.73
'0:16.270',1.54
'0:16.273',1.51
'0:16.277',1.47
'0:16.281',1.37
'0:16.285',1.3
'0:16.289',1.26
'0:16.293',1.45
'0:16.297',1.81
'0:16.301',1.96
'0:16.305',1.99
'0:16.309',2.24
'0:16.313',2.7
'0:16.316',3.03
'0:16.320',3.06
'0:16.324',2.88
'0:16.328',2.52
'0:16.332',2.07
'0:16.336',1.5
'0:16.340',0.84
'0:16.344',0.15
'0:16.348',-0.35
'0:16.352',-0.79
'0:16.355',-1.2
'0:16.359',-1.45
'0:16.363',-1.34
'0:16.367',-1.14
'0:16.371',-1.35
'0:16.375',-1.85
'0:16.379',-2.58
'0:16.383',-3.7
'0:16.387',-4.79
'0:16.391',-4.92
'0:16.395',-3.36
'0:16.398',-0.12
'0:16.402',4.1
'0:16.406',9.16
'0:16.410',14.85
'0:16.414',19.81
'0:16.418',20.68
'0:16.422',16.46
'0:16.426',9.06
'0:16.430',0.9
'0:16.434',-5.88
'0:16.438',-10.18
'0:16.441',-12.36
'0:16.445',-12.99
'0:16.449',-12.33
'0:16.453',-10.98
'0:16.457',-9.5
'0:16.461',-8.17
'0:16.465',-6.94
'0:16.469',-5.89
'0:16.473',-5.05
'0:16.477',-4.41
'0:16.480',-3.9
'0:16.484',-3.46
'0:16.488',-2.94
'0:16.492',-2.33
'0:16.496',-1.9
'0:16.500',-1.56
'0:16.504',-1.29
'0:16.508',-1.14
'0:16.512',-0.98
'0:16.516',-0.63
'0:16.520',-0.27
'0:16.523',0.07
'0:16.527',0.7
'0:16.531',1.55
'0:16.535',2.42
'0:16.539',3.29
'0:16.543',4.18
'0:16.547',4.75
'0:16.551',4.85
'0:16.555',4.64
'0:16.559',4.4
'0:16.563',4.45
'0:16.566',4.72
'0:16.570',5.29
'0:16.574',5.95
'0:16.578',6.34
'0:16.582',6.41
'0:16.586',6.34
'0:16.590',6.12
'0:16.594',5.74
'0:16.598',5.21
'0:16.602',4.73
'0:16.605',4.24
'0:16.609',3.81
'0:16.613',3.64
'0:16.617',3.66
'0:16.621',3.57
'0:16.625',3.57
'0:16.629',3.83
'0:16.633',4.24
'0:16.637',4.56
'0:16.641',4.81
'0:16.645',5.08
'0:16.648',5.24
'0:16.652',5.16
'0:16.656',4.99
'0:16.660',4.69
'0:16.664',4.26
'0:16.668',3.73
'0:16.672',3.04
'0:16.676',2.25
'0:16.680',1.46
'0:16.684',0.85
'0:16.688',0.37
'0:16.691',0.04
'0:16.695',-0.16
'0:16.699',-0.37
'0:16.703',-0.53
'0:16.707',-0.6
'0:16.711',-0.6
'0:16.715',-0.85
'0:16.719',-1.63
'0:16.723',-2.51
'0:16.727',-2.82
'0:16.730',-2.15
'0:16.734',0.13
'0:16.738',4.11
'0:16.742',8.88
'0:16.746',14.24
'0:16.750',19.94
'0:16.754',23.74
'0:16.758',22.74
'0:16.762',17.06
'0:16.766',9.38
'0:16.770',1.73
'0:16.773',-4.38
'0:16.777',-8.47
'0:16.781',-10.69
'0:16.785',-11.74
'0:16.789',-11.73
'0:16.793',-10.86
'0:16.797',-9.56
'0:16.801',-8.17
'0:16.805',-6.77
'0:16.809',-5.64
'0:16.813',-4.96
'0:16.816',-4.53
'0:16.820',-4.12
'0:16.824',-3.86
'0:16.828',-3.6
'0:16.832',-3.37
'0:16.836',-3.13
'0:16.840',-2.83
'0:16.844',-2.51
'0:16.848',-2.28
'0:16.852',-2.21
'0:16.855',-2.2
'0:16.859',-1.97
'0:16.863',-1.67
'0:16.867',-1.43
'0:16.871',-1.18
'0:16.875',-1
'0:16.879',-0.86
'0:16.883',-0.6
'0:16.887',-0.22
'0:16.891',0.17
'0:16.895',0.47
'0:16.898',0.84
'0:16.902',1.33
'0:16.906',1.7
'0:16.910',2
'0:16.914',2.17
'0:16.918',2.22
'0:16.922',2.2
'0:16.926',2
'0:16.930',1.6
'0:16.934',1.16
'0:16.938',0.82
'0:16.941',0.54
'0:16.945',0.21
'0:16.949',-0.08
'0:16.953',-0.14
'0:16.957',-0.17
'0:16.961',-0.2
'0:16.965',-0.36
'0:16.969',-0.25
'0:16.973',0
'0:16.977',0.21
'0:16.980',0.3
'0:16.984',0.14
'0:16.988',-0.02
'0:16.992',-0.13
'0:16.996',-0.36
'0:17.000',-0.87
'0:17.004',-1.64
'0:17.008',-2.42
'0:17.012',-3.04
'0:17.016',-3.42
'0:17.020',-3.45
'0:17.023',-3.56
'0:17.027',-3.72
'0:17.031',-3.68
'0:17.035',-3.54
'0:17.039',-3.38
'0:17.043',-3.26
'0:17.047',-3.37
'0:17.051',-3.84
'0:17.055',-4.59
'0:17.059',-5.03
'0:17.063',-4.86
'0:17.066',-3.64
'0:17.070',-0.63
'0:17.074',3.8
'0:17.078',8.82
'0:17.082',14.45
'0:17.086',19.45
'0:17.090',20.84
'0:17.094',17.36
'0:17.098',10.96
'0:17.102',3.96
'0:17.105',-2.34
'0:17.109',-6.78
'0:17.113',-9.27
'0:17.117',-10.48
'0:17.121',-10.83
'0:17.125',-9.96
'0:17.129',-8.25
'0:17.133',-6.5
'0:17.137',-4.95
'0:17.141',-3.82
'0:17.145',-3.21
'0:17.148',-2.76
'0:17.152',-2.26
'0:17.156',-1.89
'0:17.160',-1.8
'0:17.164',-1.84
'0:17.168',-1.97
'0:17.172',-2
'0:17.176',-2
'0:17.180',-1.98
'0:17.184',-1.89
'0:17.188',-1.89
'0:17.191',-1.9
'0:17.195',-1.9
'0:17.199',-1.93
'0:17.203',-2.09
'0:17.207',-2.17
'0:17.211',-2.26
'0:17.215',-2.29
'0:17.219',-2.25
'0:17.223',-2.08
'0:17.227',-1.89
'0:17.230',-1.61
'0:17.234',-1.17
'0:17.238',-0.71
'0:17.242',-0.27
'0:17.246',0.16
'0:17.250',0.54
'0:17.254',0.67
'0:17.258',0.72
'0:17.262',0.71
'0:17.266',0.69
'0:17.270',0.66
'0:17.273',0.68
'0:17.277',0.73
'0:17.281',0.76
'0:17.285',0.76
'0:17.289',0.76
'0:17.293',1.61
'0:17.297',2.04
'0:17.301',2.48
'0:17.305',2.85
'0:17.309',3.13
'0:17.313',3.07
'0:17.316',2.63
'0:17.320',2
'0:17.324',1.34
'0:17.328',0.66
'0:17.332',0.05
'0:17.336',-0.57
'0:17.340',-1.23
'0:17.344',-2.06
'0:17.348',-2.75
'0:17.352',-3.25
'0:17.355',-3.55
'0:17.359',-3.77
'0:17.363',-3.78
'0:17.367',-3.72
'0:17.371',-3.64
'0:17.375',-3.57
'0:17.379',-3.77
'0:17.383',-4.46
'0:17.387',-5.62
'0:17.391',-6.74
'0:17.395',-6.93
'0:17.398',-5.57
'0:17.402',-2.56
'0:17.406',1.68
'0:17.410',7.04
'0:17.414',13.3
'0:17.418',19.26
'0:17.422',21.82
'0:17.426',18.93
'0:17.430',12.26
'0:17.434',4.21
'0:17.438',-2.82
'0:17.441',-7.45
'0:17.445',-10.08
'0:17.449',-10.88
'0:17.453',-10.3
'0:17.457',-9.06
'0:17.461',-7.59
'0:17.465',-6.23
'0:17.469',-5.16
'0:17.473',-4.3
'0:17.477',-3.64
'0:17.480',-3.17
'0:17.484',-2.91
'0:17.488',-2.78
'0:17.492',-2.66
'0:17.496',-2.46
'0:17.500',-2.23
'0:17.504',-2.01
'0:17.508',-1.68
'0:17.512',-1.28
'0:17.516',-0.94
'0:17.520',-0.67
'0:17.523',-0.42
'0:17.527',-0.25
'0:17.531',-0.25
'0:17.535',-0.29
'0:17.539',-0.39
'0:17.543',-0.48
'0:17.547',-0.48
'0:17.551',-0.39
'0:17.555',-0.08
'0:17.559',0.34
'0:17.563',0.84
'0:17.566',1.31
'0:17.570',1.73
'0:17.574',2.11
'0:17.578',2.4
'0:17.582',2.64
'0:17.586',2.84
'0:17.590',2.9
'0:17.594',2.8
'0:17.598',2.53
'0:17.602',2.13
'0:17.605',1.74
'0:17.609',1.3
'0:17.613',0.93
'0:17.617',0.65
'0:17.621',0.56
'0:17.625',0.63
'0:17.629',0.75
'0:17.633',0.85
'0:17.637',0.99
'0:17.641',1.28
'0:17.645',1.63
'0:17.648',1.93
'0:17.652',2.1
'0:17.656',2.17
'0:17.660',2.17
'0:17.664',2.04
'0:17.668',1.8
'0:17.672',1.38
'0:17.676',0.72
'0:17.680',-0.02
'0:17.684',-0.66
'0:17.688',-1.25
'0:17.691',-1.66
'0:17.695',-1.77
'0:17.699',-1.77
'0:17.703',-1.78
'0:17.707',-1.75
'0:17.711',-1.78
'0:17.715',-1.88
'0:17.719',-2.2
'0:17.723',-2.9
'0:17.727',-3.94
'0:17.730',-4.77
'0:17.734',-4.46
'0:17.738',-2.5
'0:17.742',1.16
'0:17.746',5.87
'0:17.750',11.14
'0:17.754',16.88
'0:17.758',21.5
'0:17.762',21.56
'0:17.766',16.46
'0:17.770',8.91
'0:17.773',1.16
'0:17.777',-5.3
'0:17.781',-9.55
'0:17.785',-11.85
'0:17.789',-12.78
'0:17.793',-12.73
'0:17.797',-11.83
'0:17.801',-10.37
'0:17.805',-8.8
'0:17.809',-7.57
'0:17.813',-6.73
'0:17.816',-5.96
'0:17.820',-5.11
'0:17.824',-4.35
'0:17.828',-3.73
'0:17.832',-3.2
'0:17.836',-2.47
'0:17.840',-1.63
'0:17.844',-0.66
'0:17.848',0.19
'0:17.852',0.79
'0:17.855',1.25
'0:17.859',1.69
'0:17.863',1.86
'0:17.867',1.83
'0:17.871',1.77
'0:17.875',1.81
'0:17.879',2.04
'0:17.883',2.28
'0:17.887',2.58
'0:17.891',3.08
'0:17.895',3.65
'0:17.898',4.23
'0:17.902',4.78
'0:17.906',5.3
'0:17.910',5.76
'0:17.914',6.29
'0:17.918',6.88
'0:17.922',7.3
'0:17.926',7.34
'0:17.930',7.1
'0:17.934',6.64
'0:17.938',6.07
'0:17.941',5.38
'0:17.945',4.77
'0:17.949',4.09
'0:17.953',3.66
'0:17.957',3.46
'0:17.961',3.33
'0:17.965',3.05
'0:17.969',2.64
'0:17.973',2.33
'0:17.977',2.23
'0:17.980',2.2
'0:17.984',2.14
'0:17.988',1.96
'0:17.992',1.65
'0:17.996',1.28
'0:18.000',0.86
'0:18.004',0.41
'0:18.008',-0.19
'0:18.012',-0.92
'0:18.016',-1.73
'0:18.020',-2.44
'0:18.023',-3.05
'0:18.027',-3.59
'0:18.031',-3.88
'0:18.035',-3.98
'0:18.039',-4.04
'0:18.043',-4.02
'0:18.047',-4.11
'0:18.051',-4.05
'0:18.055',-4.1
'0:18.059',-4.51
'0:18.063',-5.76
'0:18.066',-5.59
'0:18.070',-4.56
'0:18.074',-2.15
'0:18.078',1.46
'0:18.082',4.13
'0:18.086',9.05
'0:18.090',14.5
'0:18.094',18.41
'0:18.098',17.88
'0:18.102',12.77
'0:18.105',5.53
'0:18.109',-1.75
'0:18.113',-7.91
'0:18.117',-12.37
'0:18.121',-15.15
'0:18.125',-16.7
'0:18.129',-17.18
'0:18.133',-16.35
'0:18.137',-14.54
'0:18.141',-12.49
'0:18.145',-10.68
'0:18.148',-9.03
'0:18.152',-7.56
'0:18.156',-6.38
'0:18.160',-5.42
'0:18.164',-4.66
'0:18.168',-3.9
'0:18.172',-3.07
'0:18.176',-2.34
'0:18.180',-1.59
'0:18.184',-0.83
'0:18.188',-0.11
'0:18.191',0.46
'0:18.195',0.94
'0:18.199',1.45
'0:18.203',2.03
'0:18.207',2.7
'0:18.211',3.45
'0:18.215',4.18
'0:18.219',5.02
'0:18.223',5.87
'0:18.227',6.75
'0:18.230',7.8
'0:18.234',8.71
'0:18.238',9.4
'0:18.242',9.64
'0:18.246',9.36
'0:18.250',8.74
'0:18.254',8.11
'0:18.258',7.39
'0:18.262',6.67
'0:18.266',6.15
'0:18.270',5.8
'0:18.273',5.53
'0:18.277',5.33
'0:18.281',5.16
'0:18.285',4.95
'0:18.289',4.53
'0:18.293',3.78
'0:18.297',2.94
'0:18.301',2.21
'0:18.305',1.8
'0:18.309',1.57
'0:18.313',1.07
'0:18.316',0.65
'0:18.320',0.55
'0:18.324',0.56
'0:18.328',0.46
'0:18.332',0.23
'0:18.336',-0.27
'0:18.340',-0.99
'0:18.344',-1.84
'0:18.348',-2.73
'0:18.352',-3.59
'0:18.355',-4.35
'0:18.359',-4.96
'0:18.363',-5.32
'0:18.367',-5.55
'0:18.371',-5.58
'0:18.375',-5.34
'0:18.379',-5.14
'0:18.383',-5.15
'0:18.387',-5.43
'0:18.391',-6.07
'0:18.395',-7.12
'0:18.398',-7.93
'0:18.402',-7.77
'0:18.406',-6.03
'0:18.410',-2.68
'0:18.414',1.74
'0:18.418',7.08
'0:18.422',13.08
'0:18.426',18.18
'0:18.430',18.93
'0:18.434',14.54
'0:18.438',7.28
'0:18.441',-0.4
'0:18.445',-6.71
'0:18.449',-10.77
'0:18.453',-12.92
'0:18.457',-13.56
'0:18.461',-13.02
'0:18.465',-11.84
'0:18.469',-10.45
'0:18.473',-9.2
'0:18.477',-8.18
'0:18.480',-7.34
'0:18.484',-6.69
'0:18.488',-6.28
'0:18.492',-6.04
'0:18.496',-5.69
'0:18.500',-5.22
'0:18.504',-4.9
'0:18.508',-4.62
'0:18.512',-4.37
'0:18.516',-4.13
'0:18.520',-3.91
'0:18.523',-3.75
'0:18.527',-3.68
'0:18.531',-3.65
'0:18.535',-3.55
'0:18.539',-3.45
'0:18.543',-3.18
'0:18.547',-2.89
'0:18.551',-2.73
'0:18.555',-2.6
'0:18.559',-2.18
'0:18.563',-1.62
'0:18.566',-0.99
'0:18.570',-0.42
'0:18.574',0.09
'0:18.578',0.56
'0:18.582',0.92
'0:18.586',1.29
'0:18.590',1.64
'0:18.594',1.86
'0:18.598',1.95
'0:18.602',1.89
'0:18.605',1.73
'0:18.609',1.7
'0:18.613',1.53
'0:18.617',1.36
'0:18.621',1.12
'0:18.625',1.1
'0:18.629',1.23
'0:18.633',1.56
'0:18.637',1.92
'0:18.641',2.29
'0:18.645',2.73
'0:18.648',2.93
'0:18.652',2.75
'0:18.656',2.38
'0:18.660',2.11
'0:18.664',1.81
'0:18.668',1.22
'0:18.672',0.49
'0:18.676',-0.15
'0:18.680',-0.77
'0:18.684',-1.45
'0:18.688',-2.06
'0:18.691',-2.47
'0:18.695',-2.53
'0:18.699',-2.3
'0:18.703',-1.72
'0:18.707',-1.11
'0:18.711',-0.63
'0:18.715',-0.34
'0:18.719',-0.37
'0:18.723',-0.77
'0:18.727',-1.74
'0:18.730',-3.04
'0:18.734',-3.97
'0:18.738',-3.81
'0:18.742',-1.84
'0:18.746',1.91
'0:18.750',6.64
'0:18.754',12.03
'0:18.758',18.04
'0:18.762',22.68
'0:18.766',22.68
'0:18.770',17.93
'0:18.773',10.52
'0:18.777',2.71
'0:18.781',-3.67
'0:18.785',-7.78
'0:18.789',-10.07
'0:18.793',-10.93
'0:18.797',-10.67
'0:18.801',-9.72
'0:18.805',-8.56
'0:18.809',-7.42
'0:18.813',-6.52
'0:18.816',-5.77
'0:18.820',-5.2
'0:18.824',-4.71
'0:18.828',-4.27
'0:18.832',-3.79
'0:18.836',-3.23
'0:18.840',-2.7
'0:18.844',-2.26
'0:18.848',-1.81
'0:18.852',-1.41
'0:18.855',-1.12
'0:18.859',-0.84
'0:18.863',-0.46
'0:18.867',-0.14
'0:18.871',0.03
'0:18.875',0.27
'0:18.879',0.72
'0:18.883',1.14
'0:18.887',1.44
'0:18.891',1.72
'0:18.895',2
'0:18.898',2.15
'0:18.902',2.28
'0:18.906',2.63
'0:18.910',3.01
'0:18.914',3.63
'0:18.918',4.49
'0:18.922',5.5
'0:18.926',6.38
'0:18.930',7.12
'0:18.934',7.71
'0:18.938',8.12
'0:18.941',7.54
'0:18.945',6.17
'0:18.949',4.91
'0:18.953',3.98
'0:18.957',3.61
'0:18.961',3.67
'0:18.965',3.93
'0:18.969',4.21
'0:18.973',4.14
'0:18.977',3.94
'0:18.980',3.81
'0:18.984',3.76
'0:18.988',3.92
'0:18.992',4.12
'0:18.996',4.04
'0:19.000',3.79
'0:19.004',3.49
'0:19.008',3.05
'0:19.012',2.64
'0:19.016',2.14
'0:19.020',1.53
'0:19.023',0.92
'0:19.027',0.4
'0:19.031',-0.09
'0:19.035',-0.46
'0:19.039',-0.67
'0:19.043',-0.69
'0:19.047',-0.7
'0:19.051',-0.73
'0:19.055',-0.81
'0:19.059',-1.07
'0:19.063',-1.69
'0:19.066',-2.61
'0:19.070',-3.4
'0:19.074',-3.22
'0:19.078',-1.72
'0:19.082',1.33
'0:19.086',5.71
'0:19.090',10.73
'0:19.094',16.46
'0:19.098',21.52
'0:19.102',22.37
'0:19.105',18.03
'0:19.109',10.81
'0:19.113',3.33
'0:19.117',-3.19
'0:19.121',-7.8
'0:19.125',-10.45
'0:19.129',-11.67
'0:19.133',-11.92
'0:19.137',-11.27
'0:19.141',-9.97
'0:19.145',-8.39
'0:19.148',-7.05
'0:19.152',-6.01
'0:19.156',-5.3
'0:19.160',-4.85
'0:19.164',-4.51
'0:19.168',-4.13
'0:19.172',-3.63
'0:19.176',-3.23
'0:19.180',-3.04
'0:19.184',-2.94
'0:19.188',-3.07
'0:19.191',-3.03
'0:19.195',-2.61
'0:19.199',-2.28
'0:19.203',-2.14
'0:19.207',-2.14
'0:19.211',-2.07
'0:19.215',-1.99
'0:19.219',-1.64
'0:19.223',-1.19
'0:19.227',-0.71
'0:19.230',-0.38
'0:19.234',-0.28
'0:19.238',-0.04
'0:19.242',0.59
'0:19.246',1.08
'0:19.250',1.55
'0:19.254',1.95
'0:19.258',2.15
'0:19.262',2.3
'0:19.266',2.43
'0:19.270',2.35
'0:19.273',2.07
'0:19.277',1.55
'0:19.281',1.06
'0:19.285',0.65
'0:19.289',0.4
'0:19.293',0.37
'0:19.297',0.3
'0:19.301',0.32
'0:19.305',0.32
'0:19.309',0.35
'0:19.313',0.44
'0:19.316',0.6
'0:19.320',0.79
'0:19.324',0.91
'0:19.328',1
'0:19.332',1.05
'0:19.336',1
'0:19.340',0.79
'0:19.344',0.21
'0:19.348',-0.59
'0:19.352',-1.33
'0:19.355',-2.07
'0:19.359',-2.71
'0:19.363',-3.39
'0:19.367',-3.92
'0:19.371',-4.04
'0:19.375',-3.95
'0:19.379',-3.86
'0:19.383',-3.84
'0:19.387',-3.93
'0:19.391',-4.19
'0:19.395',-4.52
'0:19.398',-4.86
'0:19.402',-5.4
'0:19.406',-5.62
'0:19.410',-5.62
'0:19.414',-5.63
'0:19.418',-5.62
'0:19.422',-5.63
'0:19.426',-5.62
'0:19.430',12.62
'0:19.434',18.54
'0:19.438',18.61
'0:19.441',14.27
'0:19.445',7.51
'0:19.449',1.73
'0:19.453',1.73
'0:19.457',1.73
'0:19.461',1.73
'0:19.465',1.73
'0:19.469',1.73
'0:19.473',-9.05
'0:19.477',-7.26
'0:19.480',-5.63
'0:19.484',-4.28
'0:19.488',-3.03
'0:19.492',-2.09
'0:19.496',-1.58
'0:19.500',-1.23
'0:19.504',-1.12
'0:19.508',-1.21
'0:19.512',-1.19
'0:19.516',-1.08
'0:19.520',-1.04
'0:19.523',-1.09
'0:19.527',-1.09
