'0:00.000',-2.8
'0:00.004',-2.78
'0:00.008',-2.36
'0:00.012',-1.17
'0:00.016',0.94
'0:00.020',3.83
'0:00.023',5.34
'0:00.027',4.09
'0:00.031',1.35
'0:00.035',-1.22
'0:00.039',-2.89
'0:00.043',-3.65
'0:00.047',-3.7
'0:00.051',-3.37
'0:00.055',-2.95
'0:00.059',-2.61
'0:00.063',-2.44
'0:00.066',-2.39
'0:00.070',-2.23
'0:00.074',-1.96
'0:00.078',-1.69
'0:00.082',-1.44
'0:00.086',-1.24
'0:00.090',-0.9
'0:00.094',-0.56
'0:00.098',-0.25
'0:00.102',0.02
'0:00.105',0.15
'0:00.109',0.29
'0:00.113',0.56
'0:00.117',0.83
'0:00.121',1.14
'0:00.125',1.46
'0:00.129',1.82
'0:00.133',2.21
'0:00.137',2.58
'0:00.141',3.04
'0:00.145',3.43
'0:00.148',3.64
'0:00.152',3.76
'0:00.156',3.8
'0:00.160',3.8
'0:00.164',3.66
'0:00.168',3.39
'0:00.172',3
'0:00.176',2.53
'0:00.180',2.04
'0:00.184',1.57
'0:00.188',1.13
'0:00.191',0.88
'0:00.195',0.78
'0:00.199',0.72
'0:00.203',0.52
'0:00.207',0.34
'0:00.211',0.27
'0:00.215',0.33
'0:00.219',0.39
'0:00.223',0.42
'0:00.227',0.39
'0:00.230',0.33
'0:00.234',0.32
'0:00.238',0.41
'0:00.242',0.54
'0:00.246',0.51
'0:00.250',0.33
'0:00.254',0.13
'0:00.258',-0.05
'0:00.262',-0.32
'0:00.266',-0.75
'0:00.270',-1.21
'0:00.273',-1.6
'0:00.277',-2.04
'0:00.281',-2.43
'0:00.285',-2.69
'0:00.289',-2.89
'0:00.293',-2.99
'0:00.297',-3.02
'0:00.301',-3.07
'0:00.305',-3.27
'0:00.309',-3.57
'0:00.313',-3.73
'0:00.316',-3.63
'0:00.320',-3.24
'0:00.324',-2.26
'0:00.328',-0.51
'0:00.332',2.18
'0:00.336',4.43
'0:00.340',4.28
'0:00.344',2.09
'0:00.348',-0.62
'0:00.352',-2.58
'0:00.355',-3.68
'0:00.359',-4.11
'0:00.363',-4.19
'0:00.367',-3.94
'0:00.371',-3.56
'0:00.375',-3.17
'0:00.379',-2.8
'0:00.383',-2.47
'0:00.387',-2.29
'0:00.391',-2.12
'0:00.395',-1.88
'0:00.398',-1.66
'0:00.402',-1.52
'0:00.406',-1.32
'0:00.410',-1.07
'0:00.414',-0.9
'0:00.418',-0.68
'0:00.422',-0.54
'0:00.426',-0.37
'0:00.430',-0.14
'0:00.434',0.14
'0:00.438',0.48
'0:00.441',0.9
'0:00.445',1.36
'0:00.449',1.94
'0:00.453',2.5
'0:00.457',2.95
'0:00.461',3.36
'0:00.465',3.75
'0:00.469',4.09
'0:00.473',4.17
'0:00.477',4.16
'0:00.480',3.99
'0:00.484',3.66
'0:00.488',3.27
'0:00.492',2.76
'0:00.496',2.14
'0:00.500',1.55
'0:00.504',1.15
'0:00.508',0.83
'0:00.512',0.6
'0:00.516',0.43
'0:00.520',0.39
'0:00.523',0.44
'0:00.527',0.44
'0:00.531',0.49
'0:00.535',0.53
'0:00.539',0.47
'0:00.543',0.39
'0:00.547',0.39
'0:00.551',0.51
'0:00.555',0.68
'0:00.559',0.73
'0:00.563',0.47
'0:00.566',0.36
'0:00.570',0.29
'0:00.574',0.1
'0:00.578',-0.2
'0:00.582',-0.57
'0:00.586',-0.99
'0:00.590',-1.43
'0:00.594',-1.82
'0:00.598',-2.14
'0:00.602',-2.38
'0:00.605',-2.4
'0:00.609',-2.37
'0:00.613',-2.48
'0:00.617',-2.73
'0:00.621',-3.13
'0:00.625',-3.35
'0:00.629',-3.34
'0:00.633',-2.98
'0:00.637',-2.61
'0:00.641',-1.55
'0:00.645',0.48
'0:00.648',2.89
'0:00.652',4.44
'0:00.656',3.77
'0:00.660',1.74
'0:00.664',-0.12
'0:00.668',-1.44
'0:00.672',-2.28
'0:00.676',-2.58
'0:00.680',-2.53
'0:00.684',-2.24
'0:00.688',-1.69
'0:00.691',-1.53
'0:00.695',-1.31
'0:00.699',-1.07
'0:00.703',-0.93
'0:00.707',-0.9
'0:00.711',-0.95
'0:00.715',-0.92
'0:00.719',-0.97
'0:00.723',-0.89
'0:00.727',-0.68
'0:00.730',-0.51
'0:00.734',-0.39
'0:00.738',-0.2
'0:00.742',-0.02
'0:00.746',0.14
'0:00.750',0.34
'0:00.754',0.59
'0:00.758',0.92
'0:00.762',1.31
'0:00.766',1.75
'0:00.770',2.2
'0:00.773',2.6
'0:00.777',2.87
'0:00.781',3.05
'0:00.785',3.12
'0:00.789',3.07
'0:00.793',2.9
'0:00.797',2.61
'0:00.801',2.27
'0:00.805',1.91
'0:00.809',1.58
'0:00.813',1.24
'0:00.816',0.95
'0:00.820',0.78
'0:00.824',0.64
'0:00.828',0.61
'0:00.832',0.59
'0:00.836',0.58
'0:00.840',0.52
'0:00.844',0.45
'0:00.848',0.37
'0:00.852',0.37
'0:00.855',0.37
'0:00.859',0.37
'0:00.863',0.46
'0:00.867',0.61
'0:00.871',0.63
'0:00.875',0.54
'0:00.879',0.34
'0:00.883',0.11
'0:00.887',-0.07
'0:00.891',-0.29
'0:00.895',-0.55
'0:00.898',-1.01
'0:00.902',-1.6
'0:00.906',-2.06
'0:00.910',-2.43
'0:00.914',-2.74
'0:00.918',-2.94
'0:00.922',-3.02
'0:00.926',-3.07
'0:00.930',-3.07
'0:00.934',-3.11
'0:00.938',-3.24
'0:00.941',-3.27
'0:00.945',-3.14
'0:00.949',-2.89
'0:00.953',-2.37
'0:00.957',-1.19
'0:00.961',0.75
'0:00.965',3.33
'0:00.969',4.72
'0:00.973',3.78
'0:00.977',1.54
'0:00.980',-0.77
'0:00.984',-2.39
'0:00.988',-3.22
'0:00.992',-3.55
'0:00.996',-3.58
'0:01.000',-3.47
'0:01.004',-3.34
'0:01.008',-3.14
'0:01.012',-2.9
'0:01.016',-2.64
'0:01.020',-2.41
'0:01.023',-2.24
'0:01.027',-2.04
'0:01.031',-1.81
'0:01.035',-1.55
'0:01.039',-1.27
'0:01.043',-1
'0:01.047',-0.78
'0:01.051',-0.68
'0:01.055',-0.51
'0:01.059',-0.29
'0:01.063',0.05
'0:01.066',0.46
'0:01.070',0.87
'0:01.074',1.29
'0:01.078',1.77
'0:01.082',2.26
'0:01.086',2.7
'0:01.090',3.04
'0:01.094',3.27
'0:01.098',3.36
'0:01.102',3.34
'0:01.105',3.22
'0:01.109',2.96
'0:01.113',2.63
'0:01.117',2.23
'0:01.121',1.78
'0:01.125',1.32
'0:01.129',0.84
'0:01.133',0.46
'0:01.137',0.18
'0:01.141',-0.04
'0:01.145',-0.21
'0:01.148',-0.29
'0:01.152',-0.26
'0:01.156',-0.13
'0:01.160',0.02
'0:01.164',0.18
'0:01.168',0.34
'0:01.172',0.42
'0:01.176',0.42
'0:01.180',0.41
'0:01.184',0.48
'0:01.188',0.68
'0:01.191',0.76
'0:01.195',0.63
'0:01.199',0.46
'0:01.203',0.19
'0:01.207',-0.09
'0:01.211',-0.41
'0:01.215',-0.8
'0:01.219',-1.21
'0:01.223',-1.58
'0:01.227',-1.89
'0:01.230',-2.11
'0:01.234',-2.35
'0:01.238',-2.51
'0:01.242',-2.56
'0:01.246',-2.53
'0:01.250',-2.58
'0:01.254',-2.75
'0:01.258',-2.85
'0:01.262',-2.8
'0:01.266',-2.41
'0:01.270',-1.45
'0:01.273',0.25
'0:01.277',2.76
'0:01.281',5.28
'0:01.285',5.76
'0:01.289',3.92
'0:01.293',1.02
'0:01.297',-1.44
'0:01.301',-2.93
'0:01.305',-3.52
'0:01.309',-3.55
'0:01.313',-3.32
'0:01.316',-3.07
'0:01.320',-2.79
'0:01.324',-2.39
'0:01.328',-2.05
'0:01.332',-1.77
'0:01.336',-1.56
'0:01.340',-1.42
'0:01.344',-1.26
'0:01.348',-1.07
'0:01.352',-0.85
'0:01.355',-0.65
'0:01.359',-0.32
'0:01.363',0.1
'0:01.367',0.37
'0:01.371',0.54
'0:01.375',0.76
'0:01.379',1.08
'0:01.383',1.37
'0:01.387',1.72
'0:01.391',2.21
'0:01.395',2.58
'0:01.398',3.02
'0:01.402',3.48
'0:01.406',3.78
'0:01.410',3.92
'0:01.414',3.97
'0:01.418',3.85
'0:01.422',3.66
'0:01.426',3.37
'0:01.430',2.89
'0:01.434',2.38
'0:01.438',1.93
'0:01.441',1.59
'0:01.445',1.13
'0:01.449',0.57
'0:01.453',0.18
'0:01.457',0.03
'0:01.461',-0.04
'0:01.465',-0.03
'0:01.469',0.13
'0:01.473',0.25
'0:01.477',0.37
'0:01.480',0.47
'0:01.484',0.51
'0:01.488',0.68
'0:01.492',0.82
'0:01.496',1
'0:01.500',1.07
'0:01.504',0.81
'0:01.508',0.54
'0:01.512',0.39
'0:01.516',0.2
'0:01.520',0.15
'0:01.523',0.12
'0:01.527',-0.14
'0:01.531',-0.57
'0:01.535',-1.01
'0:01.539',-1.56
'0:01.543',-1.91
'0:01.547',-2.09
'0:01.551',-2.12
'0:01.555',-2.14
'0:01.559',-2.24
'0:01.563',-2.33
'0:01.566',-2.31
'0:01.570',-2.34
'0:01.574',-2.31
'0:01.578',-2.1
'0:01.582',-1.45
'0:01.586',-0.06
'0:01.590',2.07
'0:01.594',4.81
'0:01.598',7.23
'0:01.602',7.3
'0:01.605',4.76
'0:01.609',1.32
'0:01.613',-1.54
'0:01.617',-3.39
'0:01.621',-4.2
'0:01.625',-4.24
'0:01.629',-3.81
'0:01.633',-3.4
'0:01.637',-3.1
'0:01.641',-2.79
'0:01.645',-2.52
'0:01.648',-2.31
'0:01.652',-2.11
'0:01.656',-1.97
'0:01.660',-1.8
'0:01.664',-1.61
'0:01.668',-1.37
'0:01.672',-1.05
'0:01.676',-0.85
'0:01.680',-0.71
'0:01.684',-0.64
'0:01.688',-0.46
'0:01.691',-0.15
'0:01.695',0.27
'0:01.699',0.68
'0:01.703',1.14
'0:01.707',1.6
'0:01.711',1.95
'0:01.715',2.29
'0:01.719',2.7
'0:01.723',3.02
'0:01.727',3.22
'0:01.730',3.31
'0:01.734',3.29
'0:01.738',3.08
'0:01.742',2.77
'0:01.746',2.36
'0:01.750',1.91
'0:01.754',1.52
'0:01.758',1.1
'0:01.762',0.67
'0:01.766',0.28
'0:01.770',-0.08
'0:01.773',-0.36
'0:01.777',-0.51
'0:01.781',-0.53
'0:01.785',-0.4
'0:01.789',-0.15
'0:01.793',0.07
'0:01.797',0.3
'0:01.801',0.51
'0:01.805',0.67
'0:01.809',0.79
'0:01.813',0.91
'0:01.816',1.1
'0:01.820',1.24
'0:01.824',1.18
'0:01.828',0.96
'0:01.832',0.68
'0:01.836',0.42
'0:01.840',0.17
'0:01.844',-0.12
'0:01.848',-0.44
'0:01.852',-0.78
'0:01.855',-1.11
'0:01.859',-1.4
'0:01.863',-1.68
'0:01.867',-1.92
'0:01.871',-2.1
'0:01.875',-2.19
'0:01.879',-2.24
'0:01.883',-2.25
'0:01.887',-2.38
'0:01.891',-2.45
'0:01.895',-2.25
'0:01.898',-1.77
'0:01.902',-0.65
'0:01.906',1.25
'0:01.910',3.87
'0:01.914',6.09
'0:01.918',5.96
'0:01.922',3.55
'0:01.926',0.47
'0:01.930',-1.87
'0:01.934',-3.16
'0:01.938',-3.67
'0:01.941',-3.68
'0:01.945',-3.39
'0:01.949',-2.98
'0:01.953',-2.59
'0:01.957',-2.24
'0:01.961',-1.98
'0:01.965',-1.75
'0:01.969',-1.49
'0:01.973',-1.24
'0:01.977',-1.05
'0:01.980',-0.87
'0:01.984',-0.75
'0:01.988',-0.59
'0:01.992',-0.39
'0:01.996',-0.23
'0:02.000',-0.1
'0:02.004',0.04
'0:02.008',0.19
'0:02.012',0.4
'0:02.016',0.78
'0:02.020',1.19
'0:02.023',1.56
'0:02.027',1.95
'0:02.031',2.5
'0:02.035',3.04
'0:02.039',3.48
'0:02.043',3.75
'0:02.047',3.83
'0:02.051',3.8
'0:02.055',3.59
'0:02.059',3.28
'0:02.063',2.96
'0:02.066',2.58
'0:02.070',2.12
'0:02.074',1.6
'0:02.078',1.13
'0:02.082',0.81
'0:02.086',0.59
'0:02.090',0.42
'0:02.094',0.27
'0:02.098',0.2
'0:02.102',0.28
'0:02.105',0.41
'0:02.109',0.54
'0:02.113',0.68
'0:02.117',0.81
'0:02.121',0.86
'0:02.125',0.81
'0:02.129',0.83
'0:02.133',0.9
'0:02.137',0.87
'0:02.141',0.78
'0:02.145',0.71
'0:02.148',0.56
'0:02.152',0.35
'0:02.156',0.08
'0:02.160',-0.21
'0:02.164',-0.63
'0:02.168',-1.14
'0:02.172',-1.55
'0:02.176',-1.93
'0:02.180',-2.31
'0:02.184',-2.56
'0:02.188',-2.72
'0:02.191',-2.75
'0:02.195',-2.7
'0:02.199',-2.85
'0:02.203',-3.16
'0:02.207',-3.22
'0:02.211',-2.99
'0:02.215',-2.57
'0:02.219',-1.59
'0:02.223',0.18
'0:02.227',2.81
'0:02.230',5.12
'0:02.234',4.91
'0:02.238',2.72
'0:02.242',0.04
'0:02.246',-2
'0:02.250',-3.05
'0:02.254',-3.47
'0:02.258',-3.58
'0:02.262',-3.51
'0:02.266',-3.29
'0:02.270',-2.95
'0:02.273',-2.61
'0:02.277',-2.31
'0:02.281',-1.95
'0:02.285',-1.63
'0:02.289',-1.45
'0:02.293',-1.32
'0:02.297',-1.05
'0:02.301',-0.69
'0:02.305',-0.37
'0:02.309',-0.1
'0:02.313',0.02
'0:02.316',0.08
'0:02.320',0.17
'0:02.324',0.39
'0:02.328',0.56
'0:02.332',0.78
'0:02.336',1.12
'0:02.340',1.53
'0:02.344',1.98
'0:02.348',2.47
'0:02.352',2.96
'0:02.355',3.36
'0:02.359',3.65
'0:02.363',3.75
'0:02.367',3.78
'0:02.371',3.73
'0:02.375',3.56
'0:02.379',3.2
'0:02.383',2.57
'0:02.387',1.75
'0:02.391',0.99
'0:02.395',0.43
'0:02.398',0.07
'0:02.402',-0.1
'0:02.406',-0.17
'0:02.410',-0.21
'0:02.414',-0.26
'0:02.418',-0.29
'0:02.422',-0.19
'0:02.426',-0.07
'0:02.430',-0.03
'0:02.434',-0.07
'0:02.438',-0.07
'0:02.441',0.09
'0:02.445',0.17
'0:02.449',0.31
'0:02.453',0.34
'0:02.457',0.31
'0:02.461',0.13
'0:02.465',0.01
'0:02.469',-0.12
'0:02.473',-0.34
'0:02.477',-0.7
'0:02.480',-1.09
'0:02.484',-1.62
'0:02.488',-2.09
'0:02.492',-2.43
'0:02.496',-2.67
'0:02.500',-2.73
'0:02.504',-2.68
'0:02.508',-2.64
'0:02.512',-2.7
'0:02.516',-2.8
'0:02.520',-2.87
'0:02.523',-2.83
'0:02.527',-2.65
'0:02.531',-2.43
'0:02.535',-1.66
'0:02.539',0
'0:02.543',2.6
'0:02.547',4.68
'0:02.551',4.67
'0:02.555',2.93
'0:02.559',0.54
'0:02.563',-1.36
'0:02.566',-2.6
'0:02.570',-3.4
'0:02.574',-3.61
'0:02.578',-3.33
'0:02.582',-2.88
'0:02.586',-2.54
'0:02.590',-2.29
'0:02.594',-2.07
'0:02.598',-1.95
'0:02.602',-1.86
'0:02.605',-1.8
'0:02.609',-1.68
'0:02.613',-1.49
'0:02.617',-1.29
'0:02.621',-1.06
'0:02.625',-0.76
'0:02.629',-0.44
'0:02.633',-0.1
'0:02.637',0.27
'0:02.641',0.63
'0:02.645',1.05
'0:02.648',1.48
'0:02.652',1.94
'0:02.656',2.39
'0:02.660',2.82
'0:02.664',3.24
'0:02.668',3.65
'0:02.672',3.95
'0:02.676',4.12
'0:02.680',4.1
'0:02.684',4
'0:02.688',3.85
'0:02.691',3.59
'0:02.695',3.22
'0:02.699',2.76
'0:02.703',2.18
'0:02.707',1.63
'0:02.711',1.2
'0:02.715',0.81
'0:02.719',0.49
'0:02.723',0.16
'0:02.727',-0.07
'0:02.730',-0.18
'0:02.734',-0.24
'0:02.738',-0.31
'0:02.742',-0.34
'0:02.746',-0.26
'0:02.750',-0.14
'0:02.754',-0.06
'0:02.758',-0.02
'0:02.762',0.19
'0:02.766',0.49
'0:02.770',0.61
'0:02.773',0.49
'0:02.777',0.19
'0:02.781',-0.07
'0:02.785',-0.33
'0:02.789',-0.67
'0:02.793',-1.21
'0:02.797',-1.89
'0:02.801',-2.47
'0:02.805',-2.84
'0:02.809',-3.11
'0:02.813',-3.24
'0:02.816',-3.31
'0:02.820',-3.34
'0:02.824',-3.29
'0:02.828',-3.18
'0:02.832',-3.17
'0:02.836',-3.21
'0:02.840',-3.19
'0:02.844',-3
'0:02.848',-2.49
'0:02.852',-1.4
'0:02.855',0.37
'0:02.859',2.77
'0:02.863',4.68
'0:02.867',4.25
'0:02.871',1.94
'0:02.875',-0.7
'0:02.879',-2.68
'0:02.883',-3.75
'0:02.887',-4.11
'0:02.891',-4.04
'0:02.895',-3.85
'0:02.898',-3.61
'0:02.902',-3.39
'0:02.906',-3.13
'0:02.910',-2.9
'0:02.914',-2.77
'0:02.918',-2.61
'0:02.922',-2.37
'0:02.926',-2.09
'0:02.930',-1.78
'0:02.934',-1.49
'0:02.938',-1.24
'0:02.941',-1
'0:02.945',-0.87
'0:02.949',-0.79
'0:02.953',-0.54
'0:02.957',-0.07
'0:02.961',0.44
'0:02.965',0.9
'0:02.969',1.35
'0:02.973',1.8
'0:02.977',2.22
'0:02.980',2.71
'0:02.984',3.19
'0:02.988',3.51
'0:02.992',3.46
'0:02.996',3.27
'0:03.000',3.1
'0:03.004',2.93
'0:03.008',2.78
'0:03.012',2.56
'0:03.016',2.27
'0:03.020',1.82
'0:03.023',1.47
'0:03.027',1.13
'0:03.031',0.76
'0:03.035',0.45
'0:03.039',0.37
'0:03.043',0.32
'0:03.047',0.3
'0:03.051',0.39
'0:03.055',0.52
'0:03.059',0.48
'0:03.063',0.37
'0:03.066',0.35
'0:03.070',0.4
'0:03.074',0.35
'0:03.078',0.39
'0:03.082',0.58
'0:03.086',0.64
'0:03.090',0.52
'0:03.094',0.51
'0:03.098',0.48
'0:03.102',0.31
'0:03.105',-0.04
'0:03.109',-0.5
'0:03.113',-0.92
'0:03.117',-1.3
'0:03.121',-1.58
'0:03.125',-1.84
'0:03.129',-2.07
'0:03.133',-2.21
'0:03.137',-2.26
'0:03.141',-2.38
'0:03.145',-2.53
'0:03.148',-2.77
'0:03.152',-3.04
'0:03.156',-3.14
'0:03.160',-2.9
'0:03.164',-2.13
'0:03.168',-0.65
'0:03.172',1.58
'0:03.176',4.33
'0:03.180',5.86
'0:03.184',4.89
'0:03.188',2.21
'0:03.191',-0.57
'0:03.195',-2.41
'0:03.199',-3.31
'0:03.203',-3.62
'0:03.207',-3.58
'0:03.211',-3.39
'0:03.215',-3
'0:03.219',-2.63
'0:03.223',-2.44
'0:03.227',-2.2
'0:03.230',-1.83
'0:03.234',-1.51
'0:03.238',-1.36
'0:03.242',-0.98
'0:03.246',-0.56
'0:03.250',-0.36
'0:03.254',-0.24
'0:03.258',-0.04
'0:03.262',0.12
'0:03.266',0.13
'0:03.270',0.34
'0:03.273',0.51
'0:03.277',0.71
'0:03.281',1.05
'0:03.285',1.64
'0:03.289',2.17
'0:03.293',2.65
'0:03.297',3.07
'0:03.301',3.48
'0:03.305',3.9
'0:03.309',4.14
'0:03.313',4.17
'0:03.316',3.91
'0:03.320',3.57
'0:03.324',3.2
'0:03.328',2.88
'0:03.332',2.47
'0:03.336',1.91
'0:03.340',1.39
'0:03.344',1.01
'0:03.348',0.59
'0:03.352',0.25
'0:03.355',0.07
'0:03.359',0.08
'0:03.363',0.07
'0:03.367',0.03
'0:03.371',0.12
'0:03.375',0.35
'0:03.379',0.61
'0:03.383',0.73
'0:03.387',0.71
'0:03.391',0.73
'0:03.395',0.85
'0:03.398',0.95
'0:03.402',1
'0:03.406',0.95
'0:03.410',0.77
'0:03.414',0.46
'0:03.418',0.13
'0:03.422',-0.22
'0:03.426',-0.56
'0:03.430',-0.94
'0:03.434',-1.24
'0:03.438',-1.43
'0:03.441',-1.55
'0:03.445',-1.78
'0:03.449',-2.09
'0:03.453',-2.36
'0:03.457',-2.53
'0:03.461',-2.61
'0:03.465',-2.65
'0:03.469',-2.67
'0:03.473',-2.48
'0:03.477',-2
'0:03.480',-1.13
'0:03.484',0.5
'0:03.488',3.01
'0:03.492',6.03
'0:03.496',7.78
'0:03.500',6.77
'0:03.504',3.73
'0:03.508',0.26
'0:03.512',-2.38
'0:03.516',-3.85
'0:03.520',-4.4
'0:03.523',-4.32
'0:03.527',-3.97
'0:03.531',-3.61
'0:03.535',-3.33
'0:03.539',-3.1
'0:03.543',-2.84
'0:03.547',-2.56
'0:03.551',-2.24
'0:03.555',-1.9
'0:03.559',-1.49
'0:03.563',-1.14
'0:03.566',-0.81
'0:03.570',-0.59
'0:03.574',-0.45
'0:03.578',-0.27
'0:03.582',-0.02
'0:03.586',0.21
'0:03.590',0.49
'0:03.594',0.78
'0:03.598',1.12
'0:03.602',1.46
'0:03.605',1.82
'0:03.609',2.26
'0:03.613',2.68
'0:03.617',3.05
'0:03.621',3.36
'0:03.625',3.53
'0:03.629',3.57
'0:03.633',3.44
'0:03.637',3.14
'0:03.641',2.79
'0:03.645',2.46
'0:03.648',2.08
'0:03.652',1.64
'0:03.656',1.18
'0:03.660',0.69
'0:03.664',0.25
'0:03.668',-0.11
'0:03.672',-0.41
'0:03.676',-0.53
'0:03.680',-0.53
'0:03.684',-0.38
'0:03.688',-0.05
'0:03.691',0.34
'0:03.695',0.59
'0:03.699',0.7
'0:03.703',0.76
'0:03.707',0.81
'0:03.711',1.02
'0:03.715',1.26
'0:03.719',1.27
'0:03.723',1.05
'0:03.727',0.86
'0:03.730',0.63
'0:03.734',0.37
'0:03.738',0.1
'0:03.742',-0.23
'0:03.746',-0.53
'0:03.750',-0.84
'0:03.754',-1.3
'0:03.758',-1.75
'0:03.762',-2.02
'0:03.766',-2.21
'0:03.770',-2.36
'0:03.773',-2.44
'0:03.777',-2.51
'0:03.781',-2.6
'0:03.785',-2.75
'0:03.789',-2.87
'0:03.793',-2.69
'0:03.797',-2.15
'0:03.801',-1.01
'0:03.805',0.83
'0:03.809',3.33
'0:03.813',5.07
'0:03.816',4.42
'0:03.820',2.03
'0:03.824',-0.65
'0:03.828',-2.6
'0:03.832',-3.5
'0:03.836',-3.53
'0:03.840',-3.24
'0:03.844',-2.97
'0:03.848',-2.7
'0:03.852',-2.56
'0:03.855',-2.44
'0:03.859',-2.19
'0:03.863',-2.02
'0:03.867',-1.85
'0:03.871',-1.72
'0:03.875',-1.49
'0:03.879',-1.18
'0:03.883',-0.88
'0:03.887',-0.68
'0:03.891',-0.54
'0:03.895',-0.31
'0:03.898',0.05
'0:03.902',0.44
'0:03.906',0.76
'0:03.910',0.95
'0:03.914',1.17
'0:03.918',1.51
'0:03.922',1.98
'0:03.926',2.43
'0:03.930',2.87
'0:03.934',3.31
'0:03.938',3.63
'0:03.941',3.85
'0:03.945',3.92
'0:03.949',3.86
'0:03.953',3.68
'0:03.957',3.36
'0:03.961',2.89
'0:03.965',2.38
'0:03.969',1.86
'0:03.973',1.3
'0:03.977',0.77
'0:03.980',0.35
'0:03.984',0.05
'0:03.988',-0.11
'0:03.992',-0.16
'0:03.996',-0.14
'0:04.000',-0.09
'0:04.004',-0.03
'0:04.008',0.05
'0:04.012',0.22
'0:04.016',0.35
'0:04.020',0.39
'0:04.023',0.37
'0:04.027',0.4
'0:04.031',0.61
'0:04.035',0.71
'0:04.039',0.59
'0:04.043',0.47
'0:04.047',0.32
'0:04.051',0.12
'0:04.055',-0.23
'0:04.059',-0.65
'0:04.063',-1.11
'0:04.066',-1.58
'0:04.070',-2.04
'0:04.074',-2.31
'0:04.078',-2.52
'0:04.082',-2.78
'0:04.086',-2.92
'0:04.090',-3
'0:04.094',-2.98
'0:04.098',-2.89
'0:04.102',-2.82
'0:04.105',-2.63
'0:04.109',-2.39
'0:04.113',-2.07
'0:04.117',-1.21
'0:04.121',0.53
'0:04.125',3.04
'0:04.129',5.28
'0:04.133',5.2
'0:04.137',2.99
'0:04.141',0.26
'0:04.145',-1.97
'0:04.148',-3.16
'0:04.152',-3.62
'0:04.156',-3.55
'0:04.160',-3.33
'0:04.164',-3.07
'0:04.168',-2.85
'0:04.172',-2.72
'0:04.176',-2.46
'0:04.180',-2.05
'0:04.184',-1.62
'0:04.188',-1.24
'0:04.191',-0.93
'0:04.195',-0.61
'0:04.199',-0.36
'0:04.203',-0.19
'0:04.207',0.05
'0:04.211',0.31
'0:04.215',0.32
'0:04.219',0.35
'0:04.223',0.63
'0:04.227',0.99
'0:04.230',1.34
'0:04.234',1.71
'0:04.238',2.24
'0:04.242',2.78
'0:04.246',3.19
'0:04.250',3.58
'0:04.254',3.87
'0:04.258',3.98
'0:04.262',3.95
'0:04.266',3.85
'0:04.270',3.54
'0:04.273',3.1
'0:04.277',2.57
'0:04.281',2.11
'0:04.285',1.64
'0:04.289',1.11
'0:04.293',0.5
'0:04.297',0.03
'0:04.301',-0.26
'0:04.305',-0.17
'0:04.309',0.01
'0:04.313',0.08
'0:04.316',0
'0:04.320',-0.21
'0:04.324',-0.19
'0:04.328',0.03
'0:04.332',0.19
'0:04.336',0.33
'0:04.340',0.48
'0:04.344',0.63
'0:04.348',0.71
'0:04.352',0.73
'0:04.355',0.66
'0:04.359',0.47
'0:04.363',0.27
'0:04.367',0.08
'0:04.371',-0.14
'0:04.375',-0.45
'0:04.379',-0.93
'0:04.383',-1.46
'0:04.387',-1.9
'0:04.391',-2.28
'0:04.395',-2.58
'0:04.398',-2.72
'0:04.402',-2.82
'0:04.406',-2.92
'0:04.410',-3.02
'0:04.414',-3.02
'0:04.418',-3.09
'0:04.422',-3.11
'0:04.426',-2.94
'0:04.430',-2.71
'0:04.434',-2.32
'0:04.438',-1.28
'0:04.441',0.53
'0:04.445',2.9
'0:04.449',4.08
'0:04.453',3.02
'0:04.457',0.81
'0:04.461',-1.22
'0:04.465',-2.56
'0:04.469',-3.26
'0:04.473',-3.51
'0:04.477',-3.51
'0:04.480',-3.36
'0:04.484',-3.14
'0:04.488',-2.9
'0:04.492',-2.71
'0:04.496',-2.48
'0:04.500',-2.18
'0:04.504',-1.91
'0:04.508',-1.73
'0:04.512',-1.51
'0:04.516',-1.25
'0:04.520',-0.98
'0:04.523',-0.68
'0:04.527',-0.43
'0:04.531',-0.22
'0:04.535',-0.05
'0:04.539',0.1
'0:04.543',0.25
'0:04.547',0.41
'0:04.551',0.61
'0:04.555',0.88
'0:04.559',1.26
'0:04.563',1.75
'0:04.566',2.24
'0:04.570',2.71
'0:04.574',3.07
'0:04.578',3.28
'0:04.582',3.39
'0:04.586',3.37
'0:04.590',3.22
'0:04.594',2.87
'0:04.598',2.37
'0:04.602',1.76
'0:04.605',1.21
'0:04.609',0.75
'0:04.613',0.3
'0:04.617',-0.13
'0:04.621',-0.41
'0:04.625',-0.48
'0:04.629',-0.39
'0:04.633',-0.19
'0:04.637',0.03
'0:04.641',0.2
'0:04.645',0.29
'0:04.648',0.3
'0:04.652',0.36
'0:04.656',0.48
'0:04.660',0.54
'0:04.664',0.63
'0:04.668',0.69
'0:04.672',0.68
'0:04.676',0.61
'0:04.680',0.42
'0:04.684',0.17
'0:04.688',-0.16
'0:04.691',-0.55
'0:04.695',-1.01
'0:04.699',-1.53
'0:04.703',-1.94
'0:04.707',-2.22
'0:04.711',-2.41
'0:04.715',-2.58
'0:04.719',-2.73
'0:04.723',-2.8
'0:04.727',-2.85
'0:04.730',-2.87
'0:04.734',-3
'0:04.738',-3.25
'0:04.742',-3.26
'0:04.746',-2.92
'0:04.750',-2.11
'0:04.754',-0.54
'0:04.758',1.82
'0:04.762',4.38
'0:04.766',5.12
'0:04.770',3.56
'0:04.773',0.89
'0:04.777',-1.58
'0:04.781',-3.19
'0:04.785',-3.89
'0:04.789',-4.08
'0:04.793',-3.87
'0:04.797',-3.54
'0:04.801',-3.24
'0:04.805',-2.97
'0:04.809',-2.71
'0:04.813',-2.41
'0:04.816',-2.05
'0:04.820',-1.78
'0:04.824',-1.55
'0:04.828',-1.3
'0:04.832',-1.01
'0:04.836',-0.79
'0:04.840',-0.68
'0:04.844',-0.51
'0:04.848',-0.29
'0:04.852',-0.02
'0:04.855',0.26
'0:04.859',0.63
'0:04.863',1.16
'0:04.867',1.62
'0:04.871',2.02
'0:04.875',2.39
'0:04.879',2.75
'0:04.883',3.07
'0:04.887',3.29
'0:04.891',3.56
'0:04.895',3.87
'0:04.898',4.05
'0:04.902',3.99
'0:04.906',3.67
'0:04.910',3.13
'0:04.914',2.56
'0:04.918',2.08
'0:04.922',1.68
'0:04.926',1.27
'0:04.930',0.93
'0:04.934',0.69
'0:04.938',0.46
'0:04.941',0.28
'0:04.945',0.25
'0:04.949',0.2
'0:04.953',0.3
'0:04.957',0.51
'0:04.961',0.58
'0:04.965',0.61
'0:04.969',0.63
'0:04.973',0.78
'0:04.977',0.91
'0:04.980',0.98
'0:04.984',1.05
'0:04.988',1.12
'0:04.992',1
'0:04.996',0.69
'0:05.000',0.35
'0:05.004',0.1
'0:05.008',-0.16
'0:05.012',-0.6
'0:05.016',-1.03
'0:05.020',-1.31
'0:05.023',-1.53
'0:05.027',-1.73
'0:05.031',-1.92
'0:05.035',-2.19
'0:05.039',-2.38
'0:05.043',-2.43
'0:05.047',-2.49
'0:05.051',-2.48
'0:05.055',-2.34
'0:05.059',-2.1
'0:05.063',-1.83
'0:05.066',-1.18
'0:05.070',0.2
'0:05.074',2.48
'0:05.078',5.62
'0:05.082',7.38
'0:05.086',6.24
'0:05.090',3.19
'0:05.094',-0.22
'0:05.098',-2.65
'0:05.102',-3.83
'0:05.105',-4.02
'0:05.109',-3.44
'0:05.113',-2.93
'0:05.117',-2.87
'0:05.121',-2.97
'0:05.125',-3.15
'0:05.129',-3.09
'0:05.133',-2.83
'0:05.137',-2.42
'0:05.141',-1.91
'0:05.145',-1.23
'0:05.148',0.16
'0:05.152',1.36
'0:05.156',1.56
'0:05.160',0.84
'0:05.164',-0.38
'0:05.168',-0.94
'0:05.172',-0.8
'0:05.176',-0.34
'0:05.180',0.45
'0:05.184',1.71
'0:05.188',2.94
'0:05.191',3.89
'0:05.195',5.71
'0:05.199',6.28
'0:05.203',3.7
'0:05.207',1.17
'0:05.211',0.66
'0:05.215',1.15
'0:05.219',1.8
'0:05.223',2.03
'0:05.227',2
'0:05.230',2
'0:05.234',1.98
'0:05.238',1.86
'0:05.242',1.73
'0:05.246',1.35
'0:05.250',0.29
'0:05.254',-0.86
'0:05.258',-1.48
'0:05.262',-1.58
'0:05.266',-1.34
'0:05.270',-0.95
'0:05.273',-0.61
'0:05.277',-0.36
'0:05.281',-0.14
'0:05.285',0.03
'0:05.289',0.18
'0:05.293',0.36
'0:05.297',0.84
'0:05.301',1.48
'0:05.305',1.79
'0:05.309',1.43
'0:05.313',0.72
'0:05.316',-0.04
'0:05.320',-0.72
'0:05.324',-1.17
'0:05.328',-1.46
'0:05.332',-1.7
'0:05.336',-1.95
'0:05.340',-2.17
'0:05.344',-2.39
'0:05.348',-2.46
'0:05.352',-2.46
'0:05.355',-2.37
'0:05.359',-2.12
'0:05.363',-2.12
'0:05.367',-2.55
'0:05.371',-3.12
'0:05.375',-3.33
'0:05.379',-3.14
'0:05.383',-2.61
'0:05.387',-1.56
'0:05.391',0.27
'0:05.395',2.9
'0:05.398',5.38
'0:05.402',5.64
'0:05.406',3.61
'0:05.410',0.79
'0:05.414',-1.46
'0:05.418',-2.72
'0:05.422',-3.23
'0:05.426',-3.25
'0:05.430',-3.04
'0:05.434',-2.73
'0:05.438',-2.43
'0:05.441',-2.13
'0:05.445',-1.9
'0:05.449',-1.66
'0:05.453',-1.53
'0:05.457',-1.46
'0:05.461',-1.2
'0:05.465',-0.85
'0:05.469',-0.58
'0:05.473',-0.36
'0:05.477',-0.17
'0:05.480',0.13
'0:05.484',0.56
'0:05.488',0.86
'0:05.492',0.81
'0:05.496',0.73
'0:05.500',0.85
'0:05.504',1.19
'0:05.508',1.59
'0:05.512',2.09
'0:05.516',2.65
'0:05.520',3.24
'0:05.523',3.67
'0:05.527',3.88
'0:05.531',3.95
'0:05.535',3.92
'0:05.539',3.8
'0:05.543',3.56
'0:05.547',3.27
'0:05.551',2.98
'0:05.555',2.63
'0:05.559',2.27
'0:05.563',1.72
'0:05.566',1.01
'0:05.570',0.47
'0:05.574',0.25
'0:05.578',0.25
'0:05.582',0.48
'0:05.586',0.82
'0:05.590',1.03
'0:05.594',1.01
'0:05.598',0.88
'0:05.602',0.78
'0:05.605',0.8
'0:05.609',0.87
'0:05.613',0.93
'0:05.617',1.04
'0:05.621',1.21
'0:05.625',1.29
'0:05.629',1.26
'0:05.633',1.24
'0:05.637',1.15
'0:05.641',0.91
'0:05.645',0.54
'0:05.648',-0.01
'0:05.652',-0.55
'0:05.656',-1.03
'0:05.660',-1.46
'0:05.664',-1.73
'0:05.668',-1.88
'0:05.672',-2
'0:05.676',-2.14
'0:05.680',-2.29
'0:05.684',-2.41
'0:05.688',-2.55
'0:05.691',-2.63
'0:05.695',-2.51
'0:05.699',-2.12
'0:05.703',-1.3
'0:05.707',0.22
'0:05.711',2.38
'0:05.715',4.87
'0:05.719',6.04
'0:05.723',4.83
'0:05.727',2.11
'0:05.730',-0.12
'0:05.734',-1.72
'0:05.738',-3.51
'0:05.742',-4.73
'0:05.746',-5.11
'0:05.750',-4.71
'0:05.754',-3.8
'0:05.758',-2.77
'0:05.762',-2.67
'0:05.766',-3.34
'0:05.770',-3.56
'0:05.773',-3.22
'0:05.777',-2.68
'0:05.781',-2.07
'0:05.785',-1.25
'0:05.789',-0.64
'0:05.793',-0.78
'0:05.797',-0.61
'0:05.801',0.62
'0:05.805',1.36
'0:05.809',1.39
'0:05.813',1.06
'0:05.816',0.34
'0:05.820',0.13
'0:05.824',0.48
'0:05.828',1.28
'0:05.832',2.43
'0:05.836',3.11
'0:05.840',3.24
'0:05.844',3.41
'0:05.848',3.48
'0:05.852',3.29
'0:05.855',3.15
'0:05.859',3.2
'0:05.863',3.46
'0:05.867',3.01
'0:05.871',2.37
'0:05.875',1.88
'0:05.879',0.96
'0:05.883',0.34
'0:05.887',0.05
'0:05.891',-0.72
'0:05.895',-1.21
'0:05.898',-1.63
'0:05.902',-2.16
'0:05.906',-2.1
'0:05.910',-1.25
'0:05.914',-0.66
'0:05.918',-0.05
'0:05.922',-0.16
'0:05.926',-0.3
'0:05.930',-0.05
'0:05.934',0.03
'0:05.938',-0.52
'0:05.941',-0.89
'0:05.945',-1.04
'0:05.949',-1.67
'0:05.953',-1.73
'0:05.957',-0.58
'0:05.961',0.45
'0:05.965',0.58
'0:05.969',0.4
'0:05.973',-0.63
'0:05.977',-1.55
'0:05.980',-2.21
'0:05.984',-2.43
'0:05.988',-2.29
'0:05.992',-2.11
'0:05.996',-2.05
'0:06.000',-2.31
'0:06.004',-2.67
'0:06.008',-2.66
'0:06.012',-2.54
'0:06.016',-2.46
'0:06.020',-2.4
'0:06.023',-1.56
'0:06.027',0.16
'0:06.031',2.41
'0:06.035',4.37
'0:06.039',4.17
'0:06.043',2.2
'0:06.047',-0.26
'0:06.051',-2.19
'0:06.055',-3.27
'0:06.059',-3.7
'0:06.063',-3.88
'0:06.066',-3.76
'0:06.070',-3.6
'0:06.074',-3.46
'0:06.078',-3.16
'0:06.082',-2.87
'0:06.086',-2.56
'0:06.090',-2.22
'0:06.094',-1.79
'0:06.098',-1.39
'0:06.102',-1.17
'0:06.105',-1.1
'0:06.109',-1.04
'0:06.113',-1.01
'0:06.117',-0.82
'0:06.121',-0.4
'0:06.125',0.02
'0:06.129',0.43
'0:06.133',0.79
'0:06.137',0.98
'0:06.141',1.26
'0:06.145',1.77
'0:06.148',2.4
'0:06.152',3.02
'0:06.156',3.61
'0:06.160',4.09
'0:06.164',4.31
'0:06.168',4.31
'0:06.172',4.14
'0:06.176',3.96
'0:06.180',3.7
'0:06.184',3.37
'0:06.188',3.03
'0:06.191',2.6
'0:06.195',2.01
'0:06.199',1.37
'0:06.203',0.81
'0:06.207',0.39
'0:06.211',0.13
'0:06.215',-0.01
'0:06.219',-0.05
'0:06.223',0.03
'0:06.227',0.13
'0:06.230',0.26
'0:06.234',0.39
'0:06.238',0.47
'0:06.242',0.56
'0:06.246',0.6
'0:06.250',0.66
'0:06.254',0.83
'0:06.258',0.99
'0:06.262',0.95
'0:06.266',0.81
'0:06.270',0.6
'0:06.273',0.25
'0:06.277',-0.07
'0:06.281',-0.43
'0:06.285',-0.86
'0:06.289',-1.28
'0:06.293',-1.6
'0:06.297',-1.9
'0:06.301',-2.19
'0:06.305',-2.43
'0:06.309',-2.54
'0:06.313',-2.54
'0:06.316',-2.56
'0:06.320',-2.63
'0:06.324',-2.8
'0:06.328',-3.06
'0:06.332',-3.05
'0:06.336',-2.54
'0:06.340',-1.5
'0:06.344',0.23
'0:06.348',2.67
'0:06.352',4.97
'0:06.355',5.22
'0:06.359',3.45
'0:06.363',0.83
'0:06.367',-1.46
'0:06.371',-2.81
'0:06.375',-3.42
'0:06.379',-3.58
'0:06.383',-3.56
'0:06.387',-3.31
'0:06.391',-2.95
'0:06.395',-2.65
'0:06.398',-2.41
'0:06.402',-2.19
'0:06.406',-1.83
'0:06.410',-1.42
'0:06.414',-1.02
'0:06.418',-0.69
'0:06.422',-0.49
'0:06.426',-0.46
'0:06.430',-0.46
'0:06.434',-0.29
'0:06.438',-0.03
'0:06.441',0.37
'0:06.445',0.7
'0:06.449',0.9
'0:06.453',1.14
'0:06.457',1.46
'0:06.461',1.74
'0:06.465',2.19
'0:06.469',2.75
'0:06.473',3.26
'0:06.477',3.56
'0:06.480',3.78
'0:06.484',3.97
'0:06.488',4.21
'0:06.492',4.17
'0:06.496',3.95
'0:06.500',3.47
'0:06.504',2.74
'0:06.508',2.21
'0:06.512',1.76
'0:06.516',1.22
'0:06.520',0.81
'0:06.523',0.54
'0:06.527',0.49
'0:06.531',0.2
'0:06.535',-0.33
'0:06.539',-0.46
'0:06.543',-0.29
'0:06.547',-0.22
'0:06.551',-0.12
'0:06.555',0.12
'0:06.559',0.34
'0:06.563',0.61
'0:06.566',0.97
'0:06.570',1.24
'0:06.574',1.08
'0:06.578',0.69
'0:06.582',0.35
'0:06.586',0.12
'0:06.590',0.1
'0:06.594',0.6
'0:06.598',2.03
'0:06.602',2.17
'0:06.605',-0.16
'0:06.609',-2.41
'0:06.613',-3.83
'0:06.617',-4.32
'0:06.621',-4.03
'0:06.625',-3.65
'0:06.629',-3.41
'0:06.633',-3.36
'0:06.637',-3.15
'0:06.641',-2.15
'0:06.645',-1.54
'0:06.648',-2.25
'0:06.652',-2.17
'0:06.656',-0.94
'0:06.660',0.47
'0:06.664',2.33
'0:06.668',5.18
'0:06.672',6.57
'0:06.676',5.14
'0:06.680',1.71
'0:06.684',-1.4
'0:06.688',-3.11
'0:06.691',-3.65
'0:06.695',-3.71
'0:06.699',-3.68
'0:06.703',-3.91
'0:06.707',-3.85
'0:06.711',-3.79
'0:06.715',-4.18
'0:06.719',-4.19
'0:06.723',-3.83
'0:06.727',-3.38
'0:06.730',-2.92
'0:06.734',-2.36
'0:06.738',-1.61
'0:06.742',-0.72
'0:06.746',0.31
'0:06.750',0.78
'0:06.754',0.21
'0:06.758',-0.64
'0:06.762',-0.75
'0:06.766',-0.37
'0:06.770',0.21
'0:06.773',0.94
'0:06.777',1.86
'0:06.781',2.41
'0:06.785',1.96
'0:06.789',1.59
'0:06.793',1.87
'0:06.797',2.27
'0:06.801',2.63
'0:06.805',2.9
'0:06.809',2.98
'0:06.813',2.9
'0:06.816',2.71
'0:06.820',2.45
'0:06.824',2.13
'0:06.828',1.69
'0:06.832',1.13
'0:06.836',0.59
'0:06.840',0.23
'0:06.844',0.07
'0:06.848',0.1
'0:06.852',0.01
'0:06.855',-0.05
'0:06.859',0.08
'0:06.863',0.32
'0:06.867',0.48
'0:06.871',0.49
'0:06.875',0.49
'0:06.879',0.66
'0:06.883',0.87
'0:06.887',1.16
'0:06.891',1.37
'0:06.895',1.32
'0:06.898',1.11
'0:06.902',0.93
'0:06.906',0.72
'0:06.910',0.54
'0:06.914',0.25
'0:06.918',-0.11
'0:06.922',-0.46
'0:06.926',-0.79
'0:06.930',-1.16
'0:06.934',-1.49
'0:06.938',-1.82
'0:06.941',-2.14
'0:06.945',-2.29
'0:06.949',-2.26
'0:06.953',-2.19
'0:06.957',-2.14
'0:06.961',-2.22
'0:06.965',-2.24
'0:06.969',-2
'0:06.973',-1.42
'0:06.977',-0.18
'0:06.980',1.85
'0:06.984',4.55
'0:06.988',6.95
'0:06.992',7
'0:06.996',4.66
'0:07.000',1.48
'0:07.004',-1.11
'0:07.008',-2.66
'0:07.012',-3.35
'0:07.016',-3.53
'0:07.020',-3.44
'0:07.023',-3.24
'0:07.027',-2.93
'0:07.031',-2.58
'0:07.035',-2.21
'0:07.039',-1.95
'0:07.043',-1.73
'0:07.047',-1.51
'0:07.051',-1.29
'0:07.055',-0.97
'0:07.059',-0.68
'0:07.063',-0.46
'0:07.066',-0.32
'0:07.070',-0.2
'0:07.074',-0.02
'0:07.078',0.2
'0:07.082',0.47
'0:07.086',0.81
'0:07.090',1.15
'0:07.094',1.51
'0:07.098',1.96
'0:07.102',2.48
'0:07.105',2.93
'0:07.109',3.31
'0:07.113',3.75
'0:07.117',4.14
'0:07.121',4.32
'0:07.125',4.12
'0:07.129',3.73
'0:07.133',3.37
'0:07.137',3.07
'0:07.141',2.76
'0:07.145',2.46
'0:07.148',2.05
'0:07.152',1.49
'0:07.156',0.98
'0:07.160',0.52
'0:07.164',0.17
'0:07.168',-0.04
'0:07.172',-0.02
'0:07.176',0.1
'0:07.180',0.25
'0:07.184',0.44
'0:07.188',0.62
'0:07.191',0.71
'0:07.195',0.66
'0:07.199',0.55
'0:07.203',0.59
'0:07.207',0.77
'0:07.211',0.92
'0:07.215',0.87
'0:07.219',0.61
'0:07.223',0.35
'0:07.227',0.08
'0:07.230',-0.23
'0:07.234',-0.58
'0:07.238',-0.96
'0:07.242',-1.32
'0:07.246',-1.67
'0:07.250',-1.97
'0:07.254',-2.16
'0:07.258',-2.31
'0:07.262',-2.36
'0:07.266',-2.38
'0:07.270',-2.39
'0:07.273',-2.46
'0:07.277',-2.55
'0:07.281',-2.58
'0:07.285',-2.56
'0:07.289',-2.38
'0:07.293',-1.56
'0:07.297',0.11
'0:07.301',2.94
'0:07.305',5.58
'0:07.309',5.34
'0:07.313',2.85
'0:07.316',-0.12
'0:07.320',-2.58
'0:07.324',-4.07
'0:07.328',-4.62
'0:07.332',-4.48
'0:07.336',-4.14
'0:07.340',-3.76
'0:07.344',-3.34
'0:07.348',-2.92
'0:07.352',-2.51
'0:07.355',-1.84
'0:07.359',-1.25
'0:07.363',-1.19
'0:07.367',-1.17
'0:07.371',-1.04
'0:07.375',-0.99
'0:07.379',-0.76
'0:07.383',-0.24
'0:07.387',0.08
'0:07.391',-0.09
'0:07.395',-0.3
'0:07.398',-0.15
'0:07.402',0.32
'0:07.406',0.85
'0:07.410',1.26
'0:07.414',1.6
'0:07.418',2.04
'0:07.422',2.56
'0:07.426',2.75
'0:07.430',2.85
'0:07.434',3.14
'0:07.438',3.38
'0:07.441',3.32
'0:07.445',3.27
'0:07.449',3.48
'0:07.453',3.46
'0:07.457',2.77
'0:07.461',1.94
'0:07.465',1.17
'0:07.469',0.59
'0:07.473',-0.01
'0:07.477',-0.55
'0:07.480',-0.9
'0:07.484',-0.92
'0:07.488',-0.85
'0:07.492',-0.83
'0:07.496',-0.58
'0:07.500',-0.36
'0:07.504',-0.17
'0:07.508',-0.14
'0:07.512',-0.05
'0:07.516',0.39
'0:07.520',1.13
'0:07.523',0.96
'0:07.527',0.13
'0:07.531',-0.41
'0:07.535',-0.68
'0:07.539',-0.74
'0:07.543',-0.6
'0:07.547',-0.63
'0:07.551',-0.87
'0:07.555',-1.21
'0:07.559',-1.55
'0:07.563',-1.94
'0:07.566',-2.31
'0:07.570',-2.51
'0:07.574',-2.65
'0:07.578',-2.75
'0:07.582',-2.7
'0:07.586',-2.64
'0:07.590',-2.73
'0:07.594',-2.92
'0:07.598',-3.11
'0:07.602',-3.14
'0:07.605',-2.85
'0:07.609',-2.23
'0:07.613',-1
'0:07.617',1.05
'0:07.621',3.8
'0:07.625',5.57
'0:07.629',4.89
'0:07.633',2.44
'0:07.637',-0.22
'0:07.641',-2.13
'0:07.645',-3.13
'0:07.648',-3.55
'0:07.652',-3.56
'0:07.656',-3.33
'0:07.660',-3.06
'0:07.664',-2.75
'0:07.668',-2.51
'0:07.672',-2.37
'0:07.676',-2.24
'0:07.680',-2.02
'0:07.684',-1.65
'0:07.688',-1.27
'0:07.691',-0.88
'0:07.695',-0.66
'0:07.699',-0.44
'0:07.703',-0.22
'0:07.707',-0.02
'0:07.711',0.08
'0:07.715',0.22
'0:07.719',0.46
'0:07.723',0.88
'0:07.727',1.34
'0:07.730',1.87
'0:07.734',2.4
'0:07.738',2.95
'0:07.742',3.48
'0:07.746',3.94
'0:07.750',4.1
'0:07.754',4.1
'0:07.758',4
'0:07.762',3.83
'0:07.766',3.61
'0:07.770',3.36
'0:07.773',3.05
'0:07.777',2.59
'0:07.781',2.11
'0:07.785',1.67
'0:07.789',1.22
'0:07.793',0.81
'0:07.797',0.49
'0:07.801',0.35
'0:07.805',0.34
'0:07.809',0.35
'0:07.813',0.3
'0:07.816',0.25
'0:07.820',0.25
'0:07.824',0.29
'0:07.828',0.49
'0:07.832',0.71
'0:07.836',0.83
'0:07.840',0.91
'0:07.844',1.07
'0:07.848',1.12
'0:07.852',0.93
'0:07.855',0.71
'0:07.859',0.47
'0:07.863',0.23
'0:07.867',-0.01
'0:07.871',-0.28
'0:07.875',-0.63
'0:07.879',-1.08
'0:07.883',-1.53
'0:07.887',-2.01
'0:07.891',-2.47
'0:07.895',-2.71
'0:07.898',-2.73
'0:07.902',-2.65
'0:07.906',-2.58
'0:07.910',-2.6
'0:07.914',-2.7
'0:07.918',-2.67
'0:07.922',-2.51
'0:07.926',-2.24
'0:07.930',-1.63
'0:07.934',-0.21
'0:07.938',1.97
'0:07.941',4.24
'0:07.945',4.8
'0:07.949',3.33
'0:07.953',1
'0:07.957',-1.07
'0:07.961',-2.38
'0:07.965',-3.03
'0:07.969',-3.25
'0:07.973',-3.14
'0:07.977',-2.92
'0:07.980',-2.75
'0:07.984',-2.59
'0:07.988',-2.41
'0:07.992',-2.19
'0:07.996',-1.97
'0:08.000',-1.66
'0:08.004',-1.48
'0:08.008',-1.36
'0:08.012',-0.88
'0:08.016',-0.06
'0:08.020',-0.14
'0:08.023',-0.6
'0:08.027',-0.66
'0:08.031',-0.27
'0:08.035',0.42
'0:08.039',1.35
'0:08.043',1.56
'0:08.047',1.27
'0:08.051',1.26
'0:08.055',1.4
'0:08.059',1.8
'0:08.063',2.4
'0:08.066',2.87
'0:08.070',3.17
'0:08.074',3.19
'0:08.078',3
'0:08.082',2.78
'0:08.086',2.56
'0:08.090',2.37
'0:08.094',2.17
'0:08.098',1.86
'0:08.102',1.43
'0:08.105',0.98
'0:08.109',0.56
'0:08.113',0.22
'0:08.117',0.01
'0:08.121',-0.21
'0:08.125',-0.41
'0:08.129',-0.32
'0:08.133',-0.07
'0:08.137',-0.13
'0:08.141',-0.45
'0:08.145',-0.7
'0:08.148',-0.8
'0:08.152',-0.68
'0:08.156',-0.42
'0:08.160',0.14
'0:08.164',0.59
'0:08.168',0.37
'0:08.172',-0.2
'0:08.176',-0.65
'0:08.180',-0.9
'0:08.184',-1.07
'0:08.188',-1.12
'0:08.191',-1.07
'0:08.195',-1.33
'0:08.199',-1.94
'0:08.203',-2.61
'0:08.207',-3.01
'0:08.211',-3.16
'0:08.215',-3.26
'0:08.219',-3.19
'0:08.223',-2.9
'0:08.227',-2.73
'0:08.230',-2.89
'0:08.234',-3.21
'0:08.238',-3.5
'0:08.242',-3.33
'0:08.246',-2.49
'0:08.250',-0.99
'0:08.254',1.18
'0:08.258',3.68
'0:08.262',5.01
'0:08.266',4.08
'0:08.270',1.78
'0:08.273',-0.7
'0:08.277',-2.57
'0:08.281',-3.65
'0:08.285',-4.09
'0:08.289',-4.06
'0:08.293',-3.73
'0:08.297',-3.32
'0:08.301',-2.97
'0:08.305',-2.68
'0:08.309',-2.42
'0:08.313',-2
'0:08.316',-1.65
'0:08.320',-1.2
'0:08.324',-0.87
'0:08.328',-0.77
'0:08.332',-0.56
'0:08.336',-0.48
'0:08.340',-0.41
'0:08.344',-0.34
'0:08.348',-0.36
'0:08.352',-0.2
'0:08.355',0.1
'0:08.359',0.48
'0:08.363',0.97
'0:08.367',1.51
'0:08.371',2.07
'0:08.375',2.56
'0:08.379',2.91
'0:08.383',3.19
'0:08.387',3.56
'0:08.391',3.88
'0:08.395',3.86
'0:08.398',3.63
'0:08.402',3.37
'0:08.406',3.08
'0:08.410',2.64
'0:08.414',2.29
'0:08.418',2.02
'0:08.422',1.73
'0:08.426',1.34
'0:08.430',0.92
'0:08.434',0.49
'0:08.438',0.25
'0:08.441',0.2
'0:08.445',0.27
'0:08.449',0.54
'0:08.453',0.83
'0:08.457',0.88
'0:08.461',0.78
'0:08.465',0.66
'0:08.469',0.45
'0:08.473',0.43
'0:08.477',0.69
'0:08.480',0.95
'0:08.484',1.02
'0:08.488',0.85
'0:08.492',0.69
'0:08.496',0.58
'0:08.500',0.4
'0:08.504',0.03
'0:08.508',-0.43
'0:08.512',-0.85
'0:08.516',-1.12
'0:08.520',-1.5
'0:08.523',-2.06
'0:08.527',-2.38
'0:08.531',-2.38
'0:08.535',-2.43
'0:08.539',-2.55
'0:08.543',-2.42
'0:08.547',-2.19
'0:08.551',-2.14
'0:08.555',-2.32
'0:08.559',-2.31
'0:08.563',-1.79
'0:08.566',-0.23
'0:08.570',2.17
'0:08.574',5.02
'0:08.578',7.12
'0:08.582',6.79
'0:08.586',4.17
'0:08.590',0.81
'0:08.594',-1.97
'0:08.598',-3.6
'0:08.602',-4.13
'0:08.605',-3.97
'0:08.609',-3.58
'0:08.613',-3.2
'0:08.617',-2.95
'0:08.621',-2.92
'0:08.625',-2.9
'0:08.629',-2.73
'0:08.633',-2.32
'0:08.637',-2
'0:08.641',-1.73
'0:08.645',-1.37
'0:08.648',-0.88
'0:08.652',-0.47
'0:08.656',-0.24
'0:08.660',-0.1
'0:08.664',0.04
'0:08.668',0.22
'0:08.672',0.49
'0:08.676',0.85
'0:08.680',1.15
'0:08.684',1.46
'0:08.688',1.9
'0:08.691',2.48
'0:08.695',3.04
'0:08.699',3.43
'0:08.703',3.68
'0:08.707',3.87
'0:08.711',3.88
'0:08.715',3.81
'0:08.719',3.7
'0:08.723',3.49
'0:08.727',3.12
'0:08.730',2.62
'0:08.734',2.15
'0:08.738',1.57
'0:08.742',1.01
'0:08.746',0.54
'0:08.750',0.2
'0:08.754',-0.02
'0:08.758',-0.12
'0:08.762',-0.14
'0:08.766',0.05
'0:08.770',0.43
'0:08.773',0.61
'0:08.777',0.54
'0:08.781',0.46
'0:08.785',0.46
'0:08.789',0.47
'0:08.793',0.53
'0:08.797',0.66
'0:08.801',0.76
'0:08.805',0.8
'0:08.809',0.76
'0:08.813',0.66
'0:08.816',0.49
'0:08.820',0.32
'0:08.824',0.1
'0:08.828',-0.2
'0:08.832',-0.56
'0:08.836',-1.01
'0:08.840',-1.43
'0:08.844',-1.6
'0:08.848',-1.63
'0:08.852',-1.68
'0:08.855',-1.7
'0:08.859',-1.92
'0:08.863',-2.24
'0:08.867',-2.67
'0:08.871',-3.04
'0:08.875',-3.11
'0:08.879',-2.8
'0:08.883',-2.12
'0:08.887',-0.81
'0:08.891',1.39
'0:08.895',4.22
'0:08.898',6.16
'0:08.902',5.52
'0:08.906',2.93
'0:08.910',-0.04
'0:08.914',-2.17
'0:08.918',-3.21
'0:08.922',-3.6
'0:08.926',-3.56
'0:08.930',-3.18
'0:08.934',-2.78
'0:08.938',-2.59
'0:08.941',-2.55
'0:08.945',-2.56
'0:08.949',-2.46
'0:08.953',-2.09
'0:08.957',-1.66
'0:08.961',-1.19
'0:08.965',-0.83
'0:08.969',-0.95
'0:08.973',-1.08
'0:08.977',-0.96
'0:08.980',-0.7
'0:08.984',-0.53
'0:08.988',-0.25
'0:08.992',0.05
'0:08.996',0.3
'0:09.000',0.51
'0:09.004',0.99
'0:09.008',1.52
'0:09.012',1.98
'0:09.016',2.42
'0:09.020',2.87
'0:09.023',3.29
'0:09.027',3.7
'0:09.031',3.8
'0:09.035',3.66
'0:09.039',3.47
'0:09.043',3.23
'0:09.047',2.92
'0:09.051',2.61
'0:09.055',2.19
'0:09.059',1.52
'0:09.063',0.77
'0:09.066',0.21
'0:09.070',-0.19
'0:09.074',-0.44
'0:09.078',-0.51
'0:09.082',-0.41
'0:09.086',-0.27
'0:09.090',-0.19
'0:09.094',-0.11
'0:09.098',0.05
'0:09.102',0.19
'0:09.105',0.27
'0:09.109',0.34
'0:09.113',0.44
'0:09.117',0.59
'0:09.121',0.73
'0:09.125',0.66
'0:09.129',0.42
'0:09.133',0.22
'0:09.137',0.08
'0:09.141',-0.17
'0:09.145',-0.51
'0:09.148',-0.96
'0:09.152',-1.5
'0:09.156',-2.06
'0:09.160',-2.38
'0:09.164',-2.47
'0:09.168',-2.58
'0:09.172',-2.72
'0:09.176',-2.84
'0:09.180',-3
'0:09.184',-3.11
'0:09.188',-3.23
'0:09.191',-3.21
'0:09.195',-2.95
'0:09.199',-2.55
'0:09.203',-1.74
'0:09.207',-0.25
'0:09.211',2.12
'0:09.215',4.66
'0:09.219',5.31
'0:09.223',3.65
'0:09.227',1.05
'0:09.230',-1.19
'0:09.234',-2.64
'0:09.238',-3.36
'0:09.242',-3.56
'0:09.246',-3.49
'0:09.250',-3.34
'0:09.254',-3.17
'0:09.258',-2.95
'0:09.262',-2.63
'0:09.266',-2.31
'0:09.270',-2.05
'0:09.273',-1.9
'0:09.277',-1.76
'0:09.281',-1.49
'0:09.285',-1.1
'0:09.289',-0.77
'0:09.293',-0.6
'0:09.297',-0.46
'0:09.301',-0.33
'0:09.305',-0.19
'0:09.309',0.01
'0:09.313',0.34
'0:09.316',0.78
'0:09.320',1.24
'0:09.324',1.65
'0:09.328',2.1
'0:09.332',2.58
'0:09.336',3.02
'0:09.340',3.43
'0:09.344',3.66
'0:09.348',3.75
'0:09.352',3.64
'0:09.355',3.41
'0:09.359',3.17
'0:09.363',2.88
'0:09.367',2.38
'0:09.371',1.96
'0:09.375',1.59
'0:09.379',1.16
'0:09.383',0.62
'0:09.387',0.17
'0:09.391',-0.04
'0:09.395',0
'0:09.398',-0.03
'0:09.402',-0.01
'0:09.406',0.07
'0:09.410',0.22
'0:09.414',0.37
'0:09.418',0.44
'0:09.422',0.4
'0:09.426',0.4
'0:09.430',0.44
'0:09.434',0.54
'0:09.438',0.71
'0:09.441',0.84
'0:09.445',0.79
'0:09.449',0.7
'0:09.453',0.45
'0:09.457',0.17
'0:09.461',-0.26
'0:09.465',-0.65
'0:09.469',-1.06
'0:09.473',-1.45
'0:09.477',-1.75
'0:09.480',-2.02
'0:09.484',-2.21
'0:09.488',-2.32
'0:09.492',-2.36
'0:09.496',-2.33
'0:09.500',-2.29
'0:09.504',-2.43
'0:09.508',-2.61
'0:09.512',-2.62
'0:09.516',-2.5
'0:09.520',-2
'0:09.523',-0.93
'0:09.527',0.86
'0:09.531',3.31
'0:09.535',5.01
'0:09.539',4.47
'0:09.543',2.36
'0:09.547',-0.05
'0:09.551',-1.93
'0:09.555',-3.04
'0:09.559',-3.55
'0:09.563',-3.65
'0:09.566',-3.51
'0:09.570',-3.29
'0:09.574',-2.98
'0:09.578',-2.58
'0:09.582',-2.13
'0:09.586',-1.88
'0:09.590',-1.61
'0:09.594',-1.46
'0:09.598',-1.22
'0:09.602',-0.9
'0:09.605',-0.87
'0:09.609',-0.82
'0:09.613',-0.69
'0:09.617',-0.51
'0:09.621',-0.19
'0:09.625',0.36
'0:09.629',0.8
'0:09.633',0.97
'0:09.637',1.04
'0:09.641',1.22
'0:09.645',1.61
'0:09.648',2.17
'0:09.652',2.87
'0:09.656',4
'0:09.660',4.34
'0:09.664',3.92
'0:09.668',3.56
'0:09.672',3.39
'0:09.676',3.15
'0:09.680',2.78
'0:09.684',2.42
'0:09.688',2.19
'0:09.691',1.83
'0:09.695',1.42
'0:09.699',0.93
'0:09.703',0.42
'0:09.707',0.07
'0:09.711',0.05
'0:09.715',0.25
'0:09.719',-0.04
'0:09.723',-0.65
'0:09.727',-0.87
'0:09.730',-0.85
'0:09.734',-0.56
'0:09.738',-0.13
'0:09.742',0.05
'0:09.746',0
'0:09.750',0.03
'0:09.754',0.15
'0:09.758',0.22
'0:09.762',0.23
'0:09.766',0.25
'0:09.770',0.18
'0:09.773',-0.19
'0:09.777',-0.7
'0:09.781',-1.02
'0:09.785',-1.32
'0:09.789',-1.7
'0:09.793',-2.12
'0:09.797',-2.55
'0:09.801',-2.99
'0:09.805',-3.22
'0:09.809',-3.14
'0:09.813',-2.94
'0:09.816',-2.88
'0:09.820',-3.16
'0:09.824',-3.6
'0:09.828',-3.85
'0:09.832',-3.7
'0:09.836',-3.34
'0:09.840',-2.82
'0:09.844',-1.66
'0:09.848',0.38
'0:09.852',3.14
'0:09.855',4.69
'0:09.859',3.86
'0:09.863',1.48
'0:09.867',-1.1
'0:09.871',-2.93
'0:09.875',-3.84
'0:09.879',-4.16
'0:09.883',-3.99
'0:09.887',-3.6
'0:09.891',-3.17
'0:09.895',-2.85
'0:09.898',-2.66
'0:09.902',-2.46
'0:09.906',-2.21
'0:09.910',-1.96
'0:09.914',-1.66
'0:09.918',-1.42
'0:09.922',-1.24
'0:09.926',-1.04
'0:09.930',-0.68
'0:09.934',-0.37
'0:09.938',-0.07
'0:09.941',0.15
'0:09.945',0.37
'0:09.949',0.68
'0:09.953',1.07
'0:09.957',1.44
'0:09.961',1.72
'0:09.965',2.03
'0:09.969',2.34
'0:09.973',2.66
'0:09.977',3.02
'0:09.980',3.43
'0:09.984',3.7
'0:09.988',3.81
'0:09.992',3.68
'0:09.996',3.43
'0:10.000',3.13
'0:10.004',2.71
'0:10.008',2.23
'0:10.012',1.81
'0:10.016',1.45
'0:10.020',1.08
'0:10.023',0.63
'0:10.027',0.23
'0:10.031',0.13
'0:10.035',0.13
'0:10.039',0.12
'0:10.043',0.17
'0:10.047',0.29
'0:10.051',0.44
'0:10.055',0.59
'0:10.059',0.68
'0:10.063',0.66
'0:10.066',0.69
'0:10.070',0.78
'0:10.074',1.05
'0:10.078',1.22
'0:10.082',1.17
'0:10.086',0.93
'0:10.090',0.56
'0:10.094',0.18
'0:10.098',-0.13
'0:10.102',-0.53
'0:10.105',-0.92
'0:10.109',-1.26
'0:10.113',-1.56
'0:10.117',-1.92
'0:10.121',-2.09
'0:10.125',-2.26
'0:10.129',-2.41
'0:10.133',-2.47
'0:10.137',-2.48
'0:10.141',-2.5
'0:10.145',-2.68
'0:10.148',-2.66
'0:10.152',-2.32
'0:10.156',-1.73
'0:10.160',-0.45
'0:10.164',1.71
'0:10.168',4.51
'0:10.172',6.99
'0:10.176',7.08
'0:10.180',4.75
'0:10.184',1.45
'0:10.188',-1.35
'0:10.191',-3.15
'0:10.195',-3.92
'0:10.199',-4.02
'0:10.203',-3.83
'0:10.207',-3.46
'0:10.211',-3
'0:10.215',-2.56
'0:10.219',-2.21
'0:10.223',-1.97
'0:10.227',-1.8
'0:10.230',-1.6
'0:10.234',-1.24
'0:10.238',-0.9
'0:10.242',-0.51
'0:10.246',-0.18
'0:10.250',-0.06
'0:10.254',-0.17
'0:10.258',-0.02
'0:10.262',0.2
'0:10.266',0.41
'0:10.270',0.68
'0:10.273',1.05
'0:10.277',1.49
'0:10.281',2.08
'0:10.285',2.85
'0:10.289',3.5
'0:10.293',3.83
'0:10.297',3.83
'0:10.301',3.76
'0:10.305',3.56
'0:10.309',3.39
'0:10.313',3.24
'0:10.316',3.04
'0:10.320',2.73
'0:10.324',2.4
'0:10.328',2.12
'0:10.332',1.78
'0:10.336',1.35
'0:10.340',0.93
'0:10.344',0.56
'0:10.348',0.34
'0:10.352',0.29
'0:10.355',0.35
'0:10.359',0.42
'0:10.363',0.48
'0:10.367',0.52
'0:10.371',0.61
'0:10.375',0.71
'0:10.379',0.85
'0:10.383',0.9
'0:10.387',0.92
'0:10.391',1.05
'0:10.395',1.22
'0:10.398',1.32
'0:10.402',1.19
'0:10.406',0.88
'0:10.410',0.51
'0:10.414',0.22
'0:10.418',0.05
'0:10.422',-0.04
'0:10.426',-0.36
'0:10.430',-0.97
'0:10.434',-1.65
'0:10.438',-2.11
'0:10.441',-2.41
'0:10.445',-2.45
'0:10.449',-2.29
'0:10.453',-2.22
'0:10.457',-2.29
'0:10.461',-2.56
'0:10.465',-2.96
'0:10.469',-3.06
'0:10.473',-2.77
'0:10.477',-2.14
'0:10.480',-1.05
'0:10.484',0.84
'0:10.488',3.66
'0:10.492',6.31
'0:10.496',6.58
'0:10.500',4.29
'0:10.504',1.17
'0:10.508',-1.34
'0:10.512',-2.93
'0:10.516',-3.7
'0:10.520',-3.9
'0:10.523',-3.7
'0:10.527',-3.29
'0:10.531',-2.92
'0:10.535',-2.81
'0:10.539',-2.75
'0:10.543',-2.66
'0:10.547',-2.44
'0:10.551',-2.06
'0:10.555',-1.53
'0:10.559',-1.09
'0:10.563',-0.98
'0:10.566',-1.04
'0:10.570',-0.97
'0:10.574',-0.71
'0:10.578',-0.34
'0:10.582',0.1
'0:10.586',0.44
'0:10.590',0.55
'0:10.594',0.69
'0:10.598',0.91
'0:10.602',1.18
'0:10.605',1.51
'0:10.609',1.99
'0:10.613',2.56
'0:10.617',3
'0:10.621',3.23
'0:10.625',3.34
'0:10.629',3.32
'0:10.633',3.14
'0:10.637',2.86
'0:10.641',2.57
'0:10.645',2.19
'0:10.648',1.64
'0:10.652',1.05
'0:10.656',0.66
'0:10.660',0.41
'0:10.664',0.18
'0:10.668',-0.11
'0:10.672',-0.36
'0:10.676',-0.44
'0:10.680',-0.34
'0:10.684',-0.21
'0:10.688',-0.05
'0:10.691',0.12
'0:10.695',0.32
'0:10.699',0.48
'0:10.703',0.49
'0:10.707',0.64
'0:10.711',0.81
'0:10.715',0.95
'0:10.719',0.95
'0:10.723',0.85
'0:10.727',0.73
'0:10.730',0.46
'0:10.734',0.22
'0:10.738',-0.41
'0:10.742',-1.02
'0:10.746',-1.43
'0:10.750',-1.82
'0:10.754',-2.1
'0:10.758',-2.31
'0:10.762',-2.46
'0:10.766',-2.51
'0:10.770',-2.53
'0:10.773',-2.55
'0:10.777',-2.65
'0:10.781',-2.8
'0:10.785',-2.69
'0:10.789',-2.34
'0:10.793',-1.49
'0:10.797',-0.01
'0:10.801',2.15
'0:10.805',4.65
'0:10.809',5.55
'0:10.813',4.08
'0:10.816',1.46
'0:10.820',-1
'0:10.824',-2.76
'0:10.828',-3.68
'0:10.832',-3.9
'0:10.836',-3.77
'0:10.840',-3.58
'0:10.844',-3.39
'0:10.848',-3.14
'0:10.852',-2.85
'0:10.855',-2.49
'0:10.859',-2.22
'0:10.863',-1.98
'0:10.867',-1.83
'0:10.871',-1.65
'0:10.875',-1.43
'0:10.879',-1.09
'0:10.883',-0.66
'0:10.887',-0.32
'0:10.891',-0.07
'0:10.895',0.15
'0:10.898',0.29
'0:10.902',0.48
'0:10.906',0.83
'0:10.910',1.19
'0:10.914',1.61
'0:10.918',2.05
'0:10.922',2.53
'0:10.926',2.99
'0:10.930',3.41
'0:10.934',3.8
'0:10.938',4.03
'0:10.941',4.04
'0:10.945',3.93
'0:10.949',3.63
'0:10.953',3.27
'0:10.957',2.81
'0:10.961',2.27
'0:10.965',1.73
'0:10.969',1.22
'0:10.973',0.68
'0:10.977',0.32
'0:10.980',0.15
'0:10.984',0.2
'0:10.988',0.25
'0:10.992',0.2
'0:10.996',0.11
'0:11.000',0.09
'0:11.004',0.25
'0:11.008',0.48
'0:11.012',0.79
'0:11.016',0.88
'0:11.020',0.52
'0:11.023',0.4
'0:11.027',0.29
'0:11.031',0.19
'0:11.035',0.07
'0:11.039',0.07
'0:11.043',-0.07
'0:11.047',-0.24
'0:11.051',-0.41
'0:11.055',-0.63
'0:11.059',-0.82
'0:11.063',-1.17
'0:11.066',-1.61
'0:11.070',-1.97
'0:11.074',-2.26
'0:11.078',-2.62
'0:11.082',-2.83
'0:11.086',-2.84
'0:11.090',-2.7
'0:11.094',-2.44
'0:11.098',-2.31
'0:11.102',-2.22
'0:11.105',-2.1
'0:11.109',-2.05
'0:11.113',-1.61
'0:11.117',-0.28
'0:11.121',1.92
'0:11.125',4.59
'0:11.129',5.69
'0:11.133',4.41
'0:11.137',1.97
'0:11.141',-0.35
'0:11.145',-1.92
'0:11.148',-2.82
'0:11.152',-3.17
'0:11.156',-3.21
'0:11.160',-3.06
'0:11.164',-2.83
'0:11.168',-2.59
'0:11.172',-2.28
'0:11.176',-1.98
'0:11.180',-1.73
'0:11.184',-1.51
'0:11.188',-1.39
'0:11.191',-1.31
'0:11.195',-1.09
'0:11.199',-0.9
'0:11.203',-0.71
'0:11.207',-0.48
'0:11.211',-0.22
'0:11.215',0.2
'0:11.219',0.47
'0:11.223',0.68
'0:11.227',1.07
'0:11.230',1.46
'0:11.234',1.85
'0:11.238',2.07
'0:11.242',2.18
'0:11.246',2.42
'0:11.250',2.87
'0:11.254',3.24
'0:11.258',3.5
'0:11.262',3.63
'0:11.266',3.54
'0:11.270',3.25
'0:11.273',2.81
'0:11.277',2.35
'0:11.281',1.83
'0:11.285',1.29
'0:11.289',0.78
'0:11.293',0.26
'0:11.297',-0.14
'0:11.301',-0.36
'0:11.305',-0.48
'0:11.309',-0.51
'0:11.313',-0.42
'0:11.316',-0.22
'0:11.320',-0.17
'0:11.324',-0.24
'0:11.328',-0.38
'0:11.332',-0.39
'0:11.336',-0.24
'0:11.340',-0.03
'0:11.344',0.02
'0:11.348',-0.07
'0:11.352',-0.14
'0:11.355',-0.14
'0:11.359',-0.19
'0:11.363',-0.37
'0:11.367',-0.67
'0:11.371',-1.16
'0:11.375',-1.7
'0:11.379',-2.14
'0:11.383',-2.39
'0:11.387',-2.51
'0:11.391',-2.73
'0:11.395',-2.88
'0:11.398',-2.98
'0:11.402',-3.02
'0:11.406',-3.05
'0:11.410',-2.97
'0:11.414',-2.78
'0:11.418',-2.76
'0:11.422',-2.8
'0:11.426',-2.8
'0:11.430',-2.72
'0:11.434',-2.27
'0:11.438',-1.18
'0:11.441',0.55
'0:11.445',2.87
'0:11.449',4.98
'0:11.453',4.9
'0:11.457',2.96
'0:11.461',0.39
'0:11.465',-1.74
'0:11.469',-3.08
'0:11.473',-3.7
'0:11.477',-3.94
'0:11.480',-3.79
'0:11.484',-3.46
'0:11.488',-3.06
'0:11.492',-2.68
'0:11.496',-2.37
'0:11.500',-2.29
'0:11.504',-2.21
'0:11.508',-2.11
'0:11.512',-1.97
'0:11.516',-1.78
'0:11.520',-1.52
'0:11.523',-1.19
'0:11.527',-0.99
'0:11.531',-0.85
'0:11.535',-0.63
'0:11.539',-0.29
'0:11.543',0.12
'0:11.547',0.48
'0:11.551',0.83
'0:11.555',1.15
'0:11.559',1.53
'0:11.563',1.98
'0:11.566',2.41
'0:11.570',2.76
'0:11.574',3
'0:11.578',3.14
'0:11.582',3.24
'0:11.586',3.2
'0:11.590',3.07
'0:11.594',2.85
'0:11.598',2.58
'0:11.602',2.27
'0:11.605',1.96
'0:11.609',1.66
'0:11.613',1.22
'0:11.617',0.76
'0:11.621',0.33
'0:11.625',-0.02
'0:11.629',-0.1
'0:11.633',-0.04
'0:11.637',-0.02
'0:11.641',0.15
'0:11.645',0.44
'0:11.648',0.81
'0:11.652',0.92
'0:11.656',0.86
'0:11.660',0.78
'0:11.664',0.76
'0:11.668',0.85
'0:11.672',1.03
'0:11.676',1.04
'0:11.680',0.86
'0:11.684',0.69
'0:11.688',0.49
'0:11.691',0.13
'0:11.695',-0.19
'0:11.699',-0.48
'0:11.703',-0.89
'0:11.707',-1.26
'0:11.711',-1.63
'0:11.715',-1.99
'0:11.719',-2.34
'0:11.723',-2.58
'0:11.727',-2.72
'0:11.730',-2.75
'0:11.734',-2.73
'0:11.738',-2.61
'0:11.742',-2.51
'0:11.746',-2.46
'0:11.750',-2.24
'0:11.754',-1.68
'0:11.758',-0.31
'0:11.762',1.88
'0:11.766',4.62
'0:11.770',6.31
'0:11.773',5.58
'0:11.777',3
'0:11.781',-0.04
'0:11.785',-2.35
'0:11.789',-3.6
'0:11.793',-4.06
'0:11.797',-3.94
'0:11.801',-3.65
'0:11.805',-3.27
'0:11.809',-2.88
'0:11.813',-2.43
'0:11.816',-2.02
'0:11.820',-1.66
'0:11.824',-1.4
'0:11.828',-1.22
'0:11.832',-1.02
'0:11.836',-0.77
'0:11.840',-0.51
'0:11.844',-0.2
'0:11.848',0.01
'0:11.852',0.13
'0:11.855',0.37
'0:11.859',0.6
'0:11.863',0.88
'0:11.867',1.14
'0:11.871',1.37
'0:11.875',1.75
'0:11.879',2.39
'0:11.883',3.22
'0:11.887',4.06
'0:11.891',4.07
'0:11.895',3.54
'0:11.898',3.25
'0:11.902',3.1
'0:11.906',3.02
'0:11.910',2.97
'0:11.914',2.74
'0:11.918',2.58
'0:11.922',2.39
'0:11.926',1.88
'0:11.930',1.29
'0:11.934',0.83
'0:11.938',0.41
'0:11.941',-0.02
'0:11.945',-0.26
'0:11.949',-0.36
'0:11.953',-0.29
'0:11.957',-0.09
'0:11.961',0.16
'0:11.965',0.41
'0:11.969',0.56
'0:11.973',0.64
'0:11.977',0.66
'0:11.980',0.68
'0:11.984',0.81
'0:11.988',1.12
'0:11.992',1.42
'0:11.996',1.53
'0:12.000',1.58
'0:12.004',1.44
'0:12.008',1.04
'0:12.012',0.56
'0:12.016',0.08
'0:12.020',-0.41
'0:12.023',-0.86
'0:12.027',-1.32
'0:12.031',-1.72
'0:12.035',-1.95
'0:12.039',-2.04
'0:12.043',-2.07
'0:12.047',-2.12
'0:12.051',-2.23
'0:12.055',-2.36
'0:12.059',-2.54
'0:12.063',-2.72
'0:12.066',-2.58
'0:12.070',-2.06
'0:12.074',-1.14
'0:12.078',0.47
'0:12.082',2.87
'0:12.086',5.78
'0:12.090',7.21
'0:12.094',5.78
'0:12.098',2.63
'0:12.102',-0.54
'0:12.105',-2.73
'0:12.109',-3.83
'0:12.113',-4.17
'0:12.117',-4.09
'0:12.121',-3.87
'0:12.125',-3.62
'0:12.129',-3.35
'0:12.133',-3
'0:12.137',-2.58
'0:12.141',-2.28
'0:12.145',-2.13
'0:12.148',-2.01
'0:12.152',-1.82
'0:12.156',-1.57
'0:12.160',-1.24
'0:12.164',-0.95
'0:12.168',-0.73
'0:12.172',-0.51
'0:12.176',-0.31
'0:12.180',-0.1
'0:12.184',0.23
'0:12.188',0.59
'0:12.191',0.98
'0:12.195',1.34
'0:12.199',1.73
'0:12.203',2.25
'0:12.207',2.8
'0:12.211',3.17
'0:12.215',3.41
'0:12.219',3.59
'0:12.223',3.66
'0:12.227',3.63
'0:12.230',3.4
'0:12.234',3.07
'0:12.238',2.66
'0:12.242',2.2
'0:12.246',1.75
'0:12.250',1.34
'0:12.254',0.9
'0:12.258',0.52
'0:12.262',0.2
'0:12.266',0.01
'0:12.270',-0.02
'0:12.273',0.06
'0:12.277',0.17
'0:12.281',0.25
'0:12.285',0.27
'0:12.289',0.33
'0:12.293',0.37
'0:12.297',0.41
'0:12.301',0.45
'0:12.305',0.57
'0:12.309',0.71
'0:12.313',0.84
'0:12.316',0.88
'0:12.320',0.9
'0:12.324',0.87
'0:12.328',0.63
'0:12.332',0.19
'0:12.336',-0.27
'0:12.340',-0.71
'0:12.344',-1.07
'0:12.348',-1.51
'0:12.352',-1.93
'0:12.355',-2.26
'0:12.359',-2.45
'0:12.363',-2.55
'0:12.367',-2.61
'0:12.371',-2.65
'0:12.375',-2.85
'0:12.379',-3.19
'0:12.383',-3.34
'0:12.387',-3.18
'0:12.391',-2.72
'0:12.395',-1.63
'0:12.398',0.24
'0:12.402',2.92
'0:12.406',5.28
'0:12.410',5.27
'0:12.414',3.02
'0:12.418',0.08
'0:12.422',-2.21
'0:12.426',-3.48
'0:12.430',-3.94
'0:12.434',-3.95
'0:12.438',-3.74
'0:12.441',-3.44
'0:12.445',-3.14
'0:12.449',-2.82
'0:12.453',-2.5
'0:12.457',-2.14
'0:12.461',-1.83
'0:12.465',-1.6
'0:12.469',-1.44
'0:12.473',-1.26
'0:12.477',-1
'0:12.480',-0.7
'0:12.484',-0.48
'0:12.488',-0.18
'0:12.492',0.18
'0:12.496',0.39
'0:12.500',0.39
'0:12.504',0.51
'0:12.508',0.94
'0:12.512',1.32
'0:12.516',1.48
'0:12.520',1.82
'0:12.523',2.27
'0:12.527',2.49
'0:12.531',2.69
'0:12.535',2.83
'0:12.539',2.88
'0:12.543',2.86
'0:12.547',2.75
'0:12.551',2.61
'0:12.555',2.44
'0:12.559',2.17
'0:12.563',1.72
'0:12.566',1.26
'0:12.570',0.85
'0:12.574',0.51
'0:12.578',0.2
'0:12.582',0.05
'0:12.586',-0.05
'0:12.590',-0.14
'0:12.594',-0.22
'0:12.598',-0.28
'0:12.602',-0.27
'0:12.605',-0.15
'0:12.609',-0.02
'0:12.613',0.1
'0:12.617',0.23
'0:12.621',0.3
'0:12.625',0.44
'0:12.629',0.65
'0:12.633',0.81
'0:12.637',0.91
'0:12.641',0.93
'0:12.645',0.75
'0:12.648',0.42
'0:12.652',0.07
'0:12.656',-0.32
'0:12.660',-0.71
'0:12.664',-1.07
'0:12.668',-1.4
'0:12.672',-1.73
'0:12.676',-2.09
'0:12.680',-2.29
'0:12.684',-2.34
'0:12.688',-2.31
'0:12.691',-2.32
'0:12.695',-2.54
'0:12.699',-2.88
'0:12.703',-2.96
'0:12.707',-2.69
'0:12.711',-2.03
'0:12.715',-0.8
'0:12.719',1.01
'0:12.723',3.7
'0:12.727',6.07
'0:12.730',5.82
'0:12.734',3.3
'0:12.738',0.36
'0:12.742',-1.84
'0:12.746',-3.02
'0:12.750',-3.43
'0:12.754',-3.44
'0:12.758',-3.32
'0:12.762',-3.11
'0:12.766',-2.79
'0:12.770',-2.45
'0:12.773',-2.16
'0:12.777',-1.9
'0:12.781',-1.68
'0:12.785',-1.4
'0:12.789',-1.08
'0:12.793',-0.78
'0:12.797',-0.43
'0:12.801',-0.14
'0:12.805',-0.07
'0:12.809',-0.15
'0:12.813',-0.09
'0:12.816',0.17
'0:12.820',0.52
'0:12.824',0.86
'0:12.828',1.16
'0:12.832',1.44
'0:12.836',1.76
'0:12.840',2.13
'0:12.844',2.42
'0:12.848',2.62
'0:12.852',2.79
'0:12.855',3
'0:12.859',3.12
'0:12.863',3.11
'0:12.867',2.93
'0:12.871',2.68
'0:12.875',2.44
'0:12.879',2.08
'0:12.883',1.64
'0:12.887',1.17
'0:12.891',0.72
'0:12.895',0.37
'0:12.898',0.03
'0:12.902',-0.14
'0:12.906',-0.16
'0:12.910',-0.15
'0:12.914',-0.13
'0:12.918',0.01
'0:12.922',0.15
'0:12.926',0.28
'0:12.930',0.42
'0:12.934',0.51
'0:12.938',0.64
'0:12.941',0.71
'0:12.945',0.64
'0:12.949',0.58
'0:12.953',0.61
'0:12.957',0.63
'0:12.961',0.66
'0:12.965',0.59
'0:12.969',0.41
'0:12.973',0.15
'0:12.977',-0.24
'0:12.980',-0.67
'0:12.984',-1.1
'0:12.988',-1.54
'0:12.992',-1.91
'0:12.996',-2.21
'0:13.000',-2.46
'0:13.004',-2.56
'0:13.008',-2.51
'0:13.012',-2.48
'0:13.016',-2.55
'0:13.020',-2.65
'0:13.023',-2.69
'0:13.027',-2.53
'0:13.031',-2.08
'0:13.035',-0.96
'0:13.039',0.99
'0:13.043',3.68
'0:13.047',5.68
'0:13.051',5.31
'0:13.055',2.95
'0:13.059',0.08
'0:13.063',-2.32
'0:13.066',-3.64
'0:13.070',-3.97
'0:13.074',-3.85
'0:13.078',-3.63
'0:13.082',-3.39
'0:13.086',-3.08
'0:13.090',-2.82
'0:13.094',-2.58
'0:13.098',-2.28
'0:13.102',-1.99
'0:13.105',-1.83
'0:13.109',-1.73
'0:13.113',-1.52
'0:13.117',-1.18
'0:13.121',-0.92
'0:13.125',-0.73
'0:13.129',-0.52
'0:13.133',-0.22
'0:13.137',-0.02
'0:13.141',0.11
'0:13.145',0.42
'0:13.148',0.76
'0:13.152',1.04
'0:13.156',1.43
'0:13.160',1.99
'0:13.164',2.69
'0:13.168',3.27
'0:13.172',3.54
'0:13.176',3.71
'0:13.180',3.83
'0:13.184',3.9
'0:13.188',3.94
'0:13.191',3.88
'0:13.195',3.85
'0:13.199',3.67
'0:13.203',3.35
'0:13.207',2.77
'0:13.211',2.06
'0:13.215',1.43
'0:13.219',0.99
'0:13.223',0.75
'0:13.227',0.52
'0:13.230',0.26
'0:13.234',-0.01
'0:13.238',-0.25
'0:13.242',-0.41
'0:13.246',-0.39
'0:13.250',-0.3
'0:13.254',0.03
'0:13.258',0.32
'0:13.262',0.4
'0:13.266',0.37
'0:13.270',0.54
'0:13.273',0.84
'0:13.277',1
'0:13.281',1
'0:13.285',0.67
'0:13.289',0.32
'0:13.293',0.07
'0:13.297',-0.16
'0:13.301',-0.52
'0:13.305',-0.98
'0:13.309',-1.35
'0:13.313',-1.69
'0:13.316',-2.1
'0:13.320',-2.41
'0:13.324',-2.56
'0:13.328',-2.68
'0:13.332',-2.65
'0:13.336',-2.48
'0:13.340',-2.39
'0:13.344',-2.38
'0:13.348',-2.48
'0:13.352',-2.53
'0:13.355',-2.22
'0:13.359',-1.03
'0:13.363',0.97
'0:13.367',3.4
'0:13.371',4.34
'0:13.375',3.23
'0:13.379',1.14
'0:13.383',-0.85
'0:13.387',-2.19
'0:13.391',-2.88
'0:13.395',-3.15
'0:13.398',-3.11
'0:13.402',-2.93
'0:13.406',-2.55
'0:13.410',-2.21
'0:13.414',-2.18
'0:13.418',-2.22
'0:13.422',-2.14
'0:13.426',-1.94
'0:13.430',-1.73
'0:13.434',-1.48
'0:13.438',-1.26
'0:13.441',-1.09
'0:13.445',-0.89
'0:13.449',-0.7
'0:13.453',-0.42
'0:13.457',-0.02
'0:13.461',0.4
'0:13.465',0.86
'0:13.469',1.41
'0:13.473',1.9
'0:13.477',2.21
'0:13.480',2.59
'0:13.484',3.06
'0:13.488',3.34
'0:13.492',3.26
'0:13.496',3.12
'0:13.500',2.97
'0:13.504',2.93
'0:13.508',2.87
'0:13.512',2.7
'0:13.516',2.35
'0:13.520',1.95
'0:13.523',1.48
'0:13.527',0.94
'0:13.531',0.45
'0:13.535',0.06
'0:13.539',-0.23
'0:13.543',-0.41
'0:13.547',-0.51
'0:13.551',-0.53
'0:13.555',-0.53
'0:13.559',-0.49
'0:13.563',-0.36
'0:13.566',-0.29
'0:13.570',-0.21
'0:13.574',-0.22
'0:13.578',-0.36
'0:13.582',-0.48
'0:13.586',-0.42
'0:13.590',-0.21
'0:13.594',-0.12
'0:13.598',-0.2
'0:13.602',-0.31
'0:13.605',-0.41
'0:13.609',-0.6
'0:13.613',-0.83
'0:13.617',-1.11
'0:13.621',-1.52
'0:13.625',-1.89
'0:13.629',-2.25
'0:13.633',-2.51
'0:13.637',-2.71
'0:13.641',-2.87
'0:13.645',-3.01
'0:13.648',-3.04
'0:13.652',-2.97
'0:13.656',-2.95
'0:13.660',-3.08
'0:13.664',-3.21
'0:13.668',-3.11
'0:13.672',-2.71
'0:13.676',-1.81
'0:13.680',-0.19
'0:13.684',2.27
'0:13.688',4.67
'0:13.691',4.98
'0:13.695',3.24
'0:13.699',0.68
'0:13.703',-1.53
'0:13.707',-2.92
'0:13.711',-3.66
'0:13.715',-3.94
'0:13.719',-3.87
'0:13.723',-3.63
'0:13.727',-3.32
'0:13.730',-3.02
'0:13.734',-2.8
'0:13.738',-2.54
'0:13.742',-2.26
'0:13.746',-2.09
'0:13.750',-1.96
'0:13.754',-1.75
'0:13.758',-1.37
'0:13.762',-0.91
'0:13.766',-0.61
'0:13.770',-0.38
'0:13.773',-0.21
'0:13.777',-0.01
'0:13.781',0.31
'0:13.785',0.67
'0:13.789',0.99
'0:13.793',1.33
'0:13.797',1.65
'0:13.801',1.92
'0:13.805',2.26
'0:13.809',2.75
'0:13.813',3.25
'0:13.816',3.64
'0:13.820',3.85
'0:13.824',3.83
'0:13.828',3.65
'0:13.832',3.3
'0:13.836',2.87
'0:13.840',2.35
'0:13.844',1.91
'0:13.848',1.69
'0:13.852',1.41
'0:13.855',0.99
'0:13.859',0.65
'0:13.863',0.46
'0:13.867',0.34
'0:13.871',0.25
'0:13.875',0.2
'0:13.879',0.29
'0:13.883',0.47
'0:13.887',0.52
'0:13.891',0.56
'0:13.895',0.64
'0:13.898',0.74
'0:13.902',0.89
'0:13.906',0.95
'0:13.910',0.98
'0:13.914',0.92
'0:13.918',0.8
'0:13.922',0.69
'0:13.926',0.53
'0:13.930',0.29
'0:13.934',0.1
'0:13.938',-0.26
'0:13.941',-0.85
'0:13.945',-1.3
'0:13.949',-1.62
'0:13.953',-1.93
'0:13.957',-1.99
'0:13.961',-2.08
'0:13.965',-2.32
'0:13.969',-2.5
'0:13.973',-2.56
'0:13.977',-2.49
'0:13.980',-2.48
'0:13.984',-2.46
'0:13.988',-2.15
'0:13.992',-1.51
'0:13.996',-0.31
'0:14.000',1.68
'0:14.004',4.51
'0:14.008',7.09
'0:14.012',7.19
'0:14.016',4.75
'0:14.020',1.37
'0:14.023',-1.33
'0:14.027',-2.93
'0:14.031',-3.62
'0:14.035',-3.78
'0:14.039',-3.56
'0:14.043',-3.15
'0:14.047',-2.72
'0:14.051',-2.44
'0:14.055',-2.39
'0:14.059',-2.16
'0:14.063',-1.51
'0:14.066',-0.88
'0:14.070',-1.06
'0:14.074',-1.31
'0:14.078',-1.34
'0:14.082',-1.28
'0:14.086',-1.03
'0:14.090',-0.8
'0:14.094',-0.57
'0:14.098',-0.34
'0:14.102',0.06
'0:14.105',0.53
'0:14.109',0.97
'0:14.113',1.59
'0:14.117',2.42
'0:14.121',3.24
'0:14.125',3.56
'0:14.129',3.74
'0:14.133',4.03
'0:14.137',4.12
'0:14.141',4.1
'0:14.145',3.87
'0:14.148',3.43
'0:14.152',2.98
'0:14.156',2.6
'0:14.160',2.38
'0:14.164',2.08
'0:14.168',1.57
'0:14.172',1.03
'0:14.176',0.58
'0:14.180',0.1
'0:14.184',-0.26
'0:14.188',-0.46
'0:14.191',-0.43
'0:14.195',-0.25
'0:14.199',-0.02
'0:14.203',0.27
'0:14.207',0.6
'0:14.211',0.87
'0:14.215',1.06
'0:14.219',1.25
'0:14.223',1.37
'0:14.227',1.33
'0:14.230',1.27
'0:14.234',1.15
'0:14.238',0.9
'0:14.242',0.65
'0:14.246',0.38
'0:14.250',0.17
'0:14.254',-0.06
'0:14.258',-0.4
'0:14.262',-0.79
'0:14.266',-1.21
'0:14.270',-1.57
'0:14.273',-1.91
'0:14.277',-2.08
'0:14.281',-2.15
'0:14.285',-2.28
'0:14.289',-2.41
'0:14.293',-2.41
'0:14.297',-2.45
'0:14.301',-2.59
'0:14.305',-2.66
'0:14.309',-2.44
'0:14.313',-1.85
'0:14.316',-0.65
'0:14.320',1.33
'0:14.324',3.95
'0:14.328',6.11
'0:14.332',5.85
'0:14.336',3.47
'0:14.340',0.51
'0:14.344',-1.69
'0:14.348',-2.88
'0:14.352',-3.44
'0:14.355',-3.6
'0:14.359',-3.56
'0:14.363',-3.3
'0:14.367',-3.07
'0:14.371',-2.96
'0:14.375',-2.75
'0:14.379',-2.44
'0:14.383',-2.13
'0:14.387',-1.82
'0:14.391',-1.54
'0:14.395',-1.37
'0:14.398',-1.19
'0:14.402',-0.97
'0:14.406',-0.7
'0:14.410',-0.44
'0:14.414',-0.2
'0:14.418',0.08
'0:14.422',0.25
'0:14.426',0.47
'0:14.430',0.84
'0:14.434',1.28
'0:14.438',1.64
'0:14.441',1.9
'0:14.445',2.26
'0:14.449',2.72
'0:14.453',3.18
'0:14.457',3.51
'0:14.461',3.56
'0:14.465',3.48
'0:14.469',3.29
'0:14.473',3.07
'0:14.477',2.78
'0:14.480',2.4
'0:14.484',1.91
'0:14.488',1.37
'0:14.492',0.87
'0:14.496',0.5
'0:14.500',0.18
'0:14.504',-0.02
'0:14.508',-0.13
'0:14.512',-0.21
'0:14.516',-0.24
'0:14.520',-0.21
'0:14.523',-0.14
'0:14.527',0.08
'0:14.531',0.35
'0:14.535',0.56
'0:14.539',0.59
'0:14.543',0.54
'0:14.547',0.65
'0:14.551',0.86
'0:14.555',1.05
'0:14.559',0.96
'0:14.563',0.73
'0:14.566',0.56
'0:14.570',0.33
'0:14.574',-0.05
'0:14.578',-0.48
'0:14.582',-0.89
'0:14.586',-1.28
'0:14.590',-1.67
'0:14.594',-2.02
'0:14.598',-2.27
'0:14.602',-2.45
'0:14.605',-2.6
'0:14.609',-2.66
'0:14.613',-2.69
'0:14.617',-2.76
'0:14.621',-2.87
'0:14.625',-2.79
'0:14.629',-2.49
'0:14.633',-1.79
'0:14.637',-0.44
'0:14.641',1.59
'0:14.645',4.35
'0:14.648',6.34
'0:14.652',5.79
'0:14.656',3.31
'0:14.660',0.56
'0:14.664',-1.62
'0:14.668',-3.13
'0:14.672',-3.98
'0:14.676',-4
'0:14.680',-3.56
'0:14.684',-3.27
'0:14.688',-3.34
'0:14.691',-3.41
'0:14.695',-3.22
'0:14.699',-2.93
'0:14.703',-2.72
'0:14.707',-2.49
'0:14.711',-2.24
'0:14.715',-1.97
'0:14.719',-1.66
'0:14.723',-1.31
'0:14.727',-0.97
'0:14.730',-0.65
'0:14.734',-0.25
'0:14.738',0.12
'0:14.742',0.43
'0:14.746',0.75
'0:14.750',1.14
'0:14.754',1.55
'0:14.758',2.05
'0:14.762',2.63
'0:14.766',3.24
'0:14.770',3.79
'0:14.773',4.08
'0:14.777',4.14
'0:14.781',3.98
'0:14.785',3.69
'0:14.789',3.45
'0:14.793',3.28
'0:14.797',3.03
'0:14.801',2.83
'0:14.805',2.49
'0:14.809',1.93
'0:14.813',1.19
'0:14.816',0.5
'0:14.820',0.21
'0:14.824',-0.06
'0:14.828',-0.26
'0:14.832',-0.21
'0:14.836',-0.04
'0:14.840',0.12
'0:14.844',0.14
'0:14.848',0.08
'0:14.852',0.06
'0:14.855',0.25
'0:14.859',0.44
'0:14.863',0.59
'0:14.867',0.78
'0:14.871',0.78
'0:14.875',0.58
'0:14.879',0.44
'0:14.883',0.34
'0:14.887',0.22
'0:14.891',-0.05
'0:14.895',-0.3
'0:14.898',-0.58
'0:14.902',-0.99
'0:14.906',-1.28
'0:14.910',-1.55
'0:14.914',-1.98
'0:14.918',-2.28
'0:14.922',-2.83
'0:14.926',-3.44
'0:14.930',-3.34
'0:14.934',-2.93
'0:14.938',-2.75
'0:14.941',-2.68
'0:14.945',-2.7
'0:14.949',-2.53
'0:14.953',-1.96
'0:14.957',-0.79
'0:14.961',0.99
'0:14.965',3.55
'0:14.969',5.66
'0:14.973',5.42
'0:14.977',3.23
'0:14.980',0.42
'0:14.984',-1.86
'0:14.988',-3.25
'0:14.992',-3.96
'0:14.996',-4.08
'0:15.000',-3.86
'0:15.004',-3.62
'0:15.008',-3.35
'0:15.012',-3.03
'0:15.016',-2.9
'0:15.020',-2.77
'0:15.023',-2.54
'0:15.027',-2.15
'0:15.031',-1.82
'0:15.035',-1.55
'0:15.039',-1.31
'0:15.043',-1.03
'0:15.047',-0.77
'0:15.051',-0.52
'0:15.055',-0.21
'0:15.059',0.11
'0:15.063',0.48
'0:15.066',0.87
'0:15.070',1.17
'0:15.074',1.35
'0:15.078',1.54
'0:15.082',1.87
'0:15.086',2.21
'0:15.090',2.57
'0:15.094',2.86
'0:15.098',3.08
'0:15.102',3.24
'0:15.105',3.29
'0:15.109',3.16
'0:15.113',2.92
'0:15.117',2.63
'0:15.121',2.26
'0:15.125',1.82
'0:15.129',1.37
'0:15.133',0.99
'0:15.137',0.61
'0:15.141',0.3
'0:15.145',0.03
'0:15.148',-0.21
'0:15.152',-0.38
'0:15.156',-0.46
'0:15.160',-0.4
'0:15.164',-0.25
'0:15.168',-0.14
'0:15.172',-0.09
'0:15.176',-0.01
'0:15.180',0.11
'0:15.184',0.23
'0:15.188',0.36
'0:15.191',0.5
'0:15.195',0.58
'0:15.199',0.54
'0:15.203',0.43
'0:15.207',0.22
'0:15.211',0.01
'0:15.215',-0.23
'0:15.219',-0.57
'0:15.223',-1.03
'0:15.227',-1.49
'0:15.230',-1.94
'0:15.234',-2.32
'0:15.238',-2.56
'0:15.242',-2.69
'0:15.246',-2.75
'0:15.250',-2.8
'0:15.254',-2.87
'0:15.258',-2.93
'0:15.262',-2.97
'0:15.266',-2.87
'0:15.270',-2.5
'0:15.273',-1.88
'0:15.277',-0.69
'0:15.281',1.22
'0:15.285',3.75
'0:15.289',5.67
'0:15.293',5.24
'0:15.297',2.96
'0:15.301',0.21
'0:15.305',-2.02
'0:15.309',-3.35
'0:15.313',-3.95
'0:15.316',-4.02
'0:15.320',-3.89
'0:15.324',-3.72
'0:15.328',-3.46
'0:15.332',-3.1
'0:15.336',-2.75
'0:15.340',-2.39
'0:15.344',-2.05
'0:15.348',-1.82
'0:15.352',-1.65
'0:15.355',-1.45
'0:15.359',-1.15
'0:15.363',-0.82
'0:15.367',-0.63
'0:15.371',-0.52
'0:15.375',-0.41
'0:15.379',-0.23
'0:15.383',-0.04
'0:15.387',0.21
'0:15.391',0.53
'0:15.395',0.93
'0:15.398',1.42
'0:15.402',1.87
'0:15.406',2.31
'0:15.410',2.8
'0:15.414',3.31
'0:15.418',3.49
'0:15.422',3.4
'0:15.426',3.15
'0:15.430',2.79
'0:15.434',2.43
'0:15.438',2.17
'0:15.441',1.87
'0:15.445',1.63
'0:15.449',1.33
'0:15.453',0.91
'0:15.457',0.48
'0:15.461',0.12
'0:15.465',-0.04
'0:15.469',-0.09
'0:15.473',-0.06
'0:15.477',0.04
'0:15.480',0.18
'0:15.484',0.38
'0:15.488',0.53
'0:15.492',0.61
'0:15.496',0.66
'0:15.500',0.69
'0:15.504',0.74
'0:15.508',0.84
'0:15.512',0.98
'0:15.516',1
'0:15.520',0.93
'0:15.523',0.76
'0:15.527',0.45
'0:15.531',0.06
'0:15.535',-0.39
'0:15.539',-0.85
'0:15.543',-1.28
'0:15.547',-1.64
'0:15.551',-1.96
'0:15.555',-2.22
'0:15.559',-2.4
'0:15.563',-2.48
'0:15.566',-2.57
'0:15.570',-2.69
'0:15.574',-2.77
'0:15.578',-2.82
'0:15.582',-2.94
'0:15.586',-2.99
'0:15.590',-2.73
'0:15.594',-2.14
'0:15.598',-0.75
'0:15.602',1.55
'0:15.605',4.45
'0:15.609',6.4
'0:15.613',5.74
'0:15.617',2.94
'0:15.621',-0.23
'0:15.625',-2.32
'0:15.629',-3.29
'0:15.633',-3.57
'0:15.637',-3.53
'0:15.641',-3.51
'0:15.645',-3.42
'0:15.648',-3.22
'0:15.652',-2.94
'0:15.656',-2.73
'0:15.660',-2.42
'0:15.664',-2.09
'0:15.668',-1.78
'0:15.672',-1.42
'0:15.676',-1
'0:15.680',-0.57
'0:15.684',-0.38
'0:15.688',-0.43
'0:15.691',-0.22
'0:15.695',0.29
'0:15.699',0.71
'0:15.703',0.91
'0:15.707',1.06
'0:15.711',1.36
'0:15.715',1.51
'0:15.719',1.48
'0:15.723',1.75
'0:15.727',2.24
'0:15.730',2.88
'0:15.734',3.28
'0:15.738',3.54
'0:15.742',3.66
'0:15.746',3.66
'0:15.750',3.62
'0:15.754',3.33
'0:15.758',2.75
'0:15.762',2.17
'0:15.766',1.87
'0:15.770',1.69
'0:15.773',1.19
'0:15.777',0.49
'0:15.781',0.14
'0:15.785',0.01
'0:15.789',-0.06
'0:15.793',-0.05
'0:15.797',-0.16
'0:15.801',0.07
'0:15.805',0.39
'0:15.809',0.51
'0:15.813',0.43
'0:15.816',0.35
'0:15.820',0.42
'0:15.824',0.71
'0:15.828',1.01
'0:15.832',1.18
'0:15.836',1.01
'0:15.840',0.66
'0:15.844',0.39
'0:15.848',0.23
'0:15.852',0.04
'0:15.855',-0.24
'0:15.859',-0.47
'0:15.863',-0.66
'0:15.867',-1.02
'0:15.871',-1.44
'0:15.875',-1.73
'0:15.879',-1.9
'0:15.883',-1.92
'0:15.887',-2.03
'0:15.891',-2.11
'0:15.895',-2.12
'0:15.898',-2.07
'0:15.902',-1.99
'0:15.906',-1.58
'0:15.910',-1.1
'0:15.914',-0.44
'0:15.918',0.94
'0:15.922',3.36
'0:15.926',6.43
'0:15.930',8.44
'0:15.934',7.6
'0:15.938',4.53
'0:15.941',0.92
'0:15.945',-1.91
'0:15.949',-3.62
'0:15.953',-4.23
'0:15.957',-4.18
'0:15.961',-3.97
'0:15.965',-3.77
'0:15.969',-3.52
'0:15.973',-3.21
'0:15.977',-2.9
'0:15.980',-2.58
'0:15.984',-2.25
'0:15.988',-2.01
'0:15.992',-1.78
'0:15.996',-1.52
'0:16.000',-1.26
'0:16.004',-1.01
'0:16.008',-0.84
'0:16.012',-0.65
'0:16.016',-0.37
'0:16.020',-0.02
'0:16.023',0.34
'0:16.027',0.66
'0:16.031',0.98
'0:16.035',1.35
'0:16.039',1.79
'0:16.043',2.27
'0:16.047',2.79
'0:16.051',3.28
'0:16.055',3.6
'0:16.059',3.76
'0:16.063',3.85
'0:16.066',3.79
'0:16.070',3.54
'0:16.074',3.2
'0:16.078',2.79
'0:16.082',2.33
'0:16.086',1.86
'0:16.090',1.42
'0:16.094',0.96
'0:16.098',0.55
'0:16.102',0.23
'0:16.105',0
'0:16.109',-0.12
'0:16.113',-0.07
'0:16.117',0.02
'0:16.121',0.06
'0:16.125',0.12
'0:16.129',0.2
'0:16.133',0.29
'0:16.137',0.37
'0:16.141',0.4
'0:16.145',0.54
'0:16.148',0.78
'0:16.152',1.01
'0:16.156',1.13
'0:16.160',1.01
'0:16.164',0.74
'0:16.168',0.39
'0:16.172',0.08
'0:16.176',-0.31
'0:16.180',-0.73
'0:16.184',-1.23
'0:16.188',-1.67
'0:16.191',-1.95
'0:16.195',-2.17
'0:16.199',-2.35
'0:16.203',-2.49
'0:16.207',-2.58
'0:16.211',-2.63
'0:16.215',-2.65
'0:16.219',-2.61
'0:16.223',-2.73
'0:16.227',-2.85
'0:16.230',-2.66
'0:16.234',-2.11
'0:16.238',-0.98
'0:16.242',0.88
'0:16.246',3.45
'0:16.250',5.8
'0:16.254',5.86
'0:16.258',3.74
'0:16.262',0.89
'0:16.266',-1.49
'0:16.270',-2.96
'0:16.273',-3.64
'0:16.277',-3.79
'0:16.281',-3.62
'0:16.285',-3.35
'0:16.289',-2.93
'0:16.293',-2.49
'0:16.297',-2.19
'0:16.301',-2.14
'0:16.305',-2.13
'0:16.309',-2
'0:16.313',-1.81
'0:16.316',-1.53
'0:16.320',-1.33
'0:16.324',-1.14
'0:16.328',-0.87
'0:16.332',-0.67
'0:16.336',-0.39
'0:16.340',0
'0:16.344',0.39
'0:16.348',0.76
'0:16.352',1.03
'0:16.355',1.25
'0:16.359',1.58
'0:16.363',2.02
'0:16.367',2.46
'0:16.371',2.98
'0:16.375',3.5
'0:16.379',3.84
'0:16.383',3.92
'0:16.387',3.79
'0:16.391',3.47
'0:16.395',3.15
'0:16.398',2.86
'0:16.402',2.55
'0:16.406',2.18
'0:16.410',1.68
'0:16.414',1.16
'0:16.418',0.72
'0:16.422',0.39
'0:16.426',0.09
'0:16.430',-0.13
'0:16.434',-0.25
'0:16.438',-0.24
'0:16.441',-0.11
'0:16.445',0.11
'0:16.449',0.22
'0:16.453',0.25
'0:16.457',0.32
'0:16.461',0.4
'0:16.465',0.51
'0:16.469',0.67
'0:16.473',0.85
'0:16.477',0.86
'0:16.480',0.65
'0:16.484',0.47
'0:16.488',0.34
'0:16.492',0.12
'0:16.496',-0.21
'0:16.500',-0.68
'0:16.504',-1.18
'0:16.508',-1.55
'0:16.512',-1.85
'0:16.516',-2.08
'0:16.520',-2.29
'0:16.523',-2.62
'0:16.527',-2.84
'0:16.531',-2.91
'0:16.535',-2.97
'0:16.539',-3.04
'0:16.543',-3.02
'0:16.547',-2.94
'0:16.551',-2.67
'0:16.555',-2.26
'0:16.559',-1.25
'0:16.563',0.48
'0:16.566',3.05
'0:16.570',5.52
'0:16.574',5.73
'0:16.578',3.58
'0:16.582',0.61
'0:16.586',-1.83
'0:16.590',-3.3
'0:16.594',-3.9
'0:16.598',-3.95
'0:16.602',-3.77
'0:16.605',-3.51
'0:16.609',-3.25
'0:16.613',-2.98
'0:16.617',-2.67
'0:16.621',-2.38
'0:16.625',-2.18
'0:16.629',-2.04
'0:16.633',-1.84
'0:16.637',-1.54
'0:16.641',-1.25
'0:16.645',-1.06
'0:16.648',-0.92
'0:16.652',-0.66
'0:16.656',-0.38
'0:16.660',-0.11
'0:16.664',0.2
'0:16.668',0.53
'0:16.672',0.85
'0:16.676',1.21
'0:16.680',1.68
'0:16.684',2.19
'0:16.688',2.64
'0:16.691',3.04
'0:16.695',3.4
'0:16.699',3.67
'0:16.703',3.84
'0:16.707',3.92
'0:16.711',3.83
'0:16.715',3.6
'0:16.719',3.23
'0:16.723',2.8
'0:16.727',2.3
'0:16.730',1.69
'0:16.734',1.13
'0:16.738',0.64
'0:16.742',0.23
'0:16.746',0.02
'0:16.750',-0.07
'0:16.754',-0.09
'0:16.758',-0.15
'0:16.762',-0.31
'0:16.766',-0.28
'0:16.770',-0.17
'0:16.773',-0.14
'0:16.777',-0.17
'0:16.781',-0.06
'0:16.785',0.06
'0:16.789',0.1
'0:16.793',0.29
'0:16.797',0.57
'0:16.801',0.69
'0:16.805',0.6
'0:16.809',0.48
'0:16.813',0.22
'0:16.816',-0.21
'0:16.820',-0.74
'0:16.824',-1.14
'0:16.828',-1.42
'0:16.832',-1.61
'0:16.836',-1.81
'0:16.840',-2.01
'0:16.844',-2.18
'0:16.848',-2.47
'0:16.852',-2.7
'0:16.855',-2.5
'0:16.859',-2.26
'0:16.863',-2.27
'0:16.867',-2.33
'0:16.871',-2.13
'0:16.875',-1.68
'0:16.879',-0.92
'0:16.883',0.46
'0:16.887',2.49
'0:16.891',4.76
'0:16.895',5.65
'0:16.898',4.26
'0:16.902',1.67
'0:16.906',-0.82
'0:16.910',-2.49
'0:16.914',-3.38
'0:16.918',-3.69
'0:16.922',-3.62
'0:16.926',-3.34
'0:16.930',-3.04
'0:16.934',-2.89
'0:16.938',-2.72
'0:16.941',-2.5
'0:16.945',-2.28
'0:16.949',-1.96
'0:16.953',-1.43
'0:16.957',-1.03
'0:16.961',-1.04
'0:16.965',-1.07
'0:16.969',-0.86
'0:16.973',-0.6
'0:16.977',-0.49
'0:16.980',-0.38
'0:16.984',-0.21
'0:16.988',0.05
'0:16.992',0.37
'0:16.996',0.78
'0:17.000',1.34
'0:17.004',1.87
'0:17.008',2.35
'0:17.012',2.81
'0:17.016',3.23
'0:17.020',3.6
'0:17.023',3.78
'0:17.027',3.83
'0:17.031',3.82
'0:17.035',3.6
'0:17.039',3.18
'0:17.043',2.66
'0:17.047',2.05
'0:17.051',1.51
'0:17.055',0.97
'0:17.059',0.52
'0:17.063',0.32
'0:17.066',0.19
'0:17.070',0.02
'0:17.074',-0.1
'0:17.078',-0.23
'0:17.082',-0.4
'0:17.086',-0.47
'0:17.090',-0.39
'0:17.094',-0.3
'0:17.098',-0.22
'0:17.102',-0.16
'0:17.105',-0.05
'0:17.109',0.09
'0:17.113',0.2
'0:17.117',0.28
'0:17.121',0.17
'0:17.125',-0.05
'0:17.129',-0.27
'0:17.133',-0.44
'0:17.137',-0.57
'0:17.141',-0.76
'0:17.145',-1.15
'0:17.148',-1.51
'0:17.152',-1.76
'0:17.156',-2.02
'0:17.160',-2.41
'0:17.164',-2.79
'0:17.168',-2.95
'0:17.172',-3.04
'0:17.176',-3.11
'0:17.180',-3.13
'0:17.184',-3.25
'0:17.188',-3.56
'0:17.191',-3.71
'0:17.195',-3.55
'0:17.199',-2.99
'0:17.203',-1.73
'0:17.207',0.38
'0:17.211',3.16
'0:17.215',5.02
'0:17.219',4.34
'0:17.223',1.92
'0:17.227',-0.74
'0:17.230',-2.62
'0:17.234',-3.63
'0:17.238',-3.9
'0:17.242',-3.81
'0:17.246',-3.73
'0:17.250',-3.62
'0:17.254',-3.4
'0:17.258',-3.2
'0:17.262',-2.96
'0:17.266',-2.66
'0:17.270',-2.25
'0:17.273',-1.93
'0:17.277',-1.67
'0:17.281',-1.4
'0:17.285',-1.11
'0:17.289',-0.79
'0:17.293',-0.43
'0:17.297',-0.23
'0:17.301',0.01
'0:17.305',0.34
'0:17.309',0.71
'0:17.313',0.98
'0:17.316',1.11
'0:17.320',1.32
'0:17.324',1.73
'0:17.328',2.32
'0:17.332',2.87
'0:17.336',3.26
'0:17.340',3.54
'0:17.344',3.7
'0:17.348',3.75
'0:17.352',3.67
'0:17.355',3.5
'0:17.359',3.25
'0:17.363',2.91
'0:17.367',2.51
'0:17.371',2.01
'0:17.375',1.53
'0:17.379',1
'0:17.383',0.47
'0:17.387',0.14
'0:17.391',0.16
'0:17.395',0.25
'0:17.398',0.2
'0:17.402',0.2
'0:17.406',0.4
'0:17.410',0.64
'0:17.414',0.86
'0:17.418',0.91
'0:17.422',0.88
'0:17.426',0.7
'0:17.430',0.54
'0:17.434',0.67
'0:17.438',0.86
'0:17.441',1
'0:17.445',0.94
'0:17.449',0.85
'0:17.453',0.7
'0:17.457',0.45
'0:17.461',0.23
'0:17.465',-0.08
'0:17.469',-0.58
'0:17.473',-1.08
'0:17.477',-1.59
'0:17.480',-2.03
'0:17.484',-2.39
'0:17.488',-2.48
'0:17.492',-2.44
'0:17.496',-2.44
'0:17.500',-2.31
'0:17.504',-2.22
'0:17.508',-2.26
'0:17.512',-2.15
'0:17.516',-1.82
'0:17.520',-1.14
'0:17.523',0.19
'0:17.527',2.17
'0:17.531',4.96
'0:17.535',7.23
'0:17.539',7.03
'0:17.543',4.44
'0:17.547',0.96
'0:17.551',-1.92
'0:17.555',-3.62
'0:17.559',-4.28
'0:17.563',-4.21
'0:17.566',-3.9
'0:17.570',-3.61
'0:17.574',-3.24
'0:17.578',-2.81
'0:17.582',-2.44
'0:17.586',-2.21
'0:17.590',-2.01
'0:17.594',-1.65
'0:17.598',-1.25
'0:17.602',-1.11
'0:17.605',-0.88
'0:17.609',-0.52
'0:17.613',-0.35
'0:17.617',-0.28
'0:17.621',0.04
'0:17.625',0.4
'0:17.629',0.6
'0:17.633',0.79
'0:17.637',1.04
'0:17.641',1.47
'0:17.645',2.04
'0:17.648',2.6
'0:17.652',2.97
'0:17.656',3.27
'0:17.660',3.24
'0:17.664',3.28
'0:17.668',3.32
'0:17.672',3.31
'0:17.676',3.27
'0:17.680',3.01
'0:17.684',2.62
'0:17.688',2.27
'0:17.691',1.82
'0:17.695',1.28
'0:17.699',0.82
'0:17.703',0.38
'0:17.707',0.02
'0:17.711',-0.22
'0:17.715',-0.31
'0:17.719',-0.26
'0:17.723',-0.16
'0:17.727',0.12
'0:17.730',0.53
'0:17.734',0.86
'0:17.738',1.03
'0:17.742',1.13
'0:17.746',1.13
'0:17.750',1.16
'0:17.754',1.29
'0:17.758',1.35
'0:17.762',1.37
'0:17.766',1.39
'0:17.770',1.27
'0:17.773',0.67
'0:17.777',0.04
'0:17.781',-0.36
'0:17.785',-0.87
'0:17.789',-1.33
'0:17.793',-1.64
'0:17.797',-1.88
'0:17.801',-2.1
'0:17.805',-2.29
'0:17.809',-2.17
'0:17.813',-1.5
'0:17.816',-1.23
'0:17.820',-1.91
'0:17.824',-2.46
'0:17.828',-2.45
'0:17.832',-2.37
'0:17.836',-2.51
'0:17.840',-2.37
'0:17.844',-1.55
'0:17.848',0.32
'0:17.852',4.04
'0:17.855',8.75
'0:17.859',9.84
'0:17.863',6.51
'0:17.867',1.76
'0:17.871',-2.24
'0:17.875',-4.51
'0:17.879',-5.24
'0:17.883',-5.21
'0:17.887',-4.84
'0:17.891',-4.31
'0:17.895',-3.75
'0:17.898',-3.4
'0:17.902',-3.15
'0:17.906',-2.76
'0:17.910',-2.19
'0:17.914',-1.64
'0:17.918',-1.24
'0:17.922',-1.21
'0:17.926',-1.24
'0:17.930',-1.13
'0:17.934',-1
'0:17.938',-0.89
'0:17.941',-0.73
'0:17.945',-0.46
'0:17.949',-0.1
'0:17.953',0.24
'0:17.957',0.6
'0:17.961',0.96
'0:17.965',1.35
'0:17.969',1.81
'0:17.973',2.26
'0:17.977',2.64
'0:17.980',2.95
'0:17.984',3.2
'0:17.988',3.45
'0:17.992',3.69
'0:17.996',3.78
'0:18.000',3.64
'0:18.004',3.17
'0:18.008',2.56
'0:18.012',2.03
'0:18.016',1.59
'0:18.020',1.2
'0:18.023',0.87
'0:18.027',0.58
'0:18.031',0.23
'0:18.035',0.02
'0:18.039',-0.09
'0:18.043',-0.09
'0:18.047',0.01
'0:18.051',0.16
'0:18.055',0.43
'0:18.059',0.77
'0:18.063',0.88
'0:18.066',0.62
'0:18.070',0.37
'0:18.074',0.51
'0:18.078',0.83
'0:18.082',1.05
'0:18.086',0.99
'0:18.090',0.79
'0:18.094',0.6
'0:18.098',0.43
'0:18.102',0.21
'0:18.105',-0.11
'0:18.109',-0.57
'0:18.113',-1.01
'0:18.117',-1.33
'0:18.121',-1.67
'0:18.125',-2.01
'0:18.129',-2.32
'0:18.133',-2.5
'0:18.137',-2.56
'0:18.141',-2.55
'0:18.145',-2.53
'0:18.148',-2.62
'0:18.152',-2.82
'0:18.156',-2.76
'0:18.160',-2.42
'0:18.164',-1.67
'0:18.168',-0.13
'0:18.172',2.26
'0:18.176',5.24
'0:18.180',6.96
'0:18.184',5.85
'0:18.188',2.99
'0:18.191',-0.05
'0:18.195',-2.34
'0:18.199',-3.63
'0:18.203',-4.14
'0:18.207',-4.08
'0:18.211',-3.82
'0:18.215',-3.49
'0:18.219',-3.13
'0:18.223',-2.81
'0:18.227',-2.55
'0:18.230',-2.27
'0:18.234',-1.98
'0:18.238',-1.67
'0:18.242',-1.43
'0:18.246',-1.21
'0:18.250',-1.01
'0:18.254',-0.82
'0:18.258',-0.58
'0:18.262',-0.37
'0:18.266',-0.09
'0:18.270',0.18
'0:18.273',0.38
'0:18.277',0.54
'0:18.281',0.87
'0:18.285',1.24
'0:18.289',1.52
'0:18.293',1.85
'0:18.297',2.3
'0:18.301',2.73
'0:18.305',3.16
'0:18.309',3.47
'0:18.313',3.67
'0:18.316',3.78
'0:18.320',3.68
'0:18.324',3.42
'0:18.328',3.03
'0:18.332',2.61
'0:18.336',2.22
'0:18.340',1.86
'0:18.344',1.38
'0:18.348',1.04
'0:18.352',0.8
'0:18.355',0.76
'0:18.359',0.56
'0:18.363',-0.04
'0:18.367',-0.34
'0:18.371',0
'0:18.375',0.11
'0:18.379',-0.17
'0:18.383',-0.33
'0:18.387',-0.33
'0:18.391',-0.16
'0:18.395',0.2
'0:18.398',0.6
'0:18.402',0.78
'0:18.406',0.65
'0:18.410',0.51
'0:18.414',0.59
'0:18.418',0.42
'0:18.422',-0.16
'0:18.426',-0.8
'0:18.430',-1.4
'0:18.434',-1.67
'0:18.438',-1.77
'0:18.441',-1.72
'0:18.445',-1.94
'0:18.449',-2.33
'0:18.453',-2.68
'0:18.457',-2.83
'0:18.461',-2.68
'0:18.465',-2.73
'0:18.469',-2.96
'0:18.473',-3.13
'0:18.477',-3.11
'0:18.480',-2.75
'0:18.484',-2.32
'0:18.488',-1.73
'0:18.492',-0.45
'0:18.496',1.44
'0:18.500',4
'0:18.504',5.64
'0:18.508',4.79
'0:18.512',2.37
'0:18.516',-0.02
'0:18.520',-1.67
'0:18.523',-2.81
'0:18.527',-3.63
'0:18.531',-3.82
'0:18.535',-3.11
'0:18.539',-2.12
'0:18.543',-2.58
'0:18.547',-3.29
'0:18.551',-3.57
'0:18.555',-3.08
'0:18.559',-2.47
'0:18.563',-2.1
'0:18.566',-1.52
'0:18.570',-0.66
'0:18.574',-0.05
'0:18.578',-0.19
'0:18.582',-0.39
'0:18.586',-0.12
'0:18.590',0.15
'0:18.594',-0.02
'0:18.598',-0.39
'0:18.602',-0.32
'0:18.605',0.17
'0:18.609',0.75
'0:18.613',1.32
'0:18.617',2.07
'0:18.621',3.11
'0:18.625',3.78
'0:18.629',3.81
'0:18.633',3.34
'0:18.637',3.01
'0:18.641',3
'0:18.645',3.18
'0:18.648',3.39
'0:18.652',3.25
'0:18.656',2.91
'0:18.660',2.41
'0:18.664',1.86
'0:18.668',1.42
'0:18.672',1.05
'0:18.676',0.85
'0:18.680',1.1
'0:18.684',1.43
'0:18.688',0.62
'0:18.691',-0.67
'0:18.695',-1.17
'0:18.699',-1.22
'0:18.703',-1.13
'0:18.707',-0.99
'0:18.711',-0.79
'0:18.715',-0.57
'0:18.719',-0.43
'0:18.723',-0.25
'0:18.727',-0.01
'0:18.730',0.15
'0:18.734',0.11
'0:18.738',-0.05
'0:18.742',-0.19
'0:18.746',-0.4
'0:18.750',-0.64
'0:18.754',-0.94
'0:18.758',-1.35
'0:18.762',-1.83
'0:18.766',-2.22
'0:18.770',-2.44
'0:18.773',-2.59
'0:18.777',-2.67
'0:18.781',-2.74
'0:18.785',-2.91
'0:18.789',-3.08
'0:18.793',-3.14
'0:18.797',-3.19
'0:18.801',-3.12
'0:18.805',-2.83
'0:18.809',-2.4
'0:18.813',-1.53
'0:18.816',0.09
'0:18.820',2.42
'0:18.824',4.88
'0:18.828',5.53
'0:18.832',4.01
'0:18.836',1.63
'0:18.840',-0.54
'0:18.844',-2.09
'0:18.848',-2.92
'0:18.852',-3.3
'0:18.855',-3.37
'0:18.859',-3.25
'0:18.863',-3.06
'0:18.867',-2.87
'0:18.871',-2.65
'0:18.875',-2.38
'0:18.879',-2.15
'0:18.883',-1.96
'0:18.887',-1.77
'0:18.891',-1.53
'0:18.895',-1.27
'0:18.898',-1.06
'0:18.902',-0.87
'0:18.906',-0.59
'0:18.910',-0.31
'0:18.914',-0.08
'0:18.918',0.16
'0:18.922',0.43
'0:18.926',0.7
'0:18.930',1.04
'0:18.934',1.43
'0:18.938',1.84
'0:18.941',2.24
'0:18.945',2.63
'0:18.949',2.99
'0:18.953',3.27
'0:18.957',3.47
'0:18.961',3.58
'0:18.965',3.46
'0:18.969',3.16
'0:18.973',2.86
'0:18.977',2.53
'0:18.980',2.18
'0:18.984',1.84
'0:18.988',1.41
'0:18.992',1.01
'0:18.996',0.62
'0:19.000',0.3
'0:19.004',-0.02
'0:19.008',-0.27
'0:19.012',-0.29
'0:19.016',-0.22
'0:19.020',-0.08
'0:19.023',0.2
'0:19.027',0.53
'0:19.031',0.74
'0:19.035',0.78
'0:19.039',0.69
'0:19.043',0.63
'0:19.047',0.76
'0:19.051',0.87
'0:19.055',0.9
'0:19.059',0.88
'0:19.063',0.72
'0:19.066',0.43
'0:19.070',0.11
'0:19.074',-0.22
'0:19.078',-0.57
'0:19.082',-1.03
'0:19.086',-1.46
'0:19.090',-1.86
'0:19.094',-2.2
'0:19.098',-2.29
'0:19.102',-2.35
'0:19.105',-2.48
'0:19.109',-2.53
'0:19.113',-2.41
'0:19.117',-2.08
'0:19.121',-1.99
'0:19.125',-2.19
'0:19.129',-2.18
'0:19.133',-1.77
'0:19.137',-0.71
'0:19.141',1.09
'0:19.145',3.75
'0:19.148',5.86
'0:19.152',5.47
'0:19.156',3.14
'0:19.160',0.31
'0:19.164',-1.92
'0:19.168',-3.19
'0:19.172',-3.77
'0:19.176',-3.81
'0:19.180',-3.68
'0:19.184',-3.63
'0:19.188',-3.5
'0:19.191',-3.19
'0:19.195',-2.83
'0:19.199',-2.45
'0:19.203',-2.02
'0:19.207',-1.41
'0:19.211',-0.83
'0:19.215',-0.77
'0:19.219',-0.87
'0:19.223',-0.92
'0:19.227',-0.89
'0:19.230',-0.55
'0:19.234',-0.02
'0:19.238',0.46
'0:19.242',0.85
'0:19.246',1.21
'0:19.250',1.52
'0:19.254',1.73
'0:19.258',2.16
'0:19.262',2.97
'0:19.266',3.54
'0:19.270',3.53
'0:19.273',3.46
'0:19.277',3.33
'0:19.281',3.13
'0:19.285',2.96
'0:19.289',2.95
'0:19.293',2.89
'0:19.297',2.73
'0:19.301',2.54
'0:19.305',2.03
'0:19.309',1.34
'0:19.313',0.82
'0:19.316',0.55
'0:19.320',0.42
'0:19.324',0.36
'0:19.328',0.19
'0:19.332',0.1
'0:19.336',0.28
'0:19.340',0.56
'0:19.344',0.88
'0:19.348',1.05
'0:19.352',0.79
'0:19.355',0.43
'0:19.359',0.32
'0:19.363',0.42
'0:19.367',0.7
'0:19.371',0.8
'0:19.375',0.7
'0:19.379',0.56
'0:19.383',0.47
'0:19.387',0.38
'0:19.391',0.17
'0:19.395',-0.14
'0:19.398',-0.27
'0:19.402',-0.2
'0:19.406',-0.25
'0:19.410',-0.61
'0:19.414',-1.31
'0:19.418',-2.04
'0:19.422',-2.47
'0:19.426',-2.45
'0:19.430',-2.15
'0:19.434',-2.03
'0:19.438',-2.27
'0:19.441',-2.5
'0:19.445',-2.58
'0:19.449',-2.32
'0:19.453',-1.76
'0:19.457',-0.72
'0:19.461',1.21
'0:19.465',3.97
'0:19.469',6.94
'0:19.473',8.37
'0:19.477',6.83
'0:19.480',3.39
'0:19.484',-0.17
'0:19.488',-2.7
'0:19.492',-4
'0:19.496',-4.31
'0:19.500',-4.11
'0:19.504',-3.84
'0:19.508',-3.62
'0:19.512',-3.52
'0:19.516',-3.34
'0:19.520',-2.98
'0:19.523',-2.59
'0:19.527',-2.35
