'0:00.000',70.499
'0:00.004',49.187
'0:00.008',39.237
'0:00.012',36.81
'0:00.016',28.968
'0:00.020',21.152
'0:00.023',17.925
'0:00.027',23.313
'0:00.031',19.285
'0:00.035',11.737
'0:00.039',5.522
'0:00.043',3.361
'0:00.047',-7.682
'0:00.051',2.561
'0:00.055',8.749
'0:00.059',3.628
'0:00.063',4.721
'0:00.066',10.376
'0:00.070',17.925
'0:00.074',7.149
'0:00.078',19.285
'0:00.082',21.419
'0:00.086',27.101
'0:00.090',18.458
'0:00.094',23.046
'0:00.098',18.458
'0:00.102',21.713
'0:00.105',27.901
'0:00.109',33.823
'0:00.113',37.077
'0:00.117',17.925
'0:00.121',23.58
'0:00.125',29.261
'0:00.129',32.756
'0:00.133',34.916
'0:00.137',33.022
'0:00.141',24.673
'0:00.145',31.395
'0:00.148',33.022
'0:00.152',32.756
'0:00.156',31.128
'0:00.160',71.566
'0:00.164',78.315
'0:00.168',81.275
'0:00.172',81.809
'0:00.176',48.653
'0:00.180',72.927
'0:00.184',78.048
'0:00.188',33.022
'0:00.191',19.819
'0:00.195',17.125
'0:00.199',22.246
'0:00.203',43.532
'0:00.207',47.32
'0:00.211',19.552
'0:00.215',19.019
'0:00.219',38.944
'0:00.223',57.562
'0:00.227',61.057
'0:00.230',82.102
'0:00.234',66.445
'0:00.238',57.829
'0:00.242',45.959
'0:00.246',46.226
'0:00.250',62.417
'0:00.254',108.243
'0:00.258',102.321
'0:00.262',97.2
'0:00.266',99.334
'0:00.270',141.132
'0:00.273',103.922
'0:00.277',10.91
'0:00.281',-35.183
'0:00.285',21.419
'0:00.289',109.87
'0:00.293',196.4
'0:00.297',134.383
'0:00.301',14.697
'0:00.305',-35.183
'0:00.309',-29.261
'0:00.313',35.716
'0:00.316',143.826
'0:00.320',163.244
'0:00.324',117.685
'0:00.328',193.706
'0:00.332',289.145
'0:00.336',536.626
'0:00.340',544.975
'0:00.344',419.634
'0:00.348',326.355
'0:00.352',324.728
'0:00.355',300.989
'0:00.359',271.354
'0:00.363',315.019
'0:00.367',231.716
'0:00.371',3.921
'0:00.375',-142.492
'0:00.379',-52.174
'0:00.383',104.455
'0:00.387',106.349
'0:00.391',55.402
'0:00.395',52.174
'0:00.398',81.275
'0:00.402',35.983
'0:00.406',-4.455
'0:00.410',-34.916
'0:00.414',3.628
'0:00.418',40.571
'0:00.422',28.968
'0:00.426',167.272
'0:00.430',214.992
'0:00.434',195.04
'0:00.438',148.414
'0:00.441',74.82
'0:00.445',-1.227
'0:00.449',-85.063
'0:00.453',-94.212
'0:00.457',7.949
'0:00.461',117.685
'0:00.465',83.703
'0:00.469',6.882
'0:00.473',-57.029
'0:00.477',-78.581
'0:00.480',-64.578
'0:00.484',36.25
'0:00.488',211.231
'0:00.492',189.118
'0:00.496',65.111
'0:00.500',72.927
'0:00.504',150.841
'0:00.508',69.699
'0:00.512',-33.289
'0:00.516',-34.649
'0:00.520',-7.415
'0:00.523',26.567
'0:00.527',120.646
'0:00.531',164.845
'0:00.535',188.851
'0:00.539',224.968
'0:00.543',225.795
'0:00.547',264.605
'0:00.551',272.688
'0:00.555',128.995
'0:00.559',50.014
'0:00.563',152.441
'0:00.566',73.993
'0:00.570',6.615
'0:00.574',66.445
'0:00.578',126.034
'0:00.582',98.533
'0:00.586',92.612
'0:00.590',103.388
'0:00.594',126.301
'0:00.598',187.491
'0:00.602',148.947
'0:00.605',-25.207
'0:00.609',-90.985
'0:00.613',-141.932
'0:00.617',-108.776
'0:00.621',-117.419
'0:00.625',-112.564
'0:00.629',-34.649
'0:00.633',-4.188
'0:00.637',-87.224
'0:00.641',-132.249
'0:00.645',-120.646
'0:00.648',-138.704
'0:00.652',-140.065
'0:00.656',-103.388
'0:00.660',-21.979
'0:00.664',124.674
'0:00.668',30.328
'0:00.672',-93.145
'0:00.676',-203.149
'0:00.680',-277.542
'0:00.684',-296.161
'0:00.688',-244.386
'0:00.691',-147.88
'0:00.695',-117.419
'0:00.699',-109.603
'0:00.703',-106.616
'0:00.707',-96.933
'0:00.711',-72.66
'0:00.715',-70.766
'0:00.719',-117.419
'0:00.723',-128.462
'0:00.727',-35.983
'0:00.730',7.415
'0:00.734',-75.354
'0:00.738',-131.956
'0:00.742',-158.656
'0:00.746',-180.236
'0:00.750',-164.311
'0:00.754',-103.121
'0:00.758',-72.927
'0:00.762',18.725
'0:00.766',28.968
'0:00.770',-18.458
'0:00.773',-140.332
'0:00.777',-230.916
'0:00.781',-212.031
'0:00.785',-188.851
'0:00.789',-103.922
'0:00.793',-106.882
'0:00.797',-129.529
'0:00.801',-130.889
'0:00.805',-162.151
'0:00.809',-155.696
'0:00.813',-86.397
'0:00.816',-58.096
'0:00.820',-77.514
'0:00.824',-146.787
'0:00.828',-147.88
'0:00.832',-110.403
'0:00.836',-69.432
'0:00.840',-0.4
'0:00.844',47.32
'0:00.848',29.261
'0:00.852',-88.024
'0:00.855',-105.015
'0:00.859',-105.015
'0:00.863',-115.258
'0:00.867',-75.621
'0:00.871',-35.983
'0:00.875',-31.128
'0:00.879',-79.675
'0:00.883',-130.622
'0:00.887',-164.845
'0:00.891',-140.065
'0:00.895',-107.709
'0:00.898',-68.072
'0:00.902',-93.145
'0:00.906',-155.962
'0:00.910',-183.463
'0:00.914',-142.759
'0:00.918',-106.616
'0:00.922',-94.772
'0:00.926',-89.918
'0:00.930',-87.49
'0:00.934',-33.556
'0:00.938',-42.198
'0:00.941',-86.957
'0:00.945',-66.445
'0:00.949',33.823
'0:00.953',218.246
'0:00.957',326.062
'0:00.961',425.556
'0:00.965',425.289
'0:00.969',338.199
'0:00.973',282.13
'0:00.977',254.363
'0:00.980',185.064
'0:00.984',134.943
'0:00.988',125.234
'0:00.992',67.272
'0:00.996',13.604
'0:01.000',-34.383
'0:01.004',-72.126
'0:01.008',-57.562
'0:01.012',-54.335
'0:01.016',-70.766
'0:01.020',-109.87
'0:01.023',-83.436
'0:01.027',-46.226
'0:01.031',-46.519
'0:01.035',-24.407
'0:01.039',-40.571
'0:01.043',-45.426
'0:01.047',-44.092
'0:01.051',-18.192
'0:01.055',2.294
'0:01.059',-8.216
'0:01.063',-8.216
'0:01.066',-8.776
'0:01.070',-4.188
'0:01.074',14.697
'0:01.078',-7.949
'0:01.082',-34.916
'0:01.086',-51.641
'0:01.090',-68.605
'0:01.094',-38.144
'0:01.098',2.294
'0:01.102',41.105
'0:01.105',59.723
'0:01.109',61.323
'0:01.113',60.523
'0:01.117',53.508
'0:01.121',44.625
'0:01.125',45.159
'0:01.129',74.26
'0:01.133',133.316
'0:01.137',159.723
'0:01.141',127.101
'0:01.145',133.316
'0:01.148',172.127
'0:01.152',175.381
'0:01.156',172.687
'0:01.160',193.439
'0:01.164',183.196
'0:01.168',219.046
'0:01.172',251.135
'0:01.176',248.441
'0:01.180',242.759
'0:01.184',251.668
'0:01.188',236.571
'0:01.191',233.61
'0:01.195',230.089
'0:01.199',224.968
'0:01.203',219.846
'0:01.207',189.918
'0:01.211',169.966
'0:01.215',164.045
'0:01.219',157.856
'0:01.223',123.073
'0:01.227',80.742
'0:01.230',59.723
'0:01.234',95.306
'0:01.238',116.858
'0:01.242',87.49
'0:01.246',84.796
'0:01.250',94.479
'0:01.254',62.15
'0:01.258',52.708
'0:01.262',40.571
'0:01.266',36.25
'0:01.270',29.261
'0:01.273',28.434
'0:01.277',19.285
'0:01.281',8.749
'0:01.285',20.886
'0:01.289',12.537
'0:01.293',11.47
'0:01.297',2.827
'0:01.301',24.14
'0:01.305',4.721
'0:01.309',-1.76
'0:01.313',12.003
'0:01.316',0.934
'0:01.320',22.513
'0:01.324',35.983
'0:01.328',30.062
'0:01.332',-32.756
'0:01.336',-41.665
'0:01.340',-9.843
'0:01.344',28.701
'0:01.348',39.771
'0:01.352',62.417
'0:01.355',72.126
'0:01.359',72.66
'0:01.363',64.017
'0:01.367',42.465
'0:01.371',46.786
'0:01.375',53.775
'0:01.379',39.237
'0:01.383',33.289
'0:01.387',43.265
'0:01.391',44.359
'0:01.395',51.614
'0:01.398',39.504
'0:01.402',35.45
'0:01.406',43.799
'0:01.410',58.096
'0:01.414',33.556
'0:01.418',40.838
'0:01.422',37.343
'0:01.426',43.532
'0:01.430',40.571
'0:01.434',94.479
'0:01.438',162.418
'0:01.441',192.346
'0:01.445',127.928
'0:01.449',53.775
'0:01.453',-6.348
'0:01.457',-27.901
'0:01.461',-7.149
'0:01.465',36.517
'0:01.469',106.882
'0:01.473',101.228
'0:01.477',89.651
'0:01.480',81.809
'0:01.484',72.126
'0:01.488',88.291
'0:01.492',97.2
'0:01.496',88.024
'0:01.500',83.97
'0:01.504',74.554
'0:01.508',56.469
'0:01.512',63.751
'0:01.516',54.335
'0:01.520',36.25
'0:01.523',28.168
'0:01.527',39.504
'0:01.531',59.456
'0:01.535',66.711
'0:01.539',83.97
'0:01.543',62.417
'0:01.547',58.363
'0:01.551',29.261
'0:01.555',19.285
'0:01.559',-11.47
'0:01.563',13.87
'0:01.566',84.236
'0:01.570',177.515
'0:01.574',357.617
'0:01.578',473.809
'0:01.582',541.214
'0:01.586',574.636
'0:01.590',496.989
'0:01.594',374.875
'0:01.598',311.258
'0:01.602',284.824
'0:01.605',243.586
'0:01.609',215.819
'0:01.613',147.88
'0:01.617',119.846
'0:01.621',92.345
'0:01.625',64.017
'0:01.629',81.809
'0:01.633',77.781
'0:01.637',84.53
'0:01.641',46.226
'0:01.645',35.983
'0:01.648',33.556
'0:01.652',57.029
'0:01.656',110.137
'0:01.660',122.54
'0:01.664',86.397
'0:01.668',72.393
'0:01.672',60.523
'0:01.676',60.523
'0:01.680',25.207
'0:01.684',7.682
'0:01.688',23.846
'0:01.691',55.402
'0:01.695',55.668
'0:01.699',57.562
'0:01.703',89.091
'0:01.707',87.224
'0:01.711',102.855
'0:01.715',104.188
'0:01.719',106.082
'0:01.723',121.18
'0:01.727',134.116
'0:01.730',164.311
'0:01.734',166.472
'0:01.738',170.526
'0:01.742',202.055
'0:01.746',213.125
'0:01.750',211.231
'0:01.754',199.894
'0:01.758',204.216
'0:01.762',248.147
'0:01.766',287.251
'0:01.770',333.344
'0:01.773',310.698
'0:01.777',289.679
'0:01.781',301.815
'0:01.785',302.882
'0:01.789',296.961
'0:01.793',291.839
'0:01.797',319.34
'0:01.801',330.917
'0:01.805',333.344
'0:01.809',359.511
'0:01.813',399.415
'0:01.816',410.458
'0:01.820',411.525
'0:01.824',432.011
'0:01.828',407.764
'0:01.832',321.207
'0:01.836',272.421
'0:01.840',300.188
'0:01.844',357.084
'0:01.848',362.472
'0:01.852',333.344
'0:01.855',263.245
'0:01.859',198.827
'0:01.863',170.26
'0:01.867',180.236
'0:01.871',253.562
'0:01.875',311.791
'0:01.879',275.942
'0:01.883',199.361
'0:01.887',177.808
'0:01.891',233.877
'0:01.895',279.436
'0:01.898',251.135
'0:01.902',175.648
'0:01.906',204.482
'0:01.910',245.747
'0:01.914',250.308
'0:01.918',183.997
'0:01.922',183.73
'0:01.926',208.537
'0:01.930',270.527
'0:01.934',271.354
'0:01.938',214.458
'0:01.941',192.906
'0:01.945',215.552
'0:01.949',265.406
'0:01.953',321.768
'0:01.957',363.005
'0:01.961',291.039
'0:01.965',201.788
'0:01.969',169.433
'0:01.973',158.123
'0:01.977',185.891
'0:01.980',244.386
'0:01.984',277.275
'0:01.988',284.824
'0:01.992',289.946
'0:01.996',280.236
'0:02.000',305.31
'0:02.004',294
'0:02.008',243.026
'0:02.012',199.361
'0:02.016',244.12
'0:02.020',307.204
'0:02.023',393.734
'0:02.027',432.011
'0:02.031',427.183
'0:02.035',347.108
'0:02.039',253.829
'0:02.043',241.959
'0:02.047',268.393
'0:02.051',270.26
'0:02.055',271.887
'0:02.059',250.868
'0:02.063',261.111
'0:02.066',256.256
'0:02.070',222.274
'0:02.074',235.477
'0:02.078',274.848
'0:02.082',303.416
'0:02.086',305.576
'0:02.090',305.843
'0:02.094',344.68
'0:02.098',378.903
'0:02.102',365.166
'0:02.105',344.947
'0:02.109',313.125
'0:02.113',310.965
'0:02.117',338.199
'0:02.121',372.981
'0:02.125',390.239
'0:02.129',409.925
'0:02.133',375.142
'0:02.137',339.292
'0:02.141',312.325
'0:02.145',312.325
'0:02.148',357.084
'0:02.152',318.513
'0:02.156',272.421
'0:02.160',252.735
'0:02.164',236.038
'0:02.168',243.026
'0:02.172',246.814
'0:02.176',294
'0:02.180',340.893
'0:02.184',348.175
'0:02.188',298.588
'0:02.191',316.379
'0:02.195',429.317
'0:02.199',592.695
'0:02.203',700.804
'0:02.207',808.913
'0:02.211',833.987
'0:02.215',744.202
'0:02.219',642.308
'0:02.223',587.306
'0:02.227',521.262
'0:02.230',518.834
'0:02.234',458.711
'0:02.238',365.699
'0:02.242',319.874
'0:02.246',298.855
'0:02.250',285.624
'0:02.254',285.891
'0:02.258',308.004
'0:02.262',316.913
'0:02.266',301.815
'0:02.270',288.612
'0:02.273',298.588
'0:02.277',347.641
'0:02.281',359.511
'0:02.285',336.865
'0:02.289',326.355
'0:02.293',313.952
'0:02.297',356.817
'0:02.301',400.216
'0:02.305',429.317
'0:02.309',407.498
'0:02.313',396.695
'0:02.316',373.515
'0:02.320',383.758
'0:02.324',472.742
'0:02.328',463.299
'0:02.332',379.196
'0:02.336',303.149
'0:02.340',249.241
'0:02.344',264.072
'0:02.348',276.208
'0:02.352',331.744
'0:02.355',386.452
'0:02.359',421.501
'0:02.363',398.588
'0:02.367',365.966
'0:02.371',381.33
'0:02.375',440.92
'0:02.379',505.898
'0:02.383',507.498
'0:02.387',560.899
'0:02.391',526.116
'0:02.395',551.457
'0:02.398',722.65
'0:02.402',659.033
'0:02.406',428.783
'0:02.410',390.773
'0:02.414',454.657
'0:02.418',473.275
'0:02.422',482.425
'0:02.426',521.795
'0:02.430',563.86
'0:02.434',564.127
'0:02.438',540.414
'0:02.441',518.834
'0:02.445',536.626
'0:02.449',556.845
'0:02.453',542.281
'0:02.457',524.223
'0:02.461',504.537
'0:02.465',502.937
'0:02.469',565.754
'0:02.473',611.58
'0:02.477',520.995
'0:02.480',419.901
'0:02.484',402.109
'0:02.488',432.011
'0:02.492',466.527
'0:02.496',460.605
'0:02.500',388.346
'0:02.504',332.01
'0:02.508',264.072
'0:02.512',256.79
'0:02.516',272.954
'0:02.520',325.795
'0:02.523',354.656
'0:02.527',360.311
'0:02.531',341.986
'0:02.535',339.826
'0:02.539',354.923
'0:02.543',366.233
'0:02.547',358.951
'0:02.551',343.587
'0:02.555',355.19
'0:02.559',365.966
'0:02.563',361.938
'0:02.566',374.609
'0:02.570',360.311
'0:02.574',354.39
'0:02.578',363.272
'0:02.582',374.048
'0:02.586',372.448
'0:02.590',376.209
'0:02.594',384.851
'0:02.598',406.671
'0:02.602',433.104
'0:02.605',418.807
'0:02.609',379.997
'0:02.613',341.986
'0:02.617',342.52
'0:02.621',362.205
'0:02.625',394.267
'0:02.629',406.404
'0:02.633',389.439
'0:02.637',361.672
'0:02.641',333.344
'0:02.645',330.116
'0:02.648',322.834
'0:02.652',320.674
'0:02.656',325.529
'0:02.660',345.747
'0:02.664',358.951
'0:02.668',368.927
'0:02.672',383.224
'0:02.676',387.812
'0:02.680',392.4
'0:02.684',375.409
'0:02.688',370.021
'0:02.691',381.597
'0:02.695',398.855
'0:02.699',434.438
'0:02.703',451.429
'0:02.707',449.269
'0:02.711',401.016
'0:02.715',340.626
'0:02.719',309.898
'0:02.723',304.509
'0:02.727',313.125
'0:02.730',328.489
'0:02.734',350.602
'0:02.738',370.554
'0:02.742',383.224
'0:02.746',393.2
'0:02.750',407.764
'0:02.754',412.619
'0:02.758',401.816
'0:02.762',415.58
'0:02.766',408.031
'0:02.770',420.968
'0:02.773',425.022
'0:02.777',477.303
'0:02.781',490.8
'0:02.785',486.746
'0:02.789',455.751
'0:02.793',351.402
'0:02.797',338.732
'0:02.801',343.854
'0:02.805',317.18
'0:02.809',351.402
'0:02.813',377.036
'0:02.816',320.14
'0:02.820',300.989
'0:02.824',289.412
'0:02.828',283.49
'0:02.832',321.207
'0:02.836',375.942
'0:02.840',499.149
'0:02.844',645.536
'0:02.848',753.112
'0:02.852',845.857
'0:02.855',800.031
'0:02.859',709.98
'0:02.863',585.973
'0:02.867',567.621
'0:02.871',561.699
'0:02.875',558.205
'0:02.879',525.023
'0:02.883',460.072
'0:02.887',427.983
'0:02.891',368.66
'0:02.895',390.773
'0:02.898',402.376
'0:02.902',327.422
'0:02.906',273.514
'0:02.910',245.747
'0:02.914',226.061
'0:02.918',248.708
'0:02.922',270.794
'0:02.926',284.557
'0:02.930',292.906
'0:02.934',306.11
'0:02.938',311.258
'0:02.941',317.713
'0:02.945',347.374
'0:02.949',324.195
'0:02.953',291.573
'0:02.957',312.592
'0:02.961',329.85
'0:02.965',341.72
'0:02.969',338.199
'0:02.973',324.462
'0:02.977',344.147
'0:02.980',343.32
'0:02.984',354.923
'0:02.988',352.496
'0:02.992',339.826
'0:02.996',328.223
'0:03.000',311.791
'0:03.004',306.11
'0:03.008',317.446
'0:03.012',319.073
'0:03.016',340.093
'0:03.020',341.453
'0:03.023',353.296
'0:03.027',379.73
'0:03.031',379.997
'0:03.035',401.816
'0:03.039',404.537
'0:03.043',416.913
'0:03.047',426.623
'0:03.051',441.72
'0:03.055',462.206
'0:03.059',450.896
'0:03.063',465.193
'0:03.066',473.809
'0:03.070',470.848
'0:03.074',475.703
'0:03.078',465.46
'0:03.082',479.73
'0:03.086',471.915
'0:03.090',468.421
'0:03.094',488.373
'0:03.098',462.499
'0:03.102',416.647
'0:03.105',364.633
'0:03.109',357.351
'0:03.113',338.465
'0:03.117',327.422
'0:03.121',316.913
'0:03.125',314.752
'0:03.129',291.839
'0:03.133',273.514
'0:03.137',277.542
'0:03.141',250.041
'0:03.145',249.241
'0:03.148',242.759
'0:03.152',238.998
'0:03.156',242.226
'0:03.160',232.25
'0:03.164',232.517
'0:03.168',226.595
'0:03.172',222.007
'0:03.176',239.532
'0:03.180',244.653
'0:03.184',231.45
'0:03.188',212.564
'0:03.191',207.71
'0:03.195',205.843
'0:03.199',209.07
'0:03.203',258.684
'0:03.207',271.887
'0:03.211',208.537
'0:03.215',165.672
'0:03.219',150.308
'0:03.223',159.19
'0:03.227',168.366
'0:03.230',186.424
'0:03.234',194.506
'0:03.238',198.294
'0:03.242',192.906
'0:03.246',185.891
'0:03.250',185.891
'0:03.254',207.71
'0:03.258',195.6
'0:03.262',193.439
'0:03.266',187.224
'0:03.270',185.357
'0:03.273',204.749
'0:03.277',239.265
'0:03.281',253.562
'0:03.285',251.135
'0:03.289',205.283
'0:03.293',162.418
'0:03.297',130.889
'0:03.301',108.776
'0:03.305',102.855
'0:03.309',103.922
'0:03.313',140.598
'0:03.316',235.211
'0:03.320',230.649
'0:03.324',155.696
'0:03.328',117.125
'0:03.332',83.97
'0:03.336',88.024
'0:03.340',141.398
'0:03.344',161.351
'0:03.348',114.431
'0:03.352',107.176
'0:03.355',78.581
'0:03.359',77.248
'0:03.363',76.688
'0:03.367',77.514
'0:03.371',88.824
'0:03.375',79.942
'0:03.379',63.751
'0:03.383',107.443
'0:03.387',243.026
'0:03.391',284.024
'0:03.395',210.964
'0:03.398',100.427
'0:03.402',122.54
'0:03.406',140.598
'0:03.410',79.942
'0:03.414',65.645
'0:03.418',71.299
'0:03.422',87.757
'0:03.426',57.296
'0:03.430',1.494
'0:03.434',-10.91
'0:03.438',-39.504
'0:03.441',-25.74
'0:03.445',-11.176
'0:03.449',10.91
'0:03.453',32.222
'0:03.457',25.74
'0:03.461',27.634
'0:03.465',55.135
'0:03.469',55.668
'0:03.473',45.692
'0:03.477',13.604
'0:03.480',17.391
'0:03.484',23.846
'0:03.488',111.47
'0:03.492',254.096
'0:03.496',398.055
'0:03.500',523.156
'0:03.504',480.291
'0:03.508',295.867
'0:03.512',139.771
'0:03.516',75.887
'0:03.520',50.28
'0:03.523',30.328
'0:03.527',41.371
'0:03.531',20.352
'0:03.535',-3.094
'0:03.539',-55.135
'0:03.543',-77.248
'0:03.547',-74.554
'0:03.551',-36.543
'0:03.555',-9.843
'0:03.559',24.14
'0:03.563',20.886
'0:03.566',-22.78
'0:03.570',-63.217
'0:03.574',-84.53
'0:03.578',-55.668
'0:03.582',-2.294
'0:03.586',0.133
'0:03.590',-32.222
'0:03.594',-106.082
'0:03.598',-154.335
'0:03.602',-173.487
'0:03.605',-167.272
'0:03.609',-140.065
'0:03.613',-82.102
'0:03.617',-74.554
'0:03.621',-118.219
'0:03.625',-127.128
'0:03.629',-92.879
'0:03.633',-72.393
'0:03.637',-75.621
'0:03.641',-96.106
'0:03.645',-106.349
'0:03.648',-63.217
'0:03.652',-15.498
'0:03.656',-29.795
'0:03.660',-72.66
'0:03.664',-66.178
'0:03.668',-33.022
'0:03.672',-38.144
'0:03.676',-46.226
'0:03.680',-20.619
'0:03.684',-2.294
'0:03.688',-3.628
'0:03.691',9.309
'0:03.695',3.361
'0:03.699',-17.125
'0:03.703',-30.328
'0:03.707',-34.916
'0:03.711',4.721
'0:03.715',14.164
'0:03.719',14.431
'0:03.723',-9.576
'0:03.727',0.667
'0:03.730',3.361
'0:03.734',-4.188
'0:03.738',-16.591
'0:03.742',-22.78
'0:03.746',-30.595
'0:03.750',-30.062
'0:03.754',-37.877
'0:03.758',-48.386
'0:03.762',-68.339
'0:03.766',-107.443
'0:03.770',-139.798
'0:03.773',-134.383
'0:03.777',-147.613
'0:03.781',-165.672
'0:03.785',-200.988
'0:03.789',-201.521
'0:03.793',-215.552
'0:03.797',-244.12
'0:03.801',-290.479
'0:03.805',-278.076
'0:03.809',-268.1
'0:03.813',-267.833
'0:03.816',-276.475
'0:03.820',-271.354
'0:03.824',-275.382
'0:03.828',-266.766
'0:03.832',-267.566
'0:03.836',-275.648
'0:03.840',-284.824
'0:03.844',-288.052
'0:03.848',-281.33
'0:03.852',-284.024
'0:03.855',-276.208
'0:03.859',-283.757
'0:03.863',-285.091
'0:03.867',-294
'0:03.871',-282.93
'0:03.875',-277.275
'0:03.879',-283.757
'0:03.883',-297.494
'0:03.887',-305.31
'0:03.891',-312.592
'0:03.895',-294.267
'0:03.898',-285.918
'0:03.902',-296.961
'0:03.906',-301.015
'0:03.910',-293.173
'0:03.914',-325.262
'0:03.918',-316.379
'0:03.922',-296.427
'0:03.926',-301.282
'0:03.930',-322.834
'0:03.934',-351.962
'0:03.938',-360.845
'0:03.941',-359.778
'0:03.945',-350.335
'0:03.949',-355.19
'0:03.953',-351.136
'0:03.957',-358.978
'0:03.961',-357.084
'0:03.965',-363.272
'0:03.969',-368.954
'0:03.973',-366.233
'0:03.977',-358.978
'0:03.980',-371.648
'0:03.984',-375.676
'0:03.988',-381.624
'0:03.992',-396.721
'0:03.996',-389.973
'0:04.000',-386.745
'0:04.004',-374.875
'0:04.008',-364.633
'0:04.012',-363.539
'0:04.016',-356.257
'0:04.020',-367.593
'0:04.023',-355.457
'0:04.027',-362.472
'0:04.031',-362.205
'0:04.035',-355.19
'0:04.039',-365.966
'0:04.043',-383.758
'0:04.047',-389.973
'0:04.051',-392.667
'0:04.055',-388.079
'0:04.059',-366.793
'0:04.063',-351.696
'0:04.066',-402.376
'0:04.070',-448.202
'0:04.074',-445.508
'0:04.078',-447.668
'0:04.082',-434.998
'0:04.086',-419.634
'0:04.090',-415.58
'0:04.094',-411.259
'0:04.098',-411.525
'0:04.102',-430.677
'0:04.105',-385.652
'0:04.109',-277.009
'0:04.113',-150.841
'0:04.117',-67.005
'0:04.121',4.188
'0:04.125',8.749
'0:04.129',-7.415
'0:04.133',-27.367
'0:04.137',-76.421
'0:04.141',-151.375
'0:04.145',-271.887
'0:04.148',-351.962
'0:04.152',-425.289
'0:04.156',-449.562
'0:04.160',-448.469
'0:04.164',-425.022
'0:04.168',-405.07
'0:04.172',-408.564
'0:04.176',-443.881
'0:04.180',-473.009
'0:04.184',-484.318
'0:04.188',-453.59
'0:04.191',-443.614
'0:04.195',-444.414
'0:04.199',-453.59
'0:04.203',-447.668
'0:04.207',-450.629
'0:04.211',-441.453
'0:04.215',-458.445
'0:04.219',-435.799
'0:04.223',-430.944
'0:04.227',-417.207
'0:04.230',-407.231
'0:04.234',-423.395
'0:04.238',-385.652
'0:04.242',-382.157
'0:04.246',-383.224
'0:04.250',-386.745
'0:04.254',-387.545
'0:04.258',-399.682
'0:04.262',-426.916
'0:04.266',-442.814
'0:04.270',-432.304
'0:04.273',-436.332
'0:04.277',-417.207
'0:04.281',-395.361
'0:04.285',-378.103
'0:04.289',-335.238
'0:04.293',-338.465
'0:04.297',-333.611
'0:04.301',-342.253
'0:04.305',-310.698
'0:04.309',-302.882
'0:04.313',-290.479
'0:04.316',-268.926
'0:04.320',-230.089
'0:04.324',-183.73
'0:04.328',-220.113
'0:04.332',-234.677
'0:04.336',-261.378
'0:04.340',-259.751
'0:04.344',-202.882
'0:04.348',-162.444
'0:04.352',-173.754
'0:04.355',-207.176
'0:04.359',-233.61
'0:04.363',-244.92
'0:04.367',-274.048
'0:04.371',-302.349
'0:04.375',-303.709
'0:04.379',-329.316
'0:04.383',-339.026
'0:04.387',-351.962
'0:04.391',-366.526
'0:04.395',-353.296
'0:04.398',-346.014
'0:04.402',-368.66
'0:04.406',-363.539
'0:04.410',-364.899
'0:04.414',-400.749
'0:04.418',-452.79
'0:04.422',-457.644
'0:04.426',-443.081
'0:04.430',-449.562
'0:04.434',-466.527
'0:04.438',-465.46
'0:04.441',-484.585
'0:04.445',-471.382
'0:04.449',-465.46
'0:04.453',-452.79
'0:04.457',-418.541
'0:04.461',-418.007
'0:04.465',-433.104
'0:04.469',-442.814
'0:04.473',-450.096
'0:04.477',-450.362
'0:04.480',-448.202
'0:04.484',-446.041
'0:04.488',-441.187
'0:04.492',-434.171
'0:04.496',-418.274
'0:04.500',-413.953
'0:04.504',-425.289
'0:04.508',-405.07
'0:04.512',-386.452
'0:04.516',-418.541
'0:04.520',-439.853
'0:04.523',-464.66
'0:04.527',-465.46
'0:04.531',-437.426
'0:04.535',-423.395
'0:04.539',-408.564
'0:04.543',-380.797
'0:04.547',-365.699
'0:04.551',-402.109
'0:04.555',-433.371
'0:04.559',-434.998
'0:04.563',-457.644
'0:04.566',-475.436
'0:04.570',-465.46
'0:04.574',-452.523
'0:04.578',-437.159
'0:04.582',-423.395
'0:04.586',-438.226
'0:04.590',-444.708
'0:04.594',-434.465
'0:04.598',-421.501
'0:04.602',-421.768
'0:04.605',-433.638
'0:04.609',-409.391
'0:04.613',-403.176
'0:04.617',-405.604
'0:04.621',-417.207
'0:04.625',-442.547
'0:04.629',-452.79
'0:04.633',-450.896
'0:04.637',-408.831
'0:04.641',-326.622
'0:04.645',-332.811
'0:04.648',-412.085
'0:04.652',-420.434
'0:04.656',-388.346
'0:04.660',-395.628
'0:04.664',-429.05
'0:04.668',-453.857
'0:04.672',-417.474
'0:04.676',-391.6
'0:04.680',-397.521
'0:04.684',-378.636
'0:04.688',-324.462
'0:04.691',-322.301
'0:04.695',-416.38
'0:04.699',-463.033
'0:04.703',-405.337
'0:04.707',-304.509
'0:04.711',-333.904
'0:04.715',-424.489
'0:04.719',-459.805
'0:04.723',-398.588
'0:04.727',-346.841
'0:04.730',-375.142
'0:04.734',-465.993
'0:04.738',-430.41
'0:04.742',-349.002
'0:04.746',-416.94
'0:04.750',-498.882
'0:04.754',-442.014
'0:04.758',-262.445
'0:04.762',-112.03
'0:04.766',3.921
'0:04.770',78.315
'0:04.773',34.649
'0:04.777',-30.595
'0:04.781',-103.922
'0:04.785',-85.863
'0:04.789',-79.115
'0:04.793',-121.98
'0:04.797',-263.272
'0:04.801',-339.292
'0:04.805',-412.085
'0:04.809',-408.831
'0:04.813',-303.443
'0:04.816',-264.072
'0:04.820',-365.966
'0:04.824',-467.06
'0:04.828',-489.173
'0:04.832',-486.746
'0:04.836',-423.128
'0:04.840',-357.884
'0:04.844',-354.123
'0:04.848',-385.385
'0:04.852',-413.953
'0:04.855',-418.007
'0:04.859',-465.727
'0:04.863',-507.231
'0:04.867',-479.197
'0:04.871',-422.595
'0:04.875',-380.53
'0:04.879',-369.22
'0:04.883',-415.58
'0:04.887',-403.71
'0:04.891',-419.901
'0:04.895',-384.318
'0:04.898',-309.631
'0:04.902',-320.14
'0:04.906',-379.73
'0:04.910',-377.036
'0:04.914',-319.874
'0:04.918',-316.113
'0:04.922',-350.602
'0:04.926',-370.287
'0:04.930',-433.104
'0:04.934',-429.05
'0:04.938',-383.224
'0:04.941',-357.351
'0:04.945',-310.431
'0:04.949',-272.954
'0:04.953',-281.597
'0:04.957',-279.969
'0:04.961',-301.549
'0:04.965',-275.382
'0:04.969',-228.222
'0:04.973',-206.376
'0:04.977',-214.992
'0:04.980',-199.094
'0:04.984',-191.012
'0:04.988',-195.333
'0:04.992',-189.652
'0:04.996',-197.2
'0:05.000',-212.298
'0:05.004',-204.216
'0:05.008',-210.697
'0:05.012',-253.002
'0:05.016',-258.15
'0:05.020',-242.759
'0:05.023',-299.922
'0:05.027',-334.704
'0:05.031',-299.121
'0:05.035',-264.339
'0:05.039',-295.067
'0:05.043',-372.181
'0:05.047',-387.545
'0:05.051',-377.303
'0:05.055',-366.526
'0:05.059',-394.294
'0:05.063',-400.749
'0:05.066',-399.682
'0:05.070',-422.862
'0:05.074',-443.881
'0:05.078',-394.001
'0:05.082',-342.253
'0:05.086',-339.292
'0:05.090',-399.949
'0:05.094',-492.134
'0:05.098',-525.85
'0:05.102',-502.67
'0:05.105',-477.036
'0:05.109',-424.756
'0:05.113',-368.127
'0:05.117',-364.099
'0:05.121',-366.793
'0:05.125',-371.914
'0:05.129',-372.181
'0:05.133',-367.06
'0:05.137',-409.391
'0:05.141',-487.012
'0:05.145',-476.236
'0:05.148',-438.759
'0:05.152',-393.2
'0:05.156',-367.06
'0:05.160',-402.376
'0:05.164',-447.935
'0:05.168',-459.805
'0:05.172',-440.12
'0:05.176',-405.87
'0:05.180',-344.947
'0:05.184',-321.768
'0:05.188',-295.334
'0:05.191',-351.136
'0:05.195',-426.356
'0:05.199',-478.664
'0:05.203',-463.299
'0:05.207',-414.779
'0:05.211',-407.764
'0:05.215',-380.53
'0:05.219',-364.099
'0:05.223',-362.472
'0:05.227',-360.578
'0:05.230',-432.838
'0:05.234',-469.781
'0:05.238',-488.106
'0:05.242',-459.805
'0:05.246',-429.61
'0:05.250',-420.168
'0:05.254',-420.968
'0:05.258',-419.367
'0:05.262',-421.768
'0:05.266',-440.12
'0:05.270',-433.371
'0:05.273',-406.964
'0:05.277',-390.239
'0:05.281',-403.443
'0:05.285',-416.38
'0:05.289',-412.085
'0:05.293',-391.867
'0:05.297',-346.308
'0:05.301',-324.995
'0:05.305',-332.277
'0:05.309',-355.99
'0:05.313',-384.851
'0:05.316',-391.04
'0:05.320',-388.612
'0:05.324',-380.797
'0:05.328',-372.448
'0:05.332',-368.954
'0:05.336',-373.515
'0:05.340',-399.949
'0:05.344',-422.328
'0:05.348',-416.94
'0:05.352',-418.007
'0:05.355',-408.031
'0:05.359',-399.682
'0:05.363',-403.176
'0:05.367',-396.988
'0:05.371',-399.949
'0:05.375',-391.306
'0:05.379',-398.055
'0:05.383',-399.682
'0:05.387',-393.734
'0:05.391',-382.957
'0:05.395',-360.578
'0:05.398',-288.612
'0:05.402',-165.138
'0:05.406',-49.213
'0:05.410',29.528
'0:05.414',45.159
'0:05.418',-32.756
'0:05.422',-127.661
'0:05.426',-178.342
'0:05.430',-195.333
'0:05.434',-205.576
'0:05.438',-232.25
'0:05.441',-285.918
'0:05.445',-346.308
'0:05.449',-381.891
'0:05.453',-384.585
'0:05.457',-368.394
'0:05.461',-355.19
'0:05.465',-345.481
'0:05.469',-361.405
'0:05.473',-364.633
'0:05.477',-351.696
'0:05.480',-339.826
'0:05.484',-343.587
'0:05.488',-341.159
'0:05.492',-330.65
'0:05.496',-320.674
'0:05.500',-308.004
'0:05.504',-308.564
'0:05.508',-320.407
'0:05.512',-326.889
'0:05.516',-335.238
'0:05.520',-339.559
'0:05.523',-323.368
'0:05.527',-319.34
'0:05.531',-310.431
'0:05.535',-303.149
'0:05.539',-306.137
'0:05.543',-288.612
'0:05.547',-284.557
'0:05.551',-277.275
'0:05.555',-270.82
'0:05.559',-257.59
'0:05.563',-254.629
'0:05.566',-249.241
'0:05.570',-243.053
'0:05.574',-238.732
'0:05.578',-226.061
'0:05.582',-205.843
'0:05.586',-199.361
'0:05.590',-177.542
'0:05.594',-174.287
'0:05.598',-146.253
'0:05.602',-140.865
'0:05.605',-132.516
'0:05.609',-126.568
'0:05.613',-125.501
'0:05.617',-114.431
'0:05.621',-108.243
'0:05.625',-98.8
'0:05.629',-93.145
'0:05.633',-93.145
'0:05.637',-82.636
'0:05.641',-91.251
'0:05.645',-96.106
'0:05.648',-90.985
'0:05.652',-109.043
'0:05.656',-114.991
'0:05.660',-122.273
'0:05.664',-141.932
'0:05.668',-137.371
'0:05.672',-157.296
'0:05.676',-164.045
'0:05.680',-169.993
'0:05.684',-172.687
'0:05.688',-199.628
'0:05.691',-203.682
'0:05.695',-212.298
'0:05.699',-218.78
'0:05.703',-219.846
'0:05.707',-245.187
'0:05.711',-249.775
'0:05.715',-244.653
'0:05.719',-252.202
'0:05.723',-235.771
'0:05.727',-212.564
'0:05.730',-202.588
'0:05.734',-165.938
'0:05.738',-140.865
'0:05.742',-199.628
'0:05.746',-280.796
'0:05.750',-303.709
'0:05.754',-295.067
'0:05.758',-278.076
'0:05.762',-254.629
'0:05.766',-233.877
'0:05.770',-237.104
'0:05.773',-242.226
'0:05.777',-242.493
'0:05.781',-237.638
'0:05.785',-218.246
'0:05.789',-205.309
'0:05.793',-209.07
'0:05.797',-208.003
'0:05.801',-203.415
'0:05.805',-185.891
'0:05.809',-173.22
'0:05.813',-176.181
'0:05.816',-158.39
'0:05.820',-154.602
'0:05.824',-168.099
'0:05.828',-169.993
'0:05.832',-189.118
'0:05.836',-204.749
'0:05.840',-217.419
'0:05.844',-200.455
'0:05.848',-188.051
'0:05.852',-175.114
'0:05.855',-172.687
'0:05.859',-182.93
'0:05.863',-181.303
'0:05.867',-170.26
'0:05.871',-159.723
'0:05.875',-157.59
'0:05.879',-150.308
'0:05.883',-147.347
'0:05.887',-151.908
'0:05.891',-157.296
'0:05.895',-156.496
'0:05.898',-135.477
'0:05.902',-132.783
'0:05.906',-119.286
'0:05.910',-123.607
'0:05.914',-107.443
'0:05.918',-118.752
'0:05.922',-99.627
'0:05.926',-86.957
'0:05.930',-91.251
'0:05.934',-90.185
'0:05.938',-100.961
'0:05.941',-98.267
'0:05.945',-102.054
'0:05.949',-106.882
'0:05.953',-106.349
'0:05.957',-116.858
'0:05.961',-98.267
'0:05.965',-102.054
'0:05.969',-90.718
'0:05.973',-90.185
'0:05.977',-100.161
'0:05.980',-96.373
'0:05.984',-85.063
'0:05.988',-75.621
'0:05.992',-75.087
'0:05.996',-67.805
'0:06.000',-63.484
'0:06.004',-67.272
'0:06.008',-27.367
'0:06.012',78.848
'0:06.016',207.71
'0:06.020',325.795
'0:06.023',457.084
'0:06.027',442.28
'0:06.031',321.501
'0:06.035',231.716
'0:06.039',208.27
'0:06.043',162.151
'0:06.047',113.097
'0:06.051',77.514
'0:06.055',38.144
'0:06.059',-0.4
'0:06.063',-30.062
'0:06.066',12.003
'0:06.070',20.085
'0:06.074',17.391
'0:06.078',-12.537
'0:06.082',-23.58
'0:06.086',-19.019
'0:06.090',14.964
'0:06.094',58.096
'0:06.098',80.208
'0:06.102',105.815
'0:06.105',65.911
'0:06.109',37.077
'0:06.113',75.887
'0:06.117',183.73
'0:06.121',160.284
'0:06.125',71.299
'0:06.129',51.347
'0:06.133',125.768
'0:06.137',155.429
'0:06.141',105.815
'0:06.145',77.248
'0:06.148',42.998
'0:06.152',47.32
'0:06.156',71.299
'0:06.160',67.005
'0:06.164',103.655
'0:06.168',151.908
'0:06.172',159.19
'0:06.176',170.526
'0:06.180',212.031
'0:06.184',274.048
'0:06.188',275.115
'0:06.191',306.11
'0:06.195',257.59
'0:06.199',202.588
'0:06.203',212.031
'0:06.207',329.85
'0:06.211',509.659
'0:06.215',422.862
'0:06.219',252.469
'0:06.223',238.732
'0:06.227',314.486
'0:06.230',359.778
'0:06.234',313.125
'0:06.238',318.247
'0:06.242',354.123
'0:06.246',423.395
'0:06.250',387.812
'0:06.254',346.841
'0:06.258',383.758
'0:06.262',414.219
'0:06.266',435.265
'0:06.270',435.265
'0:06.273',410.192
'0:06.277',367.593
'0:06.281',337.932
'0:06.285',326.622
'0:06.289',289.679
'0:06.293',291.306
'0:06.297',310.431
'0:06.301',315.819
'0:06.305',311.791
'0:06.309',339.559
'0:06.313',303.976
'0:06.316',244.653
'0:06.320',255.163
'0:06.324',310.965
'0:06.328',346.841
'0:06.332',312.592
'0:06.336',308.537
'0:06.340',275.942
'0:06.344',237.638
'0:06.348',207.176
'0:06.352',242.493
'0:06.355',323.928
'0:06.359',404.803
'0:06.363',366.233
'0:06.367',271.354
'0:06.371',240.599
'0:06.375',333.611
'0:06.379',384.851
'0:06.383',419.341
'0:06.387',388.612
'0:06.391',346.574
'0:06.395',291.306
'0:06.398',319.607
'0:06.402',393.734
'0:06.406',332.277
'0:06.410',347.374
'0:06.414',387.812
'0:06.418',378.636
'0:06.422',391.573
'0:06.426',443.881
'0:06.430',392.934
'0:06.434',342.253
'0:06.438',320.407
'0:06.441',311.791
'0:06.445',356.55
'0:06.449',397.788
'0:06.453',428.783
'0:06.457',461.672
'0:06.461',443.347
'0:06.465',380.263
'0:06.469',387.012
'0:06.473',407.498
'0:06.477',419.341
'0:06.480',438.226
'0:06.484',413.152
'0:06.488',374.048
'0:06.492',438.493
'0:06.496',520.168
'0:06.500',445.775
'0:06.504',373.782
'0:06.508',354.656
'0:06.512',325.795
'0:06.516',334.971
'0:06.520',464.366
'0:06.523',564.127
'0:06.527',508.058
'0:06.531',405.604
'0:06.535',354.923
'0:06.539',339.559
'0:06.543',360.045
'0:06.547',458.978
'0:06.551',518.301
'0:06.555',480.024
'0:06.559',431.211
'0:06.563',403.71
'0:06.566',425.556
'0:06.570',443.347
'0:06.574',485.679
'0:06.578',521.529
'0:06.582',453.323
'0:06.586',371.088
'0:06.590',385.652
'0:06.594',398.322
'0:06.598',382.157
'0:06.602',462.499
'0:06.605',553.884
'0:06.609',506.965
'0:06.613',407.498
'0:06.617',319.874
'0:06.621',308.537
'0:06.625',320.14
'0:06.629',378.103
'0:06.633',532.865
'0:06.637',608.886
'0:06.641',673.57
'0:06.645',680.318
'0:06.648',737.214
'0:06.652',771.703
'0:06.656',719.689
'0:06.660',741.242
'0:06.664',714.834
'0:06.668',640.681
'0:06.672',565.46
'0:06.676',512.913
'0:06.680',419.074
'0:06.684',391.867
'0:06.688',377.569
'0:06.691',362.472
'0:06.695',344.68
'0:06.699',367.593
'0:06.703',449.536
'0:06.707',464.926
'0:06.711',362.472
'0:06.715',323.635
'0:06.719',294.8
'0:06.723',286.451
'0:06.727',281.063
'0:06.730',320.941
'0:06.734',361.378
'0:06.738',370.821
'0:06.742',354.656
'0:06.746',350.602
'0:06.750',351.962
'0:06.754',387.012
'0:06.758',428.25
'0:06.762',432.304
'0:06.766',401.282
'0:06.770',402.91
'0:06.773',385.652
'0:06.777',331.744
'0:06.781',292.106
'0:06.785',305.576
'0:06.789',345.214
'0:06.793',372.981
'0:06.797',374.342
'0:06.801',375.142
'0:06.805',373.782
'0:06.809',392.133
'0:06.813',414.779
'0:06.816',432.571
'0:06.820',422.595
'0:06.824',440.653
'0:06.828',440.12
'0:06.832',458.445
'0:06.836',460.072
'0:06.840',484.585
'0:06.844',488.106
'0:06.848',487.573
'0:06.852',503.737
'0:06.855',503.737
'0:06.859',513.98
'0:06.863',519.901
'0:06.867',518.834
'0:06.871',516.941
'0:06.875',516.14
'0:06.879',511.552
'0:06.883',503.737
'0:06.887',471.382
'0:06.891',467.354
'0:06.895',463.299
'0:06.898',458.445
'0:06.902',438.493
'0:06.906',423.929
'0:06.910',401.816
'0:06.914',395.361
'0:06.918',390.506
'0:06.922',372.448
'0:06.926',359.778
'0:06.930',352.229
'0:06.934',327.689
'0:06.938',323.635
'0:06.941',307.47
'0:06.945',279.703
'0:06.949',286.718
'0:06.953',275.382
'0:06.957',271.354
'0:06.961',274.048
'0:06.965',263.538
'0:06.969',254.096
'0:06.973',257.057
'0:06.977',252.202
'0:06.980',240.599
'0:06.984',247.881
'0:06.988',252.469
'0:06.992',253.562
'0:06.996',249.508
'0:07.000',256.256
'0:07.004',248.441
'0:07.008',252.202
'0:07.012',266.766
'0:07.016',261.911
'0:07.020',255.429
'0:07.023',265.672
'0:07.027',267.833
'0:07.031',264.072
'0:07.035',259.484
'0:07.039',269.993
'0:07.043',249.775
'0:07.047',252.469
'0:07.051',246.814
'0:07.055',255.696
'0:07.059',251.135
'0:07.063',249.775
'0:07.066',253.002
'0:07.070',245.453
'0:07.074',237.371
'0:07.078',249.241
'0:07.082',233.05
'0:07.086',237.371
'0:07.090',229.022
'0:07.094',219.046
'0:07.098',215.259
'0:07.102',216.619
'0:07.105',220.673
'0:07.109',211.498
'0:07.113',232.25
'0:07.117',228.222
'0:07.121',216.352
'0:07.125',207.176
'0:07.129',211.764
'0:07.133',212.564
'0:07.137',208.537
'0:07.141',199.894
'0:07.145',208.27
'0:07.148',226.328
'0:07.152',224.701
'0:07.156',237.638
'0:07.160',231.716
'0:07.164',226.061
'0:07.168',227.662
'0:07.172',223.101
'0:07.176',218.513
'0:07.180',214.458
'0:07.184',210.697
'0:07.188',196.4
'0:07.191',190.185
'0:07.195',183.73
'0:07.199',179.942
'0:07.203',178.075
'0:07.207',164.845
'0:07.211',157.856
'0:07.215',165.138
'0:07.219',160.817
'0:07.223',161.351
'0:07.227',165.672
'0:07.230',157.029
'0:07.234',147.613
'0:07.238',159.457
'0:07.242',144.893
'0:07.246',150.041
'0:07.250',171.86
'0:07.254',252.469
'0:07.258',371.354
'0:07.262',470.315
'0:07.266',531.771
'0:07.270',515.34
'0:07.273',426.889
'0:07.277',338.732
'0:07.281',286.185
'0:07.285',256.256
'0:07.289',217.953
'0:07.293',210.697
'0:07.297',174.021
'0:07.301',141.665
'0:07.305',128.995
'0:07.309',134.65
'0:07.313',139.771
'0:07.316',137.344
'0:07.320',141.665
'0:07.324',130.622
'0:07.328',119.846
'0:07.332',137.904
'0:07.336',133.85
'0:07.340',140.065
'0:07.344',132.223
'0:07.348',136.811
'0:07.352',136.277
'0:07.355',147.053
'0:07.359',138.971
'0:07.363',149.214
'0:07.367',137.637
'0:07.371',151.108
'0:07.375',144.626
'0:07.379',138.171
'0:07.383',150.308
'0:07.387',153.268
'0:07.391',148.947
'0:07.395',158.656
'0:07.398',168.633
'0:07.402',165.938
'0:07.406',170.26
'0:07.410',164.845
'0:07.414',172.687
'0:07.418',182.37
'0:07.422',196.934
'0:07.426',217.419
'0:07.430',242.759
'0:07.434',234.41
'0:07.438',215.819
'0:07.441',201.255
'0:07.445',203.415
'0:07.449',207.71
'0:07.453',228.756
'0:07.457',243.026
'0:07.461',263.538
'0:07.465',283.757
'0:07.469',287.518
'0:07.473',291.573
'0:07.477',305.576
'0:07.480',295.334
'0:07.484',300.989
'0:07.488',303.709
'0:07.492',304.509
'0:07.496',333.344
'0:07.500',324.728
'0:07.504',302.882
'0:07.508',260.017
'0:07.512',257.857
'0:07.516',233.61
'0:07.520',224.968
'0:07.523',221.207
'0:07.527',241.692
'0:07.531',252.735
'0:07.535',230.356
'0:07.539',179.942
'0:07.543',131.956
'0:07.547',101.228
'0:07.551',89.651
'0:07.555',79.382
'0:07.559',78.315
'0:07.563',82.102
'0:07.566',85.33
'0:07.570',73.46
'0:07.574',78.048
'0:07.578',61.057
'0:07.582',66.445
'0:07.586',69.966
'0:07.590',72.393
'0:07.594',75.621
'0:07.598',59.99
'0:07.602',52.174
'0:07.605',71.833
'0:07.609',86.397
'0:07.613',72.126
'0:07.617',75.087
'0:07.621',85.33
'0:07.625',57.829
'0:07.629',56.735
'0:07.633',55.135
'0:07.637',55.402
'0:07.641',82.369
'0:07.645',105.015
'0:07.648',88.824
'0:07.652',26.834
'0:07.656',12.27
'0:07.660',34.383
'0:07.664',67.005
'0:07.668',113.898
'0:07.672',118.486
'0:07.676',93.679
'0:07.680',42.732
'0:07.684',12.537
'0:07.688',3.921
'0:07.691',15.764
'0:07.695',51.907
'0:07.699',53.775
'0:07.703',47.586
'0:07.707',10.91
'0:07.711',-12.27
'0:07.715',-13.897
'0:07.719',-14.164
'0:07.723',-2.294
'0:07.727',10.376
'0:07.730',17.925
'0:07.734',0.667
'0:07.738',18.725
'0:07.742',46.226
'0:07.746',57.562
'0:07.750',34.116
'0:07.754',3.361
'0:07.758',-9.843
'0:07.762',-0.4
'0:07.766',-23.046
'0:07.770',-46.786
'0:07.773',-61.323
'0:07.777',-43.532
'0:07.781',-18.725
'0:07.785',-24.14
'0:07.789',-14.697
'0:07.793',1.494
'0:07.797',-12.27
'0:07.801',-14.964
'0:07.805',-35.183
'0:07.809',-45.692
'0:07.813',-33.556
'0:07.816',-16.324
'0:07.820',-0.667
'0:07.824',-32.222
'0:07.828',-56.762
'0:07.832',-48.386
'0:07.836',-35.983
'0:07.840',-35.45
'0:07.844',-77.514
'0:07.848',-84.236
'0:07.852',-96.106
'0:07.855',-71.566
'0:07.859',-70.499
'0:07.863',-61.59
'0:07.867',-51.347
'0:07.871',-63.751
'0:07.875',-70.232
'0:07.879',-52.974
'0:07.883',31.395
'0:07.887',161.617
'0:07.891',244.386
'0:07.895',326.355
'0:07.898',322.834
'0:07.902',270.527
'0:07.906',193.706
'0:07.910',186.958
'0:07.914',176.181
'0:07.918',123.607
'0:07.922',48.653
'0:07.926',7.682
'0:07.930',-21.446
'0:07.934',-69.432
'0:07.938',-88.557
'0:07.941',-97.733
'0:07.945',-121.713
'0:07.949',-133.583
'0:07.953',-150.041
'0:07.957',-154.335
'0:07.961',-147.053
'0:07.965',-122.54
'0:07.969',-88.024
'0:07.973',-103.655
'0:07.977',-150.574
'0:07.980',-155.696
'0:07.984',-166.739
'0:07.988',-169.166
'0:07.992',-139.798
'0:07.996',-139.238
'0:08.000',-109.043
'0:08.004',-84.796
'0:08.008',-102.321
'0:08.012',-120.113
'0:08.016',-136.01
'0:08.020',-139.798
'0:08.023',-101.494
'0:08.027',-73.46
'0:08.031',-75.621
'0:08.035',-117.952
'0:08.039',-163.511
'0:08.043',-173.754
'0:08.047',-169.166
'0:08.051',-161.884
'0:08.055',-125.234
'0:08.059',-87.49
'0:08.063',-76.421
'0:08.066',-98.8
'0:08.070',-107.976
'0:08.074',-77.781
'0:08.078',-59.99
'0:08.082',-61.057
'0:08.086',-62.15
'0:08.090',-57.029
'0:08.094',-16.591
'0:08.098',30.328
'0:08.102',64.284
'0:08.105',6.882
'0:08.109',-45.959
'0:08.113',-73.193
'0:08.117',-67.538
'0:08.121',-69.699
'0:08.125',-45.159
'0:08.129',-32.756
'0:08.133',-26.834
'0:08.137',-49.48
'0:08.141',-49.213
'0:08.145',-58.629
'0:08.148',-65.111
'0:08.152',-91.251
'0:08.156',-112.297
'0:08.160',-127.128
'0:08.164',-153.002
'0:08.168',-161.084
'0:08.172',-172.954
'0:08.176',-178.075
'0:08.180',-175.381
'0:08.184',-153.002
'0:08.188',-131.156
'0:08.191',-157.856
'0:08.195',-189.918
'0:08.199',-262.445
'0:08.203',-335.771
'0:08.207',-320.407
'0:08.211',-279.169
'0:08.215',-297.228
'0:08.219',-294.8
'0:08.223',-281.597
'0:08.227',-284.824
'0:08.230',-278.636
'0:08.234',-281.597
'0:08.238',-278.369
'0:08.242',-278.369
'0:08.246',-280.796
'0:08.250',-277.009
'0:08.254',-267.033
'0:08.258',-248.174
'0:08.262',-229.556
'0:08.266',-229.556
'0:08.270',-256.79
'0:08.273',-263.538
'0:08.277',-201.521
'0:08.281',-154.895
'0:08.285',-213.125
'0:08.289',-292.906
'0:08.293',-300.455
'0:08.297',-313.392
'0:08.301',-335.238
'0:08.305',-326.355
'0:08.309',-310.698
'0:08.313',-303.149
'0:08.316',-312.592
'0:08.320',-329.85
'0:08.324',-321.768
'0:08.328',-310.431
'0:08.332',-289.679
'0:08.336',-281.33
'0:08.340',-279.169
'0:08.344',-285.358
'0:08.348',-306.137
'0:08.352',-334.171
'0:08.355',-342.787
'0:08.359',-342.52
'0:08.363',-303.149
'0:08.367',-293.466
'0:08.371',-286.985
'0:08.375',-322.301
'0:08.379',-350.335
'0:08.383',-330.116
'0:08.387',-311.525
'0:08.391',-323.101
'0:08.395',-352.496
'0:08.398',-390.773
'0:08.402',-372.448
'0:08.406',-360.845
'0:08.410',-344.414
'0:08.414',-323.368
'0:08.418',-324.462
'0:08.422',-349.268
'0:08.426',-337.932
'0:08.430',-343.587
'0:08.434',-310.965
'0:08.438',-325.529
'0:08.441',-312.858
'0:08.445',-332.277
'0:08.449',-340.626
'0:08.453',-374.075
'0:08.457',-387.279
'0:08.461',-389.973
'0:08.465',-409.925
'0:08.469',-404.27
'0:08.473',-392.133
'0:08.477',-373.515
'0:08.480',-387.545
'0:08.484',-387.545
'0:08.488',-399.949
'0:08.492',-392.133
'0:08.496',-390.506
'0:08.500',-385.918
'0:08.504',-399.122
'0:08.508',-396.161
'0:08.512',-330.116
'0:08.516',-192.346
'0:08.520',-108.243
'0:08.523',-47.32
'0:08.527',-18.725
'0:08.531',-92.879
'0:08.535',-161.084
'0:08.539',-177.542
'0:08.543',-207.176
'0:08.547',-231.45
'0:08.551',-286.185
'0:08.555',-334.438
'0:08.559',-396.721
'0:08.563',-427.716
'0:08.566',-441.187
'0:08.570',-420.968
'0:08.574',-389.706
'0:08.578',-398.322
'0:08.582',-405.87
'0:08.586',-387.279
'0:08.590',-388.346
'0:08.594',-359.511
'0:08.598',-349.802
'0:08.602',-369.487
'0:08.605',-395.894
'0:08.609',-414.779
'0:08.613',-422.328
'0:08.617',-399.415
'0:08.621',-402.376
'0:08.625',-394.561
'0:08.629',-396.161
'0:08.633',-388.879
'0:08.637',-381.891
'0:08.641',-383.758
'0:08.645',-390.773
'0:08.648',-377.836
'0:08.652',-372.715
'0:08.656',-365.699
'0:08.660',-365.166
'0:08.664',-371.088
'0:08.668',-359.244
'0:08.672',-340.893
'0:08.676',-349.535
'0:08.680',-346.014
'0:08.684',-335.238
'0:08.688',-341.453
'0:08.691',-308.831
'0:08.695',-302.349
'0:08.699',-281.33
'0:08.703',-284.024
'0:08.707',-273.514
'0:08.711',-243.586
'0:08.715',-238.998
'0:08.719',-232.25
'0:08.723',-231.983
'0:08.727',-222.274
'0:08.730',-210.964
'0:08.734',-191.812
'0:08.738',-184.53
'0:08.742',-181.836
'0:08.746',-186.424
'0:08.750',-191.812
'0:08.754',-190.745
'0:08.758',-200.455
'0:08.762',-212.298
'0:08.766',-216.085
'0:08.770',-206.91
'0:08.773',-223.367
'0:08.777',-231.716
'0:08.781',-241.959
'0:08.785',-261.378
'0:08.789',-268.926
'0:08.793',-286.718
'0:08.797',-295.6
'0:08.801',-305.31
'0:08.805',-323.368
'0:08.809',-330.65
'0:08.813',-349.268
'0:08.816',-328.223
'0:08.820',-338.465
'0:08.824',-337.932
'0:08.828',-358.978
'0:08.832',-377.303
'0:08.836',-389.973
'0:08.840',-401.282
'0:08.844',-385.918
'0:08.848',-375.676
'0:08.852',-362.205
'0:08.855',-357.351
'0:08.859',-366.233
'0:08.863',-381.064
'0:08.867',-386.745
'0:08.871',-376.502
'0:08.875',-389.973
'0:08.879',-396.988
'0:08.883',-378.636
'0:08.887',-369.754
'0:08.891',-375.676
'0:08.895',-387.279
'0:08.898',-378.103
'0:08.902',-361.405
'0:08.906',-353.296
'0:08.910',-373.515
'0:08.914',-383.224
'0:08.918',-390.773
'0:08.922',-406.671
'0:08.926',-383.758
'0:08.930',-389.973
'0:08.934',-383.491
'0:08.938',-373.515
'0:08.941',-372.181
'0:08.945',-364.899
'0:08.949',-371.088
'0:08.953',-366.233
'0:08.957',-371.914
'0:08.961',-369.487
'0:08.965',-377.569
'0:08.969',-368.954
'0:08.973',-365.966
'0:08.977',-356.257
'0:08.980',-367.327
'0:08.984',-372.981
'0:08.988',-365.699
'0:08.992',-365.966
'0:08.996',-356.817
'0:09.000',-350.335
'0:09.004',-353.856
'0:09.008',-361.938
'0:09.012',-363.272
'0:09.016',-371.648
'0:09.020',-365.166
'0:09.023',-368.127
'0:09.027',-360.045
'0:09.031',-346.841
'0:09.035',-324.462
'0:09.039',-316.913
'0:09.043',-301.282
'0:09.047',-292.64
'0:09.051',-296.161
'0:09.055',-290.479
'0:09.059',-298.588
'0:09.063',-298.294
'0:09.066',-290.212
'0:09.070',-326.062
'0:09.074',-366.526
'0:09.078',-374.342
'0:09.082',-377.569
'0:09.086',-371.914
'0:09.090',-360.045
'0:09.094',-382.691
'0:09.098',-356.257
'0:09.102',-358.978
'0:09.105',-369.487
'0:09.109',-357.351
'0:09.113',-350.335
'0:09.117',-355.99
'0:09.121',-355.723
'0:09.125',-349.535
'0:09.129',-340.626
'0:09.133',-303.976
'0:09.137',-247.347
'0:09.141',-167.272
'0:09.145',-95.839
'0:09.148',-20.886
'0:09.152',48.653
'0:09.156',29.528
'0:09.160',4.455
'0:09.164',-50.28
'0:09.168',-108.776
'0:09.172',-172.687
'0:09.176',-226.595
'0:09.180',-284.024
'0:09.184',-306.937
'0:09.188',-334.971
'0:09.191',-352.229
'0:09.195',-372.981
'0:09.199',-379.997
'0:09.203',-385.385
'0:09.207',-366.793
'0:09.211',-354.39
'0:09.215',-342.787
'0:09.219',-346.308
'0:09.223',-317.446
'0:09.227',-300.455
'0:09.230',-321.234
'0:09.234',-339.292
'0:09.238',-356.817
'0:09.242',-376.769
'0:09.246',-362.472
'0:09.250',-339.826
'0:09.254',-281.597
'0:09.258',-202.882
'0:09.262',-185.357
'0:09.266',-241.159
'0:09.270',-292.64
'0:09.273',-243.32
'0:09.277',-256.256
'0:09.281',-330.383
'0:09.285',-375.676
'0:09.289',-305.043
'0:09.293',-253.829
'0:09.297',-296.161
'0:09.301',-339.026
'0:09.305',-347.641
'0:09.309',-318.247
'0:09.313',-306.67
'0:09.316',-269.46
'0:09.320',-245.747
'0:09.324',-202.588
'0:09.328',-155.162
'0:09.332',-97.733
'0:09.336',-109.87
'0:09.340',-144.359
'0:09.344',-144.919
'0:09.348',-71.86
'0:09.352',52.441
'0:09.355',177.515
'0:09.359',106.882
'0:09.363',-42.998
'0:09.367',-212.564
'0:09.371',-342.253
'0:09.375',-310.164
'0:09.379',-226.595
'0:09.383',-181.569
'0:09.387',-136.811
'0:09.391',-138.704
'0:09.395',-171.327
'0:09.398',-174.821
'0:09.402',-151.908
'0:09.406',-154.069
'0:09.410',-181.569
'0:09.414',-212.298
'0:09.418',-222.274
'0:09.422',-220.407
'0:09.426',-235.504
'0:09.430',-241.159
'0:09.434',-287.251
'0:09.438',-285.918
'0:09.441',-241.959
'0:09.445',-147.88
'0:09.449',-40.304
'0:09.453',-186.691
'0:09.457',-420.434
'0:09.461',-455.217
'0:09.465',-436.332
'0:09.469',-412.352
'0:09.473',-393.467
'0:09.477',-346.841
'0:09.480',-297.228
'0:09.484',-303.149
'0:09.488',-336.598
'0:09.492',-336.865
'0:09.496',-316.379
'0:09.500',-302.349
'0:09.504',-285.918
'0:09.508',-313.685
'0:09.512',-330.917
'0:09.516',-331.477
'0:09.520',-274.315
'0:09.523',-226.328
'0:09.527',-263.538
'0:09.531',-274.581
'0:09.535',-216.619
'0:09.539',-91.518
'0:09.543',-121.446
'0:09.547',-281.063
'0:09.551',-406.964
'0:09.555',-411.819
'0:09.559',-375.942
'0:09.563',-347.908
'0:09.566',-336.865
'0:09.570',-293.466
'0:09.574',-295.894
'0:09.578',-306.137
'0:09.582',-294.8
'0:09.586',-303.443
'0:09.590',-293.466
'0:09.594',-262.978
'0:09.598',-273.248
'0:09.602',-291.839
'0:09.605',-299.388
'0:09.609',-291.573
'0:09.613',-294.8
'0:09.617',-303.709
'0:09.621',-275.115
'0:09.625',-268.926
'0:09.629',-275.382
'0:09.633',-259.217
'0:09.637',-206.376
'0:09.641',-197.76
'0:09.645',-312.592
'0:09.648',-372.981
'0:09.652',-315.552
'0:09.656',-341.159
'0:09.660',-394.827
'0:09.664',-374.075
'0:09.668',-341.986
'0:09.672',-334.438
'0:09.676',-353.856
'0:09.680',-341.986
'0:09.684',-310.965
'0:09.688',-281.063
'0:09.691',-269.46
'0:09.695',-268.66
'0:09.699',-273.514
'0:09.703',-277.009
'0:09.707',-233.077
'0:09.711',-222.007
'0:09.715',-250.041
'0:09.719',-298.294
'0:09.723',-287.785
'0:09.727',-189.652
'0:09.730',-182.663
'0:09.734',-263.272
'0:09.738',-300.188
'0:09.742',-326.622
'0:09.746',-396.428
'0:09.750',-421.501
'0:09.754',-408.831
'0:09.758',-387.279
'0:09.762',-348.708
'0:09.766',-348.441
'0:09.770',-336.865
'0:09.773',-324.462
'0:09.777',-321.501
'0:09.781',-330.65
'0:09.785',-282.13
'0:09.789',-211.498
'0:09.793',-61.59
'0:09.797',36.25
'0:09.801',130.622
'0:09.805',126.301
'0:09.809',31.689
'0:09.813',-40.571
'0:09.816',-35.45
'0:09.820',-68.872
'0:09.824',-120.379
'0:09.828',-173.754
'0:09.832',-242.493
'0:09.836',-288.612
'0:09.840',-310.965
'0:09.844',-303.149
'0:09.848',-277.009
'0:09.852',-246.547
'0:09.855',-302.349
'0:09.859',-319.34
'0:09.863',-345.481
'0:09.867',-340.893
'0:09.871',-328.783
'0:09.875',-319.874
'0:09.879',-304.243
'0:09.883',-250.601
'0:09.887',-246.014
'0:09.891',-291.839
'0:09.895',-324.995
'0:09.898',-329.583
'0:09.902',-332.277
'0:09.906',-313.952
'0:09.910',-309.631
'0:09.914',-292.64
'0:09.918',-279.969
'0:09.922',-282.13
'0:09.926',-279.436
'0:09.930',-259.751
'0:09.934',-228.756
'0:09.938',-231.983
'0:09.941',-246.814
'0:09.945',-258.15
'0:09.949',-256.79
'0:09.953',-244.92
'0:09.957',-233.077
'0:09.961',-123.34
'0:09.965',65.111
'0:09.969',99.894
'0:09.973',-133.85
'0:09.977',-320.14
'0:09.980',-336.865
'0:09.984',-330.116
'0:09.988',-248.441
'0:09.992',-186.691
'0:09.996',-119.019
'0:10.000',-106.616
'0:10.004',-109.043
'0:10.008',-127.661
'0:10.012',-90.718
'0:10.016',-60.256
'0:10.020',-43.265
'0:10.023',-71.033
'0:10.027',-104.188
'0:10.031',-74.287
'0:10.035',11.47
'0:10.039',121.446
'0:10.043',71.299
'0:10.047',-134.116
'0:10.051',-239.799
'0:10.055',-220.94
'0:10.059',-198.294
'0:10.063',-108.776
'0:10.066',-5.255
'0:10.070',-37.077
'0:10.074',-203.682
'0:10.078',-311.525
'0:10.082',-365.966
'0:10.086',-367.86
'0:10.090',-329.05
'0:10.094',-265.966
'0:10.098',-265.699
'0:10.102',-277.275
'0:10.105',-294.8
'0:10.109',-279.703
'0:10.113',-253.562
'0:10.117',-250.041
'0:10.121',-286.985
'0:10.125',-303.443
'0:10.129',-295.067
'0:10.133',-258.684
'0:10.137',-237.638
'0:10.141',-251.935
'0:10.145',-265.139
'0:10.148',-260.017
'0:10.152',-259.484
'0:10.156',-237.905
'0:10.160',-265.139
'0:10.164',-276.475
'0:10.168',-258.417
'0:10.172',-261.911
'0:10.176',-254.629
'0:10.180',-261.911
'0:10.184',-288.345
'0:10.188',-272.688
'0:10.191',-263.538
'0:10.195',-256.256
'0:10.199',-244.386
'0:10.203',-268.66
'0:10.207',-284.824
'0:10.211',-277.275
'0:10.215',-257.323
'0:10.219',-230.649
'0:10.223',-236.571
'0:10.227',-249.508
'0:10.230',-257.057
'0:10.234',-239.265
'0:10.238',-246.28
'0:10.242',-251.668
'0:10.246',-248.174
'0:10.250',-225.235
'0:10.254',-239.265
'0:10.258',-243.32
'0:10.262',-247.881
'0:10.266',-247.081
'0:10.270',-241.959
'0:10.273',-269.727
'0:10.277',-317.98
'0:10.281',-368.66
'0:10.285',-341.159
'0:10.289',-235.211
'0:10.293',-125.501
'0:10.297',-70.499
'0:10.301',-74.554
'0:10.305',-101.761
'0:10.309',-125.768
'0:10.313',-90.185
'0:10.316',-14.431
'0:10.320',-111.737
'0:10.324',-295.067
'0:10.328',-296.427
'0:10.332',-236.304
'0:10.336',-211.764
'0:10.340',-266.766
'0:10.344',-272.688
'0:10.348',-225.235
'0:10.352',-204.482
'0:10.355',-229.823
'0:10.359',-234.144
'0:10.363',-223.367
'0:10.367',-237.638
'0:10.371',-277.009
'0:10.375',-319.874
'0:10.379',-269.727
'0:10.383',-218.246
'0:10.387',-210.431
'0:10.391',-236.838
'0:10.395',-276.475
'0:10.398',-267.033
'0:10.402',-223.901
'0:10.406',-230.356
'0:10.410',-248.174
'0:10.414',-268.66
'0:10.418',-265.406
'0:10.422',-243.853
'0:10.426',-232.783
'0:10.430',-245.187
'0:10.434',-201.255
'0:10.438',-79.408
'0:10.441',61.057
'0:10.445',141.665
'0:10.449',208.003
'0:10.453',134.65
'0:10.457',36.81
'0:10.461',-20.085
'0:10.465',-17.925
'0:10.469',-56.469
'0:10.473',-93.412
'0:10.477',-138.171
'0:10.480',-194.239
'0:10.484',-209.07
'0:10.488',-233.877
'0:10.492',-240.625
'0:10.496',-222.007
'0:10.500',-213.925
'0:10.504',-209.87
'0:10.508',-230.089
'0:10.512',-220.673
'0:10.516',-221.474
'0:10.520',-214.992
'0:10.523',-209.87
'0:10.527',-196.667
'0:10.531',-203.149
'0:10.535',-188.318
'0:10.539',-182.93
'0:10.543',-162.151
'0:10.547',-148.147
'0:10.551',-122.54
'0:10.555',-31.128
'0:10.559',-27.367
'0:10.563',-62.417
'0:10.566',-72.927
'0:10.570',-21.446
'0:10.574',-20.085
'0:10.578',15.764
'0:10.582',-91.251
'0:10.586',-264.605
'0:10.590',-337.932
'0:10.594',-292.106
'0:10.598',-277.275
'0:10.602',-222.274
'0:10.605',-143.826
'0:10.609',-97.467
'0:10.613',-109.043
'0:10.617',-107.976
'0:10.621',-75.621
'0:10.625',-35.45
'0:10.629',-34.116
'0:10.633',-69.966
'0:10.637',-53.241
'0:10.641',-61.057
'0:10.645',-40.038
'0:10.648',-3.921
'0:10.652',-5.255
'0:10.656',-3.361
'0:10.660',3.921
'0:10.664',22.513
'0:10.668',27.634
'0:10.672',29.261
'0:10.676',15.231
'0:10.680',4.455
'0:10.684',21.152
'0:10.688',41.638
'0:10.691',44.625
'0:10.695',17.125
'0:10.699',22.513
'0:10.703',4.988
'0:10.707',-37.077
'0:10.711',-93.679
'0:10.715',-122.273
'0:10.719',-124.14
'0:10.723',-37.343
'0:10.727',14.964
'0:10.730',-46.786
'0:10.734',-155.162
'0:10.738',-188.051
'0:10.742',-196.4
'0:10.746',-155.962
'0:10.750',32.222
'0:10.754',207.71
'0:10.758',18.192
'0:10.762',-208.003
'0:10.766',-306.67
'0:10.770',-315.286
'0:10.773',-296.694
'0:10.777',-246.014
'0:10.781',-142.492
'0:10.785',-117.685
'0:10.789',-160.55
'0:10.793',-200.721
'0:10.797',-176.448
'0:10.801',-118.752
'0:10.805',-93.145
'0:10.809',-109.603
'0:10.813',-143.292
'0:10.816',-185.891
'0:10.820',-166.472
'0:10.824',-145.186
'0:10.828',-82.369
'0:10.832',-98
'0:10.836',-134.677
'0:10.840',-97.467
'0:10.844',-65.111
'0:10.848',-145.72
'0:10.852',-170.26
'0:10.855',-193.973
'0:10.859',-212.031
'0:10.863',-211.498
'0:10.867',-240.625
'0:10.871',-202.882
'0:10.875',-105.282
'0:10.879',-62.15
'0:10.883',-129.262
'0:10.887',-191.279
'0:10.891',-235.771
'0:10.895',-248.174
'0:10.898',-199.361
'0:10.902',-110.403
'0:10.906',-72.126
'0:10.910',-57.562
'0:10.914',29.795
'0:10.918',-35.716
'0:10.922',-163.244
'0:10.926',-246.014
'0:10.930',-273.781
'0:10.934',-266.499
'0:10.938',-210.431
'0:10.941',-191.279
'0:10.945',-168.366
'0:10.949',-155.696
'0:10.953',-163.244
'0:10.957',-159.19
'0:10.961',-113.631
'0:10.965',-77.514
'0:10.969',-44.892
'0:10.973',-46.786
'0:10.977',-150.041
'0:10.980',-183.463
'0:10.984',-140.332
'0:10.988',-86.664
'0:10.992',-86.957
'0:10.996',-116.058
'0:11.000',-128.995
'0:11.004',-74.287
'0:11.008',-104.482
'0:11.012',-163.511
'0:11.016',-173.754
'0:11.020',-130.622
'0:11.023',-129.262
'0:11.027',-137.371
'0:11.031',-143.292
'0:11.035',-139.798
'0:11.039',-131.689
'0:11.043',-144.919
'0:11.047',-135.21
'0:11.051',-95.839
'0:11.055',-110.403
'0:11.059',-99.334
'0:11.063',-63.217
'0:11.066',-24.14
'0:11.070',-94.506
'0:11.074',-211.231
'0:11.078',-215.819
'0:11.082',-146.787
'0:11.086',-119.019
'0:11.090',-133.85
'0:11.094',-112.03
'0:11.098',23.58
'0:11.102',131.689
'0:11.105',240.332
'0:11.109',297.228
'0:11.113',279.703
'0:11.117',200.455
'0:11.121',150.308
'0:11.125',103.388
'0:11.129',67.805
'0:11.133',31.395
'0:11.137',35.983
'0:11.141',98.267
'0:11.145',-10.376
'0:11.148',-193.973
'0:11.152',-211.231
'0:11.156',-176.181
'0:11.160',-142.759
'0:11.164',-102.321
'0:11.168',-71.033
'0:11.172',-52.174
'0:11.176',-150.841
'0:11.180',-205.309
'0:11.184',-236.838
'0:11.188',-191.279
'0:11.191',-132.783
'0:11.195',-111.47
'0:11.199',-104.748
'0:11.203',-145.986
'0:11.207',-137.371
'0:11.211',-103.922
'0:11.215',-85.33
'0:11.219',-88.291
'0:11.223',-76.421
'0:11.227',-55.935
'0:11.230',-27.901
'0:11.234',-8.216
'0:11.238',-21.152
'0:11.242',-68.339
'0:11.246',-81.275
'0:11.250',-61.59
'0:11.254',-31.955
'0:11.258',-41.105
'0:11.262',-79.408
'0:11.266',-74.82
'0:11.270',-77.781
'0:11.273',-68.339
'0:11.277',-28.434
'0:11.281',-16.858
'0:11.285',20.886
'0:11.289',80.475
'0:11.293',73.46
'0:11.297',101.494
'0:11.301',115.525
'0:11.305',119.286
'0:11.309',128.728
'0:11.313',152.175
'0:11.316',193.973
'0:11.320',240.332
'0:11.324',231.183
'0:11.328',166.739
'0:11.332',159.457
'0:11.336',162.418
'0:11.340',186.424
'0:11.344',178.075
'0:11.348',165.938
'0:11.352',129.529
'0:11.355',55.668
'0:11.359',16.031
'0:11.363',2.027
'0:11.367',14.164
'0:11.371',39.771
'0:11.375',65.645
'0:11.379',33.022
'0:11.383',-6.615
'0:11.387',-43.265
'0:11.391',-40.304
'0:11.395',-51.081
'0:11.398',-50.014
'0:11.402',-39.771
'0:11.406',-44.092
'0:11.410',-41.105
'0:11.414',-4.188
'0:11.418',-3.921
'0:11.422',-37.61
'0:11.426',-100.694
'0:11.430',-114.991
'0:11.434',-86.397
'0:11.438',-59.99
'0:11.441',-59.189
'0:11.445',-67.272
'0:11.449',-78.315
'0:11.453',-82.903
'0:11.457',-106.616
'0:11.461',-106.882
'0:11.465',-85.33
'0:11.469',-65.911
'0:11.473',-37.077
'0:11.477',-57.296
'0:11.480',-70.766
'0:11.484',-50.547
'0:11.488',-35.45
'0:11.492',-54.602
'0:11.496',-39.504
'0:11.500',-38.144
'0:11.504',-35.45
'0:11.508',-34.916
'0:11.512',-37.077
'0:11.516',-38.971
'0:11.520',-37.877
'0:11.523',-4.988
'0:11.527',10.376
'0:11.531',10.109
'0:11.535',-19.285
'0:11.539',-48.386
'0:11.543',-50.014
'0:11.547',-24.14
'0:11.551',-26.834
'0:11.555',-52.174
'0:11.559',-45.426
'0:11.563',-33.022
'0:11.566',-72.393
'0:11.570',-57.562
'0:11.574',-52.974
'0:11.578',-48.12
'0:11.582',-48.92
'0:11.586',-38.677
'0:11.590',-26.007
'0:11.594',-37.61
'0:11.598',-31.128
'0:11.602',-31.422
'0:11.605',-22.246
'0:11.609',-41.931
'0:11.613',-37.077
'0:11.617',-31.128
'0:11.621',-31.955
'0:11.625',-22.246
'0:11.629',-10.376
'0:11.633',-21.979
'0:11.637',-14.431
'0:11.641',16.298
'0:11.645',24.14
'0:11.648',21.152
'0:11.652',42.998
'0:11.656',33.823
'0:11.660',33.823
'0:11.664',41.931
'0:11.668',37.077
'0:11.672',41.638
'0:11.676',48.92
'0:11.680',34.116
'0:11.684',28.168
'0:11.688',22.246
'0:11.691',24.14
'0:11.695',15.231
'0:11.699',2.561
'0:11.703',28.701
'0:11.707',5.255
'0:11.711',23.046
'0:11.715',45.426
'0:11.719',64.284
'0:11.723',60.523
'0:11.727',56.202
'0:11.730',41.371
'0:11.734',-15.764
'0:11.738',-43.532
'0:11.742',27.101
'0:11.746',123.607
'0:11.750',295.067
'0:11.754',418.274
'0:11.758',498.349
'0:11.762',471.648
'0:11.766',385.385
'0:11.770',282.13
'0:11.773',264.339
'0:11.777',249.775
'0:11.781',205.283
'0:11.785',174.554
'0:11.789',123.607
'0:11.793',88.291
'0:11.797',55.935
'0:11.801',41.638
'0:11.805',57.296
'0:11.809',54.602
'0:11.813',69.139
'0:11.816',70.766
'0:11.820',58.096
'0:11.824',74.554
'0:11.828',85.863
'0:11.832',83.436
'0:11.836',71.033
'0:11.840',75.621
'0:11.844',74.554
'0:11.848',84.796
'0:11.852',97.467
'0:11.855',85.597
'0:11.859',107.443
'0:11.863',106.616
'0:11.867',116.592
'0:11.871',128.728
'0:11.875',116.858
'0:11.879',123.607
'0:11.883',138.704
'0:11.887',131.956
'0:11.891',159.457
'0:11.895',162.711
'0:11.898',154.602
'0:11.902',187.491
'0:11.906',195.04
'0:11.910',205.576
'0:11.914',225.501
'0:11.918',233.61
'0:11.922',281.863
'0:11.926',320.407
'0:11.930',315.552
'0:11.934',261.111
'0:11.938',255.99
'0:11.941',297.494
'0:11.945',328.489
'0:11.949',324.728
'0:11.953',309.097
'0:11.957',307.204
'0:11.961',315.019
'0:11.965',326.355
'0:11.969',367.06
'0:11.973',382.157
'0:11.977',400.216
'0:11.980',397.521
'0:11.984',378.636
'0:11.988',383.758
'0:11.992',393.734
'0:11.996',394.827
'0:12.000',365.433
'0:12.004',365.966
'0:12.008',351.402
'0:12.012',356.55
'0:12.016',341.986
'0:12.020',332.811
'0:12.023',303.709
'0:12.027',288.318
'0:12.031',273.514
'0:12.035',272.954
'0:12.039',265.406
'0:12.043',240.065
'0:12.047',240.892
'0:12.051',223.101
'0:12.055',220.94
'0:12.059',230.649
'0:12.063',207.71
'0:12.066',209.604
'0:12.070',205.843
'0:12.074',216.886
'0:12.078',211.764
'0:12.082',208.537
'0:12.086',210.697
'0:12.090',219.846
'0:12.094',213.125
'0:12.098',225.795
'0:12.102',224.434
'0:12.105',227.128
'0:12.109',234.944
'0:12.113',242.226
'0:12.117',254.896
'0:12.121',256.256
'0:12.125',260.284
'0:12.129',281.863
'0:12.133',286.451
'0:12.137',268.926
'0:12.141',274.048
'0:12.145',262.178
'0:12.148',249.508
'0:12.152',236.571
'0:12.156',249.775
'0:12.160',269.993
'0:12.164',291.039
'0:12.168',310.965
'0:12.172',298.855
'0:12.176',267.299
'0:12.180',242.493
'0:12.184',229.823
'0:12.188',228.756
'0:12.191',244.386
'0:12.195',260.284
'0:12.199',271.354
'0:12.203',278.903
'0:12.207',278.342
'0:12.211',291.039
'0:12.215',304.509
'0:12.219',316.379
'0:12.223',295.867
'0:12.227',281.863
'0:12.230',275.648
'0:12.234',284.291
'0:12.238',295.334
'0:12.242',294
'0:12.246',282.664
'0:12.250',276.208
'0:12.254',282.13
'0:12.258',291.573
'0:12.262',276.475
'0:12.266',283.49
'0:12.270',275.648
'0:12.273',294.8
'0:12.277',318.807
'0:12.281',352.229
'0:12.285',376.769
'0:12.289',355.99
'0:12.293',345.481
'0:12.297',382.957
'0:12.301',411.259
'0:12.305',404.537
'0:12.309',373.515
'0:12.313',349.268
'0:12.316',289.679
'0:12.320',253.296
'0:12.324',258.417
'0:12.328',284.824
'0:12.332',337.665
'0:12.336',331.183
'0:12.340',303.976
'0:12.344',281.863
'0:12.348',302.349
'0:12.352',299.655
'0:12.355',294
'0:12.359',302.882
'0:12.363',344.147
'0:12.367',362.205
'0:12.371',376.209
'0:12.375',481.091
'0:12.379',534.999
'0:12.383',518.568
'0:12.387',498.616
'0:12.391',618.862
'0:12.395',739.081
'0:12.398',683.546
'0:12.402',577.864
'0:12.406',519.635
'0:12.410',481.091
'0:12.414',504.27
'0:12.418',461.139
'0:12.422',380.797
'0:12.426',317.446
'0:12.430',294
'0:12.434',290.479
'0:12.438',304.243
'0:12.441',413.419
'0:12.445',449.829
'0:12.449',377.303
'0:12.453',276.208
'0:12.457',282.93
'0:12.461',338.732
'0:12.465',460.339
'0:12.469',522.595
'0:12.473',361.938
'0:12.477',258.124
'0:12.480',226.061
'0:12.484',259.751
'0:12.488',294.8
'0:12.492',347.908
'0:12.496',410.458
'0:12.500',401.549
'0:12.504',378.636
'0:12.508',366.793
'0:12.512',348.708
'0:12.516',388.879
'0:12.520',440.92
'0:12.523',467.887
'0:12.527',477.303
'0:12.531',416.913
'0:12.535',348.441
'0:12.539',503.737
'0:12.543',578.131
'0:12.547',435.799
'0:12.551',352.496
'0:12.555',332.544
'0:12.559',293.173
'0:12.563',326.889
'0:12.566',389.439
'0:12.570',433.638
'0:12.574',440.386
'0:12.578',429.05
'0:12.582',445.775
'0:12.586',528.01
'0:12.590',549.029
'0:12.594',516.941
'0:12.598',502.377
'0:12.602',563.327
'0:12.605',660.633
'0:12.609',707.286
'0:12.613',564.394
'0:12.617',491.067
'0:12.621',405.87
'0:12.625',417.74
'0:12.629',508.325
'0:12.633',569.782
'0:12.637',638.814
'0:12.641',589.734
'0:12.645',437.159
'0:12.648',378.903
'0:12.652',327.156
'0:12.656',383.491
'0:12.660',368.927
'0:12.664',276.742
'0:12.668',255.99
'0:12.672',291.306
'0:12.676',291.573
'0:12.680',284.824
'0:12.684',279.703
'0:12.688',271.887
'0:12.691',302.082
'0:12.695',487.839
'0:12.699',434.171
'0:12.703',259.217
'0:12.707',232.25
'0:12.711',211.231
'0:12.715',124.674
'0:12.719',108.776
'0:12.723',127.101
'0:12.727',188.851
'0:12.730',232.25
'0:12.734',217.953
'0:12.738',194.506
'0:12.742',197.467
'0:12.746',251.668
'0:12.750',257.59
'0:12.754',216.085
'0:12.758',168.633
'0:12.762',140.065
'0:12.766',139.771
'0:12.770',170.526
'0:12.773',236.571
'0:12.777',332.544
'0:12.781',281.33
'0:12.785',185.891
'0:12.789',94.479
'0:12.793',67.005
'0:12.797',128.462
'0:12.801',151.641
'0:12.805',176.715
'0:12.809',176.181
'0:12.813',168.099
'0:12.816',147.613
'0:12.820',213.658
'0:12.824',356.817
'0:12.828',294.8
'0:12.832',117.685
'0:12.836',76.688
'0:12.840',121.18
'0:12.844',114.725
'0:12.848',182.93
'0:12.852',298.855
'0:12.855',248.441
'0:12.859',57.829
'0:12.863',-17.925
'0:12.867',11.176
'0:12.871',37.877
'0:12.875',84.53
'0:12.879',115.525
'0:12.883',128.462
'0:12.887',128.462
'0:12.891',137.077
'0:12.895',162.711
'0:12.898',176.448
'0:12.902',161.351
'0:12.906',133.85
'0:12.910',109.043
'0:12.914',98
'0:12.918',108.243
'0:12.922',155.962
'0:12.926',207.71
'0:12.930',155.429
'0:12.934',43.265
'0:12.938',9.309
'0:12.941',13.87
'0:12.945',6.615
'0:12.949',33.823
'0:12.953',129.529
'0:12.957',207.176
'0:12.961',235.211
'0:12.965',83.703
'0:12.969',-54.602
'0:12.973',-80.742
'0:12.977',-41.931
'0:12.980',22.246
'0:12.984',145.986
'0:12.988',299.388
'0:12.992',406.964
'0:12.996',472.742
'0:13.000',420.701
'0:13.004',356.817
'0:13.008',327.422
'0:13.012',310.431
'0:13.016',259.484
'0:13.020',195.6
'0:13.023',150.308
'0:13.027',102.588
'0:13.031',67.538
'0:13.035',32.222
'0:13.039',16.298
'0:13.043',33.289
'0:13.047',33.022
'0:13.051',32.756
'0:13.055',17.125
'0:13.059',2.294
'0:13.063',2.027
'0:13.066',15.498
'0:13.070',14.164
'0:13.074',16.031
'0:13.078',18.725
'0:13.082',34.116
'0:13.086',30.862
'0:13.090',14.964
'0:13.094',17.658
'0:13.098',3.361
'0:13.102',17.391
'0:13.105',13.87
'0:13.109',29.528
'0:13.113',32.489
'0:13.117',35.45
'0:13.121',34.383
'0:13.125',31.128
'0:13.129',45.159
'0:13.133',47.053
'0:13.137',50.547
'0:13.141',51.081
'0:13.145',63.484
'0:13.148',60.79
'0:13.152',78.048
'0:13.156',81.542
'0:13.160',83.169
'0:13.164',96.106
'0:13.168',108.243
'0:13.172',124.14
'0:13.176',128.195
'0:13.180',131.689
'0:13.184',145.186
'0:13.188',171.06
'0:13.191',185.357
'0:13.195',190.745
'0:13.199',181.036
'0:13.203',195.333
'0:13.207',202.882
'0:13.211',199.361
'0:13.215',205.283
'0:13.219',212.031
'0:13.223',195.333
'0:13.227',188.318
'0:13.230',183.73
'0:13.234',171.327
'0:13.238',162.418
'0:13.242',147.32
'0:13.246',140.598
'0:13.250',119.019
'0:13.254',106.082
'0:13.258',97.2
'0:13.262',82.369
'0:13.266',60.79
'0:13.270',55.135
'0:13.273',40.571
'0:13.277',15.764
'0:13.281',3.094
'0:13.285',-2.827
'0:13.289',-10.376
'0:13.293',-25.207
'0:13.297',-33.022
'0:13.301',-29.261
'0:13.305',-34.916
'0:13.309',-42.198
'0:13.313',-41.371
'0:13.316',-34.383
'0:13.320',-45.692
'0:13.324',-49.213
'0:13.328',-56.469
'0:13.332',-57.562
'0:13.336',-51.907
'0:13.340',-46.786
'0:13.344',-48.92
'0:13.348',-54.868
'0:13.352',-41.105
'0:13.355',-52.708
'0:13.359',-46.786
'0:13.363',-47.853
'0:13.367',-38.41
'0:13.371',-41.665
'0:13.375',-52.441
'0:13.379',-61.323
'0:13.383',-46.786
'0:13.387',-54.868
'0:13.391',-42.732
'0:13.395',-52.974
'0:13.398',-45.159
'0:13.402',-45.692
'0:13.406',-53.508
'0:13.410',-42.198
'0:13.414',-53.775
'0:13.418',-76.421
'0:13.422',-59.723
'0:13.426',-84.53
'0:13.430',-74.82
'0:13.434',-71.299
'0:13.438',-62.417
'0:13.441',-75.354
'0:13.445',-81.275
'0:13.449',-73.193
'0:13.453',-72.66
'0:13.457',-79.942
'0:13.461',-74.287
'0:13.465',-79.675
'0:13.469',-87.757
'0:13.473',-103.922
'0:13.477',-95.839
'0:13.480',-91.518
'0:13.484',-64.844
'0:13.488',-57.029
'0:13.492',-55.935
'0:13.496',-62.417
'0:13.500',-72.393
'0:13.504',-78.048
'0:13.508',-72.126
'0:13.512',-73.727
'0:13.516',-64.311
'0:13.520',-72.393
'0:13.523',-90.985
'0:13.527',-85.33
'0:13.531',-105.549
'0:13.535',-113.364
'0:13.539',-120.113
'0:13.543',-122.273
'0:13.547',-117.152
'0:13.551',-121.98
'0:13.555',-130.089
'0:13.559',-119.846
'0:13.563',-136.811
'0:13.566',-131.156
'0:13.570',-137.371
'0:13.574',-131.156
'0:13.578',-136.544
'0:13.582',-150.574
'0:13.586',-113.364
'0:13.590',-61.057
'0:13.594',97.467
'0:13.598',202.322
'0:13.602',308.004
'0:13.605',340.893
'0:13.609',258.95
'0:13.613',181.036
'0:13.617',119.019
'0:13.621',99.334
'0:13.625',61.59
'0:13.629',29.528
'0:13.633',-28.168
'0:13.637',-86.957
'0:13.641',-138.171
'0:13.645',-147.613
'0:13.648',-137.077
'0:13.652',-116.592
'0:13.656',-138.438
'0:13.660',-150.574
'0:13.664',-143.026
'0:13.668',-152.735
'0:13.672',-134.943
'0:13.676',-140.065
'0:13.680',-149.481
'0:13.684',-140.065
'0:13.688',-151.108
'0:13.691',-135.744
'0:13.695',-141.398
'0:13.699',-133.05
'0:13.703',-137.637
'0:13.707',-132.783
'0:13.711',-135.477
'0:13.715',-110.67
'0:13.719',-117.952
'0:13.723',-134.943
'0:13.727',-128.728
'0:13.730',-119.286
'0:13.734',-113.631
'0:13.738',-103.121
'0:13.742',-101.494
'0:13.746',-109.603
'0:13.750',-85.863
'0:13.754',-98.8
'0:13.758',-87.757
'0:13.762',-83.97
'0:13.766',-76.154
'0:13.770',-54.041
'0:13.773',-52.174
'0:13.777',-40.571
'0:13.781',-34.649
'0:13.785',-10.643
'0:13.789',24.94
'0:13.793',40.838
'0:13.797',54.335
'0:13.801',94.479
'0:13.805',87.224
'0:13.809',91.785
'0:13.813',90.718
'0:13.816',101.494
'0:13.820',109.043
'0:13.824',73.193
'0:13.828',32.756
'0:13.832',14.164
'0:13.836',18.725
'0:13.840',23.58
'0:13.844',22.246
'0:13.848',17.125
'0:13.852',30.328
'0:13.855',17.658
'0:13.859',-7.682
'0:13.863',-7.149
'0:13.867',-14.164
'0:13.871',-19.285
'0:13.875',-31.422
'0:13.879',-39.504
'0:13.883',-38.677
'0:13.887',-30.595
'0:13.891',-67.272
'0:13.895',-16.031
'0:13.898',-57.296
'0:13.902',-99.894
'0:13.906',-120.113
'0:13.910',-175.648
'0:13.914',-223.634
'0:13.918',-218.246
'0:13.922',-200.988
'0:13.926',-189.652
'0:13.930',-192.906
'0:13.934',-174.287
'0:13.938',-154.069
'0:13.941',-152.735
'0:13.945',-185.891
'0:13.949',-171.86
'0:13.953',-142.759
'0:13.957',-126.301
'0:13.961',-153.002
'0:13.965',-179.676
'0:13.969',-151.375
'0:13.973',-160.017
'0:13.977',-160.55
'0:13.980',-152.735
'0:13.984',-131.689
'0:13.988',-135.477
'0:13.992',-126.034
'0:13.996',-96.106
'0:14.000',-121.18
'0:14.004',-159.723
'0:14.008',-145.453
'0:14.012',-126.568
'0:14.016',-86.13
'0:14.020',-77.781
'0:14.023',-140.332
'0:14.027',-182.37
'0:14.031',-213.391
'0:14.035',-214.992
'0:14.039',-197.467
'0:14.043',-164.045
'0:14.047',-153.268
'0:14.051',-130.622
'0:14.055',-161.884
'0:14.059',-192.346
'0:14.063',-193.173
'0:14.066',-139.505
'0:14.070',-119.579
'0:14.074',-130.622
'0:14.078',-155.696
'0:14.082',-156.496
'0:14.086',-200.188
'0:14.090',-212.031
'0:14.094',-194.239
'0:14.098',-130.889
'0:14.102',-101.228
'0:14.105',-73.46
'0:14.109',-62.417
'0:14.113',-137.371
'0:14.117',-200.455
'0:14.121',-192.346
'0:14.125',-159.457
'0:14.129',-150.841
'0:14.133',-170.26
'0:14.137',-164.845
'0:14.141',-143.292
'0:14.145',-128.995
'0:14.148',-150.041
'0:14.152',-196.934
'0:14.156',-222.834
'0:14.160',-237.104
'0:14.164',-227.128
'0:14.168',-155.962
'0:14.172',-109.043
'0:14.176',-144.626
'0:14.180',-209.87
'0:14.184',-244.653
'0:14.188',-231.983
'0:14.191',-181.569
'0:14.195',-201.788
'0:14.199',-240.332
'0:14.203',-189.385
'0:14.207',-90.185
'0:14.211',75.621
'0:14.215',182.37
'0:14.219',252.469
'0:14.223',209.07
'0:14.227',96.106
'0:14.230',1.76
'0:14.234',-6.055
'0:14.238',13.87
'0:14.242',-12.27
'0:14.246',-62.417
'0:14.250',-132.516
'0:14.254',-177.248
'0:14.258',-197.76
'0:14.262',-164.311
'0:14.266',-180.236
'0:14.270',-195.04
'0:14.273',-128.195
'0:14.277',-169.433
'0:14.281',-272.421
'0:14.285',-294.8
'0:14.289',-301.282
'0:14.293',-264.072
'0:14.297',-151.908
'0:14.301',-108.776
'0:14.305',-210.137
'0:14.309',-278.076
'0:14.313',-310.164
'0:14.316',-314.486
'0:14.320',-282.13
'0:14.324',-236.571
'0:14.328',-200.721
'0:14.332',-193.706
'0:14.336',-211.764
'0:14.340',-214.458
'0:14.344',-219.313
'0:14.348',-214.725
'0:14.352',-222.007
'0:14.355',-226.061
'0:14.359',-185.357
'0:14.363',-114.431
'0:14.367',-106.082
'0:14.371',-165.938
'0:14.375',-196.4
'0:14.379',-227.395
'0:14.383',-183.196
'0:14.387',-115.525
'0:14.391',-92.078
'0:14.395',-160.017
'0:14.398',-183.73
'0:14.402',-146.253
'0:14.406',-136.277
'0:14.410',-128.195
'0:14.414',-111.737
'0:14.418',-87.757
'0:14.422',-82.369
'0:14.426',-54.602
'0:14.430',-31.422
'0:14.434',-31.955
'0:14.438',-22.513
'0:14.441',-16.031
'0:14.445',-35.983
'0:14.449',-44.092
'0:14.453',-62.15
'0:14.457',-71.033
'0:14.461',-3.628
'0:14.465',52.974
'0:14.469',-14.164
'0:14.473',-129.822
'0:14.477',-213.658
'0:14.480',-253.296
'0:14.484',-257.59
'0:14.488',-233.877
'0:14.492',-204.482
'0:14.496',-201.788
'0:14.500',-216.619
'0:14.504',-248.708
'0:14.508',-260.844
'0:14.512',-253.829
'0:14.516',-253.562
'0:14.520',-264.339
'0:14.523',-276.208
'0:14.527',-273.781
'0:14.531',-271.087
'0:14.535',-255.99
'0:14.539',-248.174
'0:14.543',-241.426
'0:14.547',-238.998
'0:14.551',-253.562
'0:14.555',-270.26
'0:14.559',-292.64
'0:14.563',-301.549
'0:14.566',-301.549
'0:14.570',-288.052
'0:14.574',-258.417
'0:14.578',-230.916
'0:14.582',-250.308
'0:14.586',-277.809
'0:14.590',-297.494
'0:14.594',-289.679
'0:14.598',-281.597
'0:14.602',-283.197
'0:14.605',-275.942
'0:14.609',-264.339
'0:14.613',-258.15
'0:14.617',-264.605
'0:14.621',-263.538
'0:14.625',-256.79
'0:14.629',-263.272
'0:14.633',-258.15
'0:14.637',-263.805
'0:14.641',-261.378
'0:14.645',-254.363
'0:14.648',-262.178
'0:14.652',-226.862
'0:14.656',-233.077
'0:14.660',-243.32
'0:14.664',-279.703
'0:14.668',-288.345
'0:14.672',-275.115
'0:14.676',-268.926
'0:14.680',-261.111
'0:14.684',-261.645
'0:14.688',-268.66
'0:14.691',-272.688
'0:14.695',-268.1
'0:14.699',-261.378
'0:14.703',-260.844
'0:14.707',-235.504
'0:14.711',-224.701
'0:14.715',-235.771
'0:14.719',-242.226
'0:14.723',-225.235
'0:14.727',-234.144
'0:14.730',-224.168
'0:14.734',-219.58
'0:14.738',-225.795
'0:14.742',-238.465
'0:14.746',-246.014
'0:14.750',-254.096
'0:14.754',-252.202
'0:14.758',-258.417
'0:14.762',-253.562
'0:14.766',-259.751
'0:14.770',-267.833
'0:14.773',-267.033
'0:14.777',-258.95
'0:14.781',-269.193
'0:14.785',-257.59
'0:14.789',-265.699
'0:14.793',-266.232
'0:14.797',-258.684
'0:14.801',-268.393
'0:14.805',-240.065
'0:14.809',-202.322
'0:14.813',-96.106
'0:14.816',19.552
'0:14.820',93.679
'0:14.824',162.978
'0:14.828',98
'0:14.832',2.561
'0:14.836',-75.621
'0:14.840',-125.501
'0:14.844',-146.787
'0:14.848',-165.938
'0:14.852',-163.511
'0:14.855',-205.843
'0:14.859',-234.677
'0:14.863',-239.799
'0:14.867',-231.45
'0:14.871',-231.45
'0:14.875',-223.634
'0:14.879',-217.979
'0:14.883',-221.474
'0:14.887',-228.489
'0:14.891',-229.556
'0:14.895',-223.634
'0:14.898',-233.877
'0:14.902',-235.211
'0:14.906',-226.595
'0:14.910',-229.556
'0:14.914',-223.901
'0:14.918',-217.152
'0:14.922',-217.686
'0:14.926',-208.537
'0:14.930',-196.934
'0:14.934',-192.346
'0:14.938',-184.53
'0:14.941',-183.463
'0:14.945',-174.287
'0:14.949',-179.409
'0:14.953',-160.284
'0:14.957',-168.633
'0:14.961',-165.672
'0:14.965',-171.327
'0:14.969',-162.151
'0:14.973',-161.084
'0:14.977',-153.268
'0:14.980',-148.947
'0:14.984',-137.904
'0:14.988',-98.267
'0:14.992',-83.436
'0:14.996',-73.993
'0:15.000',-81.542
'0:15.004',-84.796
'0:15.008',-79.675
'0:15.012',-68.339
'0:15.016',-45.159
'0:15.020',-35.45
'0:15.023',-19.552
'0:15.027',2.294
'0:15.031',-3.628
'0:15.035',3.361
'0:15.039',13.07
'0:15.043',13.07
'0:15.047',19.552
'0:15.051',13.07
'0:15.055',3.361
'0:15.059',-2.294
'0:15.063',-2.027
'0:15.066',-12.003
'0:15.070',-18.725
'0:15.074',-29.528
'0:15.078',-50.547
'0:15.082',-64.311
'0:15.086',-73.993
'0:15.090',-83.169
'0:15.094',-95.306
'0:15.098',-84.236
'0:15.102',-112.03
'0:15.105',-119.286
'0:15.109',-129.262
'0:15.113',-128.462
'0:15.117',-134.383
'0:15.121',-159.19
'0:15.125',-164.045
'0:15.129',-175.381
'0:15.133',-162.151
'0:15.137',-153.802
'0:15.141',-160.017
'0:15.145',-161.351
'0:15.148',-171.593
'0:15.152',-176.715
'0:15.156',-170.526
'0:15.160',-161.351
'0:15.164',-161.084
'0:15.168',-153.535
'0:15.172',-143.826
'0:15.176',-154.602
'0:15.180',-144.626
'0:15.184',-143.292
'0:15.188',-136.277
'0:15.191',-143.026
'0:15.195',-138.171
'0:15.199',-128.995
'0:15.203',-126.834
'0:15.207',-118.752
'0:15.211',-110.137
'0:15.215',-122.273
'0:15.219',-112.03
'0:15.223',-109.603
'0:15.227',-117.419
'0:15.230',-108.776
'0:15.234',-106.616
'0:15.238',-112.831
'0:15.242',-108.243
'0:15.246',-99.627
'0:15.250',-108.243
'0:15.254',-106.616
'0:15.258',-112.564
'0:15.262',-107.709
'0:15.266',-98.8
'0:15.270',-107.709
'0:15.273',-106.349
'0:15.277',-112.297
'0:15.281',-106.882
'0:15.285',-98
'0:15.289',-91.785
'0:15.293',-90.985
'0:15.297',-111.47
'0:15.301',-104.482
'0:15.305',-111.737
'0:15.309',-107.443
'0:15.313',-107.976
'0:15.316',-96.933
'0:15.320',-89.091
'0:15.324',-78.581
'0:15.328',-73.993
'0:15.332',-59.99
'0:15.336',-50.28
'0:15.340',-41.105
'0:15.344',-44.359
'0:15.348',-54.602
'0:15.352',-58.363
'0:15.355',-51.081
'0:15.359',-58.363
'0:15.363',-74.82
'0:15.367',-68.072
'0:15.371',-74.554
'0:15.375',-84.796
'0:15.379',-90.451
'0:15.383',-73.993
'0:15.387',-68.605
'0:15.391',-90.451
'0:15.395',-129.822
'0:15.398',-134.943
'0:15.402',-121.98
'0:15.406',-119.579
'0:15.410',-109.043
'0:15.414',-114.725
'0:15.418',-102.321
'0:15.422',-104.188
'0:15.426',-54.868
'0:15.430',29.528
'0:15.434',130.889
'0:15.438',210.431
'0:15.441',358.151
'0:15.445',394.561
'0:15.449',342.787
'0:15.453',275.942
'0:15.457',239.265
'0:15.461',230.649
'0:15.465',227.929
'0:15.469',161.617
'0:15.473',23.58
'0:15.477',-101.228
'0:15.480',-161.617
'0:15.484',-162.711
'0:15.488',-97.2
'0:15.492',-44.092
'0:15.496',-44.359
'0:15.500',-119.019
'0:15.504',-161.084
'0:15.508',-155.429
'0:15.512',-133.583
'0:15.516',-88.557
'0:15.520',-59.189
'0:15.523',-60.79
'0:15.527',-68.605
'0:15.531',-35.983
'0:15.535',-44.092
'0:15.539',-58.363
'0:15.543',-54.602
'0:15.547',-80.475
'0:15.551',-38.677
'0:15.555',-3.361
'0:15.559',1.2
'0:15.563',-79.408
'0:15.566',-99.334
'0:15.570',-53.241
'0:15.574',-31.128
'0:15.578',-54.335
'0:15.582',-58.363
'0:15.586',-59.99
'0:15.590',-52.174
'0:15.594',-35.45
'0:15.598',3.921
'0:15.602',19.285
'0:15.605',8.216
'0:15.609',-13.07
'0:15.613',29.528
'0:15.617',122.807
'0:15.621',153.268
'0:15.625',107.709
'0:15.629',50.014
'0:15.633',9.042
'0:15.637',-5.522
'0:15.641',33.289
'0:15.645',127.928
'0:15.648',137.344
'0:15.652',138.171
'0:15.656',114.431
'0:15.660',88.024
'0:15.664',98.267
'0:15.668',87.49
'0:15.672',86.664
'0:15.676',111.204
'0:15.680',117.419
'0:15.684',129.529
'0:15.688',105.815
'0:15.691',58.629
'0:15.695',19.285
'0:15.699',6.882
'0:15.703',-0.934
'0:15.707',5.255
'0:15.711',37.343
'0:15.715',77.514
'0:15.719',37.877
'0:15.723',-40.038
'0:15.727',-48.12
'0:15.730',-12.537
'0:15.734',-59.456
'0:15.738',-106.882
'0:15.742',-129.529
'0:15.746',-157.029
'0:15.750',-158.656
'0:15.754',-190.745
'0:15.758',-189.385
'0:15.762',-194.239
'0:15.766',-188.051
'0:15.770',-174.554
'0:15.773',-145.453
'0:15.777',-113.631
'0:15.781',-99.067
'0:15.785',-103.388
'0:15.789',-134.943
'0:15.793',-171.593
'0:15.797',-176.181
'0:15.801',-165.672
'0:15.805',-123.607
'0:15.809',-13.604
'0:15.813',-33.556
'0:15.816',-121.713
'0:15.820',-180.236
'0:15.824',-161.617
'0:15.828',-100.961
'0:15.832',-48.653
'0:15.836',-127.395
'0:15.840',-215.285
'0:15.844',-239.799
'0:15.848',-256.523
'0:15.852',-234.41
'0:15.855',-204.749
'0:15.859',-143.826
'0:15.863',-126.834
'0:15.867',-150.841
'0:15.871',-176.981
'0:15.875',-171.593
'0:15.879',-117.952
'0:15.883',-82.903
'0:15.887',-114.991
'0:15.891',-137.077
'0:15.895',-121.446
'0:15.898',-121.98
'0:15.902',-161.884
'0:15.906',-155.962
'0:15.910',-151.375
'0:15.914',-158.923
'0:15.918',-111.204
'0:15.922',-145.453
'0:15.926',-226.328
'0:15.930',-251.668
'0:15.934',-254.896
'0:15.938',-233.343
'0:15.941',-185.357
'0:15.945',-179.142
'0:15.949',-183.196
'0:15.953',-171.06
'0:15.957',-154.069
'0:15.961',-138.704
'0:15.965',-128.728
'0:15.969',-100.427
'0:15.973',-91.518
'0:15.977',-60.256
'0:15.980',-12.27
'0:15.984',-30.862
'0:15.988',-138.171
'0:15.992',-189.652
'0:15.996',-185.357
'0:16.000',-196.667
'0:16.004',-197.2
'0:16.008',-202.588
'0:16.012',-236.038
'0:16.016',-231.716
'0:16.020',-228.756
'0:16.023',-214.992
'0:16.027',-188.051
'0:16.031',-188.585
'0:16.035',-167.005
'0:16.039',-193.706
'0:16.043',-178.875
'0:16.047',-185.891
'0:16.051',-172.687
'0:16.055',-152.735
'0:16.059',-84.796
'0:16.063',68.872
'0:16.066',202.322
'0:16.070',315.819
'0:16.074',331.744
'0:16.078',222.007
'0:16.082',126.568
'0:16.086',104.455
'0:16.090',116.325
'0:16.094',77.248
'0:16.098',10.109
'0:16.102',-58.096
'0:16.105',-127.395
'0:16.109',-185.891
'0:16.113',-185.357
'0:16.117',-176.981
'0:16.121',-146.253
'0:16.125',-159.457
'0:16.129',-181.036
'0:16.133',-167.005
'0:16.137',-163.778
'0:16.141',-164.045
'0:16.145',-156.496
'0:16.148',-176.981
'0:16.152',-181.569
'0:16.156',-165.405
'0:16.160',-150.574
'0:16.164',-155.429
'0:16.168',-157.029
'0:16.172',-147.88
'0:16.176',-135.477
'0:16.180',-135.744
'0:16.184',-121.18
'0:16.188',-137.371
'0:16.191',-130.089
'0:16.195',-120.646
'0:16.199',-105.815
'0:16.203',-104.482
'0:16.207',-117.419
'0:16.211',-95.839
'0:16.215',-90.718
'0:16.219',-91.785
'0:16.223',-71.299
'0:16.227',-67.272
'0:16.230',-62.95
'0:16.234',-58.896
'0:16.238',-44.625
'0:16.242',-23.58
'0:16.246',-18.192
'0:16.250',-13.604
'0:16.254',4.988
'0:16.258',33.022
'0:16.262',39.237
'0:16.266',48.12
'0:16.270',68.605
'0:16.273',68.339
'0:16.277',79.942
'0:16.281',103.121
'0:16.285',112.297
'0:16.289',101.761
'0:16.293',117.125
'0:16.297',110.937
'0:16.301',102.855
'0:16.305',98.267
'0:16.309',102.588
'0:16.313',99.067
'0:16.316',92.879
'0:16.320',86.664
'0:16.324',68.072
'0:16.328',56.469
'0:16.332',50.547
'0:16.336',26.567
'0:16.340',21.713
'0:16.344',4.988
'0:16.348',-6.615
'0:16.352',-13.897
'0:16.355',-23.58
'0:16.359',-27.901
'0:16.363',-42.465
'0:16.367',-37.343
'0:16.371',-46.519
'0:16.375',-57.029
'0:16.379',-44.892
'0:16.383',-42.732
'0:16.387',-52.441
'0:16.391',-45.159
'0:16.395',-57.296
'0:16.398',-61.323
'0:16.402',-42.465
'0:16.406',-52.174
'0:16.410',-44.892
'0:16.414',-41.665
'0:16.418',-46.226
'0:16.422',-41.665
'0:16.426',-34.383
'0:16.430',-28.995
'0:16.434',-26.834
'0:16.438',-30.595
'0:16.441',-24.407
'0:16.445',-32.489
'0:16.449',-27.901
'0:16.453',-12.537
'0:16.457',-17.125
'0:16.461',-23.873
'0:16.465',-13.604
'0:16.469',-10.91
'0:16.473',-13.897
'0:16.477',-17.925
'0:16.480',-7.682
'0:16.484',2.827
'0:16.488',-10.109
'0:16.492',-13.07
'0:16.496',-2.561
'0:16.500',6.615
'0:16.504',3.094
'0:16.508',-7.682
'0:16.512',-11.47
'0:16.516',-3.921
'0:16.520',4.455
'0:16.523',18.192
'0:16.527',9.042
'0:16.531',5.788
'0:16.535',-3.094
'0:16.539',4.188
'0:16.543',2.027
'0:16.547',9.042
'0:16.551',20.886
'0:16.555',26.834
'0:16.559',19.819
'0:16.563',20.352
'0:16.566',11.47
'0:16.570',20.886
'0:16.574',9.042
'0:16.578',18.725
'0:16.582',20.352
'0:16.586',27.901
'0:16.590',36.25
'0:16.594',55.135
'0:16.598',49.187
'0:16.602',38.41
'0:16.605',31.689
'0:16.609',37.343
'0:16.613',36.81
'0:16.617',46.493
'0:16.621',53.241
'0:16.625',64.017
'0:16.629',54.335
'0:16.633',53.508
'0:16.637',30.862
'0:16.641',22.513
'0:16.645',32.756
'0:16.648',36.517
'0:16.652',34.649
'0:16.656',29.795
'0:16.660',23.313
'0:16.664',64.844
'0:16.668',66.445
'0:16.672',49.747
'0:16.676',47.586
'0:16.680',72.126
'0:16.684',64.017
'0:16.688',66.711
'0:16.691',50.28
'0:16.695',47.32
'0:16.699',117.125
'0:16.703',246.814
'0:16.707',357.617
'0:16.711',473.275
'0:16.715',480.557
'0:16.719',404.243
'0:16.723',317.18
'0:16.727',259.484
'0:16.730',245.453
'0:16.734',196.667
'0:16.738',188.585
'0:16.742',125.234
'0:16.746',86.93
'0:16.750',53.775
'0:16.754',62.15
'0:16.758',82.903
'0:16.762',103.922
'0:16.766',87.757
'0:16.770',88.824
'0:16.773',62.95
'0:16.777',65.911
'0:16.781',71.033
'0:16.785',40.838
'0:16.789',11.176
'0:16.793',15.231
'0:16.797',44.625
'0:16.801',65.378
'0:16.805',71.833
'0:16.809',77.248
'0:16.813',64.578
'0:16.816',76.981
'0:16.820',81.009
'0:16.824',87.757
'0:16.828',93.145
'0:16.832',95.306
'0:16.836',107.176
'0:16.840',112.564
'0:16.844',120.646
'0:16.848',125.501
'0:16.852',126.301
'0:16.855',137.637
'0:16.859',143.826
'0:16.863',137.637
'0:16.867',173.754
'0:16.871',217.686
'0:16.875',212.564
'0:16.879',209.337
'0:16.883',176.181
'0:16.887',162.711
'0:16.891',184.263
'0:16.895',220.673
'0:16.898',233.877
'0:16.902',270.527
'0:16.906',276.208
'0:16.910',297.228
'0:16.914',315.019
'0:16.918',327.422
'0:16.922',349.535
'0:16.926',356.817
'0:16.930',330.65
'0:16.934',316.646
'0:16.938',326.622
'0:16.941',329.85
'0:16.945',322.301
'0:16.949',329.583
'0:16.953',330.383
'0:16.957',308.271
'0:16.961',282.93
'0:16.965',276.475
'0:16.969',264.339
'0:16.973',215.819
'0:16.977',195.6
'0:16.980',201.521
'0:16.984',208.003
'0:16.988',211.764
'0:16.992',228.489
'0:16.996',178.609
'0:17.000',126.301
'0:17.004',102.588
'0:17.008',99.334
'0:17.012',108.51
'0:17.016',137.904
'0:17.020',153.268
'0:17.023',135.744
'0:17.027',136.277
'0:17.031',126.568
'0:17.035',119.553
'0:17.039',119.019
'0:17.043',104.188
'0:17.047',121.18
'0:17.051',139.771
'0:17.055',161.884
'0:17.059',163.778
'0:17.063',154.869
'0:17.066',188.318
'0:17.070',233.343
'0:17.074',251.135
'0:17.078',179.942
'0:17.082',117.685
'0:17.086',102.321
'0:17.090',118.752
'0:17.094',112.004
'0:17.098',138.971
'0:17.102',146.787
'0:17.105',137.344
'0:17.109',123.874
'0:17.113',113.097
'0:17.117',134.116
'0:17.121',172.394
'0:17.125',167.539
'0:17.129',128.728
'0:17.133',133.85
'0:17.137',146.787
'0:17.141',181.303
'0:17.145',211.764
'0:17.148',240.599
'0:17.152',214.992
'0:17.156',182.103
'0:17.160',138.171
'0:17.164',135.21
'0:17.168',127.101
'0:17.172',98.8
'0:17.176',113.364
'0:17.180',164.311
'0:17.184',178.342
'0:17.188',160.55
'0:17.191',182.37
'0:17.195',207.176
'0:17.199',177.248
'0:17.203',150.308
'0:17.207',134.943
'0:17.211',134.116
'0:17.215',152.735
'0:17.219',170.26
'0:17.223',179.676
'0:17.227',215.819
'0:17.230',245.187
'0:17.234',214.992
'0:17.238',142.492
'0:17.242',154.869
'0:17.246',152.175
'0:17.250',143.826
'0:17.254',114.991
'0:17.258',109.043
'0:17.262',90.985
'0:17.266',89.651
'0:17.270',95.306
'0:17.273',125.234
'0:17.277',164.845
'0:17.281',136.811
'0:17.285',113.364
'0:17.289',118.752
'0:17.293',92.078
'0:17.297',95.573
'0:17.301',148.147
'0:17.305',188.585
'0:17.309',150.574
'0:17.313',114.164
'0:17.316',130.889
'0:17.320',175.088
'0:17.324',321.501
'0:17.328',456.551
'0:17.332',474.076
'0:17.336',442.814
'0:17.340',370.287
'0:17.344',321.501
'0:17.348',284.291
'0:17.352',258.95
'0:17.355',209.337
'0:17.359',237.104
'0:17.363',176.981
'0:17.367',112.564
'0:17.371',100.694
'0:17.375',121.18
'0:17.379',114.431
'0:17.383',127.395
'0:17.387',100.427
'0:17.391',101.761
'0:17.395',117.125
'0:17.398',110.137
'0:17.402',65.645
'0:17.406',43.799
'0:17.410',24.14
'0:17.414',77.781
'0:17.418',191.812
'0:17.422',261.645
'0:17.426',159.99
'0:17.430',14.697
'0:17.434',-15.231
'0:17.438',11.737
'0:17.441',35.983
'0:17.445',52.441
'0:17.449',91.785
'0:17.453',127.661
'0:17.457',93.679
'0:17.461',74.554
'0:17.465',88.557
'0:17.469',104.748
'0:17.473',137.904
'0:17.477',123.607
'0:17.480',109.576
'0:17.484',92.879
'0:17.488',89.918
'0:17.492',103.121
'0:17.496',134.943
'0:17.500',183.997
'0:17.504',185.891
'0:17.508',157.296
'0:17.512',172.954
'0:17.516',183.463
'0:17.520',211.231
'0:17.523',198.827
'0:17.527',175.088
'0:17.531',160.817
'0:17.535',168.366
'0:17.539',175.648
'0:17.543',209.07
'0:17.547',249.241
'0:17.551',254.363
'0:17.555',220.113
'0:17.559',198.561
'0:17.563',195.333
'0:17.566',212.831
'0:17.570',231.983
'0:17.574',217.419
'0:17.578',185.357
'0:17.582',167.272
'0:17.586',149.481
'0:17.590',164.311
'0:17.594',149.214
'0:17.598',120.379
'0:17.602',151.641
'0:17.605',193.173
'0:17.609',128.728
'0:17.613',28.701
'0:17.617',-12.003
'0:17.621',-23.046
'0:17.625',7.149
'0:17.629',21.152
'0:17.633',38.144
'0:17.637',20.886
'0:17.641',-0.667
'0:17.645',-19.019
'0:17.648',-26.567
'0:17.652',0.934
'0:17.656',-0.133
'0:17.660',-0.4
'0:17.664',-14.964
'0:17.668',-8.776
'0:17.672',-1.494
'0:17.676',12.537
'0:17.680',-0.133
'0:17.684',4.455
'0:17.688',8.482
'0:17.691',12.27
'0:17.695',26.007
'0:17.699',16.298
'0:17.703',22.78
'0:17.707',25.74
'0:17.711',26.567
'0:17.715',39.771
'0:17.719',47.586
'0:17.723',40.304
'0:17.727',28.434
'0:17.730',27.367
'0:17.734',37.61
'0:17.738',60.523
'0:17.742',55.668
'0:17.746',62.15
'0:17.750',44.892
'0:17.754',38.144
'0:17.758',29.261
'0:17.762',9.042
'0:17.766',14.697
'0:17.770',26.567
'0:17.773',33.823
'0:17.777',27.901
'0:17.781',27.367
'0:17.785',17.125
'0:17.789',26.567
'0:17.793',31.395
'0:17.797',26.007
'0:17.801',28.434
'0:17.805',34.916
'0:17.809',26.274
'0:17.813',30.328
'0:17.816',25.207
'0:17.820',13.07
'0:17.824',4.988
'0:17.828',10.91
'0:17.832',27.101
'0:17.836',37.343
'0:17.840',59.723
'0:17.844',54.335
'0:17.848',45.692
'0:17.852',44.892
'0:17.855',52.441
'0:17.859',42.465
'0:17.863',54.868
'0:17.867',46.226
'0:17.871',59.99
'0:17.875',35.45
'0:17.879',27.634
'0:17.883',9.309
'0:17.887',14.964
'0:17.891',9.576
'0:17.895',16.591
'0:17.898',10.376
'0:17.902',10.376
'0:17.906',0.667
'0:17.910',9.843
'0:17.914',-1.227
'0:17.918',9.042
'0:17.922',-4.988
'0:17.926',2.294
'0:17.930',-6.055
'0:17.934',-2.561
'0:17.938',22.78
'0:17.941',87.224
'0:17.945',233.61
'0:17.949',350.069
'0:17.953',438.226
'0:17.957',443.614
'0:17.961',329.583
'0:17.965',225.235
'0:17.969',186.424
'0:17.973',143.559
'0:17.977',126.301
'0:17.980',113.364
'0:17.984',79.675
'0:17.988',28.968
'0:17.992',1.494
'0:17.996',-20.886
'0:18.000',-20.085
'0:18.004',-3.921
'0:18.008',-4.721
'0:18.012',-14.964
'0:18.016',-20.886
'0:18.020',-4.988
'0:18.023',-4.455
'0:18.027',-19.019
'0:18.031',-13.07
'0:18.035',-21.979
'0:18.039',-22.513
'0:18.043',-19.819
'0:18.047',-2.027
'0:18.051',-13.897
'0:18.055',-6.882
'0:18.059',-7.149
'0:18.063',-3.094
'0:18.066',-0.4
'0:18.070',2.827
'0:18.074',7.149
'0:18.078',7.415
'0:18.082',13.604
'0:18.086',17.658
'0:18.090',19.285
'0:18.094',21.979
'0:18.098',21.979
'0:18.102',29.795
'0:18.105',35.183
'0:18.109',35.983
'0:18.113',36.81
'0:18.117',51.907
'0:18.121',60.79
'0:18.125',68.072
'0:18.129',69.432
'0:18.133',84.236
'0:18.137',97.2
'0:18.141',107.443
'0:18.145',132.783
'0:18.148',149.747
'0:18.152',162.418
'0:18.156',160.284
'0:18.160',172.394
'0:18.164',166.739
'0:18.168',167.272
'0:18.172',177.248
'0:18.176',172.954
'0:18.180',171.06
'0:18.184',153.002
'0:18.188',138.171
'0:18.191',129.262
'0:18.195',137.077
'0:18.199',134.943
'0:18.203',136.277
'0:18.207',123.607
'0:18.211',129.529
'0:18.215',103.388
'0:18.219',71.033
'0:18.223',58.896
'0:18.227',44.892
'0:18.230',16.031
'0:18.234',5.255
'0:18.238',4.455
'0:18.242',-6.882
'0:18.246',-18.192
'0:18.250',-15.231
'0:18.254',-13.07
'0:18.258',-14.697
'0:18.262',-22.513
'0:18.266',-31.128
'0:18.270',-29.528
'0:18.273',-0.133
'0:18.277',12.27
'0:18.281',8.482
'0:18.285',-41.105
'0:18.289',-54.041
'0:18.293',-47.32
'0:18.297',-10.643
'0:18.301',-44.892
'0:18.305',-84.796
'0:18.309',-78.848
'0:18.313',-64.017
'0:18.316',-80.475
'0:18.320',-63.484
'0:18.324',-37.343
'0:18.328',-30.862
'0:18.332',-45.692
'0:18.336',-45.692
'0:18.340',-47.586
'0:18.344',-22.78
'0:18.348',0.133
'0:18.352',2.027
'0:18.355',2.827
'0:18.359',16.858
'0:18.363',9.843
'0:18.367',2.827
'0:18.371',50.814
'0:18.375',16.031
'0:18.379',-45.426
'0:18.383',-62.684
'0:18.387',-42.998
'0:18.391',-50.28
'0:18.395',-83.703
'0:18.398',-77.514
'0:18.402',-32.489
'0:18.406',1.2
'0:18.410',-18.725
'0:18.414',-78.048
'0:18.418',-71.86
'0:18.422',-64.311
'0:18.426',-49.747
'0:18.430',-52.441
'0:18.434',-16.324
'0:18.438',4.188
'0:18.441',-15.764
'0:18.445',-42.198
'0:18.449',-76.688
'0:18.453',-64.311
'0:18.457',-3.921
'0:18.461',100.427
'0:18.465',50.014
'0:18.469',-93.946
'0:18.473',-155.162
'0:18.477',-50.814
'0:18.480',30.595
'0:18.484',2.561
'0:18.488',-39.504
'0:18.492',-75.887
'0:18.496',-106.882
'0:18.500',-98.267
'0:18.504',-53.775
'0:18.508',-2.561
'0:18.512',15.231
'0:18.516',-20.352
'0:18.520',-69.966
'0:18.523',-79.115
'0:18.527',-70.232
'0:18.531',-55.935
'0:18.535',-70.232
'0:18.539',-66.738
'0:18.543',-61.59
'0:18.547',-56.469
'0:18.551',-57.562
'0:18.555',-52.708
'0:18.559',-48.386
'0:18.563',-60.523
'0:18.566',-72.126
'0:18.570',-89.091
'0:18.574',-99.067
'0:18.578',-79.675
'0:18.582',-32.222
'0:18.586',108.776
'0:18.590',263.245
'0:18.594',370.821
'0:18.598',420.701
'0:18.602',383.758
'0:18.605',303.416
'0:18.609',244.386
'0:18.613',198.027
'0:18.617',160.817
'0:18.621',107.443
'0:18.625',30.328
'0:18.629',-26.567
'0:18.633',-43.265
'0:18.637',-68.605
'0:18.641',-136.01
'0:18.645',-83.97
'0:18.648',-34.649
'0:18.652',-81.836
'0:18.656',-126.301
'0:18.660',-126.834
'0:18.664',-132.249
'0:18.668',-42.465
'0:18.672',-26.274
'0:18.676',-109.043
'0:18.680',-145.453
'0:18.684',-154.335
'0:18.688',-126.301
'0:18.691',-99.894
'0:18.695',-83.436
'0:18.699',-81.275
'0:18.703',-69.139
'0:18.707',-58.363
'0:18.711',-36.81
'0:18.715',-53.508
'0:18.719',-94.212
'0:18.723',-78.848
'0:18.727',-103.388
'0:18.730',-117.952
'0:18.734',-89.091
'0:18.738',-51.907
'0:18.742',-18.458
'0:18.746',-5.522
'0:18.750',-2.561
'0:18.754',23.58
'0:18.758',-19.285
'0:18.762',-75.621
'0:18.766',-92.612
'0:18.770',-67.005
'0:18.773',-4.455
'0:18.777',33.022
'0:18.781',65.911
'0:18.785',58.096
'0:18.789',37.877
'0:18.793',16.591
'0:18.797',31.955
'0:18.801',76.688
'0:18.805',101.494
'0:18.809',117.125
'0:18.813',145.186
'0:18.816',143.292
'0:18.820',126.568
'0:18.824',138.171
'0:18.828',119.553
'0:18.832',81.275
'0:18.836',48.12
'0:18.840',15.764
'0:18.844',25.74
'0:18.848',51.347
'0:18.852',12.27
'0:18.855',-0.667
'0:18.859',-13.604
'0:18.863',-35.983
'0:18.867',-58.629
'0:18.871',-68.072
'0:18.875',-68.872
'0:18.879',-65.378
'0:18.883',-52.174
'0:18.887',-41.371
'0:18.891',-52.174
'0:18.895',-99.627
'0:18.898',-109.603
'0:18.902',-113.097
'0:18.906',-106.082
'0:18.910',-103.655
'0:18.914',-103.121
'0:18.918',-110.403
'0:18.922',-124.967
'0:18.926',-163.778
'0:18.930',-164.845
'0:18.934',-124.407
'0:18.938',-87.224
'0:18.941',-95.306
'0:18.945',-108.51
'0:18.949',-94.506
'0:18.953',-78.048
'0:18.957',-106.349
'0:18.961',-154.602
'0:18.965',-133.583
'0:18.969',-126.834
'0:18.973',-69.966
'0:18.977',-50.014
'0:18.980',-73.993
'0:18.984',-122.807
'0:18.988',-147.347
'0:18.992',-164.311
'0:18.996',-137.077
'0:19.000',-98.533
'0:19.004',-0.934
'0:19.008',26.007
'0:19.012',-77.514
'0:19.016',-168.633
'0:19.020',-182.663
'0:19.023',-164.045
'0:19.027',-159.723
'0:19.031',-132.783
'0:19.035',-93.946
'0:19.039',-57.296
'0:19.043',-79.942
'0:19.047',-117.685
'0:19.051',-141.665
'0:19.055',-142.759
'0:19.059',-110.67
'0:19.063',-83.97
'0:19.066',-70.232
'0:19.070',-106.882
'0:19.074',-122.273
'0:19.078',-139.238
'0:19.082',-145.986
'0:19.086',-134.677
'0:19.090',-126.034
'0:19.094',-110.67
'0:19.098',-107.976
'0:19.102',-125.768
'0:19.105',-128.995
'0:19.109',-93.946
'0:19.113',-68.872
'0:19.117',-79.408
'0:19.121',-88.557
'0:19.125',-105.282
'0:19.129',-107.176
'0:19.133',-88.291
'0:19.137',-53.508
'0:19.141',-58.629
'0:19.145',-83.703
'0:19.148',-115.525
'0:19.152',-133.05
'0:19.156',-135.744
'0:19.160',-126.034
'0:19.164',-132.516
'0:19.168',-130.089
'0:19.172',-132.783
'0:19.176',-121.18
'0:19.180',-126.301
'0:19.184',-130.089
'0:19.188',-127.395
'0:19.191',-132.516
'0:19.195',-122.807
'0:19.199',-126.834
'0:19.203',-128.195
'0:19.207',-109.31
'0:19.211',-55.135
'0:19.215',59.99
'0:19.219',166.205
'0:19.223',235.771
'0:19.227',295.6
'0:19.230',197.467
'0:19.234',109.87
'0:19.238',36.517
'0:19.242',13.337
'0:19.246',-0.934
'0:19.250',-19.285
'0:19.254',-23.58
'0:19.258',-75.887
'0:19.262',-110.403
'0:19.266',-110.137
'0:19.270',-119.019
'0:19.273',-94.212
'0:19.277',-95.573
'0:19.281',-93.412
'0:19.285',-106.082
'0:19.289',-100.694
'0:19.293',-95.839
'0:19.297',-82.102
'0:19.301',-92.879
'0:19.305',-102.054
'0:19.309',-98
'0:19.313',-81.542
'0:19.316',-69.699
'0:19.320',-76.981
'0:19.324',-82.102
'0:19.328',-78.581
'0:19.332',-66.445
'0:19.336',-72.126
'0:19.340',-61.057
'0:19.344',-64.017
'0:19.348',-60.79
'0:19.352',-66.178
'0:19.355',-57.296
'0:19.359',-46.519
'0:19.363',-47.586
'0:19.367',-42.732
'0:19.371',-33.556
'0:19.375',-26.834
'0:19.379',-31.128
'0:19.383',-13.897
'0:19.387',-9.576
'0:19.391',-1.76
'0:19.395',4.188
'0:19.398',31.689
'0:19.402',33.556
'0:19.406',40.304
'0:19.410',47.853
'0:19.414',67.005
'0:19.418',61.883
'0:19.422',82.102
'0:19.426',89.651
'0:19.430',95.839
'0:19.434',113.631
'0:19.438',124.14
'0:19.441',114.431
'0:19.445',124.14
'0:19.449',113.364
'0:19.453',112.831
'0:19.457',121.98
'0:19.461',97.733
'0:19.465',93.946
'0:19.469',83.169
'0:19.473',79.382
'0:19.477',71.299
'0:19.480',64.578
'0:19.484',47.053
'0:19.488',36.81
'0:19.492',15.498
'0:19.496',6.055
'0:19.500',-0.934
'0:19.504',-17.125
'0:19.508',-26.274
'0:19.512',-32.756
'0:19.516',-43.799
'0:19.520',-50.014
'0:19.523',-48.92
'0:19.527',-57.829
'0:19.531',-64.578
'0:19.535',-60.523
'0:19.539',-67.272
'0:19.543',-64.578
'0:19.547',-72.126
'0:19.551',-79.408
'0:19.555',-76.981
'0:19.559',-68.605
'0:19.563',-80.742
'0:19.566',-70.499
'0:19.570',-62.684
'0:19.574',-62.417
'0:19.578',-68.872
'0:19.582',-63.217
'0:19.586',-53.241
'0:19.590',-47.053
'0:19.594',-47.053
'0:19.598',-52.708
'0:19.602',-45.959
'0:19.605',-36.25
'0:19.609',-31.128
'0:19.613',-31.689
'0:19.617',-36.81
'0:19.621',-44.359
'0:19.625',-49.747
'0:19.629',-46.226
'0:19.633',-49.213
'0:19.637',-38.971
'0:19.641',-45.159
'0:19.645',-32.489
'0:19.648',-28.995
'0:19.652',-17.925
'0:19.656',-24.407
'0:19.660',-28.168
'0:19.664',-29.795
'0:19.668',-42.732
'0:19.672',-64.844
'0:19.676',-57.029
'0:19.680',-46.786
'0:19.684',-47.32
'0:19.688',-41.665
'0:19.691',-32.489
'0:19.695',-41.931
'0:19.699',-46.226
'0:19.703',-45.159
'0:19.707',-40.571
'0:19.711',-33.289
'0:19.715',-27.901
'0:19.719',-15.498
'0:19.723',-12.537
'0:19.727',9.042
'0:19.730',14.697
'0:19.734',19.019
'0:19.738',16.591
'0:19.742',5.788
'0:19.746',-19.285
'0:19.750',-15.231
'0:19.754',30.862
'0:19.758',72.393
'0:19.762',35.45
'0:19.766',-72.126
'0:19.770',-127.928
'0:19.773',-125.768
'0:19.777',-129.822
'0:19.781',-87.757
'0:19.785',-62.15
'0:19.789',-33.022
'0:19.793',-42.998
'0:19.797',-45.426
'0:19.801',-53.241
'0:19.805',-45.426
'0:19.809',-33.289
'0:19.813',-42.732
'0:19.816',-44.625
'0:19.820',9.042
'0:19.824',107.176
'0:19.828',243.586
'0:19.832',363.806
'0:19.836',479.197
'0:19.840',400.482
'0:19.844',259.217
'0:19.848',189.385
'0:19.852',161.351
'0:19.855',114.725
'0:19.859',115.791
'0:19.863',92.078
'0:19.867',14.697
'0:19.871',-23.58
'0:19.875',-74.554
'0:19.879',-67.005
'0:19.883',-30.328
'0:19.887',-8.776
'0:19.891',-23.313
'0:19.895',-37.077
'0:19.898',-32.756
'0:19.902',-16.858
'0:19.906',20.085
'0:19.910',24.14
'0:19.914',-17.925
'0:19.918',-12.27
'0:19.922',-16.591
'0:19.926',-44.892
'0:19.930',-53.775
'0:19.934',-33.556
'0:19.938',-33.022
'0:19.941',-35.716
'0:19.945',-12.27
'0:19.949',10.643
'0:19.953',29.261
'0:19.957',14.964
'0:19.961',-1.227
'0:19.965',-8.482
'0:19.969',27.634
'0:19.973',26.274
'0:19.977',28.168
'0:19.980',30.595
'0:19.984',25.207
'0:19.988',60.79
'0:19.992',88.291
'0:19.996',72.927
'0:20.000',17.125
