'0:00.000',-508.334
'0:00.004',-452.772
'0:00.008',-369.428
'0:00.012',-315.595
'0:00.016',-305.593
'0:00.020',-317.447
'0:00.023',-313.619
'0:00.027',-305.099
'0:00.031',-256.575
'0:00.035',-242.746
'0:00.039',-262.995
'0:00.043',-272.997
'0:00.047',-270.774
'0:00.051',-229.041
'0:00.055',-214.224
'0:00.059',-211.755
'0:00.063',-218.792
'0:00.066',-204.47
'0:00.070',-168.416
'0:00.074',-137.301
'0:00.078',-129.769
'0:00.082',-194.839
'0:00.086',-227.682
'0:00.090',-183.479
'0:00.094',-114.459
'0:00.098',-43.833
'0:00.102',-20.867
'0:00.105',-30.374
'0:00.109',-46.796
'0:00.113',2.84
'0:00.117',65.07
'0:00.121',100.383
'0:00.125',126.806
'0:00.129',147.302
'0:00.133',167.058
'0:00.137',165.453
'0:00.141',151.377
'0:00.145',143.598
'0:00.148',161.378
'0:00.152',149.525
'0:00.156',119.891
'0:00.160',106.68
'0:00.164',94.209
'0:00.168',93.468
'0:00.172',83.467
'0:00.176',72.602
'0:00.180',44.08
'0:00.184',30.004
'0:00.188',-19.015
'0:00.191',-104.704
'0:00.195',-113.965
'0:00.199',-87.171
'0:00.203',-46.179
'0:00.207',-29.263
'0:00.211',-40.252
'0:00.215',-104.21
'0:00.219',-139.77
'0:00.223',-139.77
'0:00.227',-132.485
'0:00.230',-112.236
'0:00.234',-121.126
'0:00.238',-134.955
'0:00.242',-166.44
'0:00.246',-163.477
'0:00.250',-147.919
'0:00.254',-140.264
'0:00.258',-149.525
'0:00.262',-177.8
'0:00.266',-176.935
'0:00.270',-165.453
'0:00.273',-158.662
'0:00.277',-149.278
'0:00.281',-174.836
'0:00.285',-174.343
'0:00.289',-165.453
'0:00.293',-144.586
'0:00.297',-164.835
'0:00.301',-171.379
'0:00.305',-171.873
'0:00.309',-166.193
'0:00.313',-161.625
'0:00.316',-163.724
'0:00.320',-169.157
'0:00.324',-170.268
'0:00.328',-150.512
'0:00.332',-147.055
'0:00.336',-178.047
'0:00.340',-195.827
'0:00.344',-199.037
'0:00.348',-199.901
'0:00.352',-197.185
'0:00.355',-225.213
'0:00.359',-240.4
'0:00.363',-259.785
'0:00.367',-247.685
'0:00.371',-247.685
'0:00.375',-258.427
'0:00.379',-223.608
'0:00.383',-227.435
'0:00.387',-230.646
'0:00.391',-228.794
'0:00.395',-240.03
'0:00.398',-238.178
'0:00.402',-257.069
'0:00.406',-260.526
'0:00.410',-275.713
'0:00.414',-271.638
'0:00.418',-270.033
'0:00.422',-272.379
'0:00.426',-290.53
'0:00.430',-289.172
'0:00.434',-286.702
'0:00.438',-286.208
'0:00.441',-287.566
'0:00.445',-273.244
'0:00.449',-272.75
'0:00.453',-285.344
'0:00.457',-282.998
'0:00.461',-285.097
'0:00.465',-288.307
'0:00.469',-303.371
'0:00.473',-299.42
'0:00.477',-329.053
'0:00.480',-361.403
'0:00.484',-395.357
'0:00.488',-320.163
'0:00.492',-214.471
'0:00.496',-133.597
'0:00.500',-60.501
'0:00.504',-21.484
'0:00.508',131.992
'0:00.512',199.037
'0:00.516',280.282
'0:00.520',326.83
'0:00.523',106.68
'0:00.527',-246.821
'0:00.531',-403.754
'0:00.535',-394.246
'0:00.539',-320.657
'0:00.543',-251.142
'0:00.547',-212.248
'0:00.551',-235.461
'0:00.555',-265.094
'0:00.559',-278.059
'0:00.563',-269.169
'0:00.566',-220.398
'0:00.570',-191.505
'0:00.574',-197.185
'0:00.578',-237.684
'0:00.582',-185.825
'0:00.586',-146.561
'0:00.590',-132.239
'0:00.594',-159.155
'0:00.598',-179.158
'0:00.602',-167.058
'0:00.605',-135.449
'0:00.609',-121.126
'0:00.613',-140.882
'0:00.617',-155.945
'0:00.621',-163.23
'0:00.625',-138.165
'0:00.629',-110.137
'0:00.633',-94.456
'0:00.637',-73.96
'0:00.641',-65.07
'0:00.645',-42.227
'0:00.648',-14.94
'0:00.652',1.976
'0:00.656',8.273
'0:00.660',17.41
'0:00.664',37.659
'0:00.668',47.537
'0:00.672',65.934
'0:00.676',58.402
'0:00.680',51.611
'0:00.684',54.575
'0:00.688',62.353
'0:00.691',49.142
'0:00.695',44.08
'0:00.699',21.731
'0:00.703',7.161
'0:00.707',13.088
'0:00.711',14.94
'0:00.715',-4.692
'0:00.719',-8.767
'0:00.723',-24.077
'0:00.727',-50.87
'0:00.730',-63.712
'0:00.734',-83.714
'0:00.738',-104.704
'0:00.742',-120.632
'0:00.746',-131.745
'0:00.750',-129.028
'0:00.754',-147.919
'0:00.758',-167.305
'0:00.762',-167.305
'0:00.766',-180.269
'0:00.770',-177.8
'0:00.773',-179.652
'0:00.777',-182.862
'0:00.781',-182.862
'0:00.785',-210.643
'0:00.789',-207.433
'0:00.793',-195.086
'0:00.797',-184.838
'0:00.801',-183.973
'0:00.805',-162.119
'0:00.809',-174.343
'0:00.813',-160.514
'0:00.816',-166.44
'0:00.820',-167.058
'0:00.824',-177.306
'0:00.828',-172.737
'0:00.832',-175.701
'0:00.836',-181.257
'0:00.840',-182.368
'0:00.844',-177.306
'0:00.848',-157.55
'0:00.852',-175.083
'0:00.855',-162.983
'0:00.859',-164.835
'0:00.863',-161.378
'0:00.867',-172.737
'0:00.871',-172.737
'0:00.875',-161.872
'0:00.879',-180.763
'0:00.883',-176.688
'0:00.887',-171.873
'0:00.891',-172.367
'0:00.895',-176.688
'0:00.898',-178.911
'0:00.902',-176.195
'0:00.906',-156.809
'0:00.910',-156.809
'0:00.914',-143.845
'0:00.918',-130.14
'0:00.922',-112.606
'0:00.926',-93.098
'0:00.930',-91.74
'0:00.934',-108.532
'0:00.938',-110.137
'0:00.941',-126.312
'0:00.945',-124.954
'0:00.949',-124.089
'0:00.953',-124.954
'0:00.957',-141.375
'0:00.961',-140.635
'0:00.965',-155.945
'0:00.969',-155.698
'0:00.973',-156.809
'0:00.977',-157.55
'0:00.980',-156.809
'0:00.984',-155.451
'0:00.988',-139.523
'0:00.992',-140.882
'0:00.996',-125.201
'0:01.000',-108.779
'0:01.004',-107.174
'0:01.008',-90.752
'0:01.012',-106.927
'0:01.016',-137.671
'0:01.020',-152.488
'0:01.023',-92.357
'0:01.027',26.793
'0:01.031',135.202
'0:01.035',223.114
'0:01.039',236.079
'0:01.043',317.447
'0:01.047',321.274
'0:01.051',361.403
'0:01.055',444.746
'0:01.059',270.527
'0:01.063',-26.3
'0:01.066',-142.734
'0:01.070',-119.027
'0:01.074',-53.216
'0:01.078',44.08
'0:01.082',86.924
'0:01.086',86.677
'0:01.090',41.98
'0:01.094',8.273
'0:01.098',11.977
'0:01.102',45.685
'0:01.105',63.712
'0:01.109',59.76
'0:01.113',30.004
'0:01.117',30.004
'0:01.121',57.044
'0:01.125',90.135
'0:01.129',91.493
'0:01.133',67.045
'0:01.137',80.504
'0:01.141',116.928
'0:01.145',148.166
'0:01.148',139.77
'0:01.152',43.833
'0:01.156',-190.517
'0:01.160',-266.823
'0:01.164',-269.416
'0:01.168',-277.565
'0:01.172',-259.785
'0:01.176',-214.718
'0:01.180',-160.761
'0:01.184',-141.993
'0:01.188',-127.423
'0:01.191',-110.137
'0:01.195',-86.43
'0:01.199',-51.117
'0:01.203',-29.51
'0:01.207',-27.658
'0:01.211',-25.806
'0:01.215',-21.114
'0:01.219',10.866
'0:01.223',17.163
'0:01.227',6.914
'0:01.230',-20.62
'0:01.234',-19.015
'0:01.238',-7.655
'0:01.242',-17.41
'0:01.246',-23.83
'0:01.250',-34.078
'0:01.254',-50.5
'0:01.258',-41.116
'0:01.262',-50.5
'0:01.266',-70.503
'0:01.270',-95.073
'0:01.273',-112.853
'0:01.277',-106.68
'0:01.281',-117.175
'0:01.285',-119.027
'0:01.289',-156.439
'0:01.293',-158.415
'0:01.297',-155.451
'0:01.301',-167.305
'0:01.305',-166.687
'0:01.309',-171.009
'0:01.313',-173.725
'0:01.316',-171.626
'0:01.320',-167.305
'0:01.324',-120.138
'0:01.328',-1.235
'0:01.332',41.98
'0:01.336',83.22
'0:01.340',95.567
'0:01.344',96.432
'0:01.348',100.753
'0:01.352',92.357
'0:01.355',98.037
'0:01.359',94.209
'0:01.363',96.679
'0:01.367',101.494
'0:01.371',92.11
'0:01.375',96.679
'0:01.379',92.851
'0:01.383',96.432
'0:01.387',86.677
'0:01.391',76.923
'0:01.395',95.073
'0:01.398',89.641
'0:01.402',95.32
'0:01.406',88.283
'0:01.410',93.962
'0:01.414',78.034
'0:01.418',88.283
'0:01.422',78.528
'0:01.426',73.219
'0:01.430',78.528
'0:01.434',91.74
'0:01.438',100.383
'0:01.441',109.026
'0:01.445',137.301
'0:01.449',126.806
'0:01.453',140.017
'0:01.457',132.485
'0:01.461',140.882
'0:01.465',137.918
'0:01.469',112.606
'0:01.473',109.026
'0:01.477',114.706
'0:01.480',105.816
'0:01.484',105.322
'0:01.488',82.109
'0:01.492',77.787
'0:01.496',80.998
'0:01.500',86.677
'0:01.504',87.542
'0:01.508',82.603
'0:01.512',63.218
'0:01.516',50.006
'0:01.520',39.017
'0:01.523',38.647
'0:01.527',17.903
'0:01.531',-0.37
'0:01.535',-13.582
'0:01.539',-25.806
'0:01.543',-72.602
'0:01.547',-122.484
'0:01.551',-141.622
'0:01.555',-51.611
'0:01.559',54.822
'0:01.563',137.671
'0:01.566',210.643
'0:01.570',263.489
'0:01.574',399.432
'0:01.578',437.091
'0:01.582',551.426
'0:01.586',501.79
'0:01.590',158.662
'0:01.594',-149.525
'0:01.598',-225.46
'0:01.602',-206.692
'0:01.605',-119.274
'0:01.609',-50.006
'0:01.613',-29.016
'0:01.617',-37.906
'0:01.621',-78.528
'0:01.625',-96.432
'0:01.629',-70.503
'0:01.633',-21.731
'0:01.637',-24.447
'0:01.641',-55.686
'0:01.645',-73.219
'0:01.648',-55.686
'0:01.652',-28.152
'0:01.656',-10.866
'0:01.660',-35.436
'0:01.664',-36.548
'0:01.668',-24.694
'0:01.672',14.446
'0:01.676',18.768
'0:01.680',16.051
'0:01.684',15.557
'0:01.688',38.153
'0:01.691',58.155
'0:01.695',81.245
'0:01.699',82.603
'0:01.703',82.603
'0:01.707',101.741
'0:01.711',134.338
'0:01.715',142.734
'0:01.719',164.341
'0:01.723',149.525
'0:01.727',166.193
'0:01.730',195.333
'0:01.734',203.729
'0:01.738',212.866
'0:01.742',200.148
'0:01.746',199.037
'0:01.750',193.975
'0:01.754',202
'0:01.758',180.763
'0:01.762',169.651
'0:01.766',151.13
'0:01.770',159.526
'0:01.773',135.449
'0:01.777',133.103
'0:01.781',106.927
'0:01.785',87.171
'0:01.789',78.034
'0:01.793',69.391
'0:01.797',51.858
'0:01.801',27.905
'0:01.805',7.902
'0:01.809',-3.087
'0:01.813',-12.594
'0:01.816',-28.769
'0:01.820',-51.117
'0:01.824',-55.439
'0:01.828',-53.216
'0:01.832',-62.971
'0:01.836',-61.119
'0:01.840',-81.245
'0:01.844',-85.813
'0:01.848',-85.566
'0:01.852',-80.751
'0:01.855',-78.034
'0:01.859',-80.504
'0:01.863',-84.578
'0:01.867',-84.825
'0:01.871',-81.245
'0:01.875',-78.528
'0:01.879',-79.886
'0:01.883',-67.786
'0:01.887',-84.578
'0:01.891',-64.823
'0:01.895',-62.724
'0:01.898',-64.082
'0:01.902',-66.428
'0:01.906',-67.045
'0:01.910',-64.823
'0:01.914',-62.971
'0:01.918',-63.465
'0:01.922',-65.687
'0:01.926',-66.428
'0:01.930',-64.823
'0:01.934',-63.218
'0:01.938',-63.218
'0:01.941',-80.504
'0:01.945',-80.751
'0:01.949',-65.07
'0:01.953',-80.504
'0:01.957',-78.899
'0:01.961',-79.146
'0:01.965',-65.07
'0:01.969',-50.87
'0:01.973',-49.142
'0:01.977',-30.621
'0:01.980',-14.693
'0:01.984',-1.235
'0:01.988',-1.976
'0:01.992',0.37
'0:01.996',-12.594
'0:02.000',-13.088
'0:02.004',-16.545
'0:02.008',-18.768
'0:02.012',-16.545
'0:02.016',-28.769
'0:02.020',-28.152
'0:02.023',-31.979
'0:02.027',-50.253
'0:02.031',-48.401
'0:02.035',-45.438
'0:02.039',-45.438
'0:02.043',-47.907
'0:02.047',-49.512
'0:02.051',-48.154
'0:02.055',-45.685
'0:02.059',-45.438
'0:02.063',-31.979
'0:02.066',-33.831
'0:02.070',-31.979
'0:02.074',-29.016
'0:02.078',-44.08
'0:02.082',-76.923
'0:02.086',-48.154
'0:02.090',57.291
'0:02.094',180.269
'0:02.098',264.601
'0:02.102',261.637
'0:02.105',330.905
'0:02.109',429.065
'0:02.113',417.212
'0:02.117',519.076
'0:02.121',440.425
'0:02.125',110.631
'0:02.129',-125.818
'0:02.133',-158.415
'0:02.137',-100.383
'0:02.141',-2.593
'0:02.145',68.28
'0:02.148',96.061
'0:02.152',94.456
'0:02.156',73.219
'0:02.160',65.687
'0:02.164',95.567
'0:02.168',137.671
'0:02.172',141.622
'0:02.176',126.065
'0:02.180',132.485
'0:02.184',171.379
'0:02.188',210.643
'0:02.191',205.334
'0:02.195',196.074
'0:02.199',199.901
'0:02.203',231.14
'0:02.207',252.5
'0:02.211',283.492
'0:02.215',278.306
'0:02.219',281.887
'0:02.223',293.493
'0:02.227',343.87
'0:02.230',375.108
'0:02.234',374.367
'0:02.238',380.047
'0:02.242',404.741
'0:02.246',450.673
'0:02.250',467.342
'0:02.254',470.799
'0:02.258',477.837
'0:02.262',514.508
'0:02.266',556.365
'0:02.270',559.328
'0:02.273',568.218
'0:02.277',560.069
'0:02.281',561.427
'0:02.285',568.959
'0:02.289',571.922
'0:02.293',550.685
'0:02.297',543.894
'0:02.301',527.473
'0:02.305',532.905
'0:02.309',519.941
'0:02.313',500.803
'0:02.316',494.876
'0:02.320',477.096
'0:02.324',465.49
'0:02.328',453.019
'0:02.332',450.303
'0:02.336',428.571
'0:02.340',426.596
'0:02.344',414.249
'0:02.348',402.395
'0:02.352',385.109
'0:02.355',379.183
'0:02.359',375.355
'0:02.363',377.824
'0:02.367',382.393
'0:02.371',382.64
'0:02.375',378.071
'0:02.379',374.614
'0:02.383',375.972
'0:02.387',379.677
'0:02.391',380.294
'0:02.395',376.713
'0:02.398',373.503
'0:02.402',389.431
'0:02.406',376.466
'0:02.410',394.246
'0:02.414',391.283
'0:02.418',372.392
'0:02.422',388.566
'0:02.426',389.925
'0:02.430',390.789
'0:02.434',389.925
'0:02.438',387.826
'0:02.441',402.395
'0:02.445',402.642
'0:02.449',404.494
'0:02.453',404.741
'0:02.457',402.889
'0:02.461',400.79
'0:02.465',400.79
'0:02.469',402.148
'0:02.473',402.642
'0:02.477',416.348
'0:02.480',414.002
'0:02.484',399.185
'0:02.488',401.778
'0:02.492',401.037
'0:02.496',382.393
'0:02.500',380.788
'0:02.504',396.469
'0:02.508',397.21
'0:02.512',413.384
'0:02.516',427.954
'0:02.520',442.277
'0:02.523',442.524
'0:02.527',460.057
'0:02.531',460.057
'0:02.535',458.699
'0:02.539',442.03
'0:02.543',442.03
'0:02.547',441.783
'0:02.551',425.238
'0:02.555',424.744
'0:02.559',423.633
'0:02.563',407.458
'0:02.566',407.705
'0:02.570',406.964
'0:02.574',390.295
'0:02.578',390.295
'0:02.582',389.431
'0:02.586',388.566
'0:02.590',388.32
'0:02.594',388.32
'0:02.598',372.762
'0:02.602',357.081
'0:02.605',340.412
'0:02.609',338.437
'0:02.613',321.521
'0:02.617',275.713
'0:02.621',231.14
'0:02.625',244.351
'0:02.629',298.555
'0:02.633',372.145
'0:02.637',456.229
'0:02.641',560.069
'0:02.645',733.424
'0:02.648',989.875
'0:02.652',1095.814
'0:02.656',1255.093
'0:02.660',1134.831
'0:02.664',755.525
'0:02.668',401.531
'0:02.672',271.638
'0:02.676',297.815
'0:02.680',345.969
'0:02.684',383.257
'0:02.688',377.824
'0:02.691',360.291
'0:02.695',322.509
'0:02.699',313.989
'0:02.703',342.758
'0:02.707',368.687
'0:02.711',358.686
'0:02.715',327.942
'0:02.719',332.016
'0:02.723',352.513
'0:02.727',376.713
'0:02.730',388.566
'0:02.734',363.008
'0:02.738',365.971
'0:02.742',380.541
'0:02.746',402.148
'0:02.750',417.706
'0:02.754',396.963
'0:02.758',414.99
'0:02.762',424.497
'0:02.766',459.81
'0:02.770',478.454
'0:02.773',462.279
'0:02.777',480.306
'0:02.781',501.05
'0:02.785',532.905
'0:02.789',554.142
'0:02.793',558.464
'0:02.797',546.117
'0:02.801',563.897
'0:02.805',591.678
'0:02.809',596.987
'0:02.813',605.383
'0:02.816',594.641
'0:02.820',578.96
'0:02.824',588.715
'0:02.828',592.913
'0:02.832',570.564
'0:02.836',546.611
'0:02.840',530.436
'0:02.844',521.052
'0:02.848',493.271
'0:02.852',473.268
'0:02.855',449.315
'0:02.859',431.164
'0:02.863',420.422
'0:02.867',409.433
'0:02.871',375.355
'0:02.875',353.253
'0:02.879',333.868
'0:02.883',320.657
'0:02.887',293.74
'0:02.891',278.059
'0:02.895',271.885
'0:02.898',251.142
'0:02.902',238.178
'0:02.906',227.929
'0:02.910',212.866
'0:02.914',206.939
'0:02.918',201.259
'0:02.922',202.865
'0:02.926',208.791
'0:02.930',195.333
'0:02.934',206.939
'0:02.938',185.332
'0:02.941',186.196
'0:02.945',191.011
'0:02.949',193.11
'0:02.953',189.653
'0:02.957',185.332
'0:02.961',185.332
'0:02.965',173.725
'0:02.969',191.876
'0:02.973',188.048
'0:02.977',168.91
'0:02.980',170.021
'0:02.984',172.984
'0:02.988',173.478
'0:02.992',171.009
'0:02.996',153.229
'0:03.000',154.093
'0:03.004',155.698
'0:03.008',155.451
'0:03.012',153.846
'0:03.016',137.301
'0:03.020',138.412
'0:03.023',138.412
'0:03.027',122.237
'0:03.031',121.496
'0:03.035',120.632
'0:03.039',120.632
'0:03.043',136.56
'0:03.047',136.313
'0:03.051',152.241
'0:03.055',167.552
'0:03.059',167.552
'0:03.063',168.91
'0:03.066',169.404
'0:03.070',152.982
'0:03.074',151.871
'0:03.078',135.449
'0:03.082',135.696
'0:03.086',120.385
'0:03.090',120.138
'0:03.094',103.346
'0:03.098',102.852
'0:03.102',102.605
'0:03.105',86.924
'0:03.109',87.789
'0:03.113',71.367
'0:03.117',85.813
'0:03.121',69.144
'0:03.125',70.503
'0:03.129',71.367
'0:03.133',70.503
'0:03.137',69.144
'0:03.141',68.897
'0:03.145',70.009
'0:03.148',55.439
'0:03.152',24.447
'0:03.156',-7.655
'0:03.160',20.62
'0:03.164',109.643
'0:03.168',232.745
'0:03.172',332.263
'0:03.176',343.87
'0:03.180',413.631
'0:03.184',514.014
'0:03.188',549.327
'0:03.191',602.173
'0:03.195',463.884
'0:03.199',151.377
'0:03.203',-60.254
'0:03.207',-98.284
'0:03.211',-51.364
'0:03.215',39.264
'0:03.219',79.886
'0:03.223',99.642
'0:03.227',75.071
'0:03.230',40.869
'0:03.234',41.116
'0:03.238',88.529
'0:03.242',107.915
'0:03.246',92.604
'0:03.250',64.329
'0:03.254',60.254
'0:03.258',99.025
'0:03.262',117.175
'0:03.266',124.089
'0:03.270',101.247
'0:03.273',110.631
'0:03.277',127.67
'0:03.281',160.267
'0:03.285',155.451
'0:03.289',152.735
'0:03.293',144.956
'0:03.297',172.984
'0:03.301',203.111
'0:03.305',217.187
'0:03.309',218.545
'0:03.313',211.508
'0:03.316',236.079
'0:03.320',263.242
'0:03.324',278.306
'0:03.328',283.245
'0:03.332',292.382
'0:03.336',298.555
'0:03.340',324.731
'0:03.344',324.978
'0:03.348',331.522
'0:03.352',309.297
'0:03.355',314.483
'0:03.359',322.015
'0:03.363',306.705
'0:03.367',299.667
'0:03.371',278.059
'0:03.375',265.094
'0:03.379',255.958
'0:03.383',256.575
'0:03.387',218.792
'0:03.391',198.79
'0:03.395',184.591
'0:03.398',172.984
'0:03.402',157.797
'0:03.406',138.165
'0:03.410',103.099
'0:03.414',88.529
'0:03.418',75.318
'0:03.422',59.76
'0:03.426',41.116
'0:03.430',23.089
'0:03.434',23.336
'0:03.438',9.26
'0:03.441',-5.309
'0:03.445',-6.667
'0:03.449',-9.631
'0:03.453',-25.806
'0:03.457',-22.842
'0:03.461',-21.731
'0:03.465',-23.336
'0:03.469',-25.435
'0:03.473',-40.869
'0:03.477',-38.153
'0:03.480',-37.906
'0:03.484',-24.694
'0:03.488',-42.227
'0:03.492',-39.758
'0:03.496',-37.659
'0:03.500',-38.153
'0:03.504',-40.622
'0:03.508',-41.363
'0:03.512',-55.192
'0:03.516',-52.723
'0:03.520',-54.081
'0:03.523',-56.797
'0:03.527',-57.538
'0:03.531',-55.439
'0:03.535',-53.216
'0:03.539',-69.144
'0:03.543',-55.686
'0:03.547',-73.219
'0:03.551',-71.367
'0:03.555',-69.144
'0:03.559',-69.391
'0:03.563',-86.924
'0:03.566',-87.542
'0:03.570',-87.171
'0:03.574',-86.183
'0:03.578',-70.256
'0:03.582',-71.367
'0:03.586',-70.996
'0:03.590',-54.328
'0:03.594',-54.081
'0:03.598',-38.4
'0:03.602',-54.328
'0:03.605',-52.97
'0:03.609',-68.65
'0:03.613',-69.144
'0:03.617',-86.183
'0:03.621',-86.183
'0:03.625',-101
'0:03.629',-100.383
'0:03.633',-116.928
'0:03.637',-117.422
'0:03.641',-133.597
'0:03.645',-132.732
'0:03.648',-132.485
'0:03.652',-133.35
'0:03.656',-148.907
'0:03.660',-147.919
'0:03.664',-148.166
'0:03.668',-148.907
'0:03.672',-149.278
'0:03.676',-148.413
'0:03.680',-147.302
'0:03.684',-162.736
'0:03.688',-193.975
'0:03.691',-240.4
'0:03.695',-225.83
'0:03.699',-121.99
'0:03.703',13.335
'0:03.707',127.917
'0:03.711',173.972
'0:03.715',170.021
'0:03.719',258.674
'0:03.723',241.388
'0:03.727',302.877
'0:03.730',223.608
'0:03.734',-114.952
'0:03.738',-330.658
'0:03.742',-382.64
'0:03.746',-330.411
'0:03.750',-217.928
'0:03.754',-142.487
'0:03.758',-125.201
'0:03.762',-141.993
'0:03.766',-184.22
'0:03.770',-195.58
'0:03.773',-164.094
'0:03.777',-132.732
'0:03.781',-126.065
'0:03.785',-160.761
'0:03.789',-173.725
'0:03.793',-134.338
'0:03.797',-107.421
'0:03.801',-95.073
'0:03.805',-122.237
'0:03.809',-135.449
'0:03.813',-103.717
'0:03.816',-80.998
'0:03.820',-64.576
'0:03.824',-85.319
'0:03.828',-82.603
'0:03.832',-72.355
'0:03.836',-37.042
'0:03.840',-18.768
'0:03.844',-34.325
'0:03.848',-30.374
'0:03.852',-23.83
'0:03.855',23.089
'0:03.859',26.546
'0:03.863',31.979
'0:03.867',37.042
'0:03.871',40.622
'0:03.875',68.897
'0:03.879',73.466
'0:03.883',65.934
'0:03.887',56.427
'0:03.891',41.98
'0:03.895',51.611
'0:03.898',40.005
'0:03.902',34.325
'0:03.906',25.435
'0:03.910',9.878
'0:03.914',-12.841
'0:03.918',-7.408
'0:03.922',-29.51
'0:03.926',-53.834
'0:03.930',-54.081
'0:03.934',-78.034
'0:03.938',-88.036
'0:03.941',-107.915
'0:03.945',-132.239
'0:03.949',-165.082
'0:03.953',-173.972
'0:03.957',-185.085
'0:03.961',-188.912
'0:03.965',-211.755
'0:03.969',-227.682
'0:03.973',-237.437
'0:03.977',-233.609
'0:03.980',-252.747
'0:03.984',-258.18
'0:03.988',-258.674
'0:03.992',-269.416
'0:03.996',-265.094
'0:04.000',-267.317
'0:04.004',-272.75
'0:04.008',-273.491
'0:04.012',-268.922
'0:04.016',-280.282
'0:04.020',-281.022
'0:04.023',-286.208
'0:04.027',-288.554
'0:04.031',-284.85
'0:04.035',-280.035
'0:04.039',-279.664
'0:04.043',-283.739
'0:04.047',-286.208
'0:04.051',-283.739
'0:04.055',-279.417
'0:04.059',-278.923
'0:04.063',-297.197
'0:04.066',-299.173
'0:04.070',-298.308
'0:04.074',-295.839
'0:04.078',-294.481
'0:04.082',-311.026
'0:04.086',-312.014
'0:04.090',-327.942
'0:04.094',-326.584
'0:04.098',-310.409
'0:04.102',-311.52
'0:04.105',-326.584
'0:04.109',-324.485
'0:04.113',-309.051
'0:04.117',-295.345
'0:04.121',-295.345
'0:04.125',-276.701
'0:04.129',-259.168
'0:04.133',-259.785
'0:04.137',-260.279
'0:04.141',-260.032
'0:04.145',-274.355
'0:04.148',-273.244
'0:04.152',-274.355
'0:04.156',-275.713
'0:04.160',-290.777
'0:04.164',-288.307
'0:04.168',-303.371
'0:04.172',-304.729
'0:04.176',-322.015
'0:04.180',-321.274
'0:04.184',-319.916
'0:04.188',-319.299
'0:04.191',-319.546
'0:04.195',-335.474
'0:04.199',-319.299
'0:04.203',-319.299
'0:04.207',-318.805
'0:04.211',-317.694
'0:04.215',-317.447
'0:04.219',-317.447
'0:04.223',-333.128
'0:04.227',-378.318
'0:04.230',-408.075
'0:04.234',-364.119
'0:04.238',-277.565
'0:04.242',-200.395
'0:04.246',-112.236
'0:04.250',-85.566
'0:04.254',56.18
'0:04.258',214.965
'0:04.262',303.988
'0:04.266',399.432
'0:04.270',234.103
'0:04.273',-144.586
'0:04.277',-378.689
'0:04.281',-405.853
'0:04.285',-356.587
'0:04.289',-289.418
'0:04.293',-245.215
'0:04.297',-247.068
'0:04.301',-278.306
'0:04.305',-311.767
'0:04.309',-304.235
'0:04.313',-268.428
'0:04.316',-251.389
'0:04.320',-258.18
'0:04.324',-287.813
'0:04.328',-285.344
'0:04.332',-240.4
'0:04.336',-223.855
'0:04.340',-238.671
'0:04.344',-263.242
'0:04.348',-249.784
'0:04.352',-212.866
'0:04.355',-181.01
'0:04.359',-188.912
'0:04.363',-192.369
'0:04.367',-182.121
'0:04.371',-167.058
'0:04.375',-135.449
'0:04.379',-139.276
'0:04.383',-139.77
'0:04.387',-131.127
'0:04.391',-89.394
'0:04.395',-75.318
'0:04.398',-58.402
'0:04.402',-55.192
'0:04.406',-48.154
'0:04.410',-41.363
'0:04.414',-12.594
'0:04.418',-10.619
'0:04.422',-20.373
'0:04.426',-28.399
'0:04.430',-24.941
'0:04.434',-14.94
'0:04.438',-11.73
'0:04.441',-34.325
'0:04.445',-56.797
'0:04.449',-55.439
'0:04.453',-64.823
'0:04.457',-76.923
'0:04.461',-96.679
'0:04.465',-118.533
'0:04.469',-134.955
'0:04.473',-145.45
'0:04.477',-157.797
'0:04.480',-175.948
'0:04.484',-196.938
'0:04.488',-198.296
'0:04.492',-210.643
'0:04.496',-222.003
'0:04.500',-238.178
'0:04.504',-258.427
'0:04.508',-261.39
'0:04.512',-259.538
'0:04.516',-271.021
'0:04.520',-269.169
'0:04.523',-272.75
'0:04.527',-276.207
'0:04.531',-274.849
'0:04.535',-285.961
'0:04.539',-283.492
'0:04.543',-271.392
'0:04.547',-291.271
'0:04.551',-289.172
'0:04.555',-284.603
'0:04.559',-283.245
'0:04.563',-286.208
'0:04.566',-304.235
'0:04.570',-287.196
'0:04.574',-284.85
'0:04.578',-283.245
'0:04.582',-283.986
'0:04.586',-285.591
'0:04.590',-285.591
'0:04.594',-283.739
'0:04.598',-282.134
'0:04.602',-282.381
'0:04.605',-283.986
'0:04.609',-283.986
'0:04.613',-282.381
'0:04.617',-296.456
'0:04.621',-296.209
'0:04.625',-298.061
'0:04.629',-299.42
'0:04.633',-297.815
'0:04.637',-311.026
'0:04.641',-294.481
'0:04.645',-297.197
'0:04.648',-282.998
'0:04.652',-281.269
'0:04.656',-261.884
'0:04.660',-245.709
'0:04.664',-247.685
'0:04.668',-248.179
'0:04.672',-230.893
'0:04.676',-229.288
'0:04.680',-244.104
'0:04.684',-259.538
'0:04.688',-260.773
'0:04.691',-262.502
'0:04.695',-277.565
'0:04.699',-274.849
'0:04.703',-289.912
'0:04.707',-306.705
'0:04.711',-308.31
'0:04.715',-309.051
'0:04.719',-307.445
'0:04.723',-305.593
'0:04.727',-305.346
'0:04.730',-291.024
'0:04.734',-292.135
'0:04.738',-290.159
'0:04.742',-287.566
'0:04.746',-302.63
'0:04.750',-304.235
'0:04.754',-337.079
'0:04.758',-366.465
'0:04.762',-364.86
'0:04.766',-274.602
'0:04.770',-156.192
'0:04.773',-60.501
'0:04.777',-15.804
'0:04.781',-3.087
'0:04.785',87.542
'0:04.789',117.916
'0:04.793',208.297
'0:04.797',175.948
'0:04.801',-67.045
'0:04.805',-341.4
'0:04.809',-447.339
'0:04.813',-426.596
'0:04.816',-341.153
'0:04.820',-274.602
'0:04.824',-222.25
'0:04.828',-244.598
'0:04.832',-281.022
'0:04.836',-299.173
'0:04.840',-261.39
'0:04.844',-230.646
'0:04.848',-229.535
'0:04.852',-257.069
'0:04.855',-260.032
'0:04.859',-246.574
'0:04.863',-204.223
'0:04.867',-199.037
'0:04.871',-219.039
'0:04.875',-221.262
'0:04.879',-198.543
'0:04.883',-176.935
'0:04.887',-152.488
'0:04.891',-167.058
'0:04.895',-167.552
'0:04.898',-149.525
'0:04.902',-131.992
'0:04.906',-106.309
'0:04.910',-100.753
'0:04.914',-115.57
'0:04.918',-99.395
'0:04.922',-70.009
'0:04.926',-29.757
'0:04.930',-36.301
'0:04.934',-15.557
'0:04.938',-17.163
'0:04.941',9.26
'0:04.945',17.163
'0:04.949',29.016
'0:04.953',18.768
'0:04.957',16.792
'0:04.961',9.26
'0:04.965',16.792
'0:04.969',13.088
'0:04.973',-11.73
'0:04.977',-13.829
'0:04.980',-23.336
'0:04.984',-32.473
'0:04.988',-50.006
'0:04.992',-58.155
'0:04.996',-93.098
'0:05.000',-87.789
'0:05.004',-98.037
'0:05.008',-130.14
'0:05.012',-151.13
'0:05.016',-171.009
'0:05.020',-184.591
'0:05.023',-195.333
'0:05.027',-209.902
'0:05.031',-214.471
'0:05.035',-234.473
'0:05.039',-232.498
'0:05.043',-243.61
'0:05.047',-257.069
'0:05.051',-260.279
'0:05.055',-265.094
'0:05.059',-264.848
'0:05.063',-244.351
'0:05.066',-257.069
'0:05.070',-257.81
'0:05.074',-261.884
'0:05.078',-263.242
'0:05.082',-260.279
'0:05.086',-256.822
'0:05.090',-256.822
'0:05.094',-259.785
'0:05.098',-245.956
'0:05.102',-244.351
'0:05.105',-240.03
'0:05.109',-238.671
'0:05.113',-241.388
'0:05.117',-244.104
'0:05.121',-258.427
'0:05.125',-239.289
'0:05.129',-239.042
'0:05.133',-240.894
'0:05.137',-242.005
'0:05.141',-240.647
'0:05.145',-238.424
'0:05.148',-237.931
'0:05.152',-239.289
'0:05.156',-240.4
'0:05.160',-254.846
'0:05.164',-252.747
'0:05.168',-252.994
'0:05.172',-239.289
'0:05.176',-240.647
'0:05.180',-237.931
'0:05.184',-204.223
'0:05.188',-205.087
'0:05.191',-190.147
'0:05.195',-189.9
'0:05.199',-187.801
'0:05.203',-201.753
'0:05.207',-186.69
'0:05.211',-205.334
'0:05.215',-205.087
'0:05.219',-202.865
'0:05.223',-216.94
'0:05.227',-232.745
'0:05.230',-234.72
'0:05.234',-236.572
'0:05.238',-235.708
'0:05.242',-233.115
'0:05.246',-232.004
'0:05.250',-233.362
'0:05.254',-234.967
'0:05.258',-249.784
'0:05.262',-247.314
'0:05.266',-247.068
'0:05.270',-233.609
'0:05.273',-234.967
'0:05.277',-232.745
'0:05.281',-260.526
'0:05.285',-320.904
'0:05.289',-354.365
'0:05.293',-299.173
'0:05.297',-196.691
'0:05.301',-130.386
'0:05.305',-7.161
'0:05.309',62.106
'0:05.313',275.96
'0:05.316',405.359
'0:05.320',568.218
'0:05.324',542.536
'0:05.328',205.828
'0:05.332',-150.883
'0:05.336',-279.664
'0:05.340',-280.528
'0:05.344',-224.225
'0:05.348',-166.44
'0:05.352',-144.956
'0:05.355',-173.478
'0:05.359',-216.57
'0:05.363',-233.609
'0:05.367',-204.223
'0:05.371',-154.34
'0:05.375',-174.343
'0:05.379',-192.122
'0:05.383',-210.396
'0:05.387',-190.517
'0:05.391',-144.956
'0:05.395',-144.092
'0:05.398',-154.34
'0:05.402',-172.12
'0:05.406',-142.981
'0:05.410',-117.916
'0:05.414',-97.79
'0:05.418',-102.358
'0:05.422',-118.78
'0:05.426',-109.643
'0:05.430',-72.972
'0:05.434',-52.476
'0:05.438',-52.476
'0:05.441',-66.428
'0:05.445',-44.326
'0:05.449',-12.224
'0:05.453',8.767
'0:05.457',-2.346
'0:05.461',2.346
'0:05.465',20.373
'0:05.469',48.401
'0:05.473',54.575
'0:05.477',48.401
'0:05.480',38.4
'0:05.484',37.659
'0:05.488',30.868
'0:05.492',37.659
'0:05.496',17.41
'0:05.500',-7.161
'0:05.504',-9.26
'0:05.508',-19.015
'0:05.512',-28.399
'0:05.516',-30.374
'0:05.520',-54.081
'0:05.523',-72.108
'0:05.527',-82.603
'0:05.531',-77.787
'0:05.535',-95.567
'0:05.539',-116.558
'0:05.543',-134.091
'0:05.547',-146.314
'0:05.551',-142.981
'0:05.555',-160.02
'0:05.559',-179.158
'0:05.563',-180.516
'0:05.566',-194.468
'0:05.570',-191.505
'0:05.574',-192.122
'0:05.578',-210.396
'0:05.582',-211.014
'0:05.586',-209.656
'0:05.590',-208.297
'0:05.594',-208.05
'0:05.598',-209.038
'0:05.602',-209.656
'0:05.605',-208.791
'0:05.609',-207.433
'0:05.613',-206.939
'0:05.617',-207.68
'0:05.621',-208.297
'0:05.625',-207.68
'0:05.629',-206.692
'0:05.633',-206.075
'0:05.637',-206.692
'0:05.641',-207.186
'0:05.645',-206.692
'0:05.648',-205.828
'0:05.652',-189.653
'0:05.656',-205.828
'0:05.660',-205.087
'0:05.664',-204.717
'0:05.668',-205.087
'0:05.672',-205.334
'0:05.676',-205.087
'0:05.680',-204.223
'0:05.684',-219.039
'0:05.688',-219.039
'0:05.691',-220.151
'0:05.695',-205.334
'0:05.699',-204.717
'0:05.703',-202.371
'0:05.707',-185.578
'0:05.711',-171.873
'0:05.715',-157.55
'0:05.719',-171.379
'0:05.723',-167.305
'0:05.727',-182.615
'0:05.730',-185.578
'0:05.734',-188.542
'0:05.738',-187.554
'0:05.742',-199.407
'0:05.746',-212.619
'0:05.750',-215.212
'0:05.754',-219.904
'0:05.758',-235.461
'0:05.762',-230.893
'0:05.766',-228.423
'0:05.770',-230.893
'0:05.773',-234.473
'0:05.777',-234.103
'0:05.781',-230.399
'0:05.785',-227.929
'0:05.789',-244.969
'0:05.793',-247.685
'0:05.797',-248.673
'0:05.801',-246.574
'0:05.805',-259.538
'0:05.809',-289.665
'0:05.813',-307.198
'0:05.816',-217.928
'0:05.820',-83.22
'0:05.824',13.829
'0:05.828',90.752
'0:05.832',55.439
'0:05.836',116.558
'0:05.840',116.064
'0:05.844',172.12
'0:05.848',151.871
'0:05.852',-92.851
'0:05.855',-379.677
'0:05.859',-435.239
'0:05.863',-416.965
'0:05.867',-333.621
'0:05.871',-234.967
'0:05.875',-196.444
'0:05.879',-200.395
'0:05.883',-222.867
'0:05.887',-243.61
'0:05.891',-205.334
'0:05.895',-171.626
'0:05.898',-169.404
'0:05.902',-198.79
'0:05.906',-204.223
'0:05.910',-190.764
'0:05.914',-161.378
'0:05.918',-154.587
'0:05.922',-161.625
'0:05.926',-182.615
'0:05.930',-173.972
'0:05.934',-133.597
'0:05.938',-125.448
'0:05.941',-126.312
'0:05.945',-129.275
'0:05.949',-125.201
'0:05.953',-88.776
'0:05.957',-63.712
'0:05.961',-60.748
'0:05.965',-76.429
'0:05.969',-58.649
'0:05.973',-27.411
'0:05.977',-3.087
'0:05.980',4.198
'0:05.984',7.161
'0:05.988',7.161
'0:05.992',20.126
'0:05.996',43.586
'0:06.000',36.548
'0:06.004',25.806
'0:06.008',25.188
'0:06.012',34.696
'0:06.016',26.053
'0:06.020',21.978
'0:06.023',-3.581
'0:06.027',-5.803
'0:06.031',-14.693
'0:06.035',-23.336
'0:06.039',-41.116
'0:06.043',-49.759
'0:06.047',-69.638
'0:06.051',-79.639
'0:06.055',-88.036
'0:06.059',-104.704
'0:06.063',-128.164
'0:06.066',-148.166
'0:06.070',-144.586
'0:06.074',-154.34
'0:06.078',-153.476
'0:06.082',-159.155
'0:06.086',-178.911
'0:06.090',-175.701
'0:06.094',-186.196
'0:06.098',-185.332
'0:06.102',-190.147
'0:06.105',-193.975
'0:06.109',-191.505
'0:06.113',-186.443
'0:06.117',-184.838
'0:06.121',-203.976
'0:06.125',-206.939
'0:06.129',-206.692
'0:06.133',-203.358
'0:06.137',-185.825
'0:06.141',-187.801
'0:06.145',-189.406
'0:06.148',-188.295
'0:06.152',-186.196
'0:06.156',-185.085
'0:06.160',-186.443
'0:06.164',-172.367
'0:06.168',-172.367
'0:06.172',-169.651
'0:06.176',-167.552
'0:06.180',-168.663
'0:06.184',-171.009
'0:06.188',-171.379
'0:06.191',-169.157
'0:06.195',-167.305
'0:06.199',-167.798
'0:06.203',-185.085
'0:06.207',-169.651
'0:06.211',-169.404
'0:06.215',-167.798
'0:06.219',-166.687
'0:06.223',-167.552
'0:06.227',-137.918
'0:06.230',-123.102
'0:06.234',-120.385
'0:06.238',-116.558
'0:06.242',-131.745
'0:06.246',-134.708
'0:06.250',-137.918
'0:06.254',-136.807
'0:06.258',-148.66
'0:06.262',-146.808
'0:06.266',-149.772
'0:06.270',-168.663
'0:06.273',-167.798
'0:06.277',-164.835
'0:06.281',-163.477
'0:06.285',-165.082
'0:06.289',-182.615
'0:06.293',-181.874
'0:06.297',-164.835
'0:06.301',-164.835
'0:06.305',-164.835
'0:06.309',-164.588
'0:06.313',-164.341
'0:06.316',-179.405
'0:06.320',-179.158
'0:06.324',-226.324
'0:06.328',-272.132
'0:06.332',-242.005
'0:06.336',-154.834
'0:06.340',-64.576
'0:06.344',20.867
'0:06.348',110.631
'0:06.352',254.105
'0:06.355',386.221
'0:06.359',446.351
'0:06.363',521.793
'0:06.367',380.788
'0:06.371',14.693
'0:06.375',-228.423
'0:06.379',-278.306
'0:06.383',-245.709
'0:06.387',-173.725
'0:06.391',-136.56
'0:06.395',-117.175
'0:06.398',-153.846
'0:06.402',-185.085
'0:06.406',-186.443
'0:06.410',-158.662
'0:06.414',-123.596
'0:06.418',-136.807
'0:06.422',-161.872
'0:06.426',-165.946
'0:06.430',-145.203
'0:06.434',-112.236
'0:06.438',-120.632
'0:06.441',-140.635
'0:06.445',-130.14
'0:06.449',-115.57
'0:06.453',-84.208
'0:06.457',-72.602
'0:06.461',-88.529
'0:06.465',-78.899
'0:06.469',-67.786
'0:06.473',-39.017
'0:06.477',-40.869
'0:06.480',-37.289
'0:06.484',-44.08
'0:06.488',-20.62
'0:06.492',5.803
'0:06.496',21.731
'0:06.500',28.152
'0:06.504',38.153
'0:06.508',43.586
'0:06.512',53.463
'0:06.516',70.009
'0:06.520',61.366
'0:06.523',55.686
'0:06.527',44.573
'0:06.531',52.97
'0:06.535',52.97
'0:06.539',29.757
'0:06.543',9.878
'0:06.547',13.088
'0:06.551',2.84
'0:06.555',-11.977
'0:06.559',-16.792
'0:06.563',-37.659
'0:06.566',-51.364
'0:06.570',-45.932
'0:06.574',-61.119
'0:06.578',-80.257
'0:06.582',-99.642
'0:06.586',-114.459
'0:06.590',-111.248
'0:06.594',-126.312
'0:06.598',-128.164
'0:06.602',-146.561
'0:06.605',-145.697
'0:06.609',-159.526
'0:06.613',-158.168
'0:06.617',-175.33
'0:06.621',-177.306
'0:06.625',-177.553
'0:06.629',-175.948
'0:06.633',-174.343
'0:06.637',-174.589
'0:06.641',-175.948
'0:06.645',-176.442
'0:06.648',-175.33
'0:06.652',-173.725
'0:06.656',-158.415
'0:06.660',-159.773
'0:06.664',-159.526
'0:06.668',-157.55
'0:06.672',-156.439
'0:06.676',-157.303
'0:06.680',-158.662
'0:06.684',-158.662
'0:06.688',-157.056
'0:06.691',-155.945
'0:06.695',-156.439
'0:06.699',-157.55
'0:06.703',-157.55
'0:06.707',-156.439
'0:06.711',-170.762
'0:06.715',-170.762
'0:06.719',-172.367
'0:06.723',-158.168
'0:06.727',-157.55
'0:06.730',-154.587
'0:06.734',-137.671
'0:06.738',-139.77
'0:06.742',-125.448
'0:06.746',-124.707
'0:06.750',-121.743
'0:06.754',-135.696
'0:06.758',-137.054
'0:06.762',-155.698
'0:06.766',-155.945
'0:06.770',-169.404
'0:06.773',-182.862
'0:06.777',-199.407
'0:06.781',-217.681
'0:06.785',-219.286
'0:06.789',-234.103
'0:06.793',-231.387
'0:06.797',-231.14
'0:06.801',-233.362
'0:06.805',-249.784
'0:06.809',-232.498
'0:06.813',-231.757
'0:06.816',-231.14
'0:06.820',-231.387
'0:06.824',-232.004
'0:06.828',-231.387
'0:06.832',-261.39
'0:06.836',-291.024
'0:06.840',-292.135
'0:06.844',-188.295
'0:06.848',-53.463
'0:06.852',44.944
'0:06.855',61.119
'0:06.859',88.776
'0:06.863',142.981
'0:06.867',126.312
'0:06.871',188.789
'0:06.875',141.129
'0:06.879',-106.309
'0:06.883',-369.799
'0:06.887',-428.201
'0:06.891',-387.579
'0:06.895',-281.64
'0:06.898',-199.654
'0:06.902',-167.058
'0:06.906',-174.836
'0:06.910',-194.222
'0:06.914',-209.902
'0:06.918',-186.196
'0:06.922',-156.439
'0:06.926',-143.351
'0:06.930',-172.367
'0:06.934',-187.554
'0:06.938',-155.204
'0:06.941',-145.697
'0:06.945',-127.917
'0:06.949',-135.449
'0:06.953',-151.377
'0:06.957',-123.842
'0:06.961',-101.494
'0:06.965',-81.615
'0:06.969',-99.395
'0:06.973',-98.531
'0:06.977',-76.182
'0:06.980',-57.291
'0:06.984',-34.943
'0:06.988',-32.473
'0:06.992',-31.115
'0:06.996',-11.977
'0:07.000',4.198
'0:07.004',27.905
'0:07.008',33.337
'0:07.012',35.436
'0:07.016',36.795
'0:07.020',66.428
'0:07.023',89.394
'0:07.027',81.862
'0:07.031',70.996
'0:07.035',70.996
'0:07.039',80.751
'0:07.043',71.614
'0:07.047',67.045
'0:07.051',57.044
'0:07.055',39.264
'0:07.059',31.979
'0:07.063',38.4
'0:07.066',18.521
'0:07.070',-5.556
'0:07.074',-23.089
'0:07.078',-32.72
'0:07.082',-27.905
'0:07.086',-62.106
'0:07.090',-67.786
'0:07.094',-86.183
'0:07.098',-97.79
'0:07.102',-108.779
'0:07.105',-109.89
'0:07.109',-116.064
'0:07.113',-134.091
'0:07.117',-129.522
'0:07.121',-140.882
'0:07.125',-141.375
'0:07.129',-147.055
'0:07.133',-134.091
'0:07.137',-131.127
'0:07.141',-125.201
'0:07.145',-124.089
'0:07.148',-144.092
'0:07.152',-147.549
'0:07.156',-146.561
'0:07.160',-127.176
'0:07.164',-141.375
'0:07.168',-142.24
'0:07.172',-144.956
'0:07.176',-130.386
'0:07.180',-128.781
'0:07.184',-125.201
'0:07.188',-109.026
'0:07.191',-127.67
'0:07.195',-112.853
'0:07.199',-111.989
'0:07.203',-109.643
'0:07.207',-123.842
'0:07.211',-124.954
'0:07.215',-127.67
'0:07.219',-112.853
'0:07.223',-126.559
'0:07.227',-122.855
'0:07.230',-123.349
'0:07.234',-111.495
'0:07.238',-98.037
'0:07.242',-110.631
'0:07.246',-89.888
'0:07.250',-74.824
'0:07.254',-79.393
'0:07.258',-65.07
'0:07.262',-46.549
'0:07.266',-42.721
'0:07.270',-57.044
'0:07.273',-75.071
'0:07.277',-93.715
'0:07.281',-94.209
'0:07.285',-92.604
'0:07.289',-106.309
'0:07.293',-106.309
'0:07.297',-108.779
'0:07.301',-125.818
'0:07.305',-123.842
'0:07.309',-122.484
'0:07.313',-122.855
'0:07.316',-124.46
'0:07.320',-124.954
'0:07.324',-108.285
'0:07.328',-122.484
'0:07.332',-106.062
'0:07.336',-107.668
'0:07.340',-108.285
'0:07.344',-138.165
'0:07.348',-166.44
'0:07.352',-198.296
'0:07.355',-125.201
'0:07.359',-23.583
'0:07.363',56.797
'0:07.367',147.919
'0:07.371',204.47
'0:07.375',326.09
'0:07.379',361.65
'0:07.383',426.349
'0:07.387',439.56
'0:07.391',218.175
'0:07.395',-120.632
'0:07.398',-247.068
'0:07.402',-251.883
'0:07.406',-190.517
'0:07.410',-89.641
'0:07.414',-55.933
'0:07.418',-65.07
'0:07.422',-91.493
'0:07.426',-115.57
'0:07.430',-106.68
'0:07.434',-78.528
'0:07.438',-52.97
'0:07.441',-72.972
'0:07.445',-93.468
'0:07.449',-88.529
'0:07.453',-66.181
'0:07.457',-40.869
'0:07.461',-55.439
'0:07.465',-57.044
'0:07.469',-55.439
'0:07.473',-37.042
'0:07.477',-11.236
'0:07.480',-21.978
'0:07.484',-21.731
'0:07.488',-6.667
'0:07.492',7.902
'0:07.496',34.325
'0:07.500',42.968
'0:07.504',29.263
'0:07.508',43.215
'0:07.512',70.009
'0:07.516',94.703
'0:07.520',90.999
'0:07.523',96.679
'0:07.527',108.779
'0:07.531',116.064
'0:07.535',140.635
'0:07.539',139.03
'0:07.543',130.88
'0:07.547',126.559
'0:07.551',131.374
'0:07.555',122.855
'0:07.559',122.855
'0:07.563',115.57
'0:07.566',94.703
'0:07.570',83.22
'0:07.574',89.641
'0:07.578',73.466
'0:07.582',51.858
'0:07.586',47.907
'0:07.590',49.512
'0:07.594',23.336
'0:07.598',10.372
'0:07.602',5.556
'0:07.605',-16.545
'0:07.609',-31.362
'0:07.613',-25.806
'0:07.617',-39.264
'0:07.621',-58.155
'0:07.625',-62.971
'0:07.629',-79.393
'0:07.633',-90.505
'0:07.637',-87.542
'0:07.641',-90.752
'0:07.645',-95.32
'0:07.648',-110.631
'0:07.652',-90.505
'0:07.656',-104.21
'0:07.660',-90.505
'0:07.664',-109.89
'0:07.668',-93.962
'0:07.672',-106.68
'0:07.676',-103.717
'0:07.680',-105.569
'0:07.684',-93.715
'0:07.688',-110.137
'0:07.691',-90.135
'0:07.695',-103.346
'0:07.699',-104.21
'0:07.703',-107.915
'0:07.707',-109.643
'0:07.711',-91.493
'0:07.715',-88.529
'0:07.719',-88.036
'0:07.723',-89.888
'0:07.727',-91.74
'0:07.730',-90.999
'0:07.734',-104.21
'0:07.738',-118.163
'0:07.742',-120.138
'0:07.746',-108.285
'0:07.750',-93.715
'0:07.754',-74.577
'0:07.758',-55.192
'0:07.762',-54.822
'0:07.766',-57.291
'0:07.770',-27.905
'0:07.773',-12.224
'0:07.777',-8.52
'0:07.781',-5.309
'0:07.785',-21.978
'0:07.789',-71.614
'0:07.793',-103.346
'0:07.797',-119.027
'0:07.801',-135.449
'0:07.805',-152.241
'0:07.809',-152.488
'0:07.813',-168.045
'0:07.816',-167.305
'0:07.820',-167.552
'0:07.824',-168.416
'0:07.828',-168.416
'0:07.832',-151.871
'0:07.836',-136.313
'0:07.840',-135.696
'0:07.844',-150.019
'0:07.848',-148.907
'0:07.852',-165.946
'0:07.855',-167.305
'0:07.859',-183.232
'0:07.863',-196.938
'0:07.867',-149.772
'0:07.871',-14.199
'0:07.875',90.999
'0:07.879',177.306
'0:07.883',161.131
'0:07.887',184.591
'0:07.891',188.542
'0:07.895',189.653
'0:07.898',222.497
'0:07.902',67.292
'0:07.906',-211.261
'0:07.910',-359.551
'0:07.914',-351.648
'0:07.918',-287.196
'0:07.922',-160.514
'0:07.926',-86.924
'0:07.930',-68.897
'0:07.934',-109.273
'0:07.938',-157.056
'0:07.941',-140.017
'0:07.945',-110.631
'0:07.949',-76.429
'0:07.953',-75.935
'0:07.957',-102.358
'0:07.961',-103.963
'0:07.965',-65.317
'0:07.969',-49.142
'0:07.973',-58.649
'0:07.977',-64.329
'0:07.980',-69.391
'0:07.984',-52.229
'0:07.988',-5.309
'0:07.992',3.951
'0:07.996',-13.088
'0:08.000',-16.792
'0:08.004',-3.951
'0:08.008',23.583
'0:08.012',34.325
'0:08.016',20.867
'0:08.020',48.648
'0:08.023',73.466
'0:08.027',115.199
'0:08.031',129.275
'0:08.035',120.385
'0:08.039',116.928
'0:08.043',138.165
'0:08.047',144.586
'0:08.051',159.773
'0:08.055',153.229
'0:08.059',150.019
'0:08.063',154.093
'0:08.066',159.155
'0:08.070',143.228
'0:08.074',138.412
'0:08.078',134.338
'0:08.082',120.632
'0:08.086',125.818
'0:08.090',126.065
'0:08.094',106.062
'0:08.098',102.852
'0:08.102',72.972
'0:08.105',77.293
'0:08.109',61.119
'0:08.113',41.61
'0:08.117',39.017
'0:08.121',39.511
'0:08.125',11.483
'0:08.129',-1.729
'0:08.133',-20.62
'0:08.137',-40.869
'0:08.141',-41.61
'0:08.145',-39.017
'0:08.148',-36.301
'0:08.152',-37.042
'0:08.156',-55.439
'0:08.160',-56.18
'0:08.164',-39.758
'0:08.168',-54.081
'0:08.172',-37.289
'0:08.176',-39.017
'0:08.180',-40.005
'0:08.184',-39.017
'0:08.188',-21.978
'0:08.191',-6.914
'0:08.195',-7.655
'0:08.199',-21.978
'0:08.203',-20.373
'0:08.207',-21.484
'0:08.211',-7.902
'0:08.215',-24.447
'0:08.219',-36.795
'0:08.223',-50.006
'0:08.227',-52.476
'0:08.230',-56.797
'0:08.234',-57.538
'0:08.238',-54.081
'0:08.242',-35.19
'0:08.246',-52.476
'0:08.250',-54.822
'0:08.254',-55.933
'0:08.258',-39.017
'0:08.262',-37.289
'0:08.266',-36.301
'0:08.270',-6.297
'0:08.273',37.659
'0:08.277',38.153
'0:08.281',13.335
'0:08.285',32.967
'0:08.289',11.73
'0:08.293',-9.631
'0:08.297',-9.013
'0:08.301',-4.198
'0:08.305',13.582
'0:08.309',-4.939
'0:08.313',-23.089
'0:08.316',-38.153
'0:08.320',-36.301
'0:08.324',-36.548
'0:08.328',-53.834
'0:08.332',-38.647
'0:08.336',-39.017
'0:08.340',-21.978
'0:08.344',-21.114
'0:08.348',-20.867
'0:08.352',-36.795
'0:08.355',-37.042
'0:08.359',-37.659
'0:08.363',-22.472
'0:08.367',-37.906
'0:08.371',-82.109
'0:08.375',-111.742
'0:08.379',-69.144
'0:08.383',31.732
'0:08.387',123.596
'0:08.391',197.802
'0:08.395',288.554
'0:08.398',443.018
'0:08.402',524.509
'0:08.406',603.161
'0:08.410',680.825
'0:08.414',508.087
'0:08.418',124.954
'0:08.422',-89.888
'0:08.426',-95.814
'0:08.430',-61.119
'0:08.434',17.657
'0:08.438',57.044
'0:08.441',71.367
'0:08.445',44.573
'0:08.449',13.582
'0:08.453',18.521
'0:08.457',50.006
'0:08.461',81.245
'0:08.465',77.54
'0:08.469',51.117
'0:08.473',68.28
'0:08.477',124.089
'0:08.480',123.349
'0:08.484',97.172
'0:08.488',75.935
'0:08.492',70.503
'0:08.496',101.988
'0:08.500',132.485
'0:08.504',143.228
'0:08.508',142.487
'0:08.512',137.054
'0:08.516',164.835
'0:08.520',192.616
'0:08.523',205.334
'0:08.527',208.05
'0:08.531',218.545
'0:08.535',242.746
'0:08.539',269.169
'0:08.543',283.739
'0:08.547',289.418
'0:08.551',299.42
'0:08.555',320.904
'0:08.559',330.164
'0:08.563',346.833
'0:08.566',338.19
'0:08.570',332.263
'0:08.574',336.091
'0:08.578',343.376
'0:08.582',344.364
'0:08.586',337.696
'0:08.590',332.016
'0:08.594',318.805
'0:08.598',325.225
'0:08.602',325.843
'0:08.605',304.482
'0:08.609',299.914
'0:08.613',285.591
'0:08.617',275.096
'0:08.621',275.96
'0:08.625',255.217
'0:08.629',235.461
'0:08.633',236.572
'0:08.637',239.536
'0:08.641',224.966
'0:08.645',222.867
'0:08.648',203.729
'0:08.652',203.358
'0:08.656',189.9
'0:08.660',206.692
'0:08.664',204.223
'0:08.668',202
'0:08.672',202.865
'0:08.676',220.398
'0:08.680',205.087
'0:08.684',219.904
'0:08.688',217.434
'0:08.691',217.434
'0:08.695',234.967
'0:08.699',235.214
'0:08.703',234.72
'0:08.707',249.29
'0:08.711',232.745
'0:08.715',234.35
'0:08.719',234.967
'0:08.723',248.673
'0:08.727',277.565
'0:08.730',292.876
'0:08.734',281.269
'0:08.738',254.105
'0:08.742',252.253
'0:08.746',260.279
'0:08.750',256.575
'0:08.754',277.318
'0:08.758',267.811
'0:08.762',252.747
'0:08.766',261.884
'0:08.770',270.774
'0:08.773',288.307
'0:08.777',296.209
'0:08.781',315.595
'0:08.785',325.596
'0:08.789',334.115
'0:08.793',350.661
'0:08.797',357.945
'0:08.801',362.514
'0:08.805',358.192
'0:08.809',350.908
'0:08.813',349.549
'0:08.816',354.982
'0:08.820',359.18
'0:08.824',341.153
'0:08.828',350.908
'0:08.832',332.016
'0:08.836',336.585
'0:08.840',340.659
'0:08.844',354.365
'0:08.848',348.438
'0:08.852',347.08
'0:08.855',351.154
'0:08.859',354.612
'0:08.863',352.76
'0:08.867',363.255
'0:08.871',360.909
'0:08.875',364.613
'0:08.879',353.253
'0:08.883',321.768
'0:08.887',316.582
'0:08.891',419.064
'0:08.895',540.437
'0:08.898',610.199
'0:08.902',671.194
'0:08.906',691.32
'0:08.910',806.766
'0:08.914',825.04
'0:08.918',862.823
'0:08.922',910.606
'0:08.926',730.214
'0:08.930',384.862
'0:08.934',231.757
'0:08.938',265.959
'0:08.941',341.153
'0:08.945',418.57
'0:08.949',465.737
'0:08.953',475.491
'0:08.957',453.266
'0:08.961',429.312
'0:08.965',433.634
'0:08.969',473.515
'0:08.973',499.444
'0:08.977',515.002
'0:08.980',495.123
'0:08.984',498.086
'0:08.988',517.718
'0:08.992',527.226
'0:08.996',529.942
'0:09.000',527.226
'0:09.004',527.473
'0:09.008',544.759
'0:09.012',570.317
'0:09.016',560.069
'0:09.020',575.133
'0:09.023',573.281
'0:09.027',603.531
'0:09.031',629.09
'0:09.035',637.486
'0:09.039',639.091
'0:09.043',651.685
'0:09.047',678.479
'0:09.051',703.297
'0:09.055',714.533
'0:09.059',703.297
'0:09.063',715.15
'0:09.066',737.745
'0:09.070',760.711
'0:09.074',774.417
'0:09.078',781.455
'0:09.082',762.069
'0:09.086',767.996
'0:09.090',773.058
'0:09.094',754.785
'0:09.098',732.066
'0:09.102',728.362
'0:09.105',715.15
'0:09.109',719.472
'0:09.113',687.122
'0:09.117',682.183
'0:09.121',661.687
'0:09.125',646.87
'0:09.129',635.017
'0:09.133',619.706
'0:09.137',599.457
'0:09.141',594.641
'0:09.145',578.466
'0:09.148',566.86
'0:09.152',568.218
'0:09.156',563.897
'0:09.160',543.4
'0:09.164',528.831
'0:09.168',532.041
'0:09.172',516.36
'0:09.176',512.903
'0:09.180',508.828
'0:09.184',508.828
'0:09.188',512.039
'0:09.191',513.15
'0:09.195',510.433
'0:09.199',506.976
'0:09.203',506.729
'0:09.207',508.828
'0:09.211',510.186
'0:09.215',508.334
'0:09.219',505.124
'0:09.223',504.26
'0:09.227',505.865
'0:09.230',507.223
'0:09.234',505.865
'0:09.238',487.838
'0:09.242',502.408
'0:09.246',502.161
'0:09.250',487.838
'0:09.254',488.332
'0:09.258',470.799
'0:09.262',468.453
'0:09.266',467.342
'0:09.270',483.516
'0:09.273',468.7
'0:09.277',453.883
'0:09.281',452.278
'0:09.285',464.378
'0:09.289',477.837
'0:09.293',480.059
'0:09.297',483.763
'0:09.301',514.508
'0:09.305',509.446
'0:09.309',508.334
'0:09.313',511.298
'0:09.316',514.014
'0:09.320',512.039
'0:09.324',492.406
'0:09.328',491.048
'0:09.332',492.406
'0:09.336',478.454
'0:09.340',462.279
'0:09.344',459.192
'0:09.348',440.672
'0:09.352',441.166
'0:09.355',442.524
'0:09.359',442.524
'0:09.363',425.238
'0:09.367',423.879
'0:09.371',423.139
'0:09.375',423.139
'0:09.379',423.633
'0:09.383',423.139
'0:09.387',422.027
'0:09.391',405.606
'0:09.395',406.1
'0:09.398',358.933
'0:09.402',312.878
'0:09.406',341.4
'0:09.410',443.018
'0:09.414',517.224
'0:09.418',604.025
'0:09.422',662.551
'0:09.426',835.288
'0:09.430',963.082
'0:09.434',1038.647
'0:09.438',1148.043
'0:09.441',1008.396
'0:09.445',611.31
'0:09.449',335.72
'0:09.453',298.308
'0:09.457',326.83
'0:09.461',399.432
'0:09.465',439.807
'0:09.469',444.993
'0:09.473',420.669
'0:09.477',384.615
'0:09.480',383.01
'0:09.484',414.496
'0:09.488',436.35
'0:09.492',435.856
'0:09.496',404.741
'0:09.500',399.926
'0:09.504',424.744
'0:09.508',444.993
'0:09.512',434.498
'0:09.516',408.569
'0:09.520',416.348
'0:09.523',434.498
'0:09.527',468.947
'0:09.531',463.884
'0:09.535',443.635
'0:09.539',449.809
'0:09.543',461.909
'0:09.547',494.012
'0:09.551',508.087
'0:09.555',507.47
'0:09.559',498.58
'0:09.563',523.398
'0:09.566',536.856
'0:09.570',568.218
'0:09.574',554.636
'0:09.578',562.539
'0:09.582',568.959
'0:09.586',596.246
'0:09.590',596.493
'0:09.594',586.492
'0:09.598',578.96
'0:09.602',582.418
'0:09.605',575.503
'0:09.609',577.355
'0:09.613',568.959
'0:09.617',545.499
'0:09.621',532.288
'0:09.625',509.075
'0:09.629',510.433
'0:09.633',486.233
'0:09.637',463.267
'0:09.641',449.809
'0:09.645',425.855
'0:09.648',412.026
'0:09.652',388.937
'0:09.656',365.477
'0:09.660',335.474
'0:09.664',327.201
'0:09.668',312.878
'0:09.672',290.53
'0:09.676',268.428
'0:09.680',253.859
'0:09.684',243.857
'0:09.688',245.709
'0:09.691',224.719
'0:09.695',235.214
'0:09.699',219.533
'0:09.703',225.46
'0:09.707',227.929
'0:09.711',223.855
'0:09.715',218.545
'0:09.719',218.792
'0:09.723',223.361
'0:09.727',210.396
'0:09.730',208.05
'0:09.734',202.618
'0:09.738',185.578
'0:09.742',189.9
'0:09.746',192.616
'0:09.750',190.147
'0:09.754',185.825
'0:09.758',185.085
'0:09.762',188.295
'0:09.766',175.33
'0:09.770',174.343
'0:09.773',169.651
'0:09.777',167.552
'0:09.781',170.268
'0:09.785',158.168
'0:09.789',142.734
'0:09.793',138.659
'0:09.797',165.453
'0:09.801',165.699
'0:09.805',171.626
'0:09.809',175.083
'0:09.813',187.184
'0:09.816',181.01
'0:09.820',181.01
'0:09.824',186.69
'0:09.828',189.9
'0:09.832',171.379
'0:09.836',166.44
'0:09.840',164.835
'0:09.844',152.735
'0:09.848',156.439
'0:09.852',139.03
'0:09.855',119.027
'0:09.859',116.928
'0:09.863',102.852
'0:09.867',106.062
'0:09.871',105.569
'0:09.875',101.988
'0:09.879',100.136
'0:09.883',101.988
'0:09.887',89.394
'0:09.891',89.641
'0:09.895',86.183
'0:09.898',83.467
'0:09.902',84.825
'0:09.906',72.602
'0:09.910',27.658
'0:09.914',-5.556
'0:09.918',19.756
'0:09.922',138.659
'0:09.926',216.94
'0:09.930',321.768
'0:09.934',362.761
'0:09.938',502.902
'0:09.941',600.568
'0:09.945',661.44
'0:09.949',753.92
'0:09.953',612.174
'0:09.957',245.215
'0:09.961',32.72
'0:09.965',13.335
'0:09.969',47.043
'0:09.973',122.237
'0:09.977',160.02
'0:09.980',161.131
'0:09.984',137.301
'0:09.988',89.888
'0:09.992',106.927
'0:09.996',135.449
'0:10.000',153.476
'0:10.004',139.03
'0:10.008',112.606
'0:10.012',108.779
'0:10.016',145.944
'0:10.020',147.549
'0:10.023',155.204
'0:10.027',132.732
'0:10.031',141.993
'0:10.035',142.487
'0:10.039',175.33
'0:10.043',170.268
'0:10.047',151.871
'0:10.051',159.773
'0:10.055',171.379
'0:10.059',202
'0:10.063',216.323
'0:10.066',201.753
'0:10.070',209.902
'0:10.074',217.928
'0:10.078',246.327
'0:10.082',261.637
'0:10.086',265.959
'0:10.090',258.921
'0:10.094',265.959
'0:10.098',276.207
'0:10.102',276.454
'0:10.105',266.453
'0:10.109',259.785
'0:10.113',264.107
'0:10.117',257.316
'0:10.121',243.61
'0:10.125',220.151
'0:10.129',212.248
'0:10.133',197.802
'0:10.137',190.147
'0:10.141',178.047
'0:10.145',156.439
'0:10.148',148.413
'0:10.152',116.558
'0:10.156',108.532
'0:10.160',96.679
'0:10.164',75.935
'0:10.168',37.289
'0:10.172',36.795
'0:10.176',25.806
'0:10.180',13.829
'0:10.184',-3.951
'0:10.188',-25.188
'0:10.191',-42.721
'0:10.195',-39.758
'0:10.199',-52.229
'0:10.203',-52.723
'0:10.207',-57.044
'0:10.211',-59.143
'0:10.215',-71.861
'0:10.219',-67.786
'0:10.223',-68.65
'0:10.227',-88.283
'0:10.230',-89.641
'0:10.234',-88.036
'0:10.238',-85.319
'0:10.242',-85.319
'0:10.246',-87.542
'0:10.250',-88.776
'0:10.254',-87.789
'0:10.258',-85.319
'0:10.262',-100.383
'0:10.266',-101.741
'0:10.270',-103.963
'0:10.273',-119.521
'0:10.277',-117.175
'0:10.281',-116.311
'0:10.285',-133.35
'0:10.289',-134.708
'0:10.293',-134.955
'0:10.297',-133.844
'0:10.301',-148.166
'0:10.305',-147.919
'0:10.309',-134.091
'0:10.313',-136.066
'0:10.316',-133.844
'0:10.320',-130.88
'0:10.324',-115.199
'0:10.328',-117.916
'0:10.332',-103.346
'0:10.336',-101.494
'0:10.340',-113.594
'0:10.344',-128.164
'0:10.348',-131.127
'0:10.352',-135.202
'0:10.355',-150.019
'0:10.359',-161.131
'0:10.363',-159.155
'0:10.367',-178.664
'0:10.371',-182.121
'0:10.375',-197.185
'0:10.379',-193.11
'0:10.383',-206.939
'0:10.387',-209.285
'0:10.391',-213.113
'0:10.395',-213.113
'0:10.398',-209.285
'0:10.402',-206.692
'0:10.406',-208.05
'0:10.410',-226.571
'0:10.414',-226.571
'0:10.418',-224.719
'0:10.422',-254.105
'0:10.426',-284.603
'0:10.430',-286.949
'0:10.434',-167.552
'0:10.438',-47.537
'0:10.441',37.659
'0:10.445',53.834
'0:10.449',62.724
'0:10.453',130.88
'0:10.457',114.459
'0:10.461',179.652
'0:10.465',118.163
'0:10.469',-176.688
'0:10.473',-396.222
'0:10.477',-428.818
'0:10.480',-401.778
'0:10.484',-302.877
'0:10.488',-232.745
'0:10.492',-206.939
'0:10.496',-223.114
'0:10.500',-272.997
'0:10.504',-279.17
'0:10.508',-237.066
'0:10.512',-214.224
'0:10.516',-222.497
'0:10.520',-248.426
'0:10.523',-257.563
'0:10.527',-239.289
'0:10.531',-203.111
'0:10.535',-206.939
'0:10.539',-226.818
'0:10.543',-236.079
'0:10.547',-207.68
'0:10.551',-191.258
'0:10.555',-190.764
'0:10.559',-190.147
'0:10.563',-200.148
'0:10.566',-191.876
'0:10.570',-161.378
'0:10.574',-144.092
'0:10.578',-155.945
'0:10.582',-148.166
'0:10.586',-142.487
'0:10.590',-114.952
'0:10.594',-112.606
'0:10.598',-105.322
'0:10.602',-97.79
'0:10.605',-94.456
'0:10.609',-83.467
'0:10.613',-64.329
'0:10.617',-71.861
'0:10.621',-79.393
'0:10.625',-76.676
'0:10.629',-68.404
'0:10.633',-80.504
'0:10.637',-101
'0:10.641',-107.915
'0:10.645',-124.46
'0:10.648',-133.35
'0:10.652',-129.028
'0:10.656',-164.094
'0:10.660',-185.085
'0:10.664',-202.371
'0:10.668',-213.977
'0:10.672',-226.077
'0:10.676',-243.363
'0:10.680',-263.489
'0:10.684',-280.775
'0:10.688',-293.493
'0:10.691',-305.84
'0:10.695',-322.262
'0:10.699',-326.09
'0:10.703',-343.87
'0:10.707',-356.587
'0:10.711',-353.007
'0:10.715',-353.871
'0:10.719',-372.762
'0:10.723',-373.256
'0:10.727',-371.157
'0:10.730',-368.934
'0:10.734',-368.934
'0:10.738',-370.54
'0:10.742',-371.157
'0:10.746',-369.428
'0:10.750',-383.01
'0:10.754',-382.146
'0:10.758',-384.368
'0:10.762',-385.974
'0:10.766',-384.368
'0:10.770',-381.652
'0:10.773',-380.541
'0:10.777',-381.899
'0:10.781',-383.504
'0:10.785',-382.393
'0:10.789',-380.047
'0:10.793',-363.502
'0:10.797',-380.294
'0:10.801',-380.294
'0:10.805',-379.43
'0:10.809',-378.689
'0:10.813',-378.318
'0:10.816',-378.318
'0:10.820',-393.752
'0:10.824',-392.641
'0:10.828',-392.888
'0:10.832',-377.824
'0:10.836',-378.071
'0:10.840',-375.972
'0:10.844',-358.439
'0:10.848',-343.87
'0:10.852',-344.734
'0:10.855',-327.695
'0:10.859',-325.843
'0:10.863',-339.795
'0:10.867',-355.229
'0:10.871',-356.834
'0:10.875',-358.686
'0:10.879',-373.256
'0:10.883',-370.293
'0:10.887',-369.799
'0:10.891',-387.332
'0:10.895',-388.073
'0:10.898',-402.889
'0:10.902',-400.79
'0:10.906',-400.79
'0:10.910',-402.148
'0:10.914',-402.642
'0:10.918',-401.037
'0:10.922',-383.751
'0:10.926',-383.751
'0:10.930',-383.751
'0:10.934',-398.815
'0:10.938',-397.58
'0:10.941',-413.137
'0:10.945',-444.746
'0:10.949',-475.12
'0:10.953',-398.568
'0:10.957',-295.098
'0:10.961',-216.94
'0:10.965',-143.351
'0:10.969',-116.928
'0:10.973',23.089
'0:10.977',88.283
'0:10.980',165.453
'0:10.984',211.261
'0:10.988',40.622
'0:10.992',-326.584
'0:10.996',-512.039
'0:11.000',-518.583
'0:11.004',-464.625
'0:11.008',-382.393
'0:11.012',-343.005
'0:11.016',-346.339
'0:11.020',-374.12
'0:11.023',-403.754
'0:11.027',-396.963
'0:11.031',-364.86
'0:11.035',-334.115
'0:11.039',-354.118
'0:11.043',-379.183
'0:11.047',-376.713
'0:11.051',-351.401
'0:11.055',-337.079
'0:11.059',-334.98
'0:11.063',-357.081
'0:11.066',-357.081
'0:11.070',-321.274
'0:11.074',-307.692
'0:11.078',-301.025
'0:11.082',-318.805
'0:11.086',-305.593
'0:11.090',-274.849
'0:11.094',-261.884
'0:11.098',-250.648
'0:11.102',-249.784
'0:11.105',-254.352
'0:11.109',-226.818
'0:11.113',-199.654
'0:11.117',-186.443
'0:11.121',-182.368
'0:11.125',-171.379
'0:11.129',-162.489
'0:11.133',-136.066
'0:11.137',-137.301
'0:11.141',-146.808
'0:11.145',-167.058
'0:11.148',-160.761
'0:11.152',-153.229
'0:11.156',-169.404
'0:11.160',-176.195
'0:11.164',-196.444
'0:11.168',-192.616
'0:11.172',-202.124
'0:11.176',-216.57
'0:11.180',-237.437
'0:11.184',-257.563
'0:11.188',-271.638
'0:11.191',-282.381
'0:11.195',-296.456
'0:11.199',-315.595
'0:11.203',-350.908
'0:11.207',-365.477
'0:11.211',-362.514
'0:11.215',-377.577
'0:11.219',-379.183
'0:11.223',-396.716
'0:11.227',-411.038
'0:11.230',-408.569
'0:11.234',-408.816
'0:11.238',-426.102
'0:11.242',-426.102
'0:11.246',-409.68
'0:11.250',-424.497
'0:11.254',-422.645
'0:11.258',-422.892
'0:11.262',-423.879
'0:11.266',-423.879
'0:11.270',-422.645
'0:11.273',-420.669
'0:11.277',-405.359
'0:11.281',-422.027
'0:11.285',-405.359
'0:11.289',-404.494
'0:11.293',-418.817
'0:11.297',-417.706
'0:11.301',-403.754
'0:11.305',-405.112
'0:11.309',-403.136
'0:11.313',-415.607
'0:11.316',-398.815
'0:11.320',-402.148
'0:11.324',-403.507
'0:11.328',-401.037
'0:11.332',-397.58
'0:11.336',-412.644
'0:11.340',-414.496
'0:11.344',-416.965
'0:11.348',-416.101
'0:11.352',-412.89
'0:11.355',-426.349
'0:11.359',-427.213
'0:11.363',-414.743
'0:11.367',-400.173
'0:11.371',-396.963
'0:11.375',-376.713
'0:11.379',-361.156
'0:11.383',-364.366
'0:11.387',-364.613
'0:11.391',-361.65
'0:11.395',-358.686
'0:11.398',-359.18
'0:11.402',-361.897
'0:11.406',-362.514
'0:11.410',-375.725
'0:11.414',-388.073
'0:11.418',-388.566
'0:11.422',-407.705
'0:11.426',-408.816
'0:11.430',-406.717
'0:11.434',-403.754
'0:11.438',-403.507
'0:11.441',-420.669
'0:11.445',-405.853
'0:11.449',-421.287
'0:11.453',-402.889
'0:11.457',-417.706
'0:11.461',-417.706
'0:11.465',-419.064
'0:11.469',-419.311
'0:11.473',-433.14
'0:11.477',-461.909
'0:11.480',-446.351
'0:11.484',-342.511
'0:11.488',-254.105
'0:11.492',-184.591
'0:11.496',-170.021
'0:11.500',-116.064
'0:11.504',-2.593
'0:11.508',0.123
'0:11.512',102.852
'0:11.516',73.466
'0:11.520',-209.656
'0:11.523',-476.232
'0:11.527',-565.996
'0:11.531',-521.299
'0:11.535',-430.177
'0:11.539',-366.218
'0:11.543',-336.585
'0:11.547',-344.981
'0:11.551',-377.331
'0:11.555',-389.925
'0:11.559',-367.823
'0:11.563',-341.4
'0:11.566',-328.806
'0:11.570',-354.982
'0:11.574',-352.266
'0:11.578',-336.338
'0:11.582',-312.878
'0:11.586',-296.209
'0:11.590',-317.2
'0:11.594',-330.411
'0:11.598',-303.371
'0:11.602',-284.233
'0:11.605',-265.094
'0:11.609',-265.094
'0:11.613',-277.565
'0:11.617',-254.105
'0:11.621',-237.684
'0:11.625',-202.124
'0:11.629',-214.718
'0:11.633',-209.038
'0:11.637',-172.984
'0:11.641',-144.586
'0:11.645',-123.349
'0:11.648',-130.386
'0:11.652',-123.596
'0:11.656',-107.421
'0:11.660',-82.85
'0:11.664',-61.119
'0:11.668',-64.576
'0:11.672',-55.933
'0:11.676',-72.972
'0:11.680',-65.934
'0:11.684',-45.685
'0:11.688',-64.823
'0:11.691',-70.009
'0:11.695',-86.43
'0:11.699',-81.862
'0:11.703',-94.456
'0:11.707',-111.742
'0:11.711',-131.745
'0:11.715',-148.907
'0:11.719',-146.561
'0:11.723',-175.33
'0:11.727',-190.517
'0:11.730',-209.285
'0:11.734',-227.929
'0:11.738',-242.499
'0:11.742',-239.783
'0:11.746',-254.846
'0:11.750',-256.822
'0:11.754',-258.921
'0:11.758',-258.427
'0:11.762',-271.021
'0:11.766',-269.169
'0:11.770',-271.021
'0:11.773',-273.984
'0:11.777',-273.737
'0:11.781',-270.527
'0:11.785',-252.994
'0:11.789',-270.033
'0:11.793',-255.711
'0:11.797',-271.638
'0:11.801',-253.612
'0:11.805',-252.747
'0:11.809',-252.994
'0:11.813',-253.859
'0:11.816',-253.612
'0:11.820',-252.253
'0:11.824',-251.636
'0:11.828',-251.636
'0:11.832',-252.253
'0:11.836',-252.253
'0:11.840',-251.142
'0:11.844',-250.278
'0:11.848',-234.967
'0:11.852',-235.708
'0:11.855',-234.967
'0:11.859',-233.115
'0:11.863',-232.498
'0:11.867',-248.92
'0:11.871',-249.537
'0:11.875',-249.537
'0:11.879',-249.29
'0:11.883',-263.86
'0:11.887',-262.995
'0:11.891',-264.107
'0:11.895',-249.784
'0:11.898',-234.103
'0:11.902',-247.314
'0:11.906',-228.423
'0:11.910',-199.037
'0:11.914',-202.371
'0:11.918',-200.395
'0:11.922',-195.827
'0:11.926',-194.468
'0:11.930',-212.866
'0:11.934',-215.582
'0:11.938',-215.212
'0:11.941',-212.619
'0:11.945',-226.324
'0:11.949',-226.818
'0:11.953',-245.215
'0:11.957',-245.956
'0:11.961',-260.032
'0:11.965',-257.563
'0:11.969',-258.427
'0:11.973',-275.96
'0:11.977',-260.526
'0:11.980',-260.032
'0:11.984',-273.244
'0:11.988',-256.204
'0:11.992',-258.674
'0:11.996',-260.032
'0:12.000',-258.427
'0:12.004',-255.711
'0:12.008',-301.519
'0:12.012',-348.191
'0:12.016',-320.163
'0:12.020',-233.115
'0:12.023',-141.129
'0:12.027',-70.009
'0:12.031',-26.3
'0:12.035',100.753
'0:12.039',213.607
'0:12.043',240.647
'0:12.047',348.932
'0:12.051',223.361
'0:12.055',-141.993
'0:12.059',-383.504
'0:12.063',-417.212
'0:12.066',-354.982
'0:12.070',-268.428
'0:12.074',-228.794
'0:12.078',-220.891
'0:12.082',-241.388
'0:12.086',-277.318
'0:12.090',-281.022
'0:12.094',-234.967
'0:12.098',-211.508
'0:12.102',-223.114
'0:12.105',-236.572
'0:12.109',-244.598
'0:12.113',-221.756
'0:12.117',-183.726
'0:12.121',-190.517
'0:12.125',-198.543
'0:12.129',-207.68
'0:12.133',-175.083
'0:12.137',-140.264
'0:12.141',-142.487
'0:12.145',-145.203
'0:12.148',-139.523
'0:12.152',-112.853
'0:12.156',-95.567
'0:12.160',-78.034
'0:12.164',-77.54
'0:12.168',-57.291
'0:12.172',-34.696
'0:12.176',-2.593
'0:12.180',17.657
'0:12.184',21.978
'0:12.188',26.3
'0:12.191',30.374
'0:12.195',59.76
'0:12.199',64.576
'0:12.203',71.367
'0:12.207',60.748
'0:12.211',63.218
'0:12.215',58.649
'0:12.219',64.082
'0:12.223',56.18
'0:12.227',30.621
'0:12.230',16.298
'0:12.234',10.125
'0:12.238',-1.235
'0:12.242',-23.336
'0:12.246',-47.537
'0:12.250',-48.154
'0:12.254',-56.797
'0:12.258',-66.675
'0:12.262',-101.247
'0:12.266',-124.089
'0:12.270',-142.981
'0:12.273',-154.34
'0:12.277',-164.588
'0:12.281',-165.699
'0:12.285',-187.554
'0:12.289',-205.334
'0:12.293',-201.753
'0:12.297',-213.36
'0:12.301',-213.607
'0:12.305',-218.299
'0:12.309',-220.645
'0:12.313',-217.681
'0:12.316',-213.36
'0:12.320',-213.113
'0:12.324',-216.323
'0:12.328',-218.792
'0:12.332',-216.94
'0:12.336',-213.113
'0:12.340',-227.682
'0:12.344',-214.471
'0:12.348',-217.928
'0:12.352',-232.251
'0:12.355',-227.435
'0:12.359',-226.324
'0:12.363',-214.471
'0:12.367',-217.681
'0:12.371',-215.212
'0:12.375',-210.396
'0:12.379',-209.038
'0:12.383',-212.619
'0:12.387',-215.829
'0:12.391',-229.535
'0:12.395',-209.656
'0:12.398',-224.966
'0:12.402',-227.189
'0:12.406',-229.535
'0:12.410',-229.041
'0:12.414',-226.077
'0:12.418',-239.783
'0:12.422',-240.647
'0:12.426',-228.423
'0:12.430',-214.224
'0:12.434',-211.014
'0:12.438',-191.011
'0:12.441',-175.701
'0:12.445',-178.911
'0:12.449',-164.094
'0:12.453',-176.935
'0:12.457',-172.984
'0:12.461',-173.725
'0:12.465',-192.863
'0:12.469',-194.222
'0:12.473',-192.369
'0:12.477',-205.334
'0:12.480',-204.717
'0:12.484',-222.867
'0:12.488',-224.719
'0:12.492',-239.536
'0:12.496',-236.819
'0:12.500',-236.572
'0:12.504',-238.424
'0:12.508',-239.783
'0:12.512',-238.424
'0:12.516',-236.325
'0:12.520',-235.461
'0:12.523',-237.066
'0:12.527',-238.178
'0:12.531',-237.437
'0:12.535',-235.461
'0:12.539',-265.465
'0:12.543',-296.456
'0:12.547',-252.253
'0:12.551',-133.35
'0:12.555',-26.053
'0:12.559',62.106
'0:12.563',29.51
'0:12.566',97.666
'0:12.570',145.203
'0:12.574',133.35
'0:12.578',205.087
'0:12.582',97.172
'0:12.586',-202.371
'0:12.590',-397.58
'0:12.594',-400.173
'0:12.598',-335.227
'0:12.602',-229.288
'0:12.605',-174.589
'0:12.609',-154.34
'0:12.613',-175.948
'0:12.617',-192.863
'0:12.621',-194.222
'0:12.625',-163.477
'0:12.629',-127.176
'0:12.633',-141.993
'0:12.637',-169.404
'0:12.641',-173.478
'0:12.645',-134.955
'0:12.648',-116.558
'0:12.652',-109.026
'0:12.656',-116.064
'0:12.660',-122.237
'0:12.664',-88.776
'0:12.668',-71.861
'0:12.672',-60.501
'0:12.676',-63.712
'0:12.680',-71.367
'0:12.684',-41.98
'0:12.688',-11.236
'0:12.691',2.346
'0:12.695',3.087
'0:12.699',-3.581
'0:12.703',21.978
'0:12.707',49.759
'0:12.711',64.576
'0:12.715',68.897
'0:12.719',78.281
'0:12.723',101
'0:12.727',127.053
'0:12.730',143.598
'0:12.734',134.955
'0:12.738',129.522
'0:12.742',149.278
'0:12.746',140.882
'0:12.750',142.981
'0:12.754',121.126
'0:12.758',115.199
'0:12.762',100.383
'0:12.766',106.927
'0:12.770',93.468
'0:12.773',89.147
'0:12.777',67.786
'0:12.781',52.723
'0:12.785',26.793
'0:12.789',13.582
'0:12.793',8.767
'0:12.797',-28.769
'0:12.801',-42.968
'0:12.805',-53.834
'0:12.809',-67.786
'0:12.813',-87.542
'0:12.816',-92.357
'0:12.820',-107.915
'0:12.824',-103.099
'0:12.828',-116.311
'0:12.832',-118.78
'0:12.836',-123.349
'0:12.840',-124.089
'0:12.844',-119.891
'0:12.848',-116.558
'0:12.852',-117.916
'0:12.855',-121.99
'0:12.859',-122.855
'0:12.863',-119.891
'0:12.867',-116.928
'0:12.871',-117.422
'0:12.875',-120.632
'0:12.879',-121.743
'0:12.883',-119.521
'0:12.887',-116.928
'0:12.891',-117.175
'0:12.895',-103.963
'0:12.898',-105.816
'0:12.902',-118.78
'0:12.906',-114.952
'0:12.910',-115.817
'0:12.914',-119.891
'0:12.918',-121.496
'0:12.922',-118.533
'0:12.926',-130.633
'0:12.930',-130.386
'0:12.934',-134.338
'0:12.938',-121.743
'0:12.941',-119.891
'0:12.945',-99.642
'0:12.949',-82.85
'0:12.953',-70.256
'0:12.957',-72.355
'0:12.961',-69.638
'0:12.965',-81.615
'0:12.969',-80.998
'0:12.973',-85.072
'0:12.977',-88.036
'0:12.980',-101.741
'0:12.984',-97.172
'0:12.988',-112.236
'0:12.992',-131.374
'0:12.996',-134.338
'0:13.000',-149.772
'0:13.004',-145.944
'0:13.008',-144.956
'0:13.012',-147.302
'0:13.016',-149.772
'0:13.020',-148.907
'0:13.023',-145.944
'0:13.027',-144.586
'0:13.031',-146.561
'0:13.035',-148.413
'0:13.039',-148.166
'0:13.043',-145.697
'0:13.047',-175.083
'0:13.051',-221.756
'0:13.055',-224.225
'0:13.059',-151.624
'0:13.063',-30.868
'0:13.066',67.045
'0:13.070',126.559
'0:13.074',136.066
'0:13.078',257.069
'0:13.082',258.427
'0:13.086',353.253
'0:13.090',350.661
'0:13.094',86.183
'0:13.098',-234.72
'0:13.102',-319.916
'0:13.105',-284.233
'0:13.109',-203.729
'0:13.113',-122.855
'0:13.117',-83.467
'0:13.121',-85.566
'0:13.125',-123.596
'0:13.129',-145.697
'0:13.133',-109.643
'0:13.137',-76.182
'0:13.141',-56.797
'0:13.145',-85.319
'0:13.148',-106.062
'0:13.152',-77.787
'0:13.156',-50.253
'0:13.160',-43.586
'0:13.164',-48.648
'0:13.168',-53.216
'0:13.172',-46.549
'0:13.176',-6.914
'0:13.180',2.346
'0:13.184',-13.088
'0:13.188',-15.804
'0:13.191',1.482
'0:13.195',35.683
'0:13.199',62.353
'0:13.203',68.28
'0:13.207',68.28
'0:13.211',82.85
'0:13.215',97.419
'0:13.219',124.089
'0:13.223',132.732
'0:13.227',134.091
'0:13.230',147.302
'0:13.234',190.517
'0:13.238',200.395
'0:13.242',198.049
'0:13.246',186.937
'0:13.250',181.874
'0:13.254',188.295
'0:13.258',181.874
'0:13.262',166.193
'0:13.266',156.809
'0:13.270',134.091
'0:13.273',138.165
'0:13.277',130.633
'0:13.281',116.928
'0:13.285',94.209
'0:13.289',71.861
'0:13.293',57.538
'0:13.297',48.401
'0:13.301',19.756
'0:13.305',-0.617
'0:13.309',-23.089
'0:13.313',-39.511
'0:13.316',-49.759
'0:13.320',-61.613
'0:13.324',-80.504
'0:13.328',-101.741
'0:13.332',-103.346
'0:13.336',-115.199
'0:13.340',-111.248
'0:13.344',-128.164
'0:13.348',-132.485
'0:13.352',-119.521
'0:13.355',-117.422
'0:13.359',-127.67
'0:13.363',-125.818
'0:13.367',-130.386
'0:13.371',-134.708
'0:13.375',-133.35
'0:13.379',-128.164
'0:13.383',-141.375
'0:13.387',-128.781
'0:13.391',-134.091
'0:13.395',-133.597
'0:13.398',-128.164
'0:13.402',-140.264
'0:13.406',-142.734
'0:13.410',-132.732
'0:13.414',-149.772
'0:13.418',-128.411
'0:13.422',-140.264
'0:13.426',-141.375
'0:13.430',-131.127
'0:13.434',-133.597
'0:13.438',-129.275
'0:13.441',-108.285
'0:13.445',-93.715
'0:13.449',-98.284
'0:13.453',-83.961
'0:13.457',-80.504
'0:13.461',-91.493
'0:13.465',-91.246
'0:13.469',-96.432
'0:13.473',-114.952
'0:13.477',-111.989
'0:13.480',-123.596
'0:13.484',-123.102
'0:13.488',-142.981
'0:13.492',-145.697
'0:13.496',-144.339
'0:13.500',-156.192
'0:13.504',-139.276
'0:13.508',-158.415
'0:13.512',-144.956
'0:13.516',-144.092
'0:13.520',-140.635
'0:13.523',-138.659
'0:13.527',-140.635
'0:13.531',-143.351
'0:13.535',-143.351
'0:13.539',-140.264
'0:13.543',-153.846
'0:13.547',-201.012
'0:13.551',-202.865
'0:13.555',-129.769
'0:13.559',6.297
'0:13.563',118.78
'0:13.566',178.294
'0:13.570',174.589
'0:13.574',235.461
'0:13.578',236.325
'0:13.582',278.306
'0:13.586',288.307
'0:13.590',55.439
'0:13.594',-247.068
'0:13.598',-328.559
'0:13.602',-292.135
'0:13.605',-214.471
'0:13.609',-105.322
'0:13.613',-50.253
'0:13.617',-48.154
'0:13.621',-82.109
'0:13.625',-105.816
'0:13.629',-74.577
'0:13.633',-42.474
'0:13.637',-35.19
'0:13.641',-44.573
'0:13.645',-82.85
'0:13.648',-57.785
'0:13.652',-32.226
'0:13.656',-7.408
'0:13.660',-10.372
'0:13.664',-29.757
'0:13.668',-24.447
'0:13.672',-2.84
'0:13.676',21.484
'0:13.680',22.225
'0:13.684',5.556
'0:13.688',24.941
'0:13.691',42.227
'0:13.695',66.675
'0:13.699',71.367
'0:13.703',72.355
'0:13.707',88.776
'0:13.711',119.274
'0:13.715',143.845
'0:13.719',151.871
'0:13.723',155.204
'0:13.727',169.651
'0:13.730',181.01
'0:13.734',205.828
'0:13.738',215.829
'0:13.742',204.47
'0:13.746',203.111
'0:13.750',212.248
'0:13.754',203.976
'0:13.758',200.148
'0:13.762',189.653
'0:13.766',170.762
'0:13.770',162.736
'0:13.773',170.021
'0:13.777',150.883
'0:13.781',126.559
'0:13.785',107.915
'0:13.789',82.109
'0:13.793',72.355
'0:13.797',53.834
'0:13.801',30.374
'0:13.805',27.04
'0:13.809',31.115
'0:13.813',36.795
'0:13.816',21.114
'0:13.820',16.298
'0:13.824',-3.334
'0:13.828',-1.235
'0:13.832',-12.594
'0:13.836',-11.483
'0:13.840',-31.115
'0:13.844',-34.325
'0:13.848',-49.142
'0:13.852',-30.004
'0:13.855',-29.51
'0:13.859',-31.732
'0:13.863',-33.337
'0:13.867',-32.473
'0:13.871',-30.374
'0:13.875',-29.757
'0:13.879',-31.115
'0:13.883',-48.154
'0:13.887',-47.29
'0:13.891',-46.549
'0:13.895',-46.796
'0:13.898',-47.537
'0:13.902',-47.907
'0:13.906',-47.043
'0:13.910',-61.859
'0:13.914',-76.923
'0:13.918',-62.724
'0:13.922',-65.317
'0:13.926',-64.576
'0:13.930',-61.613
'0:13.934',-44.944
'0:13.938',-47.043
'0:13.941',-32.967
'0:13.945',-32.226
'0:13.949',-29.263
'0:13.953',-43.215
'0:13.957',-44.944
'0:13.961',-48.154
'0:13.965',-64.329
'0:13.969',-61.366
'0:13.973',-75.071
'0:13.977',-76.429
'0:13.980',-95.32
'0:13.984',-95.814
'0:13.988',-93.962
'0:13.992',-107.668
'0:13.996',-107.668
'0:14.000',-110.384
'0:14.004',-111.989
'0:14.008',-110.384
'0:14.012',-92.357
'0:14.016',-92.357
'0:14.020',-93.468
'0:14.023',-93.962
'0:14.027',-93.098
'0:14.031',-107.668
'0:14.035',-137.918
'0:14.039',-169.651
'0:14.043',-141.129
'0:14.047',-6.297
'0:14.051',115.57
'0:14.055',202.865
'0:14.059',187.554
'0:14.063',210.396
'0:14.066',213.113
'0:14.070',198.79
'0:14.074',232.745
'0:14.078',123.596
'0:14.082',-157.55
'0:14.086',-319.052
'0:14.090',-307.198
'0:14.094',-227.682
'0:14.098',-120.879
'0:14.102',-48.401
'0:14.105',-27.905
'0:14.109',-50.5
'0:14.113',-68.65
'0:14.117',-69.638
'0:14.121',-38.4
'0:14.125',-16.792
'0:14.129',-16.545
'0:14.133',-30.868
'0:14.137',-35.436
'0:14.141',-9.878
'0:14.145',26.546
'0:14.148',16.051
'0:14.152',6.297
'0:14.156',-0.37
'0:14.160',34.943
'0:14.164',53.463
'0:14.168',63.712
'0:14.172',42.968
'0:14.176',50.87
'0:14.180',64.576
'0:14.184',96.926
'0:14.188',95.073
'0:14.191',109.89
'0:14.195',100.383
'0:14.199',126.806
'0:14.203',157.303
'0:14.207',173.231
'0:14.211',175.33
'0:14.215',167.058
'0:14.219',190.517
'0:14.223',202.371
'0:14.227',219.286
'0:14.230',208.544
'0:14.234',201.259
'0:14.238',206.075
'0:14.242',200.148
'0:14.246',202.371
'0:14.250',193.11
'0:14.254',169.651
'0:14.258',157.797
'0:14.262',150.883
'0:14.266',152.241
'0:14.270',128.411
'0:14.273',106.68
'0:14.277',93.715
'0:14.281',85.072
'0:14.285',70.503
'0:14.289',48.648
'0:14.293',27.411
'0:14.297',13.088
'0:14.301',3.087
'0:14.305',4.692
'0:14.309',-16.051
'0:14.313',-35.683
'0:14.316',-34.696
'0:14.320',-46.179
'0:14.324',-44.573
'0:14.328',-48.154
'0:14.332',-51.611
'0:14.336',-51.117
'0:14.340',-62.353
'0:14.344',-60.007
'0:14.348',-63.218
'0:14.352',-67.539
'0:14.355',-51.858
'0:14.359',-63.465
'0:14.363',-59.39
'0:14.367',-46.179
'0:14.371',-51.611
'0:14.375',-51.611
'0:14.379',-46.796
'0:14.383',-43.586
'0:14.387',-61.366
'0:14.391',-49.759
'0:14.395',-51.858
'0:14.398',-48.401
'0:14.402',-59.39
'0:14.406',-59.39
'0:14.410',-49.142
'0:14.414',-37.289
'0:14.418',-34.078
'0:14.422',-27.411
'0:14.426',-10.619
'0:14.430',-0.988
'0:14.434',-4.939
'0:14.438',-1.235
'0:14.441',4.939
'0:14.445',5.556
'0:14.449',-15.187
'0:14.453',-18.768
'0:14.457',-17.41
'0:14.461',-13.088
'0:14.465',-27.04
'0:14.469',-29.51
'0:14.473',-49.142
'0:14.477',-49.142
'0:14.480',-61.859
'0:14.484',-44.08
'0:14.488',-46.796
'0:14.492',-64.823
'0:14.496',-63.465
'0:14.500',-61.366
'0:14.504',-61.366
'0:14.508',-62.971
'0:14.512',-48.648
'0:14.516',-48.154
'0:14.520',-45.438
'0:14.523',-59.76
'0:14.527',-76.182
'0:14.531',-94.209
'0:14.535',-33.831
'0:14.539',88.283
'0:14.543',229.041
'0:14.547',283.492
'0:14.551',250.031
'0:14.555',255.711
'0:14.559',227.682
'0:14.563',183.973
'0:14.566',232.745
'0:14.570',118.78
'0:14.574',-148.166
'0:14.578',-291.024
'0:14.582',-259.785
'0:14.586',-179.899
'0:14.590',-60.254
'0:14.594',10.125
'0:14.598',32.473
'0:14.602',13.088
'0:14.605',-20.126
'0:14.609',-8.273
'0:14.613',19.509
'0:14.617',57.538
'0:14.621',61.366
'0:14.625',49.142
'0:14.629',58.402
'0:14.633',95.814
'0:14.637',116.558
'0:14.641',110.631
'0:14.645',103.346
'0:14.648',93.098
'0:14.652',124.089
'0:14.656',142.981
'0:14.660',157.303
'0:14.664',138.659
'0:14.668',144.092
'0:14.672',154.34
'0:14.676',186.443
'0:14.680',202.865
'0:14.684',203.976
'0:14.688',209.656
'0:14.691',232.745
'0:14.695',247.068
'0:14.699',265.465
'0:14.703',269.169
'0:14.707',274.602
'0:14.711',294.851
'0:14.715',307.692
'0:14.719',312.384
'0:14.723',318.558
'0:14.727',307.445
'0:14.730',309.668
'0:14.734',305.346
'0:14.738',310.656
'0:14.742',302.136
'0:14.746',275.96
'0:14.750',261.39
'0:14.754',270.774
'0:14.758',258.921
'0:14.762',252.747
'0:14.766',228.423
'0:14.770',213.113
'0:14.773',204.717
'0:14.777',192.863
'0:14.781',172.12
'0:14.785',148.907
'0:14.789',132.485
'0:14.793',122.484
'0:14.797',110.631
'0:14.801',106.927
'0:14.805',84.578
'0:14.809',83.714
'0:14.813',72.972
'0:14.816',76.923
'0:14.820',58.649
'0:14.824',53.216
'0:14.828',51.364
'0:14.832',54.575
'0:14.836',58.649
'0:14.840',58.155
'0:14.844',69.144
'0:14.848',66.675
'0:14.852',70.009
'0:14.855',74.577
'0:14.859',58.896
'0:14.863',54.822
'0:14.867',51.117
'0:14.871',52.476
'0:14.875',56.427
'0:14.879',57.785
'0:14.883',55.192
'0:14.887',51.858
'0:14.891',52.105
'0:14.895',55.439
'0:14.898',57.044
'0:14.902',39.511
'0:14.906',21.731
'0:14.910',21.114
'0:14.914',37.289
'0:14.918',53.216
'0:14.922',53.463
'0:14.926',70.256
'0:14.930',85.319
'0:14.934',100.383
'0:14.938',101
'0:14.941',102.852
'0:14.945',103.346
'0:14.949',86.43
'0:14.953',85.319
'0:14.957',84.578
'0:14.961',85.072
'0:14.965',70.503
'0:14.969',55.439
'0:14.973',54.081
'0:14.977',35.93
'0:14.980',35.93
'0:14.984',21.731
'0:14.988',22.719
'0:14.992',21.114
'0:14.996',19.262
'0:15.000',19.262
'0:15.004',21.114
'0:15.008',22.225
'0:15.012',21.114
'0:15.016',19.509
'0:15.020',34.943
'0:15.023',35.683
'0:15.027',22.472
'0:15.031',-23.089
'0:15.035',-55.439
'0:15.039',17.41
'0:15.043',119.274
'0:15.047',199.654
'0:15.051',259.785
'0:15.055',285.961
'0:15.059',421.78
'0:15.063',468.7
'0:15.066',547.722
'0:15.070',626.374
'0:15.074',469.811
'0:15.078',116.311
'0:15.082',-99.395
'0:15.086',-101.988
'0:15.090',-34.078
'0:15.094',42.721
'0:15.098',80.751
'0:15.102',96.432
'0:15.105',70.996
'0:15.109',40.252
'0:15.113',43.833
'0:15.117',73.96
'0:15.121',90.505
'0:15.125',88.529
'0:15.129',61.613
'0:15.133',61.366
'0:15.137',101.247
'0:15.141',116.928
'0:15.145',105.569
'0:15.148',99.025
'0:15.152',110.384
'0:15.156',128.411
'0:15.160',160.514
'0:15.164',154.093
'0:15.168',150.883
'0:15.172',144.339
'0:15.176',173.478
'0:15.180',203.358
'0:15.184',215.829
'0:15.188',216.94
'0:15.191',226.077
'0:15.195',251.389
'0:15.199',263.736
'0:15.203',294.851
'0:15.207',281.887
'0:15.211',291.024
'0:15.215',313.619
'0:15.219',339.548
'0:15.223',340.412
'0:15.227',332.016
'0:15.230',325.225
'0:15.234',328.559
'0:15.238',320.657
'0:15.242',322.879
'0:15.246',315.595
'0:15.250',292.876
'0:15.254',279.664
'0:15.258',286.455
'0:15.262',271.885
'0:15.266',235.214
'0:15.270',214.718
'0:15.273',214.471
'0:15.277',202
'0:15.281',173.478
'0:15.285',156.192
'0:15.289',135.202
'0:15.293',116.928
'0:15.297',103.717
'0:15.301',91.493
'0:15.305',75.071
'0:15.309',70.749
'0:15.313',51.858
'0:15.316',54.081
'0:15.320',57.538
'0:15.324',41.98
'0:15.328',39.264
'0:15.332',51.611
'0:15.336',36.301
'0:15.340',40.869
'0:15.344',42.227
'0:15.348',39.264
'0:15.352',35.683
'0:15.355',36.301
'0:15.359',39.758
'0:15.363',41.61
'0:15.367',39.264
'0:15.371',36.301
'0:15.375',36.301
'0:15.379',39.017
'0:15.383',40.869
'0:15.387',39.264
'0:15.391',36.795
'0:15.395',36.301
'0:15.398',23.089
'0:15.402',25.188
'0:15.406',23.336
'0:15.410',20.126
'0:15.414',35.19
'0:15.418',21.978
'0:15.422',25.188
'0:15.426',39.511
'0:15.430',50.87
'0:15.434',49.759
'0:15.438',54.328
'0:15.441',88.776
'0:15.445',86.183
'0:15.449',83.467
'0:15.453',83.961
'0:15.457',86.677
'0:15.461',88.036
'0:15.465',70.503
'0:15.469',83.961
'0:15.473',67.292
'0:15.477',70.009
'0:15.480',55.933
'0:15.484',54.822
'0:15.488',36.301
'0:15.492',35.19
'0:15.496',36.548
'0:15.500',38.153
'0:15.504',37.906
'0:15.508',20.867
'0:15.512',35.683
'0:15.516',35.19
'0:15.520',36.548
'0:15.523',37.906
'0:15.527',37.289
'0:15.531',35.93
'0:15.535',35.19
'0:15.539',20.867
'0:15.543',-23.83
'0:15.547',-54.575
'0:15.551',3.087
'0:15.555',73.219
'0:15.559',152.488
'0:15.563',241.141
'0:15.566',327.695
'0:15.570',527.226
'0:15.574',656.871
'0:15.578',802.198
'0:15.582',882.578
'0:15.586',696.753
'0:15.590',266.206
'0:15.594',17.657
'0:15.598',-23.089
'0:15.602',25.188
'0:15.605',72.972
'0:15.609',99.889
'0:15.613',114.706
'0:15.617',83.961
'0:15.621',50.253
'0:15.625',56.797
'0:15.629',91.74
'0:15.633',108.532
'0:15.637',86.924
'0:15.641',72.602
'0:15.645',73.219
'0:15.648',101.741
'0:15.652',135.202
'0:15.656',119.891
'0:15.660',109.89
'0:15.664',106.927
'0:15.668',144.956
'0:15.672',161.625
'0:15.676',168.045
'0:15.680',161.872
'0:15.684',171.873
'0:15.688',204.717
'0:15.691',221.262
'0:15.695',232.498
'0:15.699',229.041
'0:15.703',236.819
'0:15.707',265.094
'0:15.711',296.209
'0:15.715',310.656
'0:15.719',311.273
'0:15.723',303.124
'0:15.727',327.695
'0:15.730',340.412
'0:15.734',356.217
'0:15.738',344.117
'0:15.742',336.585
'0:15.746',342.264
'0:15.750',352.76
'0:15.754',353.624
'0:15.758',344.117
'0:15.762',321.521
'0:15.766',309.915
'0:15.770',317.94
'0:15.773',302.63
'0:15.777',295.098
'0:15.781',273.244
'0:15.785',260.526
'0:15.789',251.636
'0:15.793',252.253
'0:15.797',229.535
'0:15.801',209.038
'0:15.805',196.074
'0:15.809',201.012
'0:15.813',185.332
'0:15.816',165.082
'0:15.820',161.378
'0:15.824',146.561
'0:15.828',150.512
'0:15.832',151.13
'0:15.836',147.919
'0:15.840',144.586
'0:15.844',145.697
'0:15.848',148.907
'0:15.852',150.019
'0:15.855',147.549
'0:15.859',144.586
'0:15.863',145.203
'0:15.867',147.549
'0:15.871',164.341
'0:15.875',161.872
'0:15.879',160.514
'0:15.883',161.378
'0:15.887',163.23
'0:15.891',163.23
'0:15.895',161.625
'0:15.898',160.02
'0:15.902',160.514
'0:15.906',177.306
'0:15.910',177.306
'0:15.914',176.688
'0:15.918',161.131
'0:15.922',176.688
'0:15.926',191.011
'0:15.930',190.517
'0:15.934',192.122
'0:15.938',224.472
'0:15.941',238.178
'0:15.945',252.747
'0:15.949',254.352
'0:15.953',257.069
'0:15.957',257.069
'0:15.961',254.105
'0:15.965',251.883
'0:15.969',237.684
'0:15.973',240.03
'0:15.977',239.536
'0:15.980',220.891
'0:15.984',219.533
'0:15.988',220.151
'0:15.992',206.075
'0:15.996',206.322
'0:16.000',219.533
'0:16.004',216.94
'0:16.008',202.865
'0:16.012',206.322
'0:16.016',221.262
'0:16.020',216.94
'0:16.023',215.582
'0:16.027',218.545
'0:16.031',221.262
'0:16.035',235.461
'0:16.039',200.766
'0:16.043',154.587
'0:16.047',188.048
'0:16.051',292.629
'0:16.055',441.783
'0:16.059',553.402
'0:16.063',553.649
'0:16.066',537.968
'0:16.070',563.032
'0:16.074',541.178
'0:16.078',596
'0:16.082',532.041
'0:16.086',260.032
'0:16.090',47.043
'0:16.094',42.721
'0:16.098',107.421
'0:16.102',234.35
'0:16.105',327.942
'0:16.109',378.936
'0:16.113',360.909
'0:16.117',317.447
'0:16.121',320.904
'0:16.125',352.266
'0:16.129',399.926
'0:16.133',406.47
'0:16.137',371.157
'0:16.141',373.009
'0:16.145',395.357
'0:16.148',438.82
'0:16.152',435.239
'0:16.156',423.139
'0:16.160',423.386
'0:16.164',438.82
'0:16.168',479.195
'0:16.172',495.37
'0:16.176',488.332
'0:16.180',488.949
'0:16.184',515.619
'0:16.188',552.043
'0:16.191',570.811
'0:16.195',569.206
'0:16.199',570.564
'0:16.203',592.666
'0:16.207',625.262
'0:16.211',661.44
'0:16.215',648.475
'0:16.219',667.613
'0:16.223',670.577
'0:16.227',699.963
'0:16.230',705.149
'0:16.234',711.322
'0:16.238',699.222
'0:16.242',700.21
'0:16.246',711.322
'0:16.250',716.508
'0:16.254',693.295
'0:16.258',683.294
'0:16.262',666.008
'0:16.266',673.91
'0:16.270',663.045
'0:16.273',658.229
'0:16.277',633.658
'0:16.281',616.125
'0:16.285',621.805
'0:16.289',609.952
'0:16.293',591.061
'0:16.297',568.712
'0:16.301',550.438
'0:16.305',553.402
'0:16.309',540.684
'0:16.313',524.015
'0:16.316',519.076
'0:16.320',499.938
'0:16.324',501.543
'0:16.328',504.26
'0:16.332',488.579
'0:16.336',485.369
'0:16.340',482.158
'0:16.344',481.911
'0:16.348',484.628
'0:16.352',485.616
'0:16.355',483.27
'0:16.359',495.617
'0:16.363',494.876
'0:16.367',482.158
'0:16.371',499.938
'0:16.375',496.728
'0:16.379',492.9
'0:16.383',477.59
'0:16.387',480.8
'0:16.391',481.047
'0:16.395',477.59
'0:16.398',474.626
'0:16.402',475.12
'0:16.406',477.59
'0:16.410',478.084
'0:16.414',491.048
'0:16.418',487.838
'0:16.422',488.579
'0:16.426',522.287
'0:16.430',537.474
'0:16.434',535.869
'0:16.438',535.869
'0:16.441',536.363
'0:16.445',536.363
'0:16.449',535.004
'0:16.453',517.965
'0:16.457',517.965
'0:16.461',502.161
'0:16.465',501.543
'0:16.469',484.381
'0:16.473',483.516
'0:16.477',467.342
'0:16.480',467.589
'0:16.484',466.477
'0:16.488',465.243
'0:16.492',464.625
'0:16.496',449.562
'0:16.500',465.49
'0:16.504',447.957
'0:16.508',446.845
'0:16.512',446.598
'0:16.516',446.598
'0:16.520',446.351
'0:16.523',430.177
'0:16.527',398.815
'0:16.531',336.832
'0:16.535',335.474
'0:16.539',453.266
'0:16.543',570.317
'0:16.547',685.146
'0:16.551',747.747
'0:16.555',773.923
'0:16.559',860.724
'0:16.563',890.851
'0:16.566',968.021
'0:16.570',890.604
'0:16.574',537.721
'0:16.578',274.355
'0:16.582',250.648
'0:16.586',281.887
'0:16.590',379.43
'0:16.594',474.626
'0:16.598',491.666
'0:16.602',455.488
'0:16.605',411.038
'0:16.609',399.432
'0:16.613',432.276
'0:16.617',463.884
'0:16.621',453.266
'0:16.625',432.276
'0:16.629',417.459
'0:16.633',442.03
'0:16.637',471.169
'0:16.641',482.158
'0:16.645',451.414
'0:16.648',436.35
'0:16.652',469.811
'0:16.656',494.012
'0:16.660',509.446
'0:16.664',485.986
'0:16.668',486.727
'0:16.672',498.086
'0:16.676',534.757
'0:16.680',552.537
'0:16.684',534.51
'0:16.688',536.609
'0:16.691',558.958
'0:16.695',575.75
'0:16.699',596.246
'0:16.703',598.099
'0:16.707',584.887
'0:16.711',604.519
'0:16.715',618.348
'0:16.719',623.657
'0:16.723',614.026
'0:16.727',601.556
'0:16.730',602.173
'0:16.734',597.605
'0:16.738',603.778
'0:16.742',580.319
'0:16.746',553.896
'0:16.750',536.856
'0:16.754',544.759
'0:16.758',533.893
'0:16.762',513.767
'0:16.766',505.371
'0:16.770',471.169
'0:16.773',461.909
'0:16.777',450.673
'0:16.781',430.917
'0:16.785',422.892
'0:16.789',404.494
'0:16.793',378.936
'0:16.797',384.245
'0:16.801',364.366
'0:16.805',341.153
'0:16.809',339.054
'0:16.813',327.695
'0:16.816',332.263
'0:16.820',314.483
'0:16.824',308.804
'0:16.828',289.912
'0:16.832',293.493
'0:16.836',296.95
'0:16.840',280.282
'0:16.844',276.454
'0:16.848',273.244
'0:16.852',289.912
'0:16.855',277.565
'0:16.859',279.417
'0:16.863',276.454
'0:16.867',257.069
'0:16.871',272.75
'0:16.875',274.602
'0:16.879',276.454
'0:16.883',260.032
'0:16.887',257.81
'0:16.891',255.711
'0:16.895',271.392
'0:16.898',272.997
'0:16.902',274.355
'0:16.906',273.737
'0:16.910',286.949
'0:16.914',285.344
'0:16.918',287.196
'0:16.922',289.665
'0:16.926',273.491
'0:16.930',271.021
'0:16.934',252.994
'0:16.938',253.859
'0:16.941',239.536
'0:16.945',224.472
'0:16.949',222.25
'0:16.953',203.729
'0:16.957',188.295
'0:16.961',190.147
'0:16.965',174.589
'0:16.969',172.984
'0:16.973',170.515
'0:16.977',154.834
'0:16.980',172.614
'0:16.984',172.367
'0:16.988',155.698
'0:16.992',155.451
'0:16.996',154.834
'0:17.000',154.587
'0:17.004',154.834
'0:17.008',139.523
'0:17.012',93.468
'0:17.016',77.787
'0:17.020',151.377
'0:17.023',284.603
'0:17.027',409.68
'0:17.031',484.875
'0:17.035',437.955
'0:17.039',440.919
'0:17.043',439.313
'0:17.047',455.241
'0:17.051',445.734
'0:17.055',265.094
'0:17.059',-16.792
'0:17.063',-113.1
'0:17.066',-95.073
'0:17.070',-20.867
'0:17.074',86.924
'0:17.078',160.02
'0:17.082',163.724
'0:17.086',130.14
'0:17.090',104.21
'0:17.094',118.78
'0:17.098',151.624
'0:17.102',174.836
'0:17.105',148.907
'0:17.109',126.065
'0:17.113',134.955
'0:17.117',176.935
'0:17.121',185.332
'0:17.125',167.305
'0:17.129',162.983
'0:17.133',166.44
'0:17.137',187.554
'0:17.141',213.36
'0:17.145',199.901
'0:17.148',182.615
'0:17.152',183.479
'0:17.156',215.212
'0:17.160',224.472
'0:17.164',231.387
'0:17.168',232.498
'0:17.172',231.387
'0:17.176',260.279
'0:17.180',269.169
'0:17.184',279.17
'0:17.188',266.453
'0:17.191',279.664
'0:17.195',289.172
'0:17.199',298.308
'0:17.203',294.851
'0:17.207',283.986
'0:17.211',279.664
'0:17.215',271.021
'0:17.219',279.417
'0:17.223',261.637
'0:17.227',237.066
'0:17.230',216.57
'0:17.234',220.891
'0:17.238',211.261
'0:17.242',211.261
'0:17.246',189.159
'0:17.250',184.838
'0:17.254',171.626
'0:17.258',145.944
'0:17.262',147.055
'0:17.266',124.707
'0:17.270',103.963
'0:17.273',90.752
'0:17.277',80.504
'0:17.281',80.998
'0:17.285',59.76
'0:17.289',40.622
'0:17.293',27.04
'0:17.297',31.115
'0:17.301',30.621
'0:17.305',11.236
'0:17.309',9.26
'0:17.313',10.619
'0:17.316',13.088
'0:17.320',-1.976
'0:17.324',11.73
'0:17.328',8.767
'0:17.332',-5.803
'0:17.336',-1.976
'0:17.340',-1.729
'0:17.344',-4.692
'0:17.348',-22.842
'0:17.352',-20.867
'0:17.355',-18.768
'0:17.359',-19.015
'0:17.363',-36.548
'0:17.367',-37.042
'0:17.371',-36.795
'0:17.375',-20.62
'0:17.379',-20.62
'0:17.383',-20.373
'0:17.387',-4.445
'0:17.391',-4.939
'0:17.395',10.866
'0:17.398',11.483
'0:17.402',12.594
'0:17.406',-2.84
'0:17.410',-18.768
'0:17.414',-19.756
'0:17.418',-21.484
'0:17.422',-36.795
'0:17.426',-50.253
'0:17.430',-65.07
'0:17.434',-67.539
'0:17.438',-85.813
'0:17.441',-85.319
'0:17.445',-98.531
'0:17.449',-97.172
'0:17.453',-99.395
'0:17.457',-117.422
'0:17.461',-116.311
'0:17.465',-114.706
'0:17.469',-114.212
'0:17.473',-115.57
'0:17.477',-131.992
'0:17.480',-130.88
'0:17.484',-130.386
'0:17.488',-145.944
'0:17.492',-192.616
'0:17.496',-207.433
'0:17.500',-148.413
'0:17.504',-29.51
'0:17.508',63.712
'0:17.512',137.671
'0:17.516',119.274
'0:17.520',199.037
'0:17.523',199.654
'0:17.527',239.536
'0:17.531',264.107
'0:17.535',78.281
'0:17.539',-222.497
'0:17.543',-377.577
'0:17.547',-353.253
'0:17.551',-282.627
'0:17.555',-182.121
'0:17.559',-126.065
'0:17.563',-115.199
'0:17.566',-160.02
'0:17.570',-188.048
'0:17.574',-165.082
'0:17.578',-134.338
'0:17.582',-120.138
'0:17.586',-139.03
'0:17.590',-164.094
'0:17.594',-162.736
'0:17.598',-138.659
'0:17.602',-123.842
'0:17.605',-121.126
'0:17.609',-142.981
'0:17.613',-144.339
'0:17.617',-109.026
'0:17.621',-95.814
'0:17.625',-103.717
'0:17.629',-105.816
'0:17.633',-109.89
'0:17.637',-79.639
'0:17.641',-66.675
'0:17.645',-55.192
'0:17.648',-70.009
'0:17.652',-59.143
'0:17.656',-33.584
'0:17.660',-21.731
'0:17.664',-6.914
'0:17.668',-18.521
'0:17.672',-8.767
'0:17.676',-2.346
'0:17.680',8.52
'0:17.684',24.941
'0:17.688',-0.37
'0:17.691',-5.803
'0:17.695',-1.729
'0:17.699',-9.26
'0:17.703',-23.089
'0:17.707',-30.004
'0:17.711',-52.723
'0:17.715',-65.934
'0:17.719',-58.649
'0:17.723',-72.355
'0:17.727',-93.098
'0:17.730',-113.965
'0:17.734',-113.347
'0:17.738',-124.46
'0:17.742',-137.054
'0:17.746',-170.762
'0:17.750',-190.764
'0:17.754',-208.544
'0:17.758',-221.509
'0:17.762',-233.856
'0:17.766',-234.72
'0:17.770',-254.105
'0:17.773',-271.021
'0:17.777',-268.428
'0:17.781',-266.453
'0:17.785',-267.317
'0:17.789',-284.603
'0:17.793',-284.233
'0:17.797',-298.802
'0:17.801',-282.134
'0:17.805',-298.802
'0:17.809',-298.802
'0:17.813',-298.555
'0:17.816',-297.815
'0:17.820',-297.444
'0:17.824',-297.444
'0:17.828',-297.444
'0:17.832',-296.95
'0:17.836',-296.456
'0:17.840',-311.52
'0:17.844',-311.026
'0:17.848',-311.767
'0:17.852',-312.384
'0:17.855',-311.767
'0:17.859',-325.596
'0:17.863',-324.485
'0:17.867',-310.409
'0:17.871',-312.631
'0:17.875',-310.656
'0:17.879',-292.135
'0:17.883',-275.96
'0:17.887',-277.565
'0:17.891',-277.565
'0:17.895',-275.713
'0:17.898',-289.665
'0:17.902',-289.665
'0:17.906',-291.888
'0:17.910',-308.31
'0:17.914',-321.768
'0:17.918',-335.227
'0:17.922',-336.091
'0:17.926',-354.982
'0:17.930',-355.229
'0:17.934',-353.007
'0:17.938',-366.465
'0:17.941',-366.218
'0:17.945',-368.687
'0:17.949',-370.046
'0:17.953',-383.504
'0:17.957',-380.294
'0:17.961',-380.541
'0:17.965',-383.257
'0:17.969',-384.368
'0:17.973',-381.899
'0:17.977',-378.936
'0:17.980',-394.246
'0:17.984',-426.596
'0:17.988',-427.954
'0:17.992',-336.338
'0:17.996',-230.152
'0:18.000',-148.413
'0:18.004',-121.496
'0:18.008',-112.853
'0:18.012',-23.583
'0:18.016',-20.867
'0:18.020',73.466
'0:18.023',85.072
'0:18.027',-148.66
'0:18.031',-452.525
'0:18.035',-564.885
'0:18.039',-541.795
'0:18.043',-448.45
'0:18.047',-374.12
'0:18.051',-334.115
'0:18.055',-345.722
'0:18.059',-379.183
'0:18.063',-404.741
'0:18.066',-390.542
'0:18.070',-356.834
'0:18.074',-332.51
'0:18.078',-357.575
'0:18.082',-380.541
'0:18.086',-371.651
'0:18.090',-344.364
'0:18.094',-334.486
'0:18.098',-337.449
'0:18.102',-358.192
'0:18.105',-353.253
'0:18.109',-330.411
'0:18.113',-304.235
'0:18.117',-302.877
'0:18.121',-320.904
'0:18.125',-302.136
'0:18.129',-283.739
'0:18.133',-257.81
'0:18.137',-252.5
'0:18.141',-267.811
'0:18.145',-251.142
'0:18.148',-221.262
'0:18.152',-196.074
'0:18.156',-186.937
'0:18.160',-198.79
'0:18.164',-183.726
'0:18.168',-173.231
'0:18.172',-164.835
'0:18.176',-153.229
'0:18.180',-163.724
'0:18.184',-165.699
'0:18.188',-172.367
'0:18.191',-164.341
'0:18.195',-183.726
'0:18.199',-192.863
'0:18.203',-211.755
'0:18.207',-220.151
'0:18.211',-213.113
'0:18.215',-231.14
'0:18.219',-254.352
'0:18.223',-272.75
'0:18.227',-283.245
'0:18.230',-293.493
'0:18.234',-294.851
'0:18.238',-316.953
'0:18.242',-334.486
'0:18.246',-345.475
'0:18.250',-356.587
'0:18.254',-373.503
'0:18.258',-378.936
'0:18.262',-397.21
'0:18.266',-408.569
'0:18.270',-403.754
'0:18.273',-404.741
'0:18.277',-409.68
'0:18.281',-411.038
'0:18.285',-407.211
'0:18.289',-417.953
'0:18.293',-417.953
'0:18.297',-422.645
'0:18.301',-425.238
'0:18.305',-422.027
'0:18.309',-432.523
'0:18.313',-431.164
'0:18.316',-420.175
'0:18.320',-439.56
'0:18.324',-435.856
'0:18.328',-430.67
'0:18.332',-429.93
'0:18.336',-433.881
'0:18.340',-436.597
'0:18.344',-449.315
'0:18.348',-429.065
'0:18.352',-429.065
'0:18.355',-447.71
'0:18.359',-448.203
'0:18.363',-462.279
'0:18.367',-443.882
'0:18.371',-429.312
'0:18.375',-430.917
'0:18.379',-414.249
'0:18.383',-396.222
'0:18.387',-394.493
'0:18.391',-393.999
'0:18.395',-410.174
'0:18.398',-410.174
'0:18.402',-410.174
'0:18.406',-409.68
'0:18.410',-424.25
'0:18.414',-423.139
'0:18.418',-439.56
'0:18.422',-455.488
'0:18.426',-455.241
'0:18.430',-470.552
'0:18.434',-469.811
'0:18.438',-470.058
'0:18.441',-485.369
'0:18.445',-484.628
'0:18.449',-484.381
'0:18.453',-484.628
'0:18.457',-484.381
'0:18.461',-483.27
'0:18.465',-482.158
'0:18.469',-481.911
'0:18.473',-481.911
'0:18.477',-481.664
'0:18.480',-511.792
'0:18.484',-540.931
'0:18.488',-541.425
'0:18.492',-468.206
'0:18.496',-347.944
'0:18.500',-250.895
'0:18.504',-237.066
'0:18.508',-240.4
'0:18.512',-151.624
'0:18.516',-168.91
'0:18.520',-91.74
'0:18.523',-47.043
'0:18.527',-248.673
'0:18.531',-552.043
'0:18.535',-678.479
'0:18.539',-653.908
'0:18.543',-547.105
'0:18.547',-474.873
'0:18.551',-433.881
'0:18.555',-426.596
'0:18.559',-474.873
'0:18.563',-486.233
'0:18.566',-474.38
'0:18.570',-440.425
'0:18.574',-413.137
'0:18.578',-436.844
'0:18.582',-445.734
'0:18.586',-439.56
'0:18.590',-411.285
'0:18.594',-398.321
'0:18.598',-415.36
'0:18.602',-422.274
'0:18.605',-420.916
'0:18.609',-382.393
'0:18.613',-368.441
'0:18.617',-363.502
'0:18.621',-383.257
'0:18.625',-369.181
'0:18.629',-336.338
'0:18.633',-307.198
'0:18.637',-313.125
'0:18.641',-312.631
'0:18.645',-301.272
'0:18.648',-273.737
'0:18.652',-245.462
'0:18.656',-231.757
'0:18.660',-228.176
'0:18.664',-217.681
'0:18.668',-208.791
'0:18.672',-181.874
'0:18.676',-182.368
'0:18.680',-192.369
'0:18.684',-197.802
'0:18.688',-191.876
'0:18.691',-198.296
'0:18.695',-197.185
'0:18.699',-221.262
'0:18.703',-227.189
'0:18.707',-239.289
'0:18.711',-246.574
'0:18.715',-244.598
'0:18.719',-267.317
'0:18.723',-288.307
'0:18.727',-301.272
'0:18.730',-295.098
'0:18.734',-324.731
'0:18.738',-344.117
'0:18.742',-364.613
'0:18.746',-380.294
'0:18.750',-391.283
'0:18.754',-404.247
'0:18.758',-406.964
'0:18.762',-426.843
'0:18.766',-442.03
'0:18.770',-437.708
'0:18.773',-435.856
'0:18.777',-438.202
'0:18.781',-440.672
'0:18.785',-439.807
'0:18.789',-436.103
'0:18.793',-434.128
'0:18.797',-435.856
'0:18.801',-437.955
'0:18.805',-437.461
'0:18.809',-434.498
'0:18.813',-432.523
'0:18.816',-417.953
'0:18.820',-435.486
'0:18.824',-434.128
'0:18.828',-431.782
'0:18.832',-430.917
'0:18.836',-432.276
'0:18.840',-433.14
'0:18.844',-416.718
'0:18.848',-430.424
'0:18.852',-428.201
'0:18.855',-428.818
'0:18.859',-430.917
'0:18.863',-430.917
'0:18.867',-428.571
'0:18.871',-426.349
'0:18.875',-411.285
'0:18.879',-397.827
'0:18.883',-412.89
'0:18.887',-378.071
'0:18.891',-377.084
'0:18.895',-361.897
'0:18.898',-363.008
'0:18.902',-361.65
'0:18.906',-359.551
'0:18.910',-374.12
'0:18.914',-374.861
'0:18.918',-376.713
'0:18.922',-376.713
'0:18.926',-389.925
'0:18.930',-387.826
'0:18.934',-404.247
'0:18.938',-406.47
'0:18.941',-422.645
'0:18.945',-420.422
'0:18.949',-418.817
'0:18.953',-419.311
'0:18.957',-405.112
'0:18.961',-405.359
'0:18.965',-402.642
'0:18.969',-400.173
'0:18.973',-400.543
'0:18.977',-402.642
'0:18.980',-403.136
'0:18.984',-401.037
'0:18.988',-444.993
'0:18.992',-489.937
'0:18.996',-492.9
'0:19.000',-391.283
'0:19.004',-286.702
'0:19.008',-184.838
'0:19.012',-107.421
'0:19.016',-22.842
'0:19.020',124.46
'0:19.023',176.688
'0:19.027',295.592
'0:19.031',235.461
'0:19.035',-107.668
'0:19.039',-452.031
'0:19.043',-530.436
'0:19.047',-510.186
'0:19.051',-434.992
'0:19.055',-363.502
'0:19.059',-345.475
'0:19.063',-357.575
'0:19.066',-397.21
'0:19.070',-411.285
'0:19.074',-383.257
'0:19.078',-351.648
'0:19.082',-341.4
'0:19.086',-358.192
'0:19.090',-373.009
'0:19.094',-351.154
'0:19.098',-323.126
'0:19.102',-309.051
'0:19.105',-335.72
'0:19.109',-334.98
'0:19.113',-319.546
'0:19.117',-279.17
'0:19.121',-277.318
'0:19.125',-281.887
'0:19.129',-296.703
'0:19.133',-270.774
'0:19.137',-250.648
'0:19.141',-230.152
'0:19.145',-230.152
'0:19.148',-228.423
'0:19.152',-206.322
'0:19.156',-172.984
'0:19.160',-151.13
'0:19.164',-146.808
'0:19.168',-143.845
'0:19.172',-140.264
'0:19.176',-109.89
'0:19.180',-103.717
'0:19.184',-111.989
'0:19.188',-123.102
'0:19.191',-137.918
'0:19.195',-126.559
'0:19.199',-121.126
'0:19.203',-142.981
'0:19.207',-151.871
'0:19.211',-167.798
'0:19.215',-159.773
'0:19.219',-170.268
'0:19.223',-189.406
'0:19.227',-196.938
'0:19.230',-214.718
'0:19.234',-208.544
'0:19.238',-218.792
'0:19.242',-235.708
'0:19.246',-257.563
'0:19.250',-260.526
'0:19.254',-273.244
'0:19.258',-283.245
'0:19.262',-282.627
'0:19.266',-303.741
'0:19.270',-322.632
'0:19.273',-335.227
'0:19.277',-330.905
'0:19.281',-331.152
'0:19.285',-335.227
'0:19.289',-352.266
'0:19.293',-333.374
'0:19.297',-346.339
'0:19.301',-345.722
'0:19.305',-333.128
'0:19.309',-335.227
'0:19.313',-348.191
'0:19.316',-327.942
'0:19.320',-344.117
'0:19.324',-346.833
'0:19.328',-348.685
'0:19.332',-347.08
'0:19.336',-328.189
'0:19.340',-327.695
'0:19.344',-344.117
'0:19.348',-344.364
'0:19.352',-344.734
'0:19.355',-343.87
'0:19.359',-327.448
'0:19.363',-342.758
'0:19.367',-341.771
'0:19.371',-341.771
'0:19.375',-342.511
'0:19.379',-342.511
'0:19.383',-341.4
'0:19.387',-324.731
'0:19.391',-324.978
'0:19.395',-340.042
'0:19.398',-323.126
'0:19.402',-308.557
'0:19.406',-293.74
'0:19.410',-292.135
'0:19.414',-289.172
'0:19.418',-288.06
'0:19.422',-305.346
'0:19.426',-306.705
'0:19.430',-306.705
'0:19.434',-305.099
'0:19.438',-319.052
'0:19.441',-318.805
'0:19.445',-320.657
'0:19.449',-337.079
'0:19.453',-335.227
'0:19.457',-333.868
'0:19.461',-349.796
'0:19.465',-350.29
'0:19.469',-351.401
'0:19.473',-335.227
'0:19.477',-334.115
'0:19.480',-332.263
'0:19.484',-331.769
'0:19.488',-332.51
'0:19.492',-333.374
'0:19.496',-332.51
'0:19.500',-346.339
'0:19.504',-360.538
'0:19.508',-392.641
'0:19.512',-347.944
'0:19.516',-212.248
'0:19.520',-89.394
'0:19.523',13.829
'0:19.527',12.841
'0:19.531',51.117
'0:19.535',86.677
'0:19.539',104.951
'0:19.543',140.264
'0:19.547',17.41
'0:19.551',-325.225
'0:19.555',-502.655
'0:19.559',-495.864
'0:19.563',-450.92
'0:19.566',-356.217
'0:19.570',-264.354
'0:19.574',-261.39
'0:19.578',-271.392
'0:19.582',-306.334
'0:19.586',-303.988
'0:19.590',-269.786
'0:19.594',-234.103
'0:19.598',-252.5
'0:19.602',-266.206
'0:19.605',-268.058
'0:19.609',-240.894
'0:19.613',-205.828
'0:19.617',-218.545
'0:19.621',-227.435
'0:19.625',-232.004
'0:19.629',-195.333
'0:19.633',-177.8
'0:19.637',-168.91
'0:19.641',-189.653
'0:19.645',-180.269
'0:19.648',-149.525
'0:19.652',-133.35
'0:19.656',-119.891
'0:19.660',-120.879
'0:19.664',-113.347
'0:19.668',-86.924
'0:19.672',-71.614
'0:19.676',-55.192
'0:19.680',-53.463
'0:19.684',-47.043
'0:19.688',-39.264
'0:19.691',-24.694
'0:19.695',-7.161
'0:19.699',-19.262
'0:19.703',-28.152
'0:19.707',-37.906
'0:19.711',-25.806
'0:19.715',-24.077
'0:19.719',-49.759
'0:19.723',-57.538
'0:19.727',-69.391
'0:19.730',-59.76
'0:19.734',-73.219
'0:19.738',-80.504
'0:19.742',-103.346
'0:19.746',-101.247
'0:19.750',-109.273
'0:19.754',-121.496
'0:19.758',-126.806
'0:19.762',-134.091
'0:19.766',-149.525
'0:19.770',-141.993
'0:19.773',-153.476
'0:19.777',-157.55
'0:19.781',-179.899
'0:19.785',-195.58
'0:19.789',-189.9
'0:19.793',-186.937
'0:19.797',-190.147
'0:19.801',-194.468
'0:19.805',-194.222
'0:19.809',-189.9
'0:19.813',-202.371
'0:19.816',-203.976
'0:19.820',-208.544
'0:19.824',-194.468
'0:19.828',-191.258
'0:19.832',-186.443
'0:19.836',-170.515
'0:19.840',-190.517
'0:19.844',-176.442
'0:19.848',-174.589
'0:19.852',-170.515
'0:19.855',-169.651
'0:19.859',-156.809
'0:19.863',-175.083
'0:19.867',-172.737
'0:19.871',-154.093
'0:19.875',-154.34
'0:19.879',-156.192
'0:19.883',-156.809
'0:19.887',-170.762
'0:19.891',-168.663
'0:19.895',-154.34
'0:19.898',-141.622
'0:19.902',-141.622
'0:19.906',-137.671
'0:19.910',-119.274
'0:19.914',-106.062
'0:19.918',-93.715
'0:19.922',-108.285
'0:19.926',-102.852
'0:19.930',-101.494
'0:19.934',-120.879
'0:19.938',-123.842
'0:19.941',-123.596
'0:19.945',-120.138
'0:19.949',-133.844
'0:19.953',-134.955
'0:19.957',-138.412
'0:19.961',-154.834
'0:19.965',-151.624
'0:19.969',-149.772
'0:19.973',-151.13
'0:19.977',-153.846
'0:19.980',-154.093
'0:19.984',-151.377
'0:19.988',-149.525
'0:19.992',-150.265
'0:19.996',-137.054
'0:20.000',-137.918
