'0:00.000',2.5
'0:00.004',2.55
'0:00.008',3.08
'0:00.012',3.5
'0:00.016',3.68
'0:00.020',3.42
'0:00.023',3.06
'0:00.027',2.72
'0:00.031',2.44
'0:00.035',2.22
'0:00.039',2.03
'0:00.043',1.59
'0:00.047',1.18
'0:00.051',0.87
'0:00.055',0.5
'0:00.059',-0.17
'0:00.063',-1
'0:00.066',-1.67
'0:00.070',-2.07
'0:00.074',-2.43
'0:00.078',-2.76
'0:00.082',-3.01
'0:00.086',-3.14
'0:00.090',-3.09
'0:00.094',-3.04
'0:00.098',-3.28
'0:00.102',-3.6
'0:00.105',-3.56
'0:00.109',-3.58
'0:00.113',-3.84
'0:00.117',-3.74
'0:00.121',-3.02
'0:00.125',-1.73
'0:00.129',0.19
'0:00.133',3.2
'0:00.137',7.22
'0:00.141',11.41
'0:00.145',14.35
'0:00.148',14.63
'0:00.152',11.68
'0:00.156',5.94
'0:00.160',-1.14
'0:00.164',-7.17
'0:00.168',-10.92
'0:00.172',-12.62
'0:00.176',-12.55
'0:00.180',-11.76
'0:00.184',-10.79
'0:00.188',-9.55
'0:00.191',-8.36
'0:00.195',-7.3
'0:00.199',-6.42
'0:00.203',-5.9
'0:00.207',-5.51
'0:00.211',-5.12
'0:00.215',-4.07
'0:00.219',-2.86
'0:00.223',-2.77
'0:00.227',-3.55
'0:00.230',-4.06
'0:00.234',-3.66
'0:00.238',-2.86
'0:00.242',-1.88
'0:00.246',-0.99
'0:00.250',-0.63
'0:00.254',-1.08
'0:00.258',-1.6
'0:00.262',-1.77
'0:00.266',-1.59
'0:00.270',-1.32
'0:00.273',-0.79
'0:00.277',0.02
'0:00.281',0.27
'0:00.285',0.55
'0:00.289',1.31
'0:00.293',2.09
'0:00.297',2.08
'0:00.301',1.33
'0:00.305',1.05
'0:00.309',1.67
'0:00.313',2.12
'0:00.316',1.79
'0:00.320',0.74
'0:00.324',-0.23
'0:00.328',-0.32
'0:00.332',-0.31
'0:00.336',-1.14
'0:00.340',-2.3
'0:00.344',-2.45
'0:00.348',-1.98
'0:00.352',-2.01
'0:00.355',-2.82
'0:00.359',-3.6
'0:00.363',-4.04
'0:00.367',-4.12
'0:00.371',-4.1
'0:00.375',-4.24
'0:00.379',-4.54
'0:00.383',-4.59
'0:00.387',-4.22
'0:00.391',-3.78
'0:00.395',-3.58
'0:00.398',-3.45
'0:00.402',-3.38
'0:00.406',-3.69
'0:00.410',-4.08
'0:00.414',-4.57
'0:00.418',-4.87
'0:00.422',-5.18
'0:00.426',-5.79
'0:00.430',-6.08
'0:00.434',-5.92
'0:00.438',-5.8
'0:00.441',-6.1
'0:00.445',-6.57
'0:00.449',-7.2
'0:00.453',-7.62
'0:00.457',-8.1
'0:00.461',-8.26
'0:00.465',-8.2
'0:00.469',-8.35
'0:00.473',-8.35
'0:00.477',-8.18
'0:00.480',-8.13
'0:00.484',-8.38
'0:00.488',-8.49
'0:00.492',-8.07
'0:00.496',-6.63
'0:00.500',-4.5
'0:00.504',-2.03
'0:00.508',1.41
'0:00.512',5.52
'0:00.516',9.31
'0:00.520',10.75
'0:00.523',8.82
'0:00.527',3.99
'0:00.531',-2.19
'0:00.535',-7.84
'0:00.539',-11.4
'0:00.543',-12.8
'0:00.547',-13
'0:00.551',-12.6
'0:00.555',-11.3
'0:00.559',-9.6
'0:00.563',-7.82
'0:00.566',-5.87
'0:00.570',-4.09
'0:00.574',-2.74
'0:00.578',-1.91
'0:00.582',-1.39
'0:00.586',-0.81
'0:00.590',-0.31
'0:00.594',0.19
'0:00.598',0.7
'0:00.602',1.31
'0:00.605',2.25
'0:00.609',2.97
'0:00.613',3.46
'0:00.617',3.89
'0:00.621',4.62
'0:00.625',5.33
'0:00.629',5.67
'0:00.633',5.8
'0:00.637',6.54
'0:00.641',7.42
'0:00.645',8.03
'0:00.648',8.81
'0:00.652',9.69
'0:00.656',10.49
'0:00.660',11.38
'0:00.664',12.15
'0:00.668',12.61
'0:00.672',12.77
'0:00.676',12.82
'0:00.680',12.86
'0:00.684',12.77
'0:00.688',12.43
'0:00.691',11.95
'0:00.695',11.29
'0:00.699',10.73
'0:00.703',10.05
'0:00.707',9.15
'0:00.711',8.3
'0:00.715',7.47
'0:00.719',6.71
'0:00.723',5.88
'0:00.727',5.18
'0:00.730',4.9
'0:00.734',5.1
'0:00.738',5.22
'0:00.742',4.97
'0:00.746',4.69
'0:00.750',4.56
'0:00.754',4.64
'0:00.758',4.7
'0:00.762',4.62
'0:00.766',4.27
'0:00.770',3.86
'0:00.773',3.54
'0:00.777',3.17
'0:00.781',2.88
'0:00.785',2.47
'0:00.789',2.14
'0:00.793',1.81
'0:00.797',1.38
'0:00.801',0.78
'0:00.805',0.02
'0:00.809',-0.77
'0:00.813',-1.62
'0:00.816',-2.29
'0:00.820',-2.53
'0:00.824',-2.75
'0:00.828',-2.82
'0:00.832',-2.87
'0:00.836',-3.06
'0:00.840',-3.12
'0:00.844',-3.12
'0:00.848',-3.19
'0:00.852',-3.22
'0:00.855',-3.46
'0:00.859',-3.75
'0:00.863',-3.77
'0:00.867',-3.31
'0:00.871',-2.08
'0:00.875',-0.11
'0:00.879',3.05
'0:00.883',7.03
'0:00.887',10.8
'0:00.891',13.42
'0:00.895',13.04
'0:00.898',9.44
'0:00.902',4.04
'0:00.906',-1.77
'0:00.910',-6.94
'0:00.914',-10.03
'0:00.918',-10.96
'0:00.922',-10.3
'0:00.926',-9.03
'0:00.930',-7.53
'0:00.934',-6.1
'0:00.938',-4.83
'0:00.941',-3.82
'0:00.945',-2.98
'0:00.949',-2.56
'0:00.953',-2.21
'0:00.957',-1.74
'0:00.961',-1.32
'0:00.965',-1.14
'0:00.969',-1.08
'0:00.973',-1.02
'0:00.977',-0.99
'0:00.980',-0.85
'0:00.984',-0.65
'0:00.988',-0.46
'0:00.992',-0.19
'0:00.996',0.15
'0:01.000',0.37
'0:01.004',0.3
'0:01.008',0.11
'0:01.012',0
'0:01.016',0.17
'0:01.020',0.46
'0:01.023',0.9
'0:01.027',1.34
'0:01.031',1.75
'0:01.035',2.22
'0:01.039',2.68
'0:01.043',3.04
'0:01.047',3.32
'0:01.051',3.46
'0:01.055',3.24
'0:01.059',3.03
'0:01.063',2.88
'0:01.066',2.74
'0:01.070',2.71
'0:01.074',2.68
'0:01.078',2.39
'0:01.082',1.15
'0:01.086',0.02
'0:01.090',-0.92
'0:01.094',-2.09
'0:01.098',-3.35
'0:01.102',-3.66
'0:01.105',-3.87
'0:01.109',-4.3
'0:01.113',-4.63
'0:01.117',-4.61
'0:01.121',-4.12
'0:01.125',-3.68
'0:01.129',-3.36
'0:01.133',-3.36
'0:01.137',-3.28
'0:01.141',-3.16
'0:01.145',-2.94
'0:01.148',-2.8
'0:01.152',-2.99
'0:01.156',-3.19
'0:01.160',-3.78
'0:01.164',-5.13
'0:01.168',-6.25
'0:01.172',-6.58
'0:01.176',-6.82
'0:01.180',-7.44
'0:01.184',-8.4
'0:01.188',-9.13
'0:01.191',-9.6
'0:01.195',-9.69
'0:01.199',-9.41
'0:01.203',-8.97
'0:01.207',-9.02
'0:01.211',-9.35
'0:01.215',-9.69
'0:01.219',-9.72
'0:01.223',-9.48
'0:01.227',-9.79
'0:01.230',-10.28
'0:01.234',-10.41
'0:01.238',-9.81
'0:01.242',-8.65
'0:01.246',-7.34
'0:01.250',-5.48
'0:01.254',-2.6
'0:01.258',1.02
'0:01.262',5.11
'0:01.266',8.11
'0:01.270',8.2
'0:01.273',4.88
'0:01.277',-0.58
'0:01.281',-6.38
'0:01.285',-10.79
'0:01.289',-12.97
'0:01.293',-14.09
'0:01.297',-14.37
'0:01.301',-13.3
'0:01.305',-11.69
'0:01.309',-10.18
'0:01.313',-9.11
'0:01.316',-7.8
'0:01.320',-6.07
'0:01.324',-4.8
'0:01.328',-4.45
'0:01.332',-4.11
'0:01.336',-3.49
'0:01.340',-3.16
'0:01.344',-3.02
'0:01.348',-2.74
'0:01.352',-2.59
'0:01.355',-2.41
'0:01.359',-2.26
'0:01.363',-2.09
'0:01.367',-1.55
'0:01.371',-0.73
'0:01.375',-0.39
'0:01.379',-0.61
'0:01.383',-0.54
'0:01.387',0.05
'0:01.391',0.73
'0:01.395',1.11
'0:01.398',1.49
'0:01.402',2.02
'0:01.406',2.66
'0:01.410',3.56
'0:01.414',4.15
'0:01.418',4.42
'0:01.422',4.78
'0:01.426',5.1
'0:01.430',5.36
'0:01.434',5.58
'0:01.438',5.68
'0:01.441',5.58
'0:01.445',5.29
'0:01.449',4.95
'0:01.453',4.56
'0:01.457',4.1
'0:01.461',3.68
'0:01.465',3.31
'0:01.469',3.08
'0:01.473',2.95
'0:01.477',2.88
'0:01.480',3.05
'0:01.484',3.53
'0:01.488',4.14
'0:01.492',4.68
'0:01.496',5.03
'0:01.500',5.46
'0:01.504',6.23
'0:01.508',7
'0:01.512',7.48
'0:01.516',7.92
'0:01.520',8.31
'0:01.523',8.46
'0:01.527',8.46
'0:01.531',8.51
'0:01.535',8.39
'0:01.539',8.26
'0:01.543',7.93
'0:01.547',7.54
'0:01.551',7.11
'0:01.555',6.63
'0:01.559',6.04
'0:01.563',5.42
'0:01.566',4.9
'0:01.570',4.63
'0:01.574',4.56
'0:01.578',4.44
'0:01.582',4.32
'0:01.586',4.09
'0:01.590',3.96
'0:01.594',3.79
'0:01.598',3.46
'0:01.602',3.22
'0:01.605',3
'0:01.609',2.76
'0:01.613',2.64
'0:01.617',3.13
'0:01.621',4.28
'0:01.625',6.32
'0:01.629',9.56
'0:01.633',13.46
'0:01.637',16.91
'0:01.641',18.44
'0:01.645',17.16
'0:01.648',13.12
'0:01.652',6.97
'0:01.656',0.32
'0:01.660',-4.94
'0:01.664',-7.91
'0:01.668',-9.03
'0:01.672',-9.08
'0:01.676',-8.4
'0:01.680',-7.19
'0:01.684',-5.84
'0:01.688',-4.67
'0:01.691',-3.7
'0:01.695',-2.87
'0:01.699',-2.07
'0:01.703',-1.53
'0:01.707',-1.17
'0:01.711',-0.7
'0:01.715',-0.48
'0:01.719',-0.54
'0:01.723',-0.75
'0:01.727',-0.83
'0:01.730',-0.59
'0:01.734',-0.22
'0:01.738',0.2
'0:01.742',0.76
'0:01.746',1.22
'0:01.750',1.34
'0:01.754',1.44
'0:01.758',1.52
'0:01.762',1.7
'0:01.766',1.88
'0:01.770',2.19
'0:01.773',2.7
'0:01.777',3.2
'0:01.781',3.58
'0:01.785',3.76
'0:01.789',3.98
'0:01.793',4.02
'0:01.797',4
'0:01.801',3.97
'0:01.805',3.85
'0:01.809',3.66
'0:01.813',3.41
'0:01.816',3.05
'0:01.820',2.53
'0:01.824',1.95
'0:01.828',1.34
'0:01.832',0.76
'0:01.836',0.3
'0:01.840',-0.17
'0:01.844',-0.58
'0:01.848',-0.81
'0:01.852',-0.83
'0:01.855',-0.78
'0:01.859',-0.78
'0:01.863',-0.81
'0:01.867',-0.82
'0:01.871',-0.6
'0:01.875',-0.22
'0:01.879',0.2
'0:01.883',0.46
'0:01.887',0.44
'0:01.891',0.4
'0:01.895',0.22
'0:01.898',0.22
'0:01.902',0.18
'0:01.906',-0.11
'0:01.910',-0.46
'0:01.914',-0.72
'0:01.918',-0.97
'0:01.922',-1.55
'0:01.926',-2.11
'0:01.930',-2.49
'0:01.934',-2.93
'0:01.938',-3.51
'0:01.941',-3.9
'0:01.945',-4.06
'0:01.949',-4.18
'0:01.953',-4.12
'0:01.957',-3.99
'0:01.961',-3.78
'0:01.965',-3.68
'0:01.969',-3.75
'0:01.973',-4.11
'0:01.977',-4.16
'0:01.980',-3.61
'0:01.984',-2.74
'0:01.988',-1.38
'0:01.992',-0.22
'0:01.996',0.6
'0:02.000',2.7
'0:02.004',5.89
'0:02.008',9.9
'0:02.012',12.89
'0:02.016',12.95
'0:02.020',9.75
'0:02.023',4.2
'0:02.027',-2.29
'0:02.031',-8.13
'0:02.035',-11.59
'0:02.039',-12.71
'0:02.043',-12.22
'0:02.047',-11.28
'0:02.051',-10.59
'0:02.055',-9.98
'0:02.059',-9.3
'0:02.063',-8.23
'0:02.066',-7.19
'0:02.070',-6.4
'0:02.074',-5.63
'0:02.078',-5.57
'0:02.082',-5.57
'0:02.086',-5.36
'0:02.090',-5.22
'0:02.094',-5.27
'0:02.098',-5.57
'0:02.102',-5.29
'0:02.105',-5
'0:02.109',-5.33
'0:02.113',-5.64
'0:02.117',-5.65
'0:02.121',-5.36
'0:02.125',-4.67
'0:02.129',-3.97
'0:02.133',-3.72
'0:02.137',-3.68
'0:02.141',-3.36
'0:02.145',-2.55
'0:02.148',-1.55
'0:02.152',-0.61
'0:02.156',-0.02
'0:02.160',0
'0:02.164',-0.02
'0:02.168',0.52
'0:02.172',1.3
'0:02.176',1.73
'0:02.180',1.73
'0:02.184',1.63
'0:02.188',1.41
'0:02.191',0.93
'0:02.195',0.36
'0:02.199',-0.83
'0:02.203',-1.87
'0:02.207',-2.12
'0:02.211',-2.39
'0:02.215',-2.87
'0:02.219',-3.34
'0:02.223',-3.65
'0:02.227',-3.65
'0:02.230',-3.68
'0:02.234',-3.6
'0:02.238',-2.94
'0:02.242',-2.49
'0:02.246',-2.21
'0:02.250',-1.9
'0:02.254',-1.55
'0:02.258',-1.16
'0:02.262',-0.86
'0:02.266',-1.46
'0:02.270',-2.1
'0:02.273',-2.14
'0:02.277',-1.87
'0:02.281',-2.02
'0:02.285',-2.56
'0:02.289',-2.75
'0:02.293',-2.65
'0:02.297',-2.78
'0:02.301',-3.06
'0:02.305',-3.43
'0:02.309',-3.82
'0:02.313',-3.77
'0:02.316',-3.52
'0:02.320',-3.82
'0:02.324',-3.96
'0:02.328',-3.97
'0:02.332',-4.16
'0:02.336',-4.23
'0:02.340',-4.11
'0:02.344',-3.8
'0:02.348',-2.94
'0:02.352',-2.56
'0:02.355',-2.78
'0:02.359',-2.74
'0:02.363',-1.67
'0:02.367',0.07
'0:02.371',2.4
'0:02.375',5.6
'0:02.379',10.08
'0:02.383',15.36
'0:02.387',18.01
'0:02.391',15.62
'0:02.395',9.84
'0:02.398',3.47
'0:02.402',-2.01
'0:02.406',-6.63
'0:02.410',-9.72
'0:02.414',-10.68
'0:02.418',-9.76
'0:02.422',-8.13
'0:02.426',-6.52
'0:02.430',-5.23
'0:02.434',-4.04
'0:02.438',-2.91
'0:02.441',-1.87
'0:02.445',-0.95
'0:02.449',-0.24
'0:02.453',0.14
'0:02.457',0.37
'0:02.461',0.49
'0:02.465',0.55
'0:02.469',0.66
'0:02.473',0.95
'0:02.477',1.47
'0:02.480',1.97
'0:02.484',2.3
'0:02.488',2.44
'0:02.492',2.55
'0:02.496',3
'0:02.500',3.59
'0:02.504',4.15
'0:02.508',4.73
'0:02.512',5.34
'0:02.516',5.91
'0:02.520',6.54
'0:02.523',7.31
'0:02.527',8.24
'0:02.531',9.07
'0:02.535',9.65
'0:02.539',10
'0:02.543',10.24
'0:02.547',10.4
'0:02.551',10.41
'0:02.555',10.26
'0:02.559',9.88
'0:02.563',9.31
'0:02.566',8.65
'0:02.570',7.84
'0:02.574',6.95
'0:02.578',6.14
'0:02.582',5.32
'0:02.586',4.61
'0:02.590',4.17
'0:02.594',3.96
'0:02.598',3.78
'0:02.602',3.68
'0:02.605',3.58
'0:02.609',3.56
'0:02.613',3.39
'0:02.617',3.27
'0:02.621',3.34
'0:02.625',3.54
'0:02.629',3.73
'0:02.633',3.85
'0:02.637',3.95
'0:02.641',4.09
'0:02.645',4.03
'0:02.648',3.72
'0:02.652',3.44
'0:02.656',3.26
'0:02.660',3.15
'0:02.664',2.86
'0:02.668',2.47
'0:02.672',1.83
'0:02.676',1
'0:02.680',0.41
'0:02.684',-0.12
'0:02.688',-0.66
'0:02.691',-1.11
'0:02.695',-1.38
'0:02.699',-1.58
'0:02.703',-1.73
'0:02.707',-1.9
'0:02.711',-2.02
'0:02.715',-2.05
'0:02.719',-1.97
'0:02.723',-1.95
'0:02.727',-2.12
'0:02.730',-2.43
'0:02.734',-2.48
'0:02.738',-1.98
'0:02.742',-0.82
'0:02.746',1.08
'0:02.750',4.07
'0:02.754',8.08
'0:02.758',12.25
'0:02.762',15.23
'0:02.766',15.01
'0:02.770',11.25
'0:02.773',5.41
'0:02.777',-0.95
'0:02.781',-6.49
'0:02.785',-9.89
'0:02.789',-11.17
'0:02.793',-11.07
'0:02.797',-10.29
'0:02.801',-9.32
'0:02.805',-8.35
'0:02.809',-7.3
'0:02.813',-6.2
'0:02.816',-5.28
'0:02.820',-4.75
'0:02.824',-4.35
'0:02.828',-3.74
'0:02.832',-2.81
'0:02.836',-2.04
'0:02.840',-2.06
'0:02.844',-2.46
'0:02.848',-2.75
'0:02.852',-2.55
'0:02.855',-2.01
'0:02.859',-1.29
'0:02.863',-0.95
'0:02.867',-0.89
'0:02.871',-0.67
'0:02.875',-0.34
'0:02.879',-0.05
'0:02.883',0.3
'0:02.887',0.79
'0:02.891',1.49
'0:02.895',2.32
'0:02.898',2.92
'0:02.902',3.22
'0:02.906',3.4
'0:02.910',3.44
'0:02.914',3.71
'0:02.918',4.51
'0:02.922',5.34
'0:02.926',5.43
'0:02.930',4.84
'0:02.934',4.02
'0:02.938',3.56
'0:02.941',2.75
'0:02.945',1.61
'0:02.949',0.95
'0:02.953',0.2
'0:02.957',-0.71
'0:02.961',-1.46
'0:02.965',-2.03
'0:02.969',-2.88
'0:02.973',-3.52
'0:02.977',-3.68
'0:02.980',-3.58
'0:02.984',-2.92
'0:02.988',-2.13
'0:02.992',-1.62
'0:02.996',-1.64
'0:03.000',-1.97
'0:03.004',-2
'0:03.008',-2.07
'0:03.012',-2.34
'0:03.016',-2.86
'0:03.020',-3.46
'0:03.023',-4.21
'0:03.027',-4.92
'0:03.031',-5.35
'0:03.035',-5.72
'0:03.039',-5.67
'0:03.043',-5.44
'0:03.047',-5.6
'0:03.051',-5.87
'0:03.055',-6.48
'0:03.059',-7.48
'0:03.063',-8.2
'0:03.066',-8.24
'0:03.070',-8.41
'0:03.074',-9.08
'0:03.078',-9.72
'0:03.082',-10.22
'0:03.086',-10.33
'0:03.090',-10.25
'0:03.094',-10.06
'0:03.098',-9.96
'0:03.102',-10.06
'0:03.105',-10.12
'0:03.109',-9.91
'0:03.113',-8.99
'0:03.117',-7.08
'0:03.121',-4.41
'0:03.125',-1
'0:03.129',3.26
'0:03.133',7.46
'0:03.137',9.86
'0:03.141',9.59
'0:03.145',6.4
'0:03.148',0.9
'0:03.152',-5.08
'0:03.156',-9.95
'0:03.160',-12.61
'0:03.164',-13.32
'0:03.168',-12.66
'0:03.172',-11.31
'0:03.176',-9.39
'0:03.180',-7.27
'0:03.184',-5.45
'0:03.188',-3.88
'0:03.191',-2.87
'0:03.195',-2.26
'0:03.199',-1.34
'0:03.203',-0.5
'0:03.207',0.33
'0:03.211',0.9
'0:03.215',1.52
'0:03.219',2.17
'0:03.223',2.54
'0:03.227',2.92
'0:03.230',3.68
'0:03.234',4.52
'0:03.238',5.14
'0:03.242',5.46
'0:03.246',5.95
'0:03.250',6.39
'0:03.254',6.71
'0:03.258',6.99
'0:03.262',7.66
'0:03.266',8.29
'0:03.270',8.68
'0:03.273',8.87
'0:03.277',9.17
'0:03.281',9.82
'0:03.285',10.35
'0:03.289',10.45
'0:03.293',10.26
'0:03.297',10.19
'0:03.301',10.35
'0:03.305',10.19
'0:03.309',9.56
'0:03.313',8.94
'0:03.316',8.33
'0:03.320',7.49
'0:03.324',6.63
'0:03.328',5.76
'0:03.332',5.05
'0:03.336',4.46
'0:03.340',3.95
'0:03.344',3.59
'0:03.348',3.43
'0:03.352',3.32
'0:03.355',3.22
'0:03.359',3.29
'0:03.363',3.47
'0:03.367',3.66
'0:03.371',3.91
'0:03.375',4.12
'0:03.379',4.17
'0:03.383',4.15
'0:03.387',4.02
'0:03.391',3.71
'0:03.395',3.37
'0:03.398',3.12
'0:03.402',2.9
'0:03.406',2.63
'0:03.410',2.39
'0:03.414',2.15
'0:03.418',1.66
'0:03.422',0.85
'0:03.426',0.05
'0:03.430',-0.54
'0:03.434',-1
'0:03.438',-1.27
'0:03.441',-1.44
'0:03.445',-1.54
'0:03.449',-1.5
'0:03.453',-1.4
'0:03.457',-1.43
'0:03.461',-1.54
'0:03.465',-1.59
'0:03.469',-1.68
'0:03.473',-1.8
'0:03.477',-1.7
'0:03.480',-1.21
'0:03.484',-0.42
'0:03.488',0.94
'0:03.492',3.01
'0:03.496',6.08
'0:03.500',10.04
'0:03.504',14.12
'0:03.508',16.56
'0:03.512',15.88
'0:03.516',12.11
'0:03.520',5.88
'0:03.523',-0.92
'0:03.527',-6.48
'0:03.531',-9.72
'0:03.535',-10.83
'0:03.539',-10.65
'0:03.543',-9.85
'0:03.547',-8.79
'0:03.551',-7.49
'0:03.555',-6.18
'0:03.559',-5.15
'0:03.563',-4.45
'0:03.566',-3.82
'0:03.570',-3.28
'0:03.574',-2.65
'0:03.578',-2.17
'0:03.582',-1.85
'0:03.586',-1.71
'0:03.590',-1.61
'0:03.594',-1.33
'0:03.598',-0.97
'0:03.602',-0.68
'0:03.605',-0.58
'0:03.609',-0.58
'0:03.613',-0.44
'0:03.617',-0.14
'0:03.621',0.03
'0:03.625',0.32
'0:03.629',0.86
'0:03.633',1.51
'0:03.637',2
'0:03.641',2.24
'0:03.645',2.39
'0:03.648',2.51
'0:03.652',2.91
'0:03.656',3.47
'0:03.660',4.15
'0:03.664',4.92
'0:03.668',4.9
'0:03.672',4.31
'0:03.676',3.9
'0:03.680',3.68
'0:03.684',2.97
'0:03.688',1.83
'0:03.691',0.99
'0:03.695',0.76
'0:03.699',0.32
'0:03.703',-0.73
'0:03.707',-1.83
'0:03.711',-2.78
'0:03.715',-3.45
'0:03.719',-3.65
'0:03.723',-3.9
'0:03.727',-4.24
'0:03.730',-4.41
'0:03.734',-4.56
'0:03.738',-4.38
'0:03.742',-3.79
'0:03.746',-3.13
'0:03.750',-2.65
'0:03.754',-2.52
'0:03.758',-2.39
'0:03.762',-2.32
'0:03.766',-2.48
'0:03.770',-2.5
'0:03.773',-3.03
'0:03.777',-4.02
'0:03.781',-4.72
'0:03.785',-5.14
'0:03.789',-5.53
'0:03.793',-5.89
'0:03.797',-6.4
'0:03.801',-6.89
'0:03.805',-7.4
'0:03.809',-7.98
'0:03.813',-8.28
'0:03.816',-8.33
'0:03.820',-8.26
'0:03.824',-8.31
'0:03.828',-8.05
'0:03.832',-7.59
'0:03.836',-7.55
'0:03.840',-7.68
'0:03.844',-7.66
'0:03.848',-7.9
'0:03.852',-8.66
'0:03.855',-8.36
'0:03.859',-6.5
'0:03.863',-4.24
'0:03.867',-1.71
'0:03.871',1.61
'0:03.875',5.97
'0:03.879',9.9
'0:03.883',10.87
'0:03.887',7.89
'0:03.891',2.03
'0:03.895',-4.47
'0:03.898',-9.8
'0:03.902',-13.38
'0:03.906',-15.14
'0:03.910',-15.26
'0:03.914',-14.34
'0:03.918',-13.19
'0:03.922',-11.75
'0:03.926',-10.57
'0:03.930',-9.91
'0:03.934',-9.29
'0:03.938',-8.49
'0:03.941',-7.67
'0:03.945',-7.01
'0:03.949',-6.52
'0:03.953',-6.11
'0:03.957',-5.77
'0:03.961',-5.16
'0:03.965',-4.34
'0:03.969',-3.64
'0:03.973',-3.29
'0:03.977',-2.92
'0:03.980',-2.71
'0:03.984',-2.5
'0:03.988',-2.02
'0:03.992',-1.65
'0:03.996',-1.42
'0:04.000',-0.57
'0:04.004',0.59
'0:04.008',1.44
'0:04.012',1.91
'0:04.016',2.66
'0:04.020',3.56
'0:04.023',4.4
'0:04.027',5.37
'0:04.031',5.99
'0:04.035',6.19
'0:04.039',6.41
'0:04.043',6.87
'0:04.047',7.12
'0:04.051',6.9
'0:04.055',6.61
'0:04.059',6.26
'0:04.063',5.77
'0:04.066',5.26
'0:04.070',5.05
'0:04.074',4.88
'0:04.078',4.48
'0:04.082',4.32
'0:04.086',4.53
'0:04.090',4.7
'0:04.094',4.52
'0:04.098',4.59
'0:04.102',4.93
'0:04.105',5.39
'0:04.109',5.95
'0:04.113',6.48
'0:04.117',6.9
'0:04.121',7.31
'0:04.125',7.7
'0:04.129',7.8
'0:04.133',7.92
'0:04.137',8.21
'0:04.141',8.23
'0:04.145',7.74
'0:04.148',7.09
'0:04.152',6.6
'0:04.156',6.26
'0:04.160',5.9
'0:04.164',5.58
'0:04.168',5.06
'0:04.172',4.41
'0:04.176',3.75
'0:04.180',3.14
'0:04.184',2.73
'0:04.188',2.44
'0:04.191',2.29
'0:04.195',2.18
'0:04.199',2.15
'0:04.203',2.15
'0:04.207',2.05
'0:04.211',1.83
'0:04.215',1.66
'0:04.219',1.49
'0:04.223',1.31
'0:04.227',1.26
'0:04.230',1.71
'0:04.234',2.79
'0:04.238',4.52
'0:04.242',7.29
'0:04.246',10.95
'0:04.250',14.69
'0:04.254',17.5
'0:04.258',17.32
'0:04.262',13.65
'0:04.266',7.89
'0:04.270',1.82
'0:04.273',-3.45
'0:04.277',-6.85
'0:04.281',-8.21
'0:04.285',-8.13
'0:04.289',-7.42
'0:04.293',-6.3
'0:04.297',-4.91
'0:04.301',-3.52
'0:04.305',-2.38
'0:04.309',-1.77
'0:04.313',-1.27
'0:04.316',-0.78
'0:04.320',-0.34
'0:04.324',-0.27
'0:04.328',-0.46
'0:04.332',-0.55
'0:04.336',-0.35
'0:04.340',0.01
'0:04.344',0.3
'0:04.348',0.52
'0:04.352',0.71
'0:04.355',0.81
'0:04.359',0.91
'0:04.363',1.17
'0:04.367',1.58
'0:04.371',2.01
'0:04.375',2.42
'0:04.379',2.76
'0:04.383',3.16
'0:04.387',3.59
'0:04.391',3.95
'0:04.395',4.42
'0:04.398',4.96
'0:04.402',5.34
'0:04.406',5.61
'0:04.410',5.75
'0:04.414',5.73
'0:04.418',5.54
'0:04.422',5.19
'0:04.426',4.78
'0:04.430',4.31
'0:04.434',3.73
'0:04.438',3.09
'0:04.441',2.29
'0:04.445',1.65
'0:04.449',1.37
'0:04.453',1.04
'0:04.457',0.24
'0:04.461',-0.63
'0:04.465',-1.21
'0:04.469',-1.34
'0:04.473',-1.24
'0:04.477',-1.2
'0:04.480',-0.82
'0:04.484',-0.3
'0:04.488',0.23
'0:04.492',0.63
'0:04.496',0.47
'0:04.500',-0.02
'0:04.504',-0.32
'0:04.508',-0.43
'0:04.512',-0.21
'0:04.516',0.14
'0:04.520',-0.13
'0:04.523',-0.95
'0:04.527',-1.53
'0:04.531',-1.28
'0:04.535',-0.87
'0:04.539',-1.5
'0:04.543',-3.11
'0:04.547',-4.73
'0:04.551',-5.73
'0:04.555',-6.11
'0:04.559',-6.19
'0:04.563',-5.94
'0:04.566',-5.7
'0:04.570',-5.69
'0:04.574',-5.98
'0:04.578',-6.47
'0:04.582',-6.58
'0:04.586',-6.73
'0:04.590',-7.14
'0:04.594',-7.32
'0:04.598',-7.06
'0:04.602',-6.39
'0:04.605',-4.96
'0:04.609',-3.12
'0:04.613',-0.51
'0:04.617',3.3
'0:04.621',7.5
'0:04.625',10.11
'0:04.629',10.2
'0:04.633',7.53
'0:04.637',3.02
'0:04.641',-2.18
'0:04.645',-7.62
'0:04.648',-12.09
'0:04.652',-15.01
'0:04.656',-16.15
'0:04.660',-15.55
'0:04.664',-14.25
'0:04.668',-12.83
'0:04.672',-11.61
'0:04.676',-10.47
'0:04.680',-9.22
'0:04.684',-7.95
'0:04.688',-7.08
'0:04.691',-6.82
'0:04.695',-6.61
'0:04.699',-6.13
'0:04.703',-5.35
'0:04.707',-4.86
'0:04.711',-4.67
'0:04.715',-4.18
'0:04.719',-3.61
'0:04.723',-3.2
'0:04.727',-2.89
'0:04.730',-2.37
'0:04.734',-1.8
'0:04.738',-1.66
'0:04.742',-1.9
'0:04.746',-1.62
'0:04.750',-0.54
'0:04.754',0.35
'0:04.758',0.46
'0:04.762',0.18
'0:04.766',0.28
'0:04.770',0.89
'0:04.773',1.37
'0:04.777',1.86
'0:04.781',2.29
'0:04.785',2.57
'0:04.789',2.85
'0:04.793',2.94
'0:04.797',2.67
'0:04.801',2.16
'0:04.805',1.76
'0:04.809',1.46
'0:04.813',1.22
'0:04.816',0.88
'0:04.820',0.12
'0:04.824',-0.51
'0:04.828',-0.82
'0:04.832',-0.83
'0:04.836',-0.67
'0:04.840',-0.34
'0:04.844',0
'0:04.848',0.1
'0:04.852',0.13
'0:04.855',0.34
'0:04.859',0.74
'0:04.863',1.38
'0:04.867',1.93
'0:04.871',2.02
'0:04.875',2.1
'0:04.879',2.24
'0:04.883',2.32
'0:04.887',2.31
'0:04.891',2.03
'0:04.895',1.91
'0:04.898',1.8
'0:04.902',1.91
'0:04.906',1.83
'0:04.910',1.39
'0:04.914',1.1
'0:04.918',0.75
'0:04.922',0.34
'0:04.926',0.08
'0:04.930',0.16
'0:04.934',0.24
'0:04.938',0.37
'0:04.941',0.56
'0:04.945',0.85
'0:04.949',1.24
'0:04.953',1.57
'0:04.957',1.77
'0:04.961',1.81
'0:04.965',1.76
'0:04.969',1.68
'0:04.973',1.96
'0:04.977',2.76
'0:04.980',4.05
'0:04.984',6.19
'0:04.988',9.35
'0:04.992',13.23
'0:04.996',17.21
'0:05.000',19.48
'0:05.004',18.86
'0:05.008',15.35
'0:05.012',9.38
'0:05.016',2.58
'0:05.020',-3.04
'0:05.023',-6.39
'0:05.027',-7.77
'0:05.031',-7.79
'0:05.035',-6.94
'0:05.039',-5.67
'0:05.043',-4.32
'0:05.047',-3.21
'0:05.051',-2.21
'0:05.055',-1.36
'0:05.059',-0.77
'0:05.063',-0.31
'0:05.066',0.08
'0:05.070',0.37
'0:05.074',0.63
'0:05.078',0.78
'0:05.082',0.97
'0:05.086',1.22
'0:05.090',1.34
'0:05.094',1.36
'0:05.098',1.39
'0:05.102',1.56
'0:05.105',1.86
'0:05.109',2.08
'0:05.113',2.17
'0:05.117',2.17
'0:05.121',2.24
'0:05.125',2.46
'0:05.129',2.77
'0:05.133',3.22
'0:05.137',3.62
'0:05.141',4.03
'0:05.145',4.44
'0:05.148',4.63
'0:05.152',4.73
'0:05.156',4.9
'0:05.160',5.02
'0:05.164',5.08
'0:05.168',5.09
'0:05.172',4.97
'0:05.176',4.77
'0:05.180',4.34
'0:05.184',3.51
'0:05.188',2.53
'0:05.191',1.78
'0:05.195',1.14
'0:05.199',0.66
'0:05.203',0.41
'0:05.207',0.44
'0:05.211',0.34
'0:05.215',0.17
'0:05.219',0.12
'0:05.223',0.01
'0:05.227',-0.09
'0:05.230',0.17
'0:05.234',0.64
'0:05.238',0.81
'0:05.242',0.73
'0:05.246',0.64
'0:05.250',0.63
'0:05.254',0.69
'0:05.258',0.52
'0:05.262',0.2
'0:05.266',-0.09
'0:05.270',-0.29
'0:05.273',-0.48
'0:05.277',-0.61
'0:05.281',-0.95
'0:05.285',-1.51
'0:05.289',-2.21
'0:05.293',-2.88
'0:05.297',-3.46
'0:05.301',-3.93
'0:05.305',-4.11
'0:05.309',-3.85
'0:05.313',-3.63
'0:05.316',-3.63
'0:05.320',-3.68
'0:05.324',-3.82
'0:05.328',-3.85
'0:05.332',-3.75
'0:05.336',-4.02
'0:05.340',-4.14
'0:05.344',-3.57
'0:05.348',-2.21
'0:05.352',-0.71
'0:05.355',1
'0:05.359',3.61
'0:05.363',7.27
'0:05.367',11.35
'0:05.371',14.33
'0:05.375',14.37
'0:05.379',10.68
'0:05.383',4.31
'0:05.387',-2.67
'0:05.391',-8.29
'0:05.395',-11.26
'0:05.398',-12.59
'0:05.402',-12.86
'0:05.406',-12.34
'0:05.410',-11.47
'0:05.414',-10.06
'0:05.418',-8.29
'0:05.422',-6.72
'0:05.426',-5.67
'0:05.430',-4.87
'0:05.434',-4.39
'0:05.438',-4.19
'0:05.441',-4.14
'0:05.445',-4.08
'0:05.449',-3.78
'0:05.453',-3.19
'0:05.457',-2.48
'0:05.461',-2.12
'0:05.465',-1.96
'0:05.469',-1.5
'0:05.473',-1.41
'0:05.477',-1.55
'0:05.480',-1.65
'0:05.484',-1.64
'0:05.488',-1.27
'0:05.492',-0.58
'0:05.496',0.13
'0:05.500',0.72
'0:05.504',1.61
'0:05.508',2.46
'0:05.512',2.61
'0:05.516',2.67
'0:05.520',2.89
'0:05.523',2.93
'0:05.527',2.82
'0:05.531',2.24
'0:05.535',1.85
'0:05.539',1.79
'0:05.543',1.86
'0:05.547',1.98
'0:05.551',2.14
'0:05.555',1.46
'0:05.559',0.21
'0:05.563',-0.93
'0:05.566',-1.55
'0:05.570',-1.93
'0:05.574',-2.36
'0:05.578',-2.68
'0:05.582',-3
'0:05.586',-3.2
'0:05.590',-2.97
'0:05.594',-3.05
'0:05.598',-3.44
'0:05.602',-3.51
'0:05.605',-2.96
'0:05.609',-2.33
'0:05.613',-2.12
'0:05.617',-2.29
'0:05.621',-2.34
'0:05.625',-2.37
'0:05.629',-2.46
'0:05.633',-2.55
'0:05.637',-2.6
'0:05.641',-2.85
'0:05.645',-3.36
'0:05.648',-3.73
'0:05.652',-3.82
'0:05.656',-4.1
'0:05.660',-4.76
'0:05.664',-5.34
'0:05.668',-5.7
'0:05.672',-5.69
'0:05.676',-5.23
'0:05.680',-4.67
'0:05.684',-4.43
'0:05.688',-4.51
'0:05.691',-4.66
'0:05.695',-4.68
'0:05.699',-4.55
'0:05.703',-4.16
'0:05.707',-3.85
'0:05.711',-3.79
'0:05.715',-3.54
'0:05.719',-3.11
'0:05.723',-2.13
'0:05.727',-0.53
'0:05.730',2.21
'0:05.734',6.26
'0:05.738',10.89
'0:05.742',15.11
'0:05.746',16.72
'0:05.750',14.47
'0:05.754',9.35
'0:05.758',3.33
'0:05.762',-2.47
'0:05.766',-6.52
'0:05.770',-8.31
'0:05.773',-8.42
'0:05.777',-7.39
'0:05.781',-5.83
'0:05.785',-4.24
'0:05.789',-2.76
'0:05.793',-1.42
'0:05.797',-0.42
'0:05.801',0.4
'0:05.805',0.97
'0:05.809',1.33
'0:05.813',1.74
'0:05.816',2.22
'0:05.820',2.62
'0:05.824',2.83
'0:05.828',3.07
'0:05.832',3.4
'0:05.836',3.67
'0:05.840',3.95
'0:05.844',4.19
'0:05.848',4.38
'0:05.852',4.51
'0:05.855',4.71
'0:05.859',4.95
'0:05.863',5.09
'0:05.867',5.29
'0:05.871',5.47
'0:05.875',5.81
'0:05.879',6.26
'0:05.883',6.73
'0:05.887',7.12
'0:05.891',7.46
'0:05.895',7.78
'0:05.898',8
'0:05.902',8.11
'0:05.906',8.02
'0:05.910',7.7
'0:05.914',7.22
'0:05.918',6.72
'0:05.922',6.05
'0:05.926',5.23
'0:05.930',4.33
'0:05.934',3.45
'0:05.938',2.62
'0:05.941',1.98
'0:05.945',1.53
'0:05.949',1.29
'0:05.953',1.08
'0:05.957',0.83
'0:05.961',0.7
'0:05.965',0.57
'0:05.969',0.58
'0:05.973',0.81
'0:05.977',1.13
'0:05.980',1.4
'0:05.984',1.24
'0:05.988',0.88
'0:05.992',0.81
'0:05.996',0.97
'0:06.000',0.86
'0:06.004',0.49
'0:06.008',0.12
'0:06.012',-0.19
'0:06.016',-0.55
'0:06.020',-0.9
'0:06.023',-1.36
'0:06.027',-1.78
'0:06.031',-2.07
'0:06.035',-2.3
'0:06.039',-2.66
'0:06.043',-3.04
'0:06.047',-3.21
'0:06.051',-3.29
'0:06.055',-3.32
'0:06.059',-3.51
'0:06.063',-3.58
'0:06.066',-3.35
'0:06.070',-2.98
'0:06.074',-2.88
'0:06.078',-3.14
'0:06.082',-3.41
'0:06.086',-3.2
'0:06.090',-2.44
'0:06.094',-0.92
'0:06.098',1.11
'0:06.102',3.89
'0:06.105',6.94
'0:06.109',11.16
'0:06.113',14.37
'0:06.117',14.7
'0:06.121',11.53
'0:06.125',6.02
'0:06.129',-0.19
'0:06.133',-5.85
'0:06.137',-9.61
'0:06.141',-11.44
'0:06.145',-11.63
'0:06.148',-10.6
'0:06.152',-9.09
'0:06.156',-7.73
'0:06.160',-6.54
'0:06.164',-5.32
'0:06.168',-4.28
'0:06.172',-3.65
'0:06.176',-3.24
'0:06.180',-2.99
'0:06.184',-2.5
'0:06.188',-2
'0:06.191',-1.73
'0:06.195',-1.43
'0:06.199',-1.07
'0:06.203',-0.63
'0:06.207',0
'0:06.211',0.5
'0:06.215',0.61
'0:06.219',0.76
'0:06.223',0.82
'0:06.227',1.07
'0:06.230',1.52
'0:06.234',1.69
'0:06.238',0.81
'0:06.242',-0.36
'0:06.246',-0.87
'0:06.250',-0.72
'0:06.254',-0.18
'0:06.258',0.38
'0:06.262',0.86
'0:06.266',0.9
'0:06.270',0.85
'0:06.273',0.67
'0:06.277',1.1
'0:06.281',1.66
'0:06.285',1.45
'0:06.289',0.4
'0:06.293',-1.05
'0:06.297',-2.03
'0:06.301',-2.42
'0:06.305',-2.51
'0:06.309',-2.88
'0:06.313',-3.29
'0:06.316',-3.82
'0:06.320',-4.53
'0:06.324',-5.14
'0:06.328',-5.27
'0:06.332',-4.42
'0:06.336',-3.83
'0:06.340',-4.59
'0:06.344',-5.51
'0:06.348',-5.42
'0:06.352',-4.74
'0:06.355',-4.98
'0:06.359',-5.7
'0:06.363',-5.73
'0:06.367',-5.29
'0:06.371',-4.99
'0:06.375',-4.79
'0:06.379',-4.75
'0:06.383',-4.87
'0:06.387',-5.32
'0:06.391',-5.88
'0:06.395',-6.24
'0:06.398',-6.68
'0:06.402',-7.42
'0:06.406',-8.07
'0:06.410',-8.26
'0:06.414',-8.14
'0:06.418',-7.72
'0:06.422',-7.54
'0:06.426',-8.02
'0:06.430',-8.37
'0:06.434',-8.18
'0:06.438',-7.47
'0:06.441',-6.51
'0:06.445',-5.76
'0:06.449',-5.68
'0:06.453',-5.89
'0:06.457',-5.6
'0:06.461',-5.32
'0:06.465',-4.48
'0:06.469',-2.73
'0:06.473',0.24
'0:06.477',4.26
'0:06.480',8.52
'0:06.484',11.85
'0:06.488',12.77
'0:06.492',10.86
'0:06.496',5.71
'0:06.500',-1.49
'0:06.504',-7.9
'0:06.508',-11.84
'0:06.512',-13.33
'0:06.516',-13.43
'0:06.520',-12.75
'0:06.523',-11.62
'0:06.527',-10.03
'0:06.531',-8.42
'0:06.535',-6.87
'0:06.539',-5.6
'0:06.543',-4.59
'0:06.547',-3.73
'0:06.551',-2.74
'0:06.555',-2.09
'0:06.559',-1.82
'0:06.563',-1.55
'0:06.566',-1.43
'0:06.570',-0.94
'0:06.574',-0.43
'0:06.578',-0.06
'0:06.582',0.36
'0:06.586',0.83
'0:06.590',1.32
'0:06.594',1.79
'0:06.598',2.16
'0:06.602',2.59
'0:06.605',3.13
'0:06.609',3.72
'0:06.613',4.29
'0:06.617',4.71
'0:06.621',5.05
'0:06.625',5.4
'0:06.629',6.12
'0:06.633',6.81
'0:06.637',7.21
'0:06.641',7.59
'0:06.645',7.99
'0:06.648',8.32
'0:06.652',8.76
'0:06.656',9.15
'0:06.660',9.25
'0:06.664',9.01
'0:06.668',8.64
'0:06.672',8.23
'0:06.676',7.82
'0:06.680',7.56
'0:06.684',7.26
'0:06.688',7.19
'0:06.691',7.42
'0:06.695',7.71
'0:06.699',8.07
'0:06.703',8.36
'0:06.707',8.6
'0:06.711',8.88
'0:06.715',9.2
'0:06.719',9.64
'0:06.723',10.07
'0:06.727',10.34
'0:06.730',10.53
'0:06.734',10.65
'0:06.738',10.55
'0:06.742',10.28
'0:06.746',9.88
'0:06.750',9.6
'0:06.754',9.34
'0:06.758',9.01
'0:06.762',8.47
'0:06.766',7.79
'0:06.770',6.97
'0:06.773',6.58
'0:06.777',6.58
'0:06.781',6.58
'0:06.785',5.84
'0:06.789',4.04
'0:06.793',3.62
'0:06.797',3.24
'0:06.801',3
'0:06.805',2.75
'0:06.809',2.62
'0:06.813',2.49
'0:06.816',2.13
'0:06.820',1.61
'0:06.824',1.45
'0:06.828',2.01
'0:06.832',3.06
'0:06.836',4.85
'0:06.840',7.54
'0:06.844',10.95
'0:06.848',14.57
'0:06.852',17.3
'0:06.855',17.42
'0:06.859',14.3
'0:06.863',8.89
'0:06.867',2.55
'0:06.871',-3.23
'0:06.875',-7.03
'0:06.879',-8.75
'0:06.883',-9.08
'0:06.887',-8.61
'0:06.891',-7.63
'0:06.895',-6.65
'0:06.898',-5.67
'0:06.902',-4.3
'0:06.906',-2.9
'0:06.910',-1.96
'0:06.914',-1.63
'0:06.918',-1.55
'0:06.922',-1.31
'0:06.926',-1.11
'0:06.930',-0.9
'0:06.934',-0.73
'0:06.938',-0.55
'0:06.941',-0.29
'0:06.945',-0.14
'0:06.949',-0.27
'0:06.953',-0.51
'0:06.957',-0.53
'0:06.961',-0.24
'0:06.965',0.17
'0:06.969',0.55
'0:06.973',0.82
'0:06.977',0.95
'0:06.980',1.1
'0:06.984',1.37
'0:06.988',1.89
'0:06.992',2.47
'0:06.996',2.96
'0:07.000',3.21
'0:07.004',3.22
'0:07.008',3.32
'0:07.012',3.44
'0:07.016',3.45
'0:07.020',3.48
'0:07.023',3.28
'0:07.027',2.94
'0:07.031',2.45
'0:07.035',1.84
'0:07.039',1.08
'0:07.043',0.28
'0:07.047',-0.34
'0:07.051',-0.63
'0:07.055',-1
'0:07.059',-1.72
'0:07.063',-2.17
'0:07.066',-2.31
'0:07.070',-2.2
'0:07.074',-1.79
'0:07.078',-1.84
'0:07.082',-1.77
'0:07.086',-1.3
'0:07.090',-1.07
'0:07.094',-1.57
'0:07.098',-1.82
'0:07.102',-1.91
'0:07.105',-2.1
'0:07.109',-2.14
'0:07.113',-2.4
'0:07.117',-3.32
'0:07.121',-4
'0:07.125',-4.1
'0:07.129',-3.54
'0:07.133',-3.11
'0:07.137',-4
'0:07.141',-5.83
'0:07.145',-7.25
'0:07.148',-7.94
'0:07.152',-8
'0:07.156',-7.99
'0:07.160',-8.4
'0:07.164',-9.52
'0:07.168',-10.53
'0:07.172',-10.94
'0:07.176',-11
'0:07.180',-10.57
'0:07.184',-9.57
'0:07.188',-8.68
'0:07.191',-8.57
'0:07.195',-8.44
'0:07.199',-7.84
'0:07.203',-6.46
'0:07.207',-3.91
'0:07.211',-0.85
'0:07.215',2.39
'0:07.219',5.92
'0:07.223',8.71
'0:07.227',8.48
'0:07.230',4.79
'0:07.234',-0.9
'0:07.238',-6.63
'0:07.242',-11.26
'0:07.246',-14.13
'0:07.250',-15.44
'0:07.254',-15.78
'0:07.258',-14.83
'0:07.262',-13.29
'0:07.266',-11.84
'0:07.270',-10.96
'0:07.273',-9.86
'0:07.277',-8.53
'0:07.281',-7.91
'0:07.285',-7.36
'0:07.289',-6.99
'0:07.293',-7.04
'0:07.297',-6.68
'0:07.301',-5.9
'0:07.305',-4.91
'0:07.309',-4.22
'0:07.313',-3.62
'0:07.316',-3.11
'0:07.320',-2.59
'0:07.324',-2.12
'0:07.328',-1.95
'0:07.332',-2
'0:07.336',-2.07
'0:07.340',-1.74
'0:07.344',-0.99
'0:07.348',0.04
'0:07.352',0.84
'0:07.355',1.32
'0:07.359',1.34
'0:07.363',1.46
'0:07.367',1.74
'0:07.371',2.21
'0:07.375',2.82
'0:07.379',3.27
'0:07.383',3.51
'0:07.387',3.54
'0:07.391',3.53
'0:07.395',3.55
'0:07.398',3.19
'0:07.402',2.67
'0:07.406',2.12
'0:07.410',1.7
'0:07.414',1.25
'0:07.418',0.76
'0:07.422',0.31
'0:07.426',0.12
'0:07.430',-0.02
'0:07.434',-0.09
'0:07.438',-0.01
'0:07.441',0.28
'0:07.445',0.67
'0:07.449',1.06
'0:07.453',1.38
'0:07.457',1.74
'0:07.461',2.26
'0:07.465',2.71
'0:07.469',2.87
'0:07.473',3.03
'0:07.477',3.41
'0:07.480',3.79
'0:07.484',3.83
'0:07.488',3.68
'0:07.492',3.59
'0:07.496',3.69
'0:07.500',3.83
'0:07.504',3.88
'0:07.508',3.77
'0:07.512',3.36
'0:07.516',2.86
'0:07.520',2.56
'0:07.523',2.84
'0:07.527',3.13
'0:07.531',3.23
'0:07.535',3.29
'0:07.539',3.25
'0:07.543',3.27
'0:07.547',3.41
'0:07.551',3.67
'0:07.555',3.76
'0:07.559',3.67
'0:07.563',3.38
'0:07.566',3.29
'0:07.570',3.6
'0:07.574',4.59
'0:07.578',6.41
'0:07.582',8.94
'0:07.586',12.2
'0:07.590',15.88
'0:07.594',18.82
'0:07.598',19.29
'0:07.602',16.59
'0:07.605',11.59
'0:07.609',5.52
'0:07.613',-0.12
'0:07.617',-4.22
'0:07.621',-6.4
'0:07.625',-7
'0:07.629',-6.58
'0:07.633',-5.53
'0:07.637',-4.33
'0:07.641',-3.13
'0:07.645',-1.92
'0:07.648',-1.03
'0:07.652',-0.4
'0:07.656',0.06
'0:07.660',0.27
'0:07.664',0.34
'0:07.668',0.49
'0:07.672',0.71
'0:07.676',0.89
'0:07.680',1.03
'0:07.684',1.19
'0:07.688',1.37
'0:07.691',1.49
'0:07.695',1.5
'0:07.699',1.59
'0:07.703',1.85
'0:07.707',2.3
'0:07.711',2.67
'0:07.715',2.98
'0:07.719',3.38
'0:07.723',3.81
'0:07.727',4.22
'0:07.730',4.56
'0:07.734',4.73
'0:07.738',4.94
'0:07.742',5.27
'0:07.746',5.63
'0:07.750',6.01
'0:07.754',6.22
'0:07.758',6.22
'0:07.762',6.24
'0:07.766',6.09
'0:07.770',5.56
'0:07.773',4.83
'0:07.777',4.1
'0:07.781',3.3
'0:07.785',2.59
'0:07.789',1.99
'0:07.793',1.45
'0:07.797',1.07
'0:07.801',0.72
'0:07.805',0.38
'0:07.809',0.22
'0:07.813',0.22
'0:07.816',0.17
'0:07.820',-0.06
'0:07.824',-0.22
'0:07.828',-0.06
'0:07.832',0.21
'0:07.836',0.3
'0:07.840',0.19
'0:07.844',0.19
'0:07.848',0.24
'0:07.852',-0.08
'0:07.855',-0.47
'0:07.859',-0.71
'0:07.863',-0.92
'0:07.867',-1.09
'0:07.871',-1.19
'0:07.875',-1.46
'0:07.879',-1.96
'0:07.883',-2.39
'0:07.887',-2.89
'0:07.891',-3.59
'0:07.895',-4.04
'0:07.898',-4.2
'0:07.902',-4.39
'0:07.906',-4.48
'0:07.910',-4.46
'0:07.914',-4.25
'0:07.918',-4.19
'0:07.922',-4.13
'0:07.926',-3.9
'0:07.930',-3.81
'0:07.934',-3.9
'0:07.938',-3.81
'0:07.941',-3.39
'0:07.945',-2.55
'0:07.949',-0.9
'0:07.953',1.98
'0:07.957',5.86
'0:07.961',9.92
'0:07.965',13.04
'0:07.969',13.98
'0:07.973',11.84
'0:07.977',7.04
'0:07.980',0.45
'0:07.984',-5.89
'0:07.988',-10.18
'0:07.992',-12.03
'0:07.996',-12.06
'0:08.000',-11.36
'0:08.004',-10.73
'0:08.008',-9.91
'0:08.012',-8.75
'0:08.016',-7.22
'0:08.020',-5.8
'0:08.023',-5.05
'0:08.027',-4.56
'0:08.031',-4.12
'0:08.035',-4.61
'0:08.039',-4.68
'0:08.043',-4.46
'0:08.047',-4.36
'0:08.051',-4.31
'0:08.055',-4.23
'0:08.059',-3.9
'0:08.063',-3.51
'0:08.066',-3.4
'0:08.070',-3.04
'0:08.074',-2.39
'0:08.078',-1.55
'0:08.082',-0.97
'0:08.086',-1.28
'0:08.090',-1.55
'0:08.094',-1.66
'0:08.098',-1.72
'0:08.102',-1.78
'0:08.105',-1.78
'0:08.109',-2.25
'0:08.113',-2.78
'0:08.117',-2.97
'0:08.121',-3.05
'0:08.125',-2.82
'0:08.129',-2.65
'0:08.133',-2.53
'0:08.137',-2.78
'0:08.141',-3.22
'0:08.145',-3.57
'0:08.148',-3.72
'0:08.152',-3.8
'0:08.156',-3.57
'0:08.160',-3.47
'0:08.164',-3.99
'0:08.168',-4.21
'0:08.172',-3.65
'0:08.176',-3.02
'0:08.180',-3.13
'0:08.184',-3.49
'0:08.188',-3.5
'0:08.191',-3.1
'0:08.195',-2.31
'0:08.199',-1.17
'0:08.203',0.01
'0:08.207',0.57
'0:08.211',0.87
'0:08.215',0.63
'0:08.219',-0.44
'0:08.223',-1.75
'0:08.227',-2.84
'0:08.230',-3.16
'0:08.234',-2.96
'0:08.238',-2.69
'0:08.242',-2.61
'0:08.246',-2.85
'0:08.250',-3.17
'0:08.254',-3.69
'0:08.258',-4.21
'0:08.262',-4.72
'0:08.266',-5.22
'0:08.270',-5.23
'0:08.273',-4.67
'0:08.277',-4.1
'0:08.281',-3.87
'0:08.285',-3.85
'0:08.289',-4.03
'0:08.293',-3.87
'0:08.297',-3.58
'0:08.301',-3.5
'0:08.305',-3.34
'0:08.309',-2.71
'0:08.313',-1.3
'0:08.316',0.64
'0:08.320',3.54
'0:08.324',7.28
'0:08.328',11.51
'0:08.332',15.07
'0:08.336',16.3
'0:08.340',14.16
'0:08.344',9.26
'0:08.348',3.09
'0:08.352',-2.74
'0:08.355',-6.68
'0:08.359',-8.32
'0:08.363',-8.22
'0:08.367',-7.47
'0:08.371',-6.24
'0:08.375',-4.58
'0:08.379',-2.96
'0:08.383',-1.77
'0:08.387',-0.88
'0:08.391',0.1
'0:08.395',1.15
'0:08.398',2.09
'0:08.402',3.05
'0:08.406',3.92
'0:08.410',4.47
'0:08.414',4.93
'0:08.418',5.35
'0:08.422',5.74
'0:08.426',6.13
'0:08.430',6.32
'0:08.434',6.55
'0:08.438',6.86
'0:08.441',7.09
'0:08.445',7.44
'0:08.449',7.91
'0:08.453',8.18
'0:08.457',8.48
'0:08.461',8.79
'0:08.465',9.04
'0:08.469',9.25
'0:08.473',9.36
'0:08.477',9.62
'0:08.480',10.1
'0:08.484',10.29
'0:08.488',10.35
'0:08.492',10.21
'0:08.496',9.96
'0:08.500',9.82
'0:08.504',9.38
'0:08.508',8.71
'0:08.512',7.94
'0:08.516',6.96
'0:08.520',6.09
'0:08.523',5.38
'0:08.527',4.46
'0:08.531',3.52
'0:08.535',2.86
'0:08.539',2.35
'0:08.543',2.12
'0:08.547',1.93
'0:08.551',1.43
'0:08.555',1.04
'0:08.559',1.16
'0:08.563',1.33
'0:08.566',1.59
'0:08.570',1.81
'0:08.574',1.68
'0:08.578',1.45
'0:08.582',1.34
'0:08.586',1.21
'0:08.590',1.07
'0:08.594',0.78
'0:08.598',0.45
'0:08.602',0.04
'0:08.605',-0.37
'0:08.609',-0.74
'0:08.613',-1.21
'0:08.617',-1.77
'0:08.621',-2.23
'0:08.625',-2.77
'0:08.629',-3.28
'0:08.633',-3.58
'0:08.637',-3.7
'0:08.641',-3.84
'0:08.645',-4.03
'0:08.648',-4.16
'0:08.652',-4.09
'0:08.656',-3.92
'0:08.660',-3.75
'0:08.664',-3.75
'0:08.668',-3.9
'0:08.672',-4.08
'0:08.676',-4.01
'0:08.680',-3.34
'0:08.684',-2
'0:08.688',-0.13
'0:08.691',2.74
'0:08.695',6.63
'0:08.699',10.63
'0:08.703',13.38
'0:08.707',12.84
'0:08.711',8.65
'0:08.715',2.42
'0:08.719',-3.65
'0:08.723',-8.32
'0:08.727',-10.93
'0:08.730',-11.76
'0:08.734',-11.35
'0:08.738',-10.23
'0:08.742',-8.71
'0:08.746',-7.25
'0:08.750',-6.07
'0:08.754',-5.15
'0:08.758',-4.31
'0:08.762',-3.61
'0:08.766',-3.05
'0:08.770',-2.55
'0:08.773',-2.38
'0:08.777',-2.33
'0:08.781',-1.98
'0:08.785',-1.55
'0:08.789',-1.24
'0:08.793',-0.99
'0:08.797',-1.05
'0:08.801',-1.05
'0:08.805',-0.76
'0:08.809',-0.35
'0:08.813',-0.02
'0:08.816',0.3
'0:08.820',0.65
'0:08.824',1.11
'0:08.828',1.51
'0:08.832',1.93
'0:08.836',2.57
'0:08.840',3.42
'0:08.844',4.32
'0:08.848',5.07
'0:08.852',5.67
'0:08.855',6.05
'0:08.859',6.29
'0:08.863',6.39
'0:08.867',6.32
'0:08.871',6.21
'0:08.875',5.71
'0:08.879',4.87
'0:08.883',4.08
'0:08.887',3.5
'0:08.891',2.8
'0:08.895',1.9
'0:08.898',0.98
'0:08.902',0.31
'0:08.906',0.13
'0:08.910',0.16
'0:08.914',0.2
'0:08.918',0.07
'0:08.922',-0.21
'0:08.926',-0.34
'0:08.930',-0.29
'0:08.934',-0.31
'0:08.938',-0.29
'0:08.941',-0.13
'0:08.945',-0.04
'0:08.949',-0.02
'0:08.953',-0.01
'0:08.957',-0.25
'0:08.961',-0.67
'0:08.965',-1.08
'0:08.969',-1.37
'0:08.973',-1.57
'0:08.977',-1.93
'0:08.980',-2.3
'0:08.984',-2.77
'0:08.988',-3.38
'0:08.992',-3.86
'0:08.996',-4.22
'0:09.000',-4.59
'0:09.004',-4.85
'0:09.008',-5.08
'0:09.012',-5.44
'0:09.016',-5.72
'0:09.020',-5.6
'0:09.023',-5.14
'0:09.027',-4.6
'0:09.031',-4.42
'0:09.035',-4.77
'0:09.039',-5.4
'0:09.043',-5.82
'0:09.047',-5.69
'0:09.051',-4.8
'0:09.055',-3.18
'0:09.059',-0.71
'0:09.063',2.8
'0:09.066',6.83
'0:09.070',10.59
'0:09.074',12.23
'0:09.078',10.54
'0:09.082',6.18
'0:09.086',0.69
'0:09.090',-4.74
'0:09.094',-8.98
'0:09.098',-11.17
'0:09.102',-11.62
'0:09.105',-11.23
'0:09.109',-9.92
'0:09.113',-8.13
'0:09.117',-6.56
'0:09.121',-5.33
'0:09.125',-4.41
'0:09.129',-3.86
'0:09.133',-3.43
'0:09.137',-2.87
'0:09.141',-2.35
'0:09.145',-2.01
'0:09.148',-1.7
'0:09.152',-1.39
'0:09.156',-1.01
'0:09.160',-0.96
'0:09.164',-0.92
'0:09.168',-0.45
'0:09.172',-0.11
'0:09.176',0.06
'0:09.180',0.19
'0:09.184',0.43
'0:09.188',0.59
'0:09.191',0.77
'0:09.195',1.24
'0:09.199',1.72
'0:09.203',2.02
'0:09.207',2.26
'0:09.211',2.67
'0:09.215',3.23
'0:09.219',3.61
'0:09.223',3.59
'0:09.227',3.85
'0:09.230',3.98
'0:09.234',4.07
'0:09.238',3.99
'0:09.242',3.64
'0:09.246',2.91
'0:09.250',2.42
'0:09.254',2.11
'0:09.258',1.66
'0:09.262',1.1
'0:09.266',0.47
'0:09.270',0.1
'0:09.273',-0.16
'0:09.277',-0.16
'0:09.281',-0.32
'0:09.285',-0.51
'0:09.289',-0.78
'0:09.293',-0.9
'0:09.297',-0.67
'0:09.301',-0.5
'0:09.305',-0.25
'0:09.309',0.19
'0:09.313',0.55
'0:09.316',0.96
'0:09.320',1.16
'0:09.324',0.99
'0:09.328',0.65
'0:09.332',0.13
'0:09.336',-0.2
'0:09.340',-0.34
'0:09.344',-0.49
'0:09.348',-0.64
'0:09.352',-0.96
'0:09.355',-1.28
'0:09.359',-1.74
'0:09.363',-2.23
'0:09.367',-2.57
'0:09.371',-2.81
'0:09.375',-2.86
'0:09.379',-2.92
'0:09.383',-3.05
'0:09.387',-3.28
'0:09.391',-3.31
'0:09.395',-2.97
'0:09.398',-2.91
'0:09.402',-2.82
'0:09.406',-2.82
'0:09.410',-2.79
'0:09.414',-2.54
'0:09.418',-2.01
'0:09.422',-0.91
'0:09.426',0.93
'0:09.430',3.63
'0:09.434',7.08
'0:09.438',10.75
'0:09.441',13.26
'0:09.445',13.05
'0:09.449',10.25
'0:09.453',4.96
'0:09.457',-1.44
'0:09.461',-6.79
'0:09.465',-9.76
'0:09.469',-10.8
'0:09.473',-10.55
'0:09.477',-9.49
'0:09.480',-8.35
'0:09.484',-7.04
'0:09.488',-5.74
'0:09.492',-4.59
'0:09.496',-3.45
'0:09.500',-2.54
'0:09.504',-2.23
'0:09.508',-2.2
'0:09.512',-1.86
'0:09.516',-1.1
'0:09.520',-0.56
'0:09.523',-0.35
'0:09.527',-0.14
'0:09.531',0.06
'0:09.535',0.36
'0:09.539',0.51
'0:09.543',0.65
'0:09.547',0.82
'0:09.551',1.1
'0:09.555',1.34
'0:09.559',1.87
'0:09.563',2.1
'0:09.566',2.16
'0:09.570',2.31
'0:09.574',2.41
'0:09.578',2.51
'0:09.582',2.93
'0:09.586',3.26
'0:09.590',3.59
'0:09.594',3.8
'0:09.598',3.93
'0:09.602',4.21
'0:09.605',4.36
'0:09.609',4.25
'0:09.613',3.87
'0:09.617',3.39
'0:09.621',2.91
'0:09.625',2.32
'0:09.629',1.55
'0:09.633',0.99
'0:09.637',0.75
'0:09.641',0.64
'0:09.645',0.69
'0:09.648',0.73
'0:09.652',0.52
'0:09.656',0.22
'0:09.660',0.23
'0:09.664',0.4
'0:09.668',0.59
'0:09.672',0.85
'0:09.676',1.11
'0:09.680',1.07
'0:09.684',0.93
'0:09.688',0.95
'0:09.691',1
'0:09.695',1.06
'0:09.699',1.07
'0:09.703',0.84
'0:09.707',0.55
'0:09.711',0.19
'0:09.715',-0.18
'0:09.719',-0.54
'0:09.723',-0.98
'0:09.727',-1.37
'0:09.730',-1.84
'0:09.734',-2.36
'0:09.738',-2.74
'0:09.742',-3
'0:09.746',-3.09
'0:09.750',-3.06
'0:09.754',-3.11
'0:09.758',-3.22
'0:09.762',-3.36
'0:09.766',-3.23
'0:09.770',-3.16
'0:09.773',-3.29
'0:09.777',-3.41
'0:09.781',-3.27
'0:09.785',-2.68
'0:09.789',-2.19
'0:09.793',2.32
'0:09.797',5.66
'0:09.801',9.29
'0:09.805',11.99
'0:09.809',13.19
'0:09.813',12.19
'0:09.816',8.44
'0:09.820',2.8
'0:09.824',-3.05
'0:09.828',-7.91
'0:09.832',-10.77
'0:09.836',-11.67
'0:09.840',-11.34
'0:09.844',-10.33
'0:09.848',-8.92
'0:09.852',-7.54
'0:09.855',-6.38
'0:09.859',-5.25
'0:09.863',-4.02
'0:09.867',-2.89
'0:09.871',-2.18
'0:09.875',-1.88
'0:09.879',-1.44
'0:09.883',-0.95
'0:09.887',-0.69
'0:09.891',-0.43
'0:09.895',-0.11
'0:09.898',0.16
'0:09.902',0.34
'0:09.906',0.45
'0:09.910',0.54
'0:09.914',0.57
'0:09.918',0.84
'0:09.922',1.42
'0:09.926',1.84
'0:09.930',2.13
'0:09.934',2.55
'0:09.938',2.88
'0:09.941',3.29
'0:09.945',3.81
'0:09.949',4.17
'0:09.953',4.42
'0:09.957',4.59
'0:09.961',4.76
'0:09.965',5.06
'0:09.969',5.37
'0:09.973',5.36
'0:09.977',5.15
'0:09.980',4.74
'0:09.984',4.12
'0:09.988',3.49
'0:09.992',3.06
'0:09.996',2.53
'0:10.000',1.86
'0:10.004',1.45
'0:10.008',0.84
'0:10.012',0.18
'0:10.016',0.13
'0:10.020',0.29
'0:10.023',0.4
'0:10.027',0.58
'0:10.031',0.66
'0:10.035',0.69
'0:10.039',0.93
'0:10.043',1.05
'0:10.047',0.92
'0:10.051',0.81
'0:10.055',0.77
'0:10.059',0.77
'0:10.063',0.53
'0:10.066',0.1
'0:10.070',0.2
'0:10.074',0.29
'0:10.078',-0.18
'0:10.082',-0.56
'0:10.086',-0.74
'0:10.090',-1.03
'0:10.094',-1.43
'0:10.098',-2.26
'0:10.102',-2.92
'0:10.105',-3.42
'0:10.109',-3.59
'0:10.113',-3.45
'0:10.117',-3.51
'0:10.121',-3.51
'0:10.125',-3.28
'0:10.129',-3.28
'0:10.133',-3.34
'0:10.137',-3.26
'0:10.141',-3.57
'0:10.145',-3.85
'0:10.148',-3.92
'0:10.152',-3.67
'0:10.156',-2.7
'0:10.160',-0.82
'0:10.164',2.04
'0:10.168',5.74
'0:10.172',9.45
'0:10.176',12.6
'0:10.180',13.25
'0:10.184',10.16
'0:10.188',4.72
'0:10.191',-0.88
'0:10.195',-5.7
'0:10.199',-9.18
'0:10.203',-10.96
'0:10.207',-11.03
'0:10.211',-10.18
'0:10.215',-9.06
'0:10.219',-7.71
'0:10.223',-6.35
'0:10.227',-5.29
'0:10.230',-4.59
'0:10.234',-3.94
'0:10.238',-3.34
'0:10.242',-2.84
'0:10.246',-2.48
'0:10.250',-2.21
'0:10.254',-2.02
'0:10.258',-1.89
'0:10.262',-1.54
'0:10.266',-1
'0:10.270',-0.53
'0:10.273',-0.43
'0:10.277',-0.41
'0:10.281',-0.37
'0:10.285',-0.2
'0:10.289',-0.01
'0:10.293',0.26
'0:10.297',0.79
'0:10.301',1.16
'0:10.305',1.42
'0:10.309',1.71
'0:10.313',2.06
'0:10.316',2.58
'0:10.320',3.26
'0:10.324',3.79
'0:10.328',4.1
'0:10.332',4.37
'0:10.336',4.48
'0:10.340',4.29
'0:10.344',3.89
'0:10.348',3.5
'0:10.352',3.19
'0:10.355',3.02
'0:10.359',2.64
'0:10.363',1.91
'0:10.367',0.92
'0:10.371',-0.22
'0:10.375',-0.93
'0:10.379',-1.06
'0:10.383',-0.78
'0:10.387',-0.57
'0:10.391',-0.56
'0:10.395',-0.55
'0:10.398',-0.26
'0:10.402',-0.23
'0:10.406',-0.61
'0:10.410',-0.65
'0:10.414',-0.48
'0:10.418',-0.2
'0:10.422',0.17
'0:10.426',0.61
'0:10.430',0.67
'0:10.434',0.25
'0:10.438',-0.46
'0:10.441',-0.92
'0:10.445',-1.08
'0:10.449',-1.12
'0:10.453',-1.13
'0:10.457',-1.46
'0:10.461',-2.1
'0:10.465',-2.76
'0:10.469',-3.17
'0:10.473',-3.23
'0:10.477',-3.48
'0:10.480',-3.91
'0:10.484',-3.99
'0:10.488',-3.85
'0:10.492',-3.6
'0:10.496',-3.55
'0:10.500',-3.63
'0:10.504',-3.47
'0:10.508',-3.18
'0:10.512',-3.17
'0:10.516',-3.36
'0:10.520',-3.1
'0:10.523',-2.25
'0:10.527',-0.94
'0:10.531',0.96
'0:10.535',3.76
'0:10.539',7.1
'0:10.543',10.89
'0:10.547',13.74
'0:10.551',13.91
'0:10.555',10.72
'0:10.559',5.22
'0:10.563',-0.75
'0:10.566',-5.88
'0:10.570',-9.2
'0:10.574',-10.62
'0:10.578',-10.35
'0:10.582',-9.5
'0:10.586',-8.33
'0:10.590',-7.14
'0:10.594',-5.92
'0:10.598',-4.55
'0:10.602',-3.53
'0:10.605',-2.87
'0:10.609',-2
'0:10.613',-1.4
'0:10.617',-1.06
'0:10.621',-0.92
'0:10.625',-0.7
'0:10.629',-0.52
'0:10.633',-0.22
'0:10.637',0.06
'0:10.641',0.37
'0:10.645',0.6
'0:10.648',0.66
'0:10.652',0.76
'0:10.656',0.91
'0:10.660',1.33
'0:10.664',1.8
'0:10.668',2.1
'0:10.672',2.19
'0:10.676',2.33
'0:10.680',2.53
'0:10.684',3.16
'0:10.688',3.71
'0:10.691',4.33
'0:10.695',4.47
'0:10.699',4.61
'0:10.703',4.93
'0:10.707',5
'0:10.711',4.77
'0:10.715',4.28
'0:10.719',4.14
'0:10.723',3.84
'0:10.727',3.16
'0:10.730',2.61
'0:10.734',2.04
'0:10.738',1.47
'0:10.742',1.24
'0:10.746',1.09
'0:10.750',0.94
'0:10.754',0.7
'0:10.758',0.45
'0:10.762',-0.09
'0:10.766',-0.32
'0:10.770',-0.1
'0:10.773',0.34
'0:10.777',0.77
'0:10.781',1.21
'0:10.785',1.65
'0:10.789',1.86
'0:10.793',1.65
'0:10.797',1.19
'0:10.801',0.94
'0:10.805',0.6
'0:10.809',0.35
'0:10.813',0.52
'0:10.816',0.45
'0:10.820',-0.06
'0:10.824',-0.32
'0:10.828',-0.62
'0:10.832',-1.39
'0:10.836',-2.24
'0:10.840',-2.6
'0:10.844',-2.63
'0:10.848',-2.73
'0:10.852',-2.72
'0:10.855',-2.58
'0:10.859',-2.61
'0:10.863',-2.58
'0:10.867',-2.81
'0:10.871',-3.07
'0:10.875',-3.11
'0:10.879',-2.85
'0:10.883',-2.52
'0:10.887',-2.16
'0:10.891',-2.13
'0:10.895',-1.78
'0:10.898',-0.36
'0:10.902',2.43
'0:10.906',6.14
'0:10.910',9.98
'0:10.914',13.32
'0:10.918',14.61
'0:10.922',13.27
'0:10.926',8.71
'0:10.930',2.25
'0:10.934',-3.79
'0:10.938',-8.16
'0:10.941',-10.32
'0:10.945',-10.58
'0:10.949',-10.05
'0:10.953',-9.19
'0:10.957',-7.97
'0:10.961',-6.39
'0:10.965',-4.83
'0:10.969',-3.82
'0:10.973',-3.17
'0:10.977',-2.52
'0:10.980',-2.31
'0:10.984',-2.03
'0:10.988',-1.48
'0:10.992',-1.16
'0:10.996',-0.92
'0:11.000',-0.69
'0:11.004',-0.43
'0:11.008',-0.24
'0:11.012',-0.12
'0:11.016',0.09
'0:11.020',0.51
'0:11.023',1.1
'0:11.027',1.3
'0:11.031',1.45
'0:11.035',1.74
'0:11.039',2.01
'0:11.043',2.2
'0:11.047',2.36
'0:11.051',2.5
'0:11.055',3.02
'0:11.059',3.48
'0:11.063',3.76
'0:11.066',3.95
'0:11.070',4.22
'0:11.074',4.55
'0:11.078',4.92
'0:11.082',5.02
'0:11.086',4.74
'0:11.090',4.37
'0:11.094',4.1
'0:11.098',3.86
'0:11.102',3.36
'0:11.105',2.46
'0:11.109',1.57
'0:11.113',0.96
'0:11.117',0.76
'0:11.121',0.69
'0:11.125',0.73
'0:11.129',0.95
'0:11.133',1.22
'0:11.137',1.08
'0:11.141',0.85
'0:11.145',0.83
'0:11.148',0.88
'0:11.152',1.01
'0:11.156',1.23
'0:11.160',1.75
'0:11.164',2.39
'0:11.168',2.29
'0:11.172',1.31
'0:11.176',0.42
'0:11.180',-0.2
'0:11.184',-0.54
'0:11.188',-0.54
'0:11.191',-0.51
'0:11.195',-0.62
'0:11.199',-1.36
'0:11.203',-2.15
'0:11.207',-2.77
'0:11.211',-3.11
'0:11.215',-3.07
'0:11.219',-3.14
'0:11.223',-3.58
'0:11.227',-3.95
'0:11.230',-3.81
'0:11.234',-3.44
'0:11.238',-3.08
'0:11.242',-2.77
'0:11.246',-2.62
'0:11.250',-2.45
'0:11.254',-2.43
'0:11.258',-2.32
'0:11.262',-1.34
'0:11.266',0.72
'0:11.270',3.73
'0:11.273',7.83
'0:11.277',12.28
'0:11.281',15.45
'0:11.285',15.29
'0:11.289',11.16
'0:11.293',4.83
'0:11.297',-1.68
'0:11.301',-6.76
'0:11.305',-9.45
'0:11.309',-10.53
'0:11.313',-10.62
'0:11.316',-10.11
'0:11.320',-8.9
'0:11.324',-7.42
'0:11.328',-5.89
'0:11.332',-4.54
'0:11.336',-3.61
'0:11.340',-2.98
'0:11.344',-2.37
'0:11.348',-1.74
'0:11.352',-1.48
'0:11.355',-1.46
'0:11.359',-1.26
'0:11.363',-0.98
'0:11.367',-0.58
'0:11.371',-0.08
'0:11.375',0.01
'0:11.379',-0.02
'0:11.383',0.16
'0:11.387',0.79
'0:11.391',1.18
'0:11.395',0.95
'0:11.398',0.98
'0:11.402',1.33
'0:11.406',1.77
'0:11.410',2.17
'0:11.414',2.65
'0:11.418',3.36
'0:11.422',3.86
'0:11.426',4.22
'0:11.430',4.61
'0:11.434',4.87
'0:11.438',4.89
'0:11.441',4.68
'0:11.445',4.73
'0:11.449',4.87
'0:11.453',4.59
'0:11.457',4.12
'0:11.461',3.44
'0:11.465',2.56
'0:11.469',1.86
'0:11.473',1.45
'0:11.477',1.13
'0:11.480',0.7
'0:11.484',0.18
'0:11.488',-0.17
'0:11.492',-0.37
'0:11.496',-0.32
'0:11.500',-0.14
'0:11.504',0.06
'0:11.508',0.39
'0:11.512',0.79
'0:11.516',0.8
'0:11.520',0.49
'0:11.523',0.1
'0:11.527',0.04
'0:11.531',-0.04
'0:11.535',-0.15
'0:11.539',-0.46
'0:11.543',-0.88
'0:11.547',-1.24
'0:11.551',-1.68
'0:11.555',-1.9
'0:11.559',-2.35
'0:11.563',-2.99
'0:11.566',-3.44
'0:11.570',-3.67
'0:11.574',-3.63
'0:11.578',-3.64
'0:11.582',-3.83
'0:11.586',-4.22
'0:11.590',-4.56
'0:11.594',-4.67
'0:11.598',-4.72
'0:11.602',-4.56
'0:11.605',-4.37
'0:11.609',-4.18
'0:11.613',-4.1
'0:11.617',-4.15
'0:11.621',-3.7
'0:11.625',-3.03
'0:11.629',-2.2
'0:11.633',-0.58
'0:11.637',2.6
'0:11.641',6.6
'0:11.645',10.76
'0:11.648',13.8
'0:11.652',13.74
'0:11.656',10.14
'0:11.660',3.94
'0:11.664',-2.58
'0:11.668',-7.79
'0:11.672',-10.89
'0:11.676',-11.86
'0:11.680',-11.39
'0:11.684',-10.13
'0:11.688',-8.78
'0:11.691',-7.58
'0:11.695',-6.59
'0:11.699',-5.37
'0:11.703',-3.99
'0:11.707',-2.82
'0:11.711',-2.22
'0:11.715',-2.11
'0:11.719',-1.86
'0:11.723',-1.49
'0:11.727',-0.76
'0:11.730',-0.2
'0:11.734',-0.07
'0:11.738',-0.04
'0:11.742',0.43
'0:11.746',0.99
'0:11.750',0.87
'0:11.754',-0.06
'0:11.758',0.16
'0:11.762',1.35
'0:11.766',2.37
'0:11.770',2.38
'0:11.773',1.87
'0:11.777',1.76
'0:11.781',1.82
'0:11.785',1.87
'0:11.789',2.41
'0:11.793',3.03
'0:11.797',3.7
'0:11.801',4.4
'0:11.805',4.67
'0:11.809',4.29
'0:11.813',3.46
'0:11.816',2.77
'0:11.820',2.31
'0:11.824',1.93
'0:11.828',1.57
'0:11.832',1.23
'0:11.836',0.61
'0:11.840',-0.26
'0:11.844',-0.92
'0:11.848',-1.25
'0:11.852',-1.31
'0:11.855',-1.39
'0:11.859',-1.54
'0:11.863',-1.66
'0:11.867',-2.04
'0:11.871',-2.02
'0:11.875',-1.57
'0:11.879',-1.1
'0:11.883',-0.57
'0:11.887',-0.29
'0:11.891',-0.24
'0:11.895',-0.4
'0:11.898',-0.94
'0:11.902',-1.33
'0:11.906',-1.26
'0:11.910',-1.52
'0:11.914',-1.88
'0:11.918',-1.76
'0:11.922',-1.4
'0:11.926',-1.41
'0:11.930',-2.25
'0:11.934',-3.13
'0:11.938',-3.42
'0:11.941',-3.53
'0:11.945',-3.68
'0:11.949',-3.79
'0:11.953',-3.49
'0:11.957',-3.19
'0:11.961',-3.29
'0:11.965',-3.26
'0:11.969',-2.92
'0:11.973',-2.34
'0:11.977',-1.91
'0:11.980',-1.78
'0:11.984',-1.9
'0:11.988',-1.92
'0:11.992',-1.52
'0:11.996',-0.08
'0:12.000',2.24
'0:12.004',5.44
'0:12.008',8.85
'0:12.012',12.39
'0:12.016',14.99
'0:12.020',15.35
'0:12.023',12.77
'0:12.027',7.85
'0:12.031',1.86
'0:12.035',-3.68
'0:12.039',-7.64
'0:12.043',-9.47
'0:12.047',-9.52
'0:12.051',-8.11
'0:12.055',-6.28
'0:12.059',-5.38
'0:12.063',-4.92
'0:12.066',-4.22
'0:12.070',-3.06
'0:12.074',-1.85
'0:12.078',-0.79
'0:12.082',-0.08
'0:12.086',0.22
'0:12.090',0.23
'0:12.094',0.51
'0:12.098',1.07
'0:12.102',1.53
'0:12.105',1.8
'0:12.109',1.91
'0:12.113',2.46
'0:12.117',2.81
'0:12.121',2.46
'0:12.125',2.14
'0:12.129',2.19
'0:12.133',2.55
'0:12.137',2.89
'0:12.141',3.41
'0:12.145',3.99
'0:12.148',4.46
'0:12.152',4.74
'0:12.156',4.94
'0:12.160',5.17
'0:12.164',5.35
'0:12.168',5.7
'0:12.172',6.2
'0:12.176',6.11
'0:12.180',5.98
'0:12.184',5.74
'0:12.188',5.23
'0:12.191',4.8
'0:12.195',4.31
'0:12.199',3.25
'0:12.203',2.21
'0:12.207',1.63
'0:12.211',1.49
'0:12.215',1.53
'0:12.219',1.63
'0:12.223',1.57
'0:12.227',1.13
'0:12.230',0.79
'0:12.234',0.37
'0:12.238',0.18
'0:12.242',0.43
'0:12.246',0.84
'0:12.250',1.06
'0:12.254',1.19
'0:12.258',1.2
'0:12.262',1.13
'0:12.266',0.8
'0:12.270',0.67
'0:12.273',0.4
'0:12.277',-0.14
'0:12.281',-0.46
'0:12.285',-0.22
'0:12.289',0.04
'0:12.293',-0.55
'0:12.297',-1.22
'0:12.301',-1.81
'0:12.305',-2.25
'0:12.309',-2.35
'0:12.313',-2.7
'0:12.316',-3.24
'0:12.320',-3.67
'0:12.324',-4.07
'0:12.328',-3.98
'0:12.332',-3.64
'0:12.336',-3.31
'0:12.340',-2.91
'0:12.344',-2.72
'0:12.348',-2.81
'0:12.352',-3.11
'0:12.355',-3.31
'0:12.359',-3.11
'0:12.363',-2.26
'0:12.367',-0.41
'0:12.371',2.3
'0:12.375',5.84
'0:12.379',9.9
'0:12.383',13.17
'0:12.387',14.33
'0:12.391',12.64
'0:12.395',8.15
'0:12.398',1.9
'0:12.402',-4.29
'0:12.406',-8.59
'0:12.410',-10.62
'0:12.414',-11.2
'0:12.418',-10.96
'0:12.422',-10.03
'0:12.426',-8.99
'0:12.430',-8.01
'0:12.434',-6.76
'0:12.438',-5.17
'0:12.441',-3.74
'0:12.445',-2.68
'0:12.449',-2.35
'0:12.453',-2.12
'0:12.457',-1.84
'0:12.461',-1.41
'0:12.465',-0.81
'0:12.469',-0.71
'0:12.473',-1.08
'0:12.477',-1.2
'0:12.480',-0.87
'0:12.484',-0.36
'0:12.488',0.09
'0:12.492',0.63
'0:12.496',1.26
'0:12.500',1.49
'0:12.504',1.3
'0:12.508',1.13
'0:12.512',1.39
'0:12.516',1.97
'0:12.520',2.66
'0:12.523',3.53
'0:12.527',4.14
'0:12.531',4.15
'0:12.535',3.79
'0:12.539',3.72
'0:12.543',4.14
'0:12.547',4.86
'0:12.551',5.4
'0:12.555',5.08
'0:12.559',4.28
'0:12.563',3.5
'0:12.566',3.09
'0:12.570',3.05
'0:12.574',2.79
'0:12.578',1.78
'0:12.582',0.55
'0:12.586',0.23
'0:12.590',0.43
'0:12.594',0.46
'0:12.598',0.78
'0:12.602',1.17
'0:12.605',1.31
'0:12.609',1.13
'0:12.613',1.19
'0:12.617',1.19
'0:12.621',1.02
'0:12.625',1.08
'0:12.629',1.36
'0:12.633',1.77
'0:12.637',2.19
'0:12.641',2.25
'0:12.645',1.6
'0:12.648',0.52
'0:12.652',-0.23
'0:12.656',-0.43
'0:12.660',-0.22
'0:12.664',-0.07
'0:12.668',-0.58
'0:12.672',-1.08
'0:12.676',-1.57
'0:12.680',-1.96
'0:12.684',-2.27
'0:12.688',-2.25
'0:12.691',-2.12
'0:12.695',-2.38
'0:12.699',-2.52
'0:12.703',-2.43
'0:12.707',-2.39
'0:12.711',-2.02
'0:12.715',-2.05
'0:12.719',-2.82
'0:12.723',-3.05
'0:12.727',-2.66
'0:12.730',-1.83
'0:12.734',-0.08
'0:12.738',2.72
'0:12.742',6.45
'0:12.746',10.64
'0:12.750',14.15
'0:12.754',15.31
'0:12.758',12.8
'0:12.762',7.8
'0:12.766',1.31
'0:12.770',-5.25
'0:12.773',-9.68
'0:12.777',-11.39
'0:12.781',-11.34
'0:12.785',-10.35
'0:12.789',-9.1
'0:12.793',-7.55
'0:12.797',-6.21
'0:12.801',-5.16
'0:12.805',-4.37
'0:12.809',-3.76
'0:12.813',-3.43
'0:12.816',-3.09
'0:12.820',-2.4
'0:12.824',-1.63
'0:12.828',-1.45
'0:12.832',-1.9
'0:12.836',-1.85
'0:12.840',-1.33
'0:12.844',-0.9
'0:12.848',-0.53
'0:12.852',-0.33
'0:12.855',-0.13
'0:12.859',0.21
'0:12.863',0.59
'0:12.867',0.86
'0:12.871',1.08
'0:12.875',1.41
'0:12.879',1.9
'0:12.883',2.33
'0:12.887',2.64
'0:12.891',2.99
'0:12.895',3.43
'0:12.898',3.96
'0:12.902',4.32
'0:12.906',4.24
'0:12.910',4.17
'0:12.914',4.12
'0:12.918',3.69
'0:12.922',3.28
'0:12.926',2.76
'0:12.930',2.24
'0:12.934',1.74
'0:12.938',1.06
'0:12.941',0.15
'0:12.945',-0.91
'0:12.949',-1.31
'0:12.953',-1.05
'0:12.957',-0.89
'0:12.961',-1.11
'0:12.965',-1.4
'0:12.969',-1.38
'0:12.973',-1.18
'0:12.977',-0.95
'0:12.980',-0.78
'0:12.984',-0.8
'0:12.988',-0.73
'0:12.992',-0.5
'0:12.996',-0.42
'0:13.000',-0.78
'0:13.004',-1.03
'0:13.008',-1.16
'0:13.012',-1.24
'0:13.016',-1.24
'0:13.020',-1.46
'0:13.023',-1.64
'0:13.027',-1.89
'0:13.031',-2.33
'0:13.035',-2.71
'0:13.039',-2.85
'0:13.043',-3.12
'0:13.047',-3.66
'0:13.051',-4.23
'0:13.055',-4.44
'0:13.059',-4.05
'0:13.063',-3.3
'0:13.066',-2.84
'0:13.070',-3.42
'0:13.074',-4.14
'0:13.078',-4.44
'0:13.082',-4.36
'0:13.086',-4.32
'0:13.090',-3.94
'0:13.094',-3.24
'0:13.098',-2.35
'0:13.102',-0.97
'0:13.105',1.7
'0:13.109',5.39
'0:13.113',9.41
'0:13.117',13.17
'0:13.121',14.71
'0:13.125',12.67
'0:13.129',7.49
'0:13.133',1.32
'0:13.137',-4.24
'0:13.141',-8.31
'0:13.145',-11.02
'0:13.148',-12.09
'0:13.152',-11.51
'0:13.156',-10.21
'0:13.160',-8.76
'0:13.164',-7.38
'0:13.168',-6.29
'0:13.172',-5.33
'0:13.176',-4.53
'0:13.180',-3.88
'0:13.184',-3.41
'0:13.188',-3.16
'0:13.191',-2.76
'0:13.195',-2.21
'0:13.199',-1.7
'0:13.203',-1.51
'0:13.207',-1.48
'0:13.211',-1.35
'0:13.215',-0.86
'0:13.219',-0.14
'0:13.223',0.22
'0:13.227',0.37
'0:13.230',0.23
'0:13.234',0.25
'0:13.238',0.7
'0:13.242',1.06
'0:13.246',1.53
'0:13.250',2.45
'0:13.254',3.43
'0:13.258',3.74
'0:13.262',3.54
'0:13.266',3.36
'0:13.270',4.07
'0:13.273',4.87
'0:13.277',5.01
'0:13.281',4.68
'0:13.285',4.46
'0:13.289',4.44
'0:13.293',4.21
'0:13.297',3.43
'0:13.301',2.63
'0:13.305',2.14
'0:13.309',1.37
'0:13.313',0.42
'0:13.316',-0.18
'0:13.320',-0.46
'0:13.324',-0.51
'0:13.328',-0.61
'0:13.332',-0.6
'0:13.336',-0.34
'0:13.340',-0.08
'0:13.344',-0.15
'0:13.348',-0.58
'0:13.352',-0.76
'0:13.355',-0.38
'0:13.359',0.21
'0:13.363',0.27
'0:13.367',0.01
'0:13.371',-0.39
'0:13.375',-0.8
'0:13.379',-1.28
'0:13.383',-1.65
'0:13.387',-1.58
'0:13.391',-1.71
'0:13.395',-1.93
'0:13.398',-2.35
'0:13.402',-3.24
'0:13.406',-3.97
'0:13.410',-3.86
'0:13.414',-3.76
'0:13.418',-4.08
'0:13.422',-4.33
'0:13.426',-4.19
'0:13.430',-3.91
'0:13.434',-3.52
'0:13.438',-3.19
'0:13.441',-2.84
'0:13.445',-2.84
'0:13.449',-2.98
'0:13.453',-3.14
'0:13.457',-2.85
'0:13.461',-1.92
'0:13.465',-0.47
'0:13.469',2.1
'0:13.473',5.99
'0:13.477',9.93
'0:13.480',13
'0:13.484',14.14
'0:13.488',12.66
'0:13.492',8.63
'0:13.496',2.69
'0:13.500',-3.36
'0:13.504',-7.85
'0:13.508',-9.89
'0:13.512',-10.12
'0:13.516',-9.6
'0:13.520',-8.78
'0:13.523',-7.78
'0:13.527',-6.5
'0:13.531',-4.75
'0:13.535',-2.96
'0:13.539',-2.08
'0:13.543',-1.92
'0:13.547',-2.03
'0:13.551',-1.65
'0:13.555',-1.16
'0:13.559',-0.6
'0:13.563',-0.09
'0:13.566',0.41
'0:13.570',0.66
'0:13.574',0.58
'0:13.578',0.51
'0:13.582',0.52
'0:13.586',0.92
'0:13.590',1.74
'0:13.594',2.36
'0:13.598',2.29
'0:13.602',1.98
'0:13.605',2.05
'0:13.609',2.24
'0:13.613',2.67
'0:13.617',3.43
'0:13.621',4.12
'0:13.625',4.34
'0:13.629',4.26
'0:13.633',4.48
'0:13.637',4.55
'0:13.641',4.67
'0:13.645',4.81
'0:13.648',4.96
'0:13.652',4.91
'0:13.656',4.36
'0:13.660',3.96
'0:13.664',3.81
'0:13.668',3.25
'0:13.672',2.37
'0:13.676',1.64
'0:13.680',1.42
'0:13.684',1.14
'0:13.688',0.66
'0:13.691',0.49
'0:13.695',0.49
'0:13.699',0.46
'0:13.703',0.24
'0:13.707',0.18
'0:13.711',0.27
'0:13.715',0.62
'0:13.719',0.8
'0:13.723',0.91
'0:13.727',1
'0:13.730',0.7
'0:13.734',0.2
'0:13.738',-0.13
'0:13.742',-0.03
'0:13.746',-0.02
'0:13.750',-0.17
'0:13.754',-0.4
'0:13.758',-0.93
'0:13.762',-2.12
'0:13.766',-3.1
'0:13.770',-3.48
'0:13.773',-3.52
'0:13.777',-3.87
'0:13.781',-3.75
'0:13.785',-3.29
'0:13.789',-2.95
'0:13.793',-3.04
'0:13.797',-3.39
'0:13.801',-3.44
'0:13.805',-3.69
'0:13.809',-3.67
'0:13.813',-3.24
'0:13.816',-2.98
'0:13.820',-2.73
'0:13.824',-2.09
'0:13.828',-0.99
'0:13.832',0.77
'0:13.836',3.85
'0:13.840',7.75
'0:13.844',12.08
'0:13.848',15.22
'0:13.852',15.3
'0:13.855',12.14
'0:13.859',6.15
'0:13.863',-0.67
'0:13.867',-6.56
'0:13.871',-9.92
'0:13.875',-11.33
'0:13.879',-11.27
'0:13.883',-10.38
'0:13.887',-8.66
'0:13.891',-6.9
'0:13.895',-5.72
'0:13.898',-4.66
'0:13.902',-4.11
'0:13.906',-3.43
'0:13.910',-2.69
'0:13.914',-2.05
'0:13.918',-1.43
'0:13.922',-0.96
'0:13.926',-0.24
'0:13.930',0.33
'0:13.934',0.51
'0:13.938',0.56
'0:13.941',0.4
'0:13.945',0.64
'0:13.949',1.06
'0:13.953',1.57
'0:13.957',1.75
'0:13.961',1.95
'0:13.965',2.19
'0:13.969',2.28
'0:13.973',2.46
'0:13.977',2.82
'0:13.980',3.2
'0:13.984',3.49
'0:13.988',3.92
'0:13.992',4.34
'0:13.996',4.56
'0:14.000',4.69
'0:14.004',5.06
'0:14.008',5.49
'0:14.012',5.7
'0:14.016',5.36
'0:14.020',4.45
'0:14.023',3.34
'0:14.027',2.41
'0:14.031',1.71
'0:14.035',1.2
'0:14.039',0.77
'0:14.043',0.4
'0:14.047',0.47
'0:14.051',1.02
'0:14.055',1.04
'0:14.059',0.29
'0:14.063',-0.37
'0:14.066',-0.57
'0:14.070',-0.14
'0:14.074',0.45
'0:14.078',0.45
'0:14.082',0.24
'0:14.086',0.3
'0:14.090',0.5
'0:14.094',0.67
'0:14.098',0.77
'0:14.102',0.62
'0:14.105',-0.06
'0:14.109',-0.76
'0:14.113',-1.1
'0:14.117',-1.38
'0:14.121',-1.77
'0:14.125',-2.03
'0:14.129',-2.35
'0:14.133',-2.78
'0:14.137',-3.09
'0:14.141',-3.4
'0:14.145',-3.61
'0:14.148',-3.83
'0:14.152',-4.16
'0:14.156',-4.36
'0:14.160',-4.15
'0:14.164',-4.02
'0:14.168',-4.2
'0:14.172',-4.55
'0:14.176',-4.86
'0:14.180',-5.06
'0:14.184',-4.77
'0:14.188',-3.89
'0:14.191',-2.75
'0:14.195',-0.95
'0:14.199',1.84
'0:14.203',5.71
'0:14.207',9.74
'0:14.211',13.09
'0:14.215',14.09
'0:14.219',11.88
'0:14.223',7.1
'0:14.227',0.83
'0:14.230',-5.34
'0:14.234',-9.65
'0:14.238',-11.8
'0:14.242',-12.27
'0:14.246',-11.74
'0:14.250',-10.4
'0:14.254',-8.46
'0:14.258',-6.65
'0:14.262',-5
'0:14.266',-3.65
'0:14.270',-3.29
'0:14.273',-3.04
'0:14.277',-2.14
'0:14.281',-1.15
'0:14.285',-0.53
'0:14.289',-0.48
'0:14.293',-0.31
'0:14.297',0.02
'0:14.301',0.57
'0:14.305',1.2
'0:14.309',1.54
'0:14.313',1.55
'0:14.316',1.95
'0:14.320',2.15
'0:14.324',2.71
'0:14.328',3.41
'0:14.332',4.06
'0:14.336',4.47
'0:14.340',4.68
'0:14.344',5.05
'0:14.348',5.77
'0:14.352',6.4
'0:14.355',6.83
'0:14.359',7.15
'0:14.363',7.45
'0:14.367',7.56
'0:14.371',7.52
'0:14.375',7.3
'0:14.379',6.84
'0:14.383',6.39
'0:14.387',6.09
'0:14.391',5.83
'0:14.395',5.31
'0:14.398',4.76
'0:14.402',3.75
'0:14.406',2.64
'0:14.410',2.16
'0:14.414',1.98
'0:14.418',2.07
'0:14.422',1.86
'0:14.426',1.39
'0:14.430',1.13
'0:14.434',1.13
'0:14.438',1.37
'0:14.441',1.55
'0:14.445',1.39
'0:14.449',1.01
'0:14.453',1.08
'0:14.457',1.38
'0:14.461',1.51
'0:14.465',1.26
'0:14.469',1.04
'0:14.473',0.77
'0:14.477',0.29
'0:14.480',-0.15
'0:14.484',-0.41
'0:14.488',-0.25
'0:14.492',-0.48
'0:14.496',-1.59
'0:14.500',-2.56
'0:14.504',-2.99
'0:14.508',-3.28
'0:14.512',-3.26
'0:14.516',-3.44
'0:14.520',-3.44
'0:14.523',-3.06
'0:14.527',-2.75
'0:14.531',-2.9
'0:14.535',-3.07
'0:14.539',-3.09
'0:14.543',-3.2
'0:14.547',-3.47
'0:14.551',-3.81
'0:14.555',-3.58
'0:14.559',-2.46
'0:14.563',-0.67
'0:14.566',2.2
'0:14.570',5.96
'0:14.574',9.93
'0:14.578',13.31
'0:14.582',14.67
'0:14.586',13.15
'0:14.590',8.7
'0:14.594',2.68
'0:14.598',-3.22
'0:14.602',-7.69
'0:14.605',-10.19
'0:14.609',-10.83
'0:14.613',-10.31
'0:14.617',-9.44
'0:14.621',-8.49
'0:14.625',-7.33
'0:14.629',-6.06
'0:14.633',-5.07
'0:14.637',-4.35
'0:14.641',-3.85
'0:14.645',-3.45
'0:14.648',-2.81
'0:14.652',-2.51
'0:14.656',-2.52
'0:14.660',-2.05
'0:14.664',-1.19
'0:14.668',-0.51
'0:14.672',-0.56
'0:14.676',-1.03
'0:14.680',-1.19
'0:14.684',-0.95
'0:14.688',-0.45
'0:14.691',0.14
'0:14.695',0.51
'0:14.699',0.6
'0:14.703',1.06
'0:14.707',1.84
'0:14.711',2.64
'0:14.715',3.12
'0:14.719',3.41
'0:14.723',3.81
'0:14.727',4.02
'0:14.730',4.06
'0:14.734',4.21
'0:14.738',4.4
'0:14.742',4.61
'0:14.746',4.8
'0:14.750',4.77
'0:14.754',4.27
'0:14.758',3.58
'0:14.762',2.76
'0:14.766',2.11
'0:14.770',1.54
'0:14.773',1.27
'0:14.777',0.92
'0:14.781',0.53
'0:14.785',0.37
'0:14.789',0.28
'0:14.793',0.14
'0:14.797',0
'0:14.801',0.11
'0:14.805',0.24
'0:14.809',0.44
'0:14.813',0.71
'0:14.816',0.87
'0:14.820',0.94
'0:14.824',0.64
'0:14.828',0.4
'0:14.832',0.17
'0:14.836',-0.12
'0:14.840',-0.33
'0:14.844',-0.43
'0:14.848',-0.53
'0:14.852',-0.74
'0:14.855',-1.09
'0:14.859',-1.67
'0:14.863',-2.43
'0:14.867',-2.85
'0:14.871',-3.09
'0:14.875',-3.34
'0:14.879',-3.46
'0:14.883',-3.43
'0:14.887',-3.43
'0:14.891',-3.39
'0:14.895',-3.2
'0:14.898',-2.98
'0:14.902',-2.87
'0:14.906',-2.75
'0:14.910',-2.83
'0:14.914',-3.11
'0:14.918',-3.32
'0:14.922',-2.77
'0:14.926',-1.73
'0:14.930',-0.12
'0:14.934',2.81
'0:14.938',6.87
'0:14.941',11.18
'0:14.945',14.48
'0:14.949',15.22
'0:14.953',12.38
'0:14.957',6.9
'0:14.961',0.76
'0:14.965',-4.82
'0:14.969',-8.55
'0:14.973',-10.12
'0:14.977',-10.5
'0:14.980',-9.93
'0:14.984',-8.75
'0:14.988',-7.53
'0:14.992',-6.31
'0:14.996',-4.97
'0:15.000',-3.53
'0:15.004',-2.31
'0:15.008',-1.61
'0:15.012',-1.35
'0:15.016',-1.31
'0:15.020',-1.23
'0:15.023',-0.89
'0:15.027',-0.37
'0:15.031',-0.04
'0:15.035',-0.02
'0:15.039',0.15
'0:15.043',0.67
'0:15.047',0.88
'0:15.051',0.56
'0:15.055',0.5
'0:15.059',1.03
'0:15.063',1.66
'0:15.066',1.8
'0:15.070',1.85
'0:15.074',1.98
'0:15.078',2.37
'0:15.082',3.01
'0:15.086',3.58
'0:15.090',3.82
'0:15.094',3.91
'0:15.098',4.12
'0:15.102',4.59
'0:15.105',4.78
'0:15.109',4.56
'0:15.113',4.23
'0:15.117',3.96
'0:15.121',3.49
'0:15.125',2.96
'0:15.129',2.43
'0:15.133',2.05
'0:15.137',1.86
'0:15.141',1.64
'0:15.145',1.16
'0:15.148',0.68
'0:15.152',0.13
'0:15.156',-0.21
'0:15.160',-0.05
'0:15.164',0.39
'0:15.168',0.92
'0:15.172',1.15
'0:15.176',1.17
'0:15.180',1.19
'0:15.184',1.22
'0:15.188',1.14
'0:15.191',1.11
'0:15.195',1.05
'0:15.199',0.71
'0:15.203',0.31
'0:15.207',0.09
'0:15.211',-0.04
'0:15.215',-0.17
'0:15.219',-0.52
'0:15.223',-1.11
'0:15.227',-1.77
'0:15.230',-2.32
'0:15.234',-2.99
'0:15.238',-3.56
'0:15.242',-3.73
'0:15.246',-3.75
'0:15.250',-3.77
'0:15.254',-3.64
'0:15.258',-3.53
'0:15.262',-3.76
'0:15.266',-3.87
'0:15.270',-3.85
'0:15.273',-3.57
'0:15.277',-3.61
'0:15.281',-3.88
'0:15.285',-3.72
'0:15.289',-2.51
'0:15.293',-1.07
'0:15.297',0.67
'0:15.301',3.43
'0:15.305',7.24
'0:15.309',11.19
'0:15.313',13.68
'0:15.316',13.22
'0:15.320',9.47
'0:15.324',3.87
'0:15.328',-1.98
'0:15.332',-6.75
'0:15.336',-9.45
'0:15.340',-10.51
'0:15.344',-10.58
'0:15.348',-9.81
'0:15.352',-8.67
'0:15.355',-7.28
'0:15.359',-5.84
'0:15.363',-4.69
'0:15.367',-3.88
'0:15.371',-3.1
'0:15.375',-2.53
'0:15.379',-2.17
'0:15.383',-1.7
'0:15.387',-1.22
'0:15.391',-0.71
'0:15.395',-0.4
'0:15.398',-0.29
'0:15.402',-0.33
'0:15.406',-0.28
'0:15.410',0.01
'0:15.414',0.43
'0:15.418',0.98
'0:15.422',1.42
'0:15.426',1.62
'0:15.430',1.79
'0:15.434',2.03
'0:15.438',2.31
'0:15.441',2.7
'0:15.445',3.25
'0:15.449',3.6
'0:15.453',3.59
'0:15.457',3.73
'0:15.461',4.12
'0:15.465',4.42
'0:15.469',4.87
'0:15.473',5.47
'0:15.477',5.8
'0:15.480',5.65
'0:15.484',5.27
'0:15.488',4.83
'0:15.492',4.32
'0:15.496',3.79
'0:15.500',3.18
'0:15.504',2.64
'0:15.508',2.11
'0:15.512',1.66
'0:15.516',1.38
'0:15.520',1.22
'0:15.523',1.09
'0:15.527',0.91
'0:15.531',0.52
'0:15.535',0.27
'0:15.539',0.29
'0:15.543',0.57
'0:15.547',1.06
'0:15.551',1.54
'0:15.555',1.84
'0:15.559',1.93
'0:15.563',1.57
'0:15.566',0.92
'0:15.570',0.38
'0:15.574',0.03
'0:15.578',-0.31
'0:15.582',-0.62
'0:15.586',-0.91
'0:15.590',-1.13
'0:15.594',-1.61
'0:15.598',-2.32
'0:15.602',-2.98
'0:15.605',-3.32
'0:15.609',-3.41
'0:15.613',-3.3
'0:15.617',-3.22
'0:15.621',-3.13
'0:15.625',-3.14
'0:15.629',-3.21
'0:15.633',-3.26
'0:15.637',-3.09
'0:15.641',-3.06
'0:15.645',-3.08
'0:15.648',-2.85
'0:15.652',-2.36
'0:15.656',-1.2
'0:15.660',0.92
'0:15.664',4.39
'0:15.668',8.36
'0:15.672',11.83
'0:15.676',13.79
'0:15.680',12.83
'0:15.684',8.77
'0:15.688',3.04
'0:15.691',-2.64
'0:15.695',-7.23
'0:15.699',-9.71
'0:15.703',-10.57
'0:15.707',-10.39
'0:15.711',-9.43
'0:15.715',-8.05
'0:15.719',-6.78
'0:15.723',-5.62
'0:15.727',-4.49
'0:15.730',-3.29
'0:15.734',-2.52
'0:15.738',-2.09
'0:15.742',-1.93
'0:15.746',-1.79
'0:15.750',-1.51
'0:15.754',-1.08
'0:15.758',-0.79
'0:15.762',-0.87
'0:15.766',-1.25
'0:15.770',-1.12
'0:15.773',-0.49
'0:15.777',0
'0:15.781',-0.44
'0:15.785',-0.82
'0:15.789',-0.39
'0:15.793',0.46
'0:15.797',1.42
'0:15.801',2.47
'0:15.805',3.41
'0:15.809',3.79
'0:15.813',3.74
'0:15.816',3.72
'0:15.820',3.78
'0:15.824',4.07
'0:15.828',4.29
'0:15.832',4.29
'0:15.836',4.43
'0:15.840',4.56
'0:15.844',4.49
'0:15.848',4.27
'0:15.852',3.95
'0:15.855',3.44
'0:15.859',2.62
'0:15.863',1.82
'0:15.867',1.21
'0:15.871',0.69
'0:15.875',0.36
'0:15.879',0.27
'0:15.883',0.42
'0:15.887',0.52
'0:15.891',0.42
'0:15.895',0.31
'0:15.898',0.01
'0:15.902',-0.35
'0:15.906',-0.35
'0:15.910',-0.05
'0:15.914',0.39
'0:15.918',0.56
'0:15.922',0.28
'0:15.926',-0.15
'0:15.930',-0.55
'0:15.934',-0.82
'0:15.938',-0.98
'0:15.941',-1.28
'0:15.945',-1.85
'0:15.949',-2.47
'0:15.953',-2.9
'0:15.957',-3.29
'0:15.961',-3.68
'0:15.965',-3.87
'0:15.969',-3.92
'0:15.973',-3.87
'0:15.977',-3.93
'0:15.980',-4.01
'0:15.984',-3.93
'0:15.988',-3.81
'0:15.992',-3.67
'0:15.996',-3.52
'0:16.000',-3.42
'0:16.004',-3.36
'0:16.008',-3.53
'0:16.012',-3.54
'0:16.016',-3.01
'0:16.020',-1.83
'0:16.023',0.07
'0:16.027',2.87
'0:16.031',6.65
'0:16.035',10.68
'0:16.039',13.51
'0:16.043',13.31
'0:16.047',9.94
'0:16.051',4.39
'0:16.055',-1.54
'0:16.059',-6.38
'0:16.063',-9.13
'0:16.066',-9.96
'0:16.070',-9.82
'0:16.074',-9.11
'0:16.078',-7.82
'0:16.082',-6.45
'0:16.086',-5.04
'0:16.090',-3.84
'0:16.094',-3
'0:16.098',-2.46
'0:16.102',-1.96
'0:16.105',-1.41
'0:16.109',-1.04
'0:16.113',-0.72
'0:16.117',-0.56
'0:16.121',-0.6
'0:16.125',-0.71
'0:16.129',-0.57
'0:16.133',-0.31
'0:16.137',0.03
'0:16.141',0.34
'0:16.145',0.73
'0:16.148',1.01
'0:16.152',1.25
'0:16.156',1.51
'0:16.160',1.84
'0:16.164',2.12
'0:16.168',2.73
'0:16.172',3.31
'0:16.176',3.41
'0:16.180',3.39
'0:16.184',3.63
'0:16.188',4.13
'0:16.191',4.72
'0:16.195',5.01
'0:16.199',4.9
'0:16.203',4.49
'0:16.207',4.01
'0:16.211',3.72
'0:16.215',3.47
'0:16.219',2.92
'0:16.223',2.35
'0:16.227',1.82
'0:16.230',1.41
'0:16.234',0.92
'0:16.238',0.55
'0:16.242',0.32
'0:16.246',-0.31
'0:16.250',-0.97
'0:16.254',-1.07
'0:16.258',-1.04
'0:16.262',-0.83
'0:16.266',-0.31
'0:16.270',0.11
'0:16.273',0.18
'0:16.277',0.14
'0:16.281',0.44
'0:16.285',0.53
'0:16.289',0.14
'0:16.293',-0.36
'0:16.297',-0.75
'0:16.301',-1.16
'0:16.305',-1.54
'0:16.309',-1.58
'0:16.313',-1.47
'0:16.316',-1.37
'0:16.320',-1.66
'0:16.324',-2.27
'0:16.328',-2.72
'0:16.332',-3.25
'0:16.336',-3.49
'0:16.340',-3.58
'0:16.344',-3.61
'0:16.348',-3.38
'0:16.352',-2.93
'0:16.355',-2.63
'0:16.359',-2.6
'0:16.363',-2.76
'0:16.367',-2.85
'0:16.371',-2.96
'0:16.375',-2.94
'0:16.379',-2.28
'0:16.383',-1.1
'0:16.387',0.58
'0:16.391',2.88
'0:16.395',5.98
'0:16.398',9.6
'0:16.402',12.66
'0:16.406',13.58
'0:16.410',11.52
'0:16.414',6.99
'0:16.418',1.18
'0:16.422',-4.28
'0:16.426',-8.09
'0:16.430',-9.97
'0:16.434',-10.37
'0:16.438',-9.85
'0:16.441',-8.63
'0:16.445',-7.18
'0:16.449',-6.14
'0:16.453',-5.3
'0:16.457',-4.26
'0:16.461',-3.24
'0:16.465',-2.35
'0:16.469',-1.6
'0:16.473',-1.15
'0:16.477',-1.01
'0:16.480',-0.76
'0:16.484',-0.57
'0:16.488',-0.43
'0:16.492',-0.17
'0:16.496',0.19
'0:16.500',0.31
'0:16.504',0.54
'0:16.508',0.83
'0:16.512',1.27
'0:16.516',1.39
'0:16.520',1.44
'0:16.523',1.64
'0:16.527',1.91
'0:16.531',2.24
'0:16.535',2.85
'0:16.539',3.47
'0:16.543',3.82
'0:16.547',3.97
'0:16.551',4.07
'0:16.555',4.12
'0:16.559',4.04
'0:16.563',3.84
'0:16.566',3.94
'0:16.570',4.23
'0:16.574',4.37
'0:16.578',4.27
'0:16.582',3.95
'0:16.586',3.77
'0:16.590',3.4
'0:16.594',2.77
'0:16.598',2.08
'0:16.602',1.27
'0:16.605',0.89
'0:16.609',0.93
'0:16.613',0.91
'0:16.617',0.89
'0:16.621',0.9
'0:16.625',0.92
'0:16.629',1.11
'0:16.633',1.04
'0:16.637',1.08
'0:16.641',1.1
'0:16.645',1
'0:16.648',0.95
'0:16.652',0.93
'0:16.656',0.82
'0:16.660',0.56
'0:16.664',0.2
'0:16.668',-0.19
'0:16.672',-0.48
'0:16.676',-0.96
'0:16.680',-1.45
'0:16.684',-2
'0:16.688',-2.6
'0:16.691',-2.86
'0:16.695',-3.23
'0:16.699',-3.54
'0:16.703',-3.6
'0:16.707',-3.42
'0:16.711',-3.36
'0:16.715',-3.52
'0:16.719',-3.67
'0:16.723',-3.51
'0:16.727',-3.01
'0:16.730',-2.6
'0:16.734',-2.72
'0:16.738',-3.09
'0:16.742',-3.24
'0:16.746',-2.87
'0:16.750',-1.44
'0:16.754',1
'0:16.758',4.05
'0:16.762',7.46
'0:16.766',11.01
'0:16.770',13.21
'0:16.773',12.86
'0:16.777',9.65
'0:16.781',4.06
'0:16.785',-2.06
'0:16.789',-7.19
'0:16.793',-10.21
'0:16.797',-11.35
'0:16.801',-11.17
'0:16.805',-10.3
'0:16.809',-9.08
'0:16.813',-7.8
'0:16.816',-6.58
'0:16.820',-5.29
'0:16.824',-3.98
'0:16.828',-3.05
'0:16.832',-2.51
'0:16.836',-2.09
'0:16.840',-1.73
'0:16.844',-1.33
'0:16.848',-0.89
'0:16.852',-0.39
'0:16.855',0.14
'0:16.859',0.58
'0:16.863',0.8
'0:16.867',0.72
'0:16.871',0.58
'0:16.875',0.7
'0:16.879',1.02
'0:16.883',1.39
'0:16.887',1.52
'0:16.891',1.54
'0:16.895',1.6
'0:16.898',1.91
'0:16.902',2.56
'0:16.906',3.33
'0:16.910',3.91
'0:16.914',4.44
'0:16.918',5.01
'0:16.922',5.33
'0:16.926',5.48
'0:16.930',6.21
'0:16.934',6.94
'0:16.938',6.23
'0:16.941',4.45
'0:16.945',2.67
'0:16.949',1.46
'0:16.953',1.18
'0:16.957',1.22
'0:16.961',0.42
'0:16.965',-1.53
'0:16.969',-3.31
'0:16.973',-4.22
'0:16.977',-4.59
'0:16.980',-4.93
'0:16.984',-5.61
'0:16.988',-6.16
'0:16.992',-6.83
'0:16.996',-7.8
'0:17.000',-8.62
'0:17.004',-9.45
'0:17.008',-9.92
'0:17.012',-9.95
'0:17.016',-10.05
'0:17.020',-10.33
'0:17.023',-10.58
'0:17.027',-10.9
'0:17.031',-11.46
'0:17.035',-11.87
'0:17.039',-11.96
'0:17.043',-12.23
'0:17.047',-12.86
'0:17.051',-13.53
'0:17.055',-13.8
'0:17.059',-13.81
'0:17.063',-13.71
'0:17.066',-13.32
'0:17.070',-12.85
'0:17.074',-12.17
'0:17.078',-11.53
'0:17.082',-11.13
'0:17.086',-10.76
'0:17.090',-10.02
'0:17.094',-9.16
'0:17.098',-8.66
'0:17.102',-8.51
'0:17.105',-8.14
'0:17.109',-7.02
'0:17.113',-5.1
'0:17.117',-2.46
'0:17.121',0.98
'0:17.125',5.16
'0:17.129',9.47
'0:17.133',12.66
'0:17.137',12.84
'0:17.141',9.71
'0:17.145',4.68
'0:17.148',-0.98
'0:17.152',-5.45
'0:17.156',-7.52
'0:17.160',-8.01
'0:17.164',-7.47
'0:17.168',-6.3
'0:17.172',-4.64
'0:17.176',-2.89
'0:17.180',-1.26
'0:17.184',0.39
'0:17.188',1.91
'0:17.191',3.05
'0:17.195',3.8
'0:17.199',4.48
'0:17.203',4.88
'0:17.207',5.28
'0:17.211',5.97
'0:17.215',6.85
'0:17.219',7.71
'0:17.223',8.65
'0:17.227',9.44
'0:17.230',10.03
'0:17.234',10.43
'0:17.238',10.95
'0:17.242',11.55
'0:17.246',11.88
'0:17.250',12
'0:17.254',12.26
'0:17.258',12.58
'0:17.262',12.9
'0:17.266',13.15
'0:17.270',13.4
'0:17.273',13.62
'0:17.277',13.88
'0:17.281',14.12
'0:17.285',14.42
'0:17.289',14.66
'0:17.293',14.54
'0:17.297',14.46
'0:17.301',14.29
'0:17.305',13.62
'0:17.309',12.62
'0:17.313',11.69
'0:17.316',10.89
'0:17.320',10.13
'0:17.324',9.16
'0:17.328',8.35
'0:17.332',7.77
'0:17.336',7.15
'0:17.340',6.84
'0:17.344',6.67
'0:17.348',6.46
'0:17.352',6.21
'0:17.355',6.04
'0:17.359',6
'0:17.363',5.8
'0:17.367',5.52
'0:17.371',5.49
'0:17.375',5.53
'0:17.379',5.47
'0:17.383',5.01
'0:17.387',4.53
'0:17.391',3.88
'0:17.395',3.14
'0:17.398',2.8
'0:17.402',2.71
'0:17.406',2.46
'0:17.410',1.84
'0:17.414',0.77
'0:17.418',-0.19
'0:17.422',-0.85
'0:17.426',-1.24
'0:17.430',-1.49
'0:17.434',-1.74
'0:17.438',-1.84
'0:17.441',-2.03
'0:17.445',-2.38
'0:17.449',-2.62
'0:17.453',-2.78
'0:17.457',-2.96
'0:17.461',-3.11
'0:17.465',-3.12
'0:17.469',-2.98
'0:17.473',-2.82
'0:17.477',-1.96
'0:17.480',-0.11
'0:17.484',2.65
'0:17.488',6.29
'0:17.492',10.17
'0:17.496',13.46
'0:17.500',14.31
'0:17.504',11.58
'0:17.508',5.93
'0:17.512',-0.69
'0:17.516',-6.47
'0:17.520',-10.06
'0:17.523',-11.46
'0:17.527',-11.41
'0:17.531',-10.54
'0:17.535',-9.31
'0:17.539',-8.06
'0:17.543',-6.81
'0:17.547',-5.55
'0:17.551',-4.64
'0:17.555',-4.11
'0:17.559',-3.75
'0:17.563',-3.41
'0:17.566',-3.08
'0:17.570',-2.73
'0:17.574',-2.6
'0:17.578',-1.84
'0:17.582',-1.66
'0:17.586',-1.5
'0:17.590',-1.39
'0:17.594',-1.2
'0:17.598',-0.96
'0:17.602',-0.43
'0:17.605',0.06
'0:17.609',0.13
'0:17.613',0.1
'0:17.617',0.21
'0:17.621',0.4
'0:17.625',0.82
'0:17.629',1.37
'0:17.633',1.89
'0:17.637',2.38
'0:17.641',3.08
'0:17.645',3.82
'0:17.648',4.23
'0:17.652',4.08
'0:17.656',3.47
'0:17.660',2.93
'0:17.664',2.83
'0:17.668',2.89
'0:17.672',2.73
'0:17.676',2.12
'0:17.680',1.18
'0:17.684',0.14
'0:17.688',-0.94
'0:17.691',-1.68
'0:17.695',-1.64
'0:17.699',-1.01
'0:17.703',-0.61
'0:17.707',-0.97
'0:17.711',-2.12
'0:17.715',-3.08
'0:17.719',-3.23
'0:17.723',-3.17
'0:17.727',-3.61
'0:17.730',-4.58
'0:17.734',-5.09
'0:17.738',-5.42
'0:17.742',-5.76
'0:17.746',-6.17
'0:17.750',-6.65
'0:17.754',-7.06
'0:17.758',-7.72
'0:17.762',-8.31
'0:17.766',-8.42
'0:17.770',-8.87
'0:17.773',-9.87
'0:17.777',-11.09
'0:17.781',-11.69
'0:17.785',-12.36
'0:17.789',-13.37
'0:17.793',-14.38
'0:17.797',-15.05
'0:17.801',-15.23
'0:17.805',-15.11
'0:17.809',-14.67
'0:17.813',-14.25
'0:17.816',-13.86
'0:17.820',-13.55
'0:17.824',-13.49
'0:17.828',-13.43
'0:17.832',-13
'0:17.836',-11.94
'0:17.840',-10.14
'0:17.844',-7.44
'0:17.848',-3.45
'0:17.852',0.54
'0:17.855',3.7
'0:17.859',5.3
'0:17.863',4.8
'0:17.867',1.63
'0:17.871',-4.44
'0:17.875',-11.58
'0:17.879',-17.06
'0:17.883',-19.8
'0:17.887',-20.29
'0:17.891',-19.41
'0:17.895',-18.05
'0:17.898',-16.51
'0:17.902',-14.95
'0:17.906',-13.45
'0:17.910',-12.05
'0:17.914',-10.88
'0:17.918',-9.74
'0:17.922',-8.68
'0:17.926',-7.95
'0:17.930',-7.44
'0:17.934',-6.81
'0:17.938',-6.09
'0:17.941',-5.31
'0:17.945',-4.5
'0:17.949',-3.74
'0:17.953',-3.2
'0:17.957',-2.62
'0:17.961',-1.96
'0:17.965',-1.31
'0:17.969',-0.96
'0:17.973',-0.45
'0:17.977',0.41
'0:17.980',1.49
'0:17.984',2.51
'0:17.988',3.3
'0:17.992',3.96
'0:17.996',4.6
'0:18.000',5.47
'0:18.004',6.35
'0:18.008',7.11
'0:18.012',8.18
'0:18.016',9.21
'0:18.020',9.75
'0:18.023',10.11
'0:18.027',10.47
'0:18.031',10.75
'0:18.035',11.1
'0:18.039',11.27
'0:18.043',11.44
'0:18.047',11.66
'0:18.051',11.68
'0:18.055',11.44
'0:18.059',11.42
'0:18.063',11.44
'0:18.066',11.32
'0:18.070',11.18
'0:18.074',11.6
'0:18.078',12.65
'0:18.082',13.38
'0:18.086',13.6
'0:18.090',13.58
'0:18.094',13.34
'0:18.098',13.26
'0:18.102',13.26
'0:18.105',13.26
'0:18.109',12.93
'0:18.113',12.25
'0:18.117',11.77
'0:18.121',11.44
'0:18.125',11
'0:18.129',10.18
'0:18.133',9.38
'0:18.137',8.73
'0:18.141',8.06
'0:18.145',7.37
'0:18.148',6.73
'0:18.152',6.26
'0:18.156',5.94
'0:18.160',5.67
'0:18.164',5.45
'0:18.168',5.34
'0:18.172',4.96
'0:18.176',4.45
'0:18.180',4.13
'0:18.184',3.88
'0:18.188',3.59
'0:18.191',3.15
'0:18.195',3.11
'0:18.199',3.56
'0:18.203',4.64
'0:18.207',6.85
'0:18.211',10.31
'0:18.215',14.13
'0:18.219',17.44
'0:18.223',18.83
'0:18.227',17.42
'0:18.230',13.24
'0:18.234',6.94
'0:18.238',0.54
'0:18.242',-4.34
'0:18.246',-7.15
'0:18.250',-8.19
'0:18.254',-7.9
'0:18.258',-6.96
'0:18.262',-5.69
'0:18.266',-4.59
'0:18.270',-3.71
'0:18.273',-2.82
'0:18.277',-2.02
'0:18.281',-1.34
'0:18.285',-0.82
'0:18.289',-0.43
'0:18.293',-0.27
'0:18.297',-0.13
'0:18.301',0.11
'0:18.305',0.44
'0:18.309',0.88
'0:18.313',1.1
'0:18.316',1.05
'0:18.320',1.14
'0:18.324',1.27
'0:18.328',1.36
'0:18.332',1.49
'0:18.336',1.65
'0:18.340',1.75
'0:18.344',1.87
'0:18.348',2.06
'0:18.352',2.33
'0:18.355',2.61
'0:18.359',3.03
'0:18.363',3.49
'0:18.367',3.67
'0:18.371',3.68
'0:18.375',3.82
'0:18.379',4.08
'0:18.383',4.15
'0:18.387',4.01
'0:18.391',3.66
'0:18.395',3.33
'0:18.398',2.98
'0:18.402',2.57
'0:18.406',2.25
'0:18.410',2.1
'0:18.414',1.63
'0:18.418',0.55
'0:18.422',-0.76
'0:18.426',-1.48
'0:18.430',-1.52
'0:18.434',-1.12
'0:18.438',-0.68
'0:18.441',-0.06
'0:18.445',0.65
'0:18.449',0.93
'0:18.453',0.66
'0:18.457',0.11
'0:18.461',-0.09
'0:18.465',0.42
'0:18.469',0.98
'0:18.473',0.97
'0:18.477',0.18
'0:18.480',-0.84
'0:18.484',-1.66
'0:18.488',-2.06
'0:18.492',-2.14
'0:18.496',-2.41
'0:18.500',-2.82
'0:18.504',-3.68
'0:18.508',-4.99
'0:18.512',-6.11
'0:18.516',-6.94
'0:18.520',-7.53
'0:18.523',-7.74
'0:18.527',-7.57
'0:18.531',-7.34
'0:18.535',-7.32
'0:18.539',-7.11
'0:18.543',-6.56
'0:18.547',-6.1
'0:18.551',-6.04
'0:18.555',-5.95
'0:18.559',-5.53
'0:18.563',-4.97
'0:18.566',-3.61
'0:18.570',-0.23
'0:18.574',3.42
'0:18.578',7.38
'0:18.582',10.68
'0:18.586',12.09
'0:18.590',10.43
'0:18.594',5.81
'0:18.598',-0.39
'0:18.602',-6.49
'0:18.605',-11.07
'0:18.609',-13.67
'0:18.613',-14.4
'0:18.617',-14.2
'0:18.621',-13.05
'0:18.625',-11.21
'0:18.629',-9.79
'0:18.633',-8.68
'0:18.637',-7.87
'0:18.641',-7.51
'0:18.645',-7.45
'0:18.648',-7.5
'0:18.652',-7.27
'0:18.656',-6.7
'0:18.660',-6.14
'0:18.664',-5.57
'0:18.668',-5.01
'0:18.672',-5.17
'0:18.676',-5.74
'0:18.680',-5.72
'0:18.684',-5.28
'0:18.688',-4.97
'0:18.691',-4.57
'0:18.695',-5.02
'0:18.699',-5.89
'0:18.703',-6.43
'0:18.707',-6.65
'0:18.711',-6.54
'0:18.715',-6.24
'0:18.719',-5.71
'0:18.723',-4.89
'0:18.727',-4.05
'0:18.730',-3.73
'0:18.734',-3.7
'0:18.738',-3.41
'0:18.742',-3.07
'0:18.746',-2.58
'0:18.750',-2.09
'0:18.754',-1.81
'0:18.758',-1.59
'0:18.762',-1.7
'0:18.766',-2.25
'0:18.770',-2.96
'0:18.773',-3.42
'0:18.777',-3.44
'0:18.781',-3.32
'0:18.785',-3.37
'0:18.789',-3.7
'0:18.793',-3.77
'0:18.797',-3.78
'0:18.801',-3.77
'0:18.805',-3.78
'0:18.809',-3.78
'0:18.813',-3.77
'0:18.816',-0.1
'0:18.820',0.14
'0:18.824',0.54
'0:18.828',0.95
'0:18.832',1.37
'0:18.836',1.8
'0:18.840',2.22
'0:18.844',2.01
'0:18.848',2.19
'0:18.852',2.58
'0:18.855',2.84
'0:18.859',2.45
'0:18.863',1.89
'0:18.867',1.55
'0:18.871',1.74
'0:18.875',2.03
'0:18.879',2.39
'0:18.883',2.61
'0:18.887',2.7
'0:18.891',3.22
'0:18.895',4.02
'0:18.898',4.72
'0:18.902',5.16
'0:18.906',5.31
'0:18.910',5.23
'0:18.914',5.15
'0:18.918',5.09
'0:18.922',5.49
'0:18.926',6.41
'0:18.930',8.12
'0:18.934',10.96
'0:18.938',14.39
'0:18.941',18.17
'0:18.945',21.36
'0:18.949',21.92
'0:18.953',18.89
'0:18.957',13.31
'0:18.961',7.09
'0:18.965',1.58
'0:18.969',-2.22
'0:18.973',-4.04
'0:18.977',-4.35
'0:18.980',-3.82
'0:18.984',-2.87
'0:18.988',-1.73
'0:18.992',-0.69
'0:18.996',0.18
'0:19.000',0.87
'0:19.004',1.32
'0:19.008',1.53
'0:19.012',1.77
'0:19.016',1.9
'0:19.020',2.11
'0:19.023',2.33
'0:19.027',2.44
'0:19.031',2.46
'0:19.035',2.49
'0:19.039',2.41
'0:19.043',2.51
'0:19.047',2.56
'0:19.051',2.56
'0:19.055',2.77
'0:19.059',2.93
'0:19.063',3.11
'0:19.066',3.45
'0:19.070',3.88
'0:19.074',4.23
'0:19.078',4.54
'0:19.082',4.86
'0:19.086',5.11
'0:19.090',5.26
'0:19.094',5.54
'0:19.098',5.93
'0:19.102',6.2
'0:19.105',6.15
'0:19.109',5.98
'0:19.113',5.77
'0:19.117',5.28
'0:19.121',4.63
'0:19.125',4.01
'0:19.129',3.38
'0:19.133',2.67
'0:19.137',2.06
'0:19.141',1.65
'0:19.145',1.2
'0:19.148',0.66
'0:19.152',0.15
'0:19.156',-0.24
'0:19.160',-0.34
'0:19.164',-0.34
'0:19.168',-0.23
'0:19.172',0.1
'0:19.176',0.34
'0:19.180',0.38
'0:19.184',0.26
'0:19.188',0.15
'0:19.191',0.25
'0:19.195',0.16
'0:19.199',-0.17
'0:19.203',-0.6
'0:19.207',-0.96
'0:19.211',-1.22
'0:19.215',-1.45
'0:19.219',-1.78
'0:19.223',-2.28
'0:19.227',-2.81
'0:19.230',-3.33
'0:19.234',-3.78
'0:19.238',-4.1
'0:19.242',-4.26
'0:19.246',-4.44
'0:19.250',-4.63
'0:19.254',-4.48
'0:19.258',-4.17
'0:19.262',-4.12
'0:19.266',-3.99
'0:19.270',-3.44
'0:19.273',-3.29
'0:19.277',-3.99
'0:19.281',-4.66
'0:19.285',-4.35
'0:19.289',-3.18
'0:19.293',-1.43
'0:19.297',1.19
'0:19.301',5.22
'0:19.305',9.56
'0:19.309',12.79
'0:19.313',13.36
'0:19.316',10.94
'0:19.320',6.36
'0:19.324',0.27
'0:19.328',-5.75
'0:19.332',-10.53
'0:19.336',-13.13
'0:19.340',-14.31
'0:19.344',-14.21
'0:19.348',-13.16
'0:19.352',-11.59
'0:19.355',-9.99
'0:19.359',-8.8
'0:19.363',-8.12
'0:19.367',-7.45
'0:19.371',-6.51
'0:19.375',-5.61
'0:19.379',-5.36
'0:19.383',-5.6
'0:19.387',-6
'0:19.391',-6.27
'0:19.395',-6.24
'0:19.398',-5.87
'0:19.402',-5.5
'0:19.406',-5.11
'0:19.410',-4.68
'0:19.414',-4.46
'0:19.418',-4.28
'0:19.422',-3.61
'0:19.426',-2.68
'0:19.430',-2.3
'0:19.434',-2.58
'0:19.438',-2.8
'0:19.441',-2.6
'0:19.445',-2.12
'0:19.449',-1.64
'0:19.453',-1.27
'0:19.457',-0.7
'0:19.461',-0.03
'0:19.465',0.4
'0:19.469',0.89
'0:19.473',1.57
'0:19.477',2.13
'0:19.480',1.94
'0:19.484',0.98
'0:19.488',0.02
'0:19.492',-0.62
'0:19.496',-1.14
'0:19.500',-1.42
'0:19.504',-1.74
'0:19.508',-1.97
'0:19.512',-2.01
'0:19.516',-2.12
'0:19.520',-2.07
'0:19.523',-1.89
'0:19.527',-1.52
