'0:00.000',-1.36
'0:00.004',-1.8
'0:00.008',-2.29
'0:00.012',-3.03
'0:00.016',-3.92
'0:00.020',-5.14
'0:00.023',-7
'0:00.027',-6.02
'0:00.031',-4.12
'0:00.035',-3.51
'0:00.039',-3.33
'0:00.043',-2.59
'0:00.047',-1.56
'0:00.051',-1.09
'0:00.055',-1.16
'0:00.059',-0.99
'0:00.063',0.23
'0:00.066',3.17
'0:00.070',7.82
'0:00.074',13.16
'0:00.078',17.97
'0:00.082',21.64
'0:00.086',23.78
'0:00.090',22.28
'0:00.094',15.77
'0:00.098',6.89
'0:00.102',-0.14
'0:00.105',-4.15
'0:00.109',-5.99
'0:00.113',-6.81
'0:00.117',-7.21
'0:00.121',-7.16
'0:00.125',-6.57
'0:00.129',-5.83
'0:00.133',-5.26
'0:00.137',-4.92
'0:00.141',-4.45
'0:00.145',-3.88
'0:00.148',-3.53
'0:00.152',-3.16
'0:00.156',-2.72
'0:00.160',-2.19
'0:00.164',-1.64
'0:00.168',-1.24
'0:00.172',-0.8
'0:00.176',-0.32
'0:00.180',0.3
'0:00.184',0.93
'0:00.188',1.29
'0:00.191',1.64
'0:00.195',2.37
'0:00.199',3.09
'0:00.203',3.39
'0:00.207',3.19
'0:00.211',2.8
'0:00.215',2.66
'0:00.219',2.88
'0:00.223',2.95
'0:00.227',2.46
'0:00.230',1.61
'0:00.234',0.91
'0:00.238',0.75
'0:00.242',0.8
'0:00.246',0.52
'0:00.250',-0.02
'0:00.254',-0.31
'0:00.258',-0.14
'0:00.262',0.22
'0:00.266',0.42
'0:00.270',0.27
'0:00.273',0.11
'0:00.277',0.47
'0:00.281',1.09
'0:00.285',1.31
'0:00.289',1.16
'0:00.293',1.11
'0:00.297',1.22
'0:00.301',1.26
'0:00.305',0.82
'0:00.309',0.37
'0:00.313',0.18
'0:00.316',0.1
'0:00.320',-0.04
'0:00.324',-0.41
'0:00.328',-0.79
'0:00.332',-1.03
'0:00.336',-0.94
'0:00.340',-1.05
'0:00.344',-1.7
'0:00.348',-2.54
'0:00.352',-3.09
'0:00.355',-3.27
'0:00.359',-3.39
'0:00.363',-3.7
'0:00.367',-4.01
'0:00.371',-4.13
'0:00.375',-3.92
'0:00.379',-3.6
'0:00.383',-3.61
'0:00.387',-3.7
'0:00.391',-3.21
'0:00.395',-1.75
'0:00.398',0.94
'0:00.402',5.19
'0:00.406',10.67
'0:00.410',16.16
'0:00.414',20.61
'0:00.418',23.3
'0:00.422',22.38
'0:00.426',16.55
'0:00.430',7.98
'0:00.434',0.72
'0:00.438',-3.91
'0:00.441',-6.75
'0:00.445',-8.42
'0:00.449',-9.08
'0:00.453',-9.06
'0:00.457',-8.77
'0:00.461',-8.63
'0:00.465',-8.55
'0:00.469',-8.3
'0:00.473',-7.62
'0:00.477',-6.96
'0:00.480',-6.53
'0:00.484',-6.16
'0:00.488',-5.69
'0:00.492',-5.14
'0:00.496',-4.51
'0:00.500',-4.13
'0:00.504',-3.92
'0:00.508',-3.71
'0:00.512',-3.3
'0:00.516',-2.85
'0:00.520',-2.55
'0:00.523',-2.36
'0:00.527',-2.09
'0:00.531',-1.56
'0:00.535',-0.96
'0:00.539',-0.6
'0:00.543',-0.48
'0:00.547',-0.21
'0:00.551',0.16
'0:00.555',0.66
'0:00.559',0.94
'0:00.563',0.93
'0:00.566',0.95
'0:00.570',1.1
'0:00.574',1.27
'0:00.578',0.95
'0:00.582',0.41
'0:00.586',0.02
'0:00.590',-0.02
'0:00.594',0.05
'0:00.598',-0.06
'0:00.602',-0.13
'0:00.605',0.01
'0:00.609',0.35
'0:00.613',0.91
'0:00.617',1.18
'0:00.621',1.22
'0:00.625',1.35
'0:00.629',1.59
'0:00.633',1.88
'0:00.637',2.1
'0:00.641',2.07
'0:00.645',1.95
'0:00.648',1.91
'0:00.652',2.03
'0:00.656',1.8
'0:00.660',1.29
'0:00.664',1.01
'0:00.668',0.98
'0:00.672',0.68
'0:00.676',-0.02
'0:00.680',-0.82
'0:00.684',-1.24
'0:00.688',-1.29
'0:00.691',-1.38
'0:00.695',-1.75
'0:00.699',-2.36
'0:00.703',-2.66
'0:00.707',-2.68
'0:00.711',-2.66
'0:00.715',-2.9
'0:00.719',-3.23
'0:00.723',-3.03
'0:00.727',-2.08
'0:00.730',-0.37
'0:00.734',2.55
'0:00.738',7.14
'0:00.742',12.88
'0:00.746',18.09
'0:00.750',21.36
'0:00.754',23.03
'0:00.758',20.96
'0:00.762',14
'0:00.766',5.37
'0:00.770',-1.23
'0:00.773',-5.09
'0:00.777',-7.1
'0:00.781',-8.26
'0:00.785',-8.65
'0:00.789',-8.47
'0:00.793',-8.28
'0:00.797',-8.14
'0:00.801',-8.04
'0:00.805',-7.7
'0:00.809',-7.21
'0:00.813',-6.89
'0:00.816',-6.72
'0:00.820',-6.52
'0:00.824',-6.14
'0:00.828',-5.59
'0:00.832',-5.26
'0:00.836',-5.09
'0:00.840',-4.89
'0:00.844',-4.25
'0:00.848',-3.45
'0:00.852',-2.97
'0:00.855',-2.87
'0:00.859',-2.7
'0:00.863',-2.33
'0:00.867',-1.72
'0:00.871',-1.26
'0:00.875',-0.99
'0:00.879',-0.75
'0:00.883',-0.16
'0:00.887',0.49
'0:00.891',0.71
'0:00.895',0.58
'0:00.898',0.34
'0:00.902',0.37
'0:00.906',0.59
'0:00.910',0.56
'0:00.914',0.26
'0:00.918',0.01
'0:00.922',-0.12
'0:00.926',-0.17
'0:00.930',-0.08
'0:00.934',0.2
'0:00.938',0.52
'0:00.941',0.83
'0:00.945',1.16
'0:00.949',1.44
'0:00.953',1.59
'0:00.957',1.81
'0:00.961',2.2
'0:00.965',2.64
'0:00.969',2.81
'0:00.973',2.79
'0:00.977',2.86
'0:00.980',3.11
'0:00.984',3.38
'0:00.988',3.36
'0:00.992',3.03
'0:00.996',2.73
'0:01.000',2.66
'0:01.004',2.56
'0:01.008',2.16
'0:01.012',1.46
'0:01.016',0.95
'0:01.020',0.7
'0:01.023',0.6
'0:01.027',0.22
'0:01.031',-0.37
'0:01.035',-0.72
'0:01.039',-0.95
'0:01.043',-1.02
'0:01.047',-1.3
'0:01.051',-1.98
'0:01.055',-2.38
'0:01.059',-2.13
'0:01.063',-1.24
'0:01.066',0.26
'0:01.070',3.26
'0:01.074',8.18
'0:01.078',13.8
'0:01.082',18.67
'0:01.086',22.07
'0:01.090',22.74
'0:01.094',18.8
'0:01.098',10.92
'0:01.102',2.93
'0:01.105',-2.69
'0:01.109',-5.96
'0:01.113',-7.53
'0:01.117',-8.11
'0:01.121',-8.24
'0:01.125',-8.39
'0:01.129',-8.62
'0:01.133',-8.59
'0:01.137',-8.35
'0:01.141',-7.93
'0:01.145',-7.75
'0:01.148',-7.79
'0:01.152',-7.69
'0:01.156',-7.29
'0:01.160',-6.86
'0:01.164',-6.63
'0:01.168',-6.5
'0:01.172',-6.13
'0:01.176',-5.41
'0:01.180',-4.5
'0:01.184',-3.77
'0:01.188',-3.35
'0:01.191',-2.84
'0:01.195',-1.98
'0:01.199',-0.99
'0:01.203',-0.36
'0:01.207',-0.06
'0:01.211',0.43
'0:01.215',1.17
'0:01.219',1.96
'0:01.223',2.29
'0:01.227',2.15
'0:01.230',2.05
'0:01.234',2.2
'0:01.238',2.39
'0:01.242',2.11
'0:01.246',1.34
'0:01.250',0.5
'0:01.254',-0.14
'0:01.258',-0.67
'0:01.262',-1.56
'0:01.266',-1.67
'0:01.270',-1.46
'0:01.273',-1.18
'0:01.277',-0.78
'0:01.281',-0.38
'0:01.285',-0.04
'0:01.289',0.23
'0:01.293',0.44
'0:01.297',0.69
'0:01.301',0.73
'0:01.305',0.57
'0:01.309',0.51
'0:01.313',0.6
'0:01.316',0.7
'0:01.320',0.51
'0:01.324',0.12
'0:01.328',0.01
'0:01.332',0.08
'0:01.336',-0.03
'0:01.340',-0.58
'0:01.344',-1.43
'0:01.348',-2.04
'0:01.352',-2.41
'0:01.355',-2.56
'0:01.359',-2.71
'0:01.363',-2.9
'0:01.367',-2.89
'0:01.371',-2.47
'0:01.375',-1.91
'0:01.379',-1.72
'0:01.383',-1.91
'0:01.387',-1.92
'0:01.391',-1.52
'0:01.395',-0.38
'0:01.398',1.91
'0:01.402',6.09
'0:01.406',11.92
'0:01.410',17.7
'0:01.414',22.14
'0:01.418',24.68
'0:01.422',23.77
'0:01.426',17.96
'0:01.430',8.61
'0:01.434',0.46
'0:01.438',-4.83
'0:01.441',-7.1
'0:01.445',-8.11
'0:01.449',-8.5
'0:01.453',-8.27
'0:01.457',-7.83
'0:01.461',-7.47
'0:01.465',-7.28
'0:01.469',-6.91
'0:01.473',-6.27
'0:01.477',-5.72
'0:01.480',-5.47
'0:01.484',-5.35
'0:01.488',-5.26
'0:01.492',-5.26
'0:01.496',-5.36
'0:01.500',-5.46
'0:01.504',-5.25
'0:01.508',-4.79
'0:01.512',-4.07
'0:01.516',-3.58
'0:01.520',-3.33
'0:01.523',-2.84
'0:01.527',-2.02
'0:01.531',-1.13
'0:01.535',-0.44
'0:01.539',-0.08
'0:01.543',0.36
'0:01.547',0.92
'0:01.551',1.34
'0:01.555',1.4
'0:01.559',1.17
'0:01.563',0.96
'0:01.566',0.94
'0:01.570',1.1
'0:01.574',1.12
'0:01.578',0.87
'0:01.582',0.63
'0:01.586',0.56
'0:01.590',0.68
'0:01.594',0.52
'0:01.598',0.19
'0:01.602',-0.14
'0:01.605',-0.21
'0:01.609',-0.06
'0:01.613',0.05
'0:01.617',-0.08
'0:01.621',-0.56
'0:01.625',-1.1
'0:01.629',-1.47
'0:01.633',-1.81
'0:01.637',-2.3
'0:01.641',-3.09
'0:01.645',-4.46
'0:01.648',-3.48
'0:01.652',-1.66
'0:01.656',-1.02
'0:01.660',-0.83
'0:01.664',-0.37
'0:01.668',0.33
'0:01.672',0.55
'0:01.676',-0.27
'0:01.680',-1.39
'0:01.684',-2.07
'0:01.688',-1.97
'0:01.691',-1.7
'0:01.695',-1.71
'0:01.699',-1.93
'0:01.703',-2.07
'0:01.707',-1.94
'0:01.711',-1.69
'0:01.715',-1.61
'0:01.719',-1.59
'0:01.723',-1.01
'0:01.727',0.7
'0:01.730',3.58
'0:01.734',8.06
'0:01.738',13.64
'0:01.742',18.96
'0:01.746',22.91
'0:01.750',24.88
'0:01.754',23.39
'0:01.758',17.23
'0:01.762',8.63
'0:01.766',1.97
'0:01.770',-1.78
'0:01.773',-3.74
'0:01.777',-4.69
'0:01.781',-4.99
'0:01.785',-4.99
'0:01.789',-5.04
'0:01.793',-5.08
'0:01.797',-4.91
'0:01.801',-4.61
'0:01.805',-4.08
'0:01.809',-3.58
'0:01.813',-3.35
'0:01.816',-3.09
'0:01.820',-2.72
'0:01.824',-2.4
'0:01.828',-2.32
'0:01.832',-2.55
'0:01.836',-2.72
'0:01.840',-2.87
'0:01.844',-2.55
'0:01.848',-2.16
'0:01.852',-2.06
'0:01.855',-1.84
'0:01.859',-1.34
'0:01.863',-0.68
'0:01.867',-0.15
'0:01.871',0.15
'0:01.875',0.4
'0:01.879',0.65
'0:01.883',1.06
'0:01.887',1.21
'0:01.891',0.87
'0:01.895',0.56
'0:01.898',0.59
'0:01.902',1.04
'0:01.906',1.27
'0:01.910',1.07
'0:01.914',0.6
'0:01.918',0.35
'0:01.922',0.4
'0:01.926',0.36
'0:01.930',0.14
'0:01.934',-0.22
'0:01.938',-0.48
'0:01.941',-0.24
'0:01.945',-0.15
'0:01.949',-0.45
'0:01.953',-0.64
'0:01.957',-0.5
'0:01.961',-0.13
'0:01.965',0.05
'0:01.969',-0.31
'0:01.973',-0.89
'0:01.977',-1.22
'0:01.980',-1.26
'0:01.984',-1.32
'0:01.988',-1.63
'0:01.992',-1.88
'0:01.996',-1.89
'0:02.000',-1.81
'0:02.004',-2.18
'0:02.008',-3.06
'0:02.012',-3.79
'0:02.016',-4.01
'0:02.020',-3.85
'0:02.023',-3.69
'0:02.027',-3.54
'0:02.031',-3.3
'0:02.035',-2.95
'0:02.039',-2.36
'0:02.043',-1.84
'0:02.047',-1.82
'0:02.051',-1.81
'0:02.055',-1.16
'0:02.059',0.46
'0:02.063',3.2
'0:02.066',7.46
'0:02.070',13.29
'0:02.074',19.08
'0:02.078',23.48
'0:02.082',25.89
'0:02.086',25.01
'0:02.090',19.41
'0:02.094',10.7
'0:02.098',2.85
'0:02.102',-2.47
'0:02.105',-5.81
'0:02.109',-7.66
'0:02.113',-8.34
'0:02.117',-8.15
'0:02.121',-7.78
'0:02.125',-7.47
'0:02.129',-7.22
'0:02.133',-6.9
'0:02.137',-6.43
'0:02.141',-6.09
'0:02.145',-6.11
'0:02.148',-6.16
'0:02.152',-6.1
'0:02.156',-5.55
'0:02.160',-4.98
'0:02.164',-4.8
'0:02.168',-4.56
'0:02.172',-3.91
'0:02.176',-3.29
'0:02.180',-2.77
'0:02.184',-2.52
'0:02.188',-2.13
'0:02.191',-1.5
'0:02.195',-0.59
'0:02.199',0.23
'0:02.203',0.8
'0:02.207',1.29
'0:02.211',1.78
'0:02.215',2.58
'0:02.219',3.16
'0:02.223',3.3
'0:02.227',3.19
'0:02.230',3.13
'0:02.234',3.14
'0:02.238',2.76
'0:02.242',2.05
'0:02.246',1.27
'0:02.250',0.64
'0:02.254',0.54
'0:02.258',0.35
'0:02.262',-0.13
'0:02.266',-0.59
'0:02.270',-0.73
'0:02.273',-0.65
'0:02.277',-0.48
'0:02.281',-0.57
'0:02.285',-0.69
'0:02.289',-0.6
'0:02.293',-0.17
'0:02.297',0.05
'0:02.301',-0.27
'0:02.305',-0.52
'0:02.309',-0.63
'0:02.313',-0.48
'0:02.316',-0.32
'0:02.320',-0.61
'0:02.324',-0.9
'0:02.328',-1
'0:02.332',-0.97
'0:02.336',-1.13
'0:02.340',-1.65
'0:02.344',-2.2
'0:02.348',-2.28
'0:02.352',-2.04
'0:02.355',-1.9
'0:02.359',-1.88
'0:02.363',-2.43
'0:02.367',-3.05
'0:02.371',-3.31
'0:02.375',-3.56
'0:02.379',-3.82
'0:02.383',-4.3
'0:02.387',-4.23
'0:02.391',-3.14
'0:02.395',-1.04
'0:02.398',2.22
'0:02.402',7.02
'0:02.406',12.71
'0:02.410',17.85
'0:02.414',21.56
'0:02.418',22.98
'0:02.422',20.16
'0:02.426',13.03
'0:02.430',4.82
'0:02.434',-1.51
'0:02.438',-5.47
'0:02.441',-7.36
'0:02.445',-7.91
'0:02.449',-7.88
'0:02.453',-7.77
'0:02.457',-7.69
'0:02.461',-7.42
'0:02.465',-6.93
'0:02.469',-6.35
'0:02.473',-5.86
'0:02.477',-5.59
'0:02.480',-5.45
'0:02.484',-5.15
'0:02.488',-4.58
'0:02.492',-4
'0:02.496',-3.78
'0:02.500',-3.63
'0:02.504',-3.31
'0:02.508',-2.62
'0:02.512',-1.88
'0:02.516',-1.39
'0:02.520',-0.88
'0:02.523',-0.13
'0:02.527',0.83
'0:02.531',1.67
'0:02.535',2.16
'0:02.539',2.62
'0:02.543',3.16
'0:02.547',3.81
'0:02.551',4.22
'0:02.555',4.29
'0:02.559',4.39
'0:02.563',4.52
'0:02.566',4.63
'0:02.570',4.61
'0:02.574',4.29
'0:02.578',3.72
'0:02.582',3.21
'0:02.586',3.07
'0:02.590',3.24
'0:02.594',2.68
'0:02.598',1.46
'0:02.602',0.88
'0:02.605',1.1
'0:02.609',1.21
'0:02.613',0.98
'0:02.617',0.91
'0:02.621',1.25
'0:02.625',1.66
'0:02.629',1.69
'0:02.633',1.2
'0:02.637',0.76
'0:02.641',0.59
'0:02.645',0.68
'0:02.648',0.54
'0:02.652',-0.01
'0:02.656',-0.44
'0:02.660',-0.69
'0:02.664',-0.7
'0:02.668',-0.91
'0:02.672',-1.38
'0:02.676',-1.73
'0:02.680',-1.86
'0:02.684',-1.77
'0:02.688',-1.75
'0:02.691',-2.31
'0:02.695',-2.93
'0:02.699',-3.15
'0:02.703',-3.06
'0:02.707',-3.13
'0:02.711',-3.8
'0:02.715',-4.37
'0:02.719',-4.55
'0:02.723',-4.03
'0:02.727',-2.85
'0:02.730',-0.63
'0:02.734',3.45
'0:02.738',8.94
'0:02.742',14.35
'0:02.746',18.47
'0:02.750',20.52
'0:02.754',18.94
'0:02.758',12.52
'0:02.762',3.89
'0:02.766',-3.23
'0:02.770',-7.89
'0:02.773',-10.42
'0:02.777',-11.22
'0:02.781',-10.91
'0:02.785',-10.18
'0:02.789',-9.64
'0:02.793',-9.12
'0:02.797',-8.55
'0:02.801',-7.64
'0:02.805',-6.7
'0:02.809',-6.15
'0:02.813',-5.78
'0:02.816',-5.34
'0:02.820',-4.61
'0:02.824',-3.85
'0:02.828',-3.52
'0:02.832',-3.23
'0:02.836',-2.71
'0:02.840',-1.95
'0:02.844',-1.25
'0:02.848',-0.91
'0:02.852',-0.77
'0:02.855',-0.44
'0:02.859',0.35
'0:02.863',1.09
'0:02.867',1.32
'0:02.871',1.4
'0:02.875',1.74
'0:02.879',2.23
'0:02.883',2.51
'0:02.887',2.54
'0:02.891',2.59
'0:02.895',2.65
'0:02.898',2.84
'0:02.902',2.77
'0:02.906',2.17
'0:02.910',1.45
'0:02.914',0.92
'0:02.918',0.64
'0:02.922',0.45
'0:02.926',-0.06
'0:02.930',-0.67
'0:02.934',-1.07
'0:02.938',-1.02
'0:02.941',-0.82
'0:02.945',-0.77
'0:02.949',-0.78
'0:02.953',-0.57
'0:02.957',-0.06
'0:02.961',0.27
'0:02.965',0.04
'0:02.969',-0.28
'0:02.973',-0.4
'0:02.977',-0.03
'0:02.980',0.35
'0:02.984',0.36
'0:02.988',0.32
'0:02.992',0.28
'0:02.996',0.18
'0:03.000',0.01
'0:03.004',-0.52
'0:03.008',-1.11
'0:03.012',-1.48
'0:03.016',-1.36
'0:03.020',-1.27
'0:03.023',-1.61
'0:03.027',-1.98
'0:03.031',-2.01
'0:03.035',-1.64
'0:03.039',-1.35
'0:03.043',-1.58
'0:03.047',-1.92
'0:03.051',-1.73
'0:03.055',-0.53
'0:03.059',1.8
'0:03.063',5.6
'0:03.066',11
'0:03.070',16.91
'0:03.074',21.76
'0:03.078',24.76
'0:03.082',24.79
'0:03.086',20.44
'0:03.090',12.19
'0:03.094',3.81
'0:03.098',-1.95
'0:03.102',-5.56
'0:03.105',-7.55
'0:03.109',-8.42
'0:03.113',-8.7
'0:03.117',-8.87
'0:03.121',-8.99
'0:03.125',-9.21
'0:03.129',-9.32
'0:03.133',-9.14
'0:03.137',-8.95
'0:03.141',-9.14
'0:03.145',-7.88
'0:03.148',-6.82
'0:03.152',-6.1
'0:03.156',-5.61
'0:03.160',-5.17
'0:03.164',-4.56
'0:03.168',-4.03
'0:03.172',-3.49
'0:03.176',-2.92
'0:03.180',-2.57
'0:03.184',-2.45
'0:03.188',-2.17
'0:03.191',-1.61
'0:03.195',-0.92
'0:03.199',-0.3
'0:03.203',0.03
'0:03.207',0.21
'0:03.211',0.47
'0:03.215',0.71
'0:03.219',0.65
'0:03.223',0.41
'0:03.227',0.25
'0:03.230',0.44
'0:03.234',0.6
'0:03.238',0.28
'0:03.242',-0.2
'0:03.246',-0.43
'0:03.250',-0.3
'0:03.254',-0.05
'0:03.258',-0.14
'0:03.262',-0.32
'0:03.266',-0.31
'0:03.270',-0.13
'0:03.273',0.22
'0:03.277',0.41
'0:03.281',0.43
'0:03.285',0.55
'0:03.289',0.79
'0:03.293',0.95
'0:03.297',0.72
'0:03.301',0.43
'0:03.305',0.48
'0:03.309',0.91
'0:03.313',1.24
'0:03.316',1.14
'0:03.320',0.9
'0:03.324',0.74
'0:03.328',0.66
'0:03.332',0.58
'0:03.336',0.28
'0:03.340',-0.02
'0:03.344',-0.22
'0:03.348',-0.24
'0:03.352',0.07
'0:03.355',0.17
'0:03.359',0.15
'0:03.363',0.18
'0:03.367',0.41
'0:03.371',0.77
'0:03.375',0.73
'0:03.379',0.61
'0:03.383',0.87
'0:03.387',1.89
'0:03.391',3.83
'0:03.395',7.2
'0:03.398',12.13
'0:03.402',17.5
'0:03.406',21.78
'0:03.410',24.56
'0:03.414',24.83
'0:03.418',20.87
'0:03.422',13.13
'0:03.426',5.56
'0:03.430',0.48
'0:03.434',-2.73
'0:03.438',-4.71
'0:03.441',-5.71
'0:03.445',-6.01
'0:03.449',-5.95
'0:03.453',-6.16
'0:03.457',-6.28
'0:03.461',-6.06
'0:03.465',-5.64
'0:03.469',-5.33
'0:03.473',-5.22
'0:03.477',-5.19
'0:03.480',-4.93
'0:03.484',-4.36
'0:03.488',-3.79
'0:03.492',-3.49
'0:03.496',-3.01
'0:03.500',-2.95
'0:03.504',-2.91
'0:03.508',-2.29
'0:03.512',-1.83
'0:03.516',-1.68
'0:03.520',-1.69
'0:03.523',-1.7
'0:03.527',-1.46
'0:03.531',-1.53
'0:03.535',-1.68
'0:03.539',-1.5
'0:03.543',-0.98
'0:03.547',-0.52
'0:03.551',-0.54
'0:03.555',-0.84
'0:03.559',-1.06
'0:03.563',-1.05
'0:03.566',-0.95
'0:03.570',-1.14
'0:03.574',-1.63
'0:03.578',-2.1
'0:03.582',-2.39
'0:03.586',-2.66
'0:03.590',-3.34
'0:03.594',-4.29
'0:03.598',-5.29
'0:03.602',-4.58
'0:03.605',-3.26
'0:03.609',-2.75
'0:03.613',-2.65
'0:03.617',-2.21
'0:03.621',-1.3
'0:03.625',-0.52
'0:03.629',-0.54
'0:03.633',-0.72
'0:03.637',-0.46
'0:03.641',0.18
'0:03.645',0.72
'0:03.648',0.75
'0:03.652',0.46
'0:03.656',0.3
'0:03.660',0.4
'0:03.664',0.37
'0:03.668',-0.2
'0:03.672',-0.96
'0:03.676',-1.41
'0:03.680',-1.31
'0:03.684',-1.07
'0:03.688',-1.27
'0:03.691',-1.72
'0:03.695',-1.98
'0:03.699',-1.76
'0:03.703',-1.47
'0:03.707',-1.72
'0:03.711',-2.22
'0:03.715',-2.17
'0:03.719',-1.07
'0:03.723',1.17
'0:03.727',4.91
'0:03.730',10.09
'0:03.734',15.78
'0:03.738',20.66
'0:03.742',23.91
'0:03.746',24.39
'0:03.750',20.07
'0:03.754',11.78
'0:03.758',3.54
'0:03.762',-2.23
'0:03.766',-5.86
'0:03.770',-8.13
'0:03.773',-9.25
'0:03.777',-9.42
'0:03.781',-9.07
'0:03.785',-8.81
'0:03.789',-8.79
'0:03.793',-8.54
'0:03.797',-7.97
'0:03.801',-7.23
'0:03.805',-6.68
'0:03.809',-6.31
'0:03.813',-5.8
'0:03.816',-5.11
'0:03.820',-4.52
'0:03.824',-4.21
'0:03.828',-3.86
'0:03.832',-3.52
'0:03.836',-3.05
'0:03.840',-2.45
'0:03.844',-1.87
'0:03.848',-1.43
'0:03.852',-1.14
'0:03.855',-0.69
'0:03.859',0.12
'0:03.863',0.52
'0:03.867',0.85
'0:03.871',1.05
'0:03.875',1.41
'0:03.879',1.74
'0:03.883',1.79
'0:03.887',1.6
'0:03.891',1.44
'0:03.895',1.54
'0:03.898',1.69
'0:03.902',1.53
'0:03.906',0.9
'0:03.910',0.23
'0:03.914',-0.18
'0:03.918',-0.39
'0:03.922',-0.64
'0:03.926',-0.96
'0:03.930',-1.18
'0:03.934',-1.15
'0:03.938',-0.92
'0:03.941',-0.93
'0:03.945',-1.17
'0:03.949',-1.41
'0:03.953',-1.34
'0:03.957',-1.24
'0:03.961',-1.21
'0:03.965',-1.14
'0:03.969',-1.19
'0:03.973',-1.12
'0:03.977',-0.84
'0:03.980',-0.97
'0:03.984',-1.45
'0:03.988',-1.7
'0:03.992',-1.77
'0:03.996',-1.64
'0:04.000',-2.12
'0:04.004',-2.93
'0:04.008',-3.66
'0:04.012',-4.44
'0:04.016',-3.48
'0:04.020',-2.8
'0:04.023',-2.7
'0:04.027',-2.7
'0:04.031',-2.21
'0:04.035',-1.46
'0:04.039',-1.35
'0:04.043',-2.02
'0:04.047',-2.49
'0:04.051',-1.86
'0:04.055',-0.6
'0:04.059',1.45
'0:04.063',4.87
'0:04.066',9.75
'0:04.070',15.16
'0:04.074',19.63
'0:04.078',22.3
'0:04.082',21.79
'0:04.086',16.66
'0:04.090',8.67
'0:04.094',1.45
'0:04.098',-3.47
'0:04.102',-6.24
'0:04.105',-7.42
'0:04.109',-7.64
'0:04.113',-7.36
'0:04.117',-6.99
'0:04.121',-6.76
'0:04.125',-6.61
'0:04.129',-6.44
'0:04.133',-6
'0:04.137',-5.54
'0:04.141',-5.1
'0:04.145',-4.57
'0:04.148',-3.91
'0:04.152',-3.22
'0:04.156',-2.71
'0:04.160',-2.02
'0:04.164',-1.65
'0:04.168',-0.99
'0:04.172',-0.07
'0:04.176',0.4
'0:04.180',0.72
'0:04.184',1.18
'0:04.188',1.73
'0:04.191',2.36
'0:04.195',2.8
'0:04.199',3.14
'0:04.203',3.63
'0:04.207',4.19
'0:04.211',4.67
'0:04.215',4.79
'0:04.219',4.6
'0:04.223',4.49
'0:04.227',4.43
'0:04.230',4.31
'0:04.234',3.88
'0:04.238',3.14
'0:04.242',2.43
'0:04.246',1.91
'0:04.250',1.43
'0:04.254',0.83
'0:04.258',0.08
'0:04.262',-0.34
'0:04.266',-0.41
'0:04.270',-0.33
'0:04.273',-0.34
'0:04.277',-0.38
'0:04.281',-0.29
'0:04.285',0.17
'0:04.289',0.65
'0:04.293',0.65
'0:04.297',0.33
'0:04.301',0.12
'0:04.305',0.36
'0:04.309',0.67
'0:04.313',0.43
'0:04.316',-0.34
'0:04.320',-1.02
'0:04.324',-1.29
'0:04.328',-1.4
'0:04.332',-2.03
'0:04.336',-3
'0:04.340',-3.46
'0:04.344',-3.43
'0:04.348',-3.49
'0:04.352',-4.09
'0:04.355',-4.71
'0:04.359',-5.02
'0:04.363',-5.09
'0:04.367',-5.1
'0:04.371',-5.43
'0:04.375',-6.23
'0:04.379',-6.75
'0:04.383',-6.54
'0:04.387',-5.81
'0:04.391',-4.15
'0:04.395',-0.58
'0:04.398',4.9
'0:04.402',10.86
'0:04.406',15.85
'0:04.410',19.12
'0:04.414',19.18
'0:04.418',14.55
'0:04.422',7
'0:04.426',0.25
'0:04.430',-4.24
'0:04.434',-7.04
'0:04.438',-8.25
'0:04.441',-8.29
'0:04.445',-7.94
'0:04.449',-7.89
'0:04.453',-8.11
'0:04.457',-7.44
'0:04.461',-6.27
'0:04.465',-5.25
'0:04.469',-4.76
'0:04.473',-4.51
'0:04.477',-4.12
'0:04.480',-3.51
'0:04.484',-2.94
'0:04.488',-2.67
'0:04.492',-2.57
'0:04.496',-2.3
'0:04.500',-1.75
'0:04.504',-0.9
'0:04.508',-0.23
'0:04.512',0.16
'0:04.516',0.73
'0:04.520',1.56
'0:04.523',2.29
'0:04.527',2.56
'0:04.531',2.64
'0:04.535',2.95
'0:04.539',3.54
'0:04.543',4.15
'0:04.547',4.21
'0:04.551',3.77
'0:04.555',3.41
'0:04.559',3.38
'0:04.563',3.43
'0:04.566',3.02
'0:04.570',2.34
'0:04.574',1.73
'0:04.578',1.43
'0:04.582',1.32
'0:04.586',1.19
'0:04.590',0.9
'0:04.594',0.33
'0:04.598',0.08
'0:04.602',0.31
'0:04.605',0.34
'0:04.609',0.23
'0:04.613',0.32
'0:04.617',0.49
'0:04.621',0.79
'0:04.625',0.84
'0:04.629',0.29
'0:04.633',-0.07
'0:04.637',0.05
'0:04.641',0.86
'0:04.645',1.03
'0:04.648',-0.05
'0:04.652',-1.3
'0:04.656',-1.78
'0:04.660',-1.36
'0:04.664',-1.62
'0:04.668',-2.68
'0:04.672',-3.42
'0:04.676',-3.4
'0:04.680',-2.86
'0:04.684',-2.78
'0:04.688',-3.17
'0:04.691',-3.51
'0:04.695',-3.4
'0:04.699',-3.04
'0:04.703',-3.03
'0:04.707',-3.44
'0:04.711',-3.8
'0:04.715',-3.4
'0:04.719',-2.12
'0:04.723',0.61
'0:04.727',5.31
'0:04.730',11.33
'0:04.734',16.86
'0:04.738',20.67
'0:04.742',21.98
'0:04.746',19.38
'0:04.750',12.19
'0:04.754',3.54
'0:04.758',-2.78
'0:04.762',-6.56
'0:04.766',-8.51
'0:04.770',-9.36
'0:04.773',-9.29
'0:04.777',-8.82
'0:04.781',-8.18
'0:04.785',-7.35
'0:04.789',-6.43
'0:04.793',-5.55
'0:04.797',-4.81
'0:04.801',-4.3
'0:04.805',-3.94
'0:04.809',-3.66
'0:04.813',-3.25
'0:04.816',-2.77
'0:04.820',-2.53
'0:04.824',-2.56
'0:04.828',-2.75
'0:04.832',-2.67
'0:04.836',-2.53
'0:04.840',-2.79
'0:04.844',-3.29
'0:04.848',-3.84
'0:04.852',-4.32
'0:04.855',-5.18
'0:04.859',-3.52
'0:04.863',-1.34
'0:04.867',-0.48
'0:04.871',-0.04
'0:04.875',0.76
'0:04.879',1.46
'0:04.883',1.91
'0:04.887',1.57
'0:04.891',1.03
'0:04.895',1.01
'0:04.898',1.15
'0:04.902',0.94
'0:04.906',0.52
'0:04.910',0.2
'0:04.914',-0.05
'0:04.918',-0.27
'0:04.922',-0.55
'0:04.926',-0.72
'0:04.930',-0.6
'0:04.934',-0.27
'0:04.938',0.09
'0:04.941',0.55
'0:04.945',0.99
'0:04.949',1.31
'0:04.953',1.58
'0:04.957',1.66
'0:04.961',1.63
'0:04.965',1.69
'0:04.969',2.02
'0:04.973',2.48
'0:04.977',2.51
'0:04.980',2.31
'0:04.984',2.21
'0:04.988',2.11
'0:04.992',1.92
'0:04.996',1.53
'0:05.000',1.23
'0:05.004',1.27
'0:05.008',1.54
'0:05.012',1.48
'0:05.016',1.14
'0:05.020',0.7
'0:05.023',0.55
'0:05.027',0.64
'0:05.031',0.88
'0:05.035',0.93
'0:05.039',0.77
'0:05.043',0.69
'0:05.047',1.39
'0:05.051',3.2
'0:05.055',6.29
'0:05.059',10.71
'0:05.063',15.79
'0:05.066',20.34
'0:05.070',23.57
'0:05.074',24.23
'0:05.078',20.59
'0:05.082',12.75
'0:05.086',4.32
'0:05.090',-1.32
'0:05.094',-4.56
'0:05.098',-6.4
'0:05.102',-7.29
'0:05.105',-7.23
'0:05.109',-6.55
'0:05.113',-5.95
'0:05.117',-5.6
'0:05.121',-5.2
'0:05.125',-4.77
'0:05.129',-4.35
'0:05.133',-4.2
'0:05.137',-4.31
'0:05.141',-4.31
'0:05.145',-4.11
'0:05.148',-3.87
'0:05.152',-3.94
'0:05.156',-4.28
'0:05.160',-4.54
'0:05.164',-4.5
'0:05.168',-4.26
'0:05.172',-4.1
'0:05.176',-3.83
'0:05.180',-3.67
'0:05.184',-3.36
'0:05.188',-2.84
'0:05.191',-2.49
'0:05.195',-2.36
'0:05.199',-2.03
'0:05.203',-1.55
'0:05.207',-1.11
'0:05.211',-1.1
'0:05.215',-1.47
'0:05.219',-1.78
'0:05.223',-1.84
'0:05.227',-1.61
'0:05.230',-1.47
'0:05.234',-1.64
'0:05.238',-1.81
'0:05.242',-1.69
'0:05.246',-1.17
'0:05.250',-0.83
'0:05.254',-0.92
'0:05.258',-0.94
'0:05.262',-0.59
'0:05.266',0.04
'0:05.270',0.45
'0:05.273',0.4
'0:05.277',0.37
'0:05.281',0.56
'0:05.285',0.93
'0:05.289',1.02
'0:05.293',0.75
'0:05.297',0.67
'0:05.301',0.81
'0:05.305',1.03
'0:05.309',0.97
'0:05.313',0.53
'0:05.316',0.16
'0:05.320',0.01
'0:05.324',0.05
'0:05.328',-0.26
'0:05.332',-0.98
'0:05.336',-1.54
'0:05.340',-1.78
'0:05.344',-1.67
'0:05.348',-1.68
'0:05.352',-2.05
'0:05.355',-2.29
'0:05.359',-2.08
'0:05.363',-1.72
'0:05.367',-1.8
'0:05.371',-2.13
'0:05.375',-1.95
'0:05.379',-0.88
'0:05.383',1.4
'0:05.387',5.27
'0:05.391',10.69
'0:05.395',16.6
'0:05.398',21.47
'0:05.402',24.72
'0:05.406',25.16
'0:05.410',20.76
'0:05.414',12.39
'0:05.418',3.99
'0:05.422',-1.64
'0:05.426',-4.88
'0:05.430',-6.9
'0:05.434',-7.71
'0:05.438',-7.72
'0:05.441',-7.34
'0:05.445',-7.08
'0:05.449',-6.99
'0:05.453',-6.81
'0:05.457',-6.14
'0:05.461',-5.29
'0:05.465',-4.92
'0:05.469',-5.02
'0:05.473',-4.95
'0:05.477',-4.79
'0:05.480',-4.37
'0:05.484',-3.99
'0:05.488',-3.86
'0:05.492',-3.61
'0:05.496',-3.12
'0:05.500',-2.48
'0:05.504',-2.22
'0:05.508',-2.16
'0:05.512',-1.93
'0:05.516',-1.38
'0:05.520',-0.63
'0:05.523',-0.18
'0:05.527',-0.09
'0:05.531',0.16
'0:05.535',0.72
'0:05.539',1.37
'0:05.543',1.5
'0:05.547',1.04
'0:05.551',0.62
'0:05.555',0.42
'0:05.559',0.41
'0:05.563',0.27
'0:05.566',-0.4
'0:05.570',-1.17
'0:05.574',-1.69
'0:05.578',-1.94
'0:05.582',-2.28
'0:05.586',-2.69
'0:05.590',-2.89
'0:05.594',-2.44
'0:05.598',-1.66
'0:05.602',-1.21
'0:05.605',-1
'0:05.609',-1.02
'0:05.613',-0.89
'0:05.617',-0.52
'0:05.621',-0.29
'0:05.625',-0.45
'0:05.629',-0.91
'0:05.633',-1.26
'0:05.637',-1.35
'0:05.641',-1.48
'0:05.645',-2.07
'0:05.648',-0.99
'0:05.652',0.15
'0:05.656',0.59
'0:05.660',0.53
'0:05.664',0.32
'0:05.668',0.19
'0:05.672',0.09
'0:05.676',-0.11
'0:05.680',-0.39
'0:05.684',-0.6
'0:05.688',-0.65
'0:05.691',-0.52
'0:05.695',-0.34
'0:05.699',-0.52
'0:05.703',-0.8
'0:05.707',-1.03
'0:05.711',-0.46
'0:05.715',1.01
'0:05.719',3.5
'0:05.723',7.47
'0:05.727',12.59
'0:05.730',17.67
'0:05.734',21.4
'0:05.738',23.27
'0:05.742',21.79
'0:05.746',15.73
'0:05.750',7.29
'0:05.754',0.16
'0:05.758',-4.58
'0:05.762',-7.09
'0:05.766',-8.3
'0:05.770',-8.56
'0:05.773',-8.31
'0:05.777',-7.93
'0:05.781',-7.62
'0:05.785',-7.24
'0:05.789',-6.52
'0:05.793',-5.5
'0:05.797',-4.62
'0:05.801',-4.02
'0:05.805',-3.53
'0:05.809',-2.95
'0:05.813',-2.4
'0:05.816',-2.15
'0:05.820',-2.36
'0:05.824',-2.19
'0:05.828',-1.33
'0:05.832',-0.42
'0:05.836',-0.18
'0:05.840',-0.39
'0:05.844',-0.41
'0:05.848',-0.12
'0:05.852',0.4
'0:05.855',0.74
'0:05.859',0.87
'0:05.863',1.08
'0:05.867',1.43
'0:05.871',1.76
'0:05.875',1.84
'0:05.879',1.52
'0:05.883',1.3
'0:05.887',1.44
'0:05.891',1.78
'0:05.895',1.68
'0:05.898',1.04
'0:05.902',0.35
'0:05.906',-0.07
'0:05.910',-0.09
'0:05.914',-0.16
'0:05.918',-0.52
'0:05.922',-0.81
'0:05.926',-0.79
'0:05.930',-0.52
'0:05.934',-0.34
'0:05.938',-0.44
'0:05.941',-0.53
'0:05.945',-0.5
'0:05.949',-0.47
'0:05.953',-0.75
'0:05.957',-1.4
'0:05.961',-1.98
'0:05.965',-2.21
'0:05.969',-2.31
'0:05.973',-2.57
'0:05.977',-3.07
'0:05.980',-3.44
'0:05.984',-3.52
'0:05.988',-3.44
'0:05.992',-3.63
'0:05.996',-4.25
'0:06.000',-4.75
'0:06.004',-4.71
'0:06.008',-4.34
'0:06.012',-4.34
'0:06.016',-4.71
'0:06.020',-4.89
'0:06.023',-4.62
'0:06.027',-3.99
'0:06.031',-3.64
'0:06.035',-3.53
'0:06.039',-3.37
'0:06.043',-2.61
'0:06.047',-0.77
'0:06.051',2.46
'0:06.055',7.34
'0:06.059',13.44
'0:06.063',19.23
'0:06.066',23.56
'0:06.070',25.47
'0:06.074',23.16
'0:06.078',16.18
'0:06.082',7.9
'0:06.086',1.74
'0:06.090',-2.13
'0:06.094',-4.61
'0:06.098',-5.85
'0:06.102',-6.16
'0:06.105',-5.83
'0:06.109',-5.49
'0:06.113',-5.48
'0:06.117',-5.38
'0:06.121',-5.07
'0:06.125',-4.41
'0:06.129',-3.95
'0:06.133',-3.95
'0:06.137',-3.91
'0:06.141',-3.53
'0:06.145',-2.88
'0:06.148',-2.45
'0:06.152',-2.48
'0:06.156',-2.45
'0:06.160',-2.12
'0:06.164',-1.51
'0:06.168',-1.08
'0:06.172',-1.04
'0:06.176',-0.86
'0:06.180',-0.4
'0:06.184',0.38
'0:06.188',0.84
'0:06.191',0.88
'0:06.195',1.03
'0:06.199',1.43
'0:06.203',2.01
'0:06.207',2.2
'0:06.211',1.99
'0:06.215',1.75
'0:06.219',1.74
'0:06.223',2.01
'0:06.227',1.97
'0:06.230',1.54
'0:06.234',0.89
'0:06.238',0.52
'0:06.242',0.67
'0:06.246',0.64
'0:06.250',0.21
'0:06.254',-0.2
'0:06.258',-0.42
'0:06.262',-0.2
'0:06.266',-0.13
'0:06.270',-0.32
'0:06.273',-0.62
'0:06.277',-0.92
'0:06.281',-0.8
'0:06.285',-0.45
'0:06.289',-0.18
'0:06.293',0.01
'0:06.297',0.18
'0:06.301',0.47
'0:06.305',0.77
'0:06.309',1.24
'0:06.313',1.38
'0:06.316',1.12
'0:06.320',0.97
'0:06.324',0.83
'0:06.328',0.67
'0:06.332',0.14
'0:06.336',-0.58
'0:06.340',-0.85
'0:06.344',-0.9
'0:06.348',-1.2
'0:06.352',-1.29
'0:06.355',-1.3
'0:06.359',-1.03
'0:06.363',-0.86
'0:06.367',-1.21
'0:06.371',-1.35
'0:06.375',-0.6
'0:06.379',1.24
'0:06.383',4.72
'0:06.387',9.92
'0:06.391',15.42
'0:06.395',19.47
'0:06.398',21.8
'0:06.402',21.92
'0:06.406',17.64
'0:06.410',9.14
'0:06.414',0.7
'0:06.418',-4.66
'0:06.422',-7.63
'0:06.426',-9.45
'0:06.430',-10.51
'0:06.434',-11.07
'0:06.438',-11.39
'0:06.441',-12.18
'0:06.445',-13
'0:06.449',-10.78
'0:06.453',-9.09
'0:06.457',-8.14
'0:06.461',-7.4
'0:06.465',-6.35
'0:06.469',-5.25
'0:06.473',-4.77
'0:06.477',-4.69
'0:06.480',-4.52
'0:06.484',-4.15
'0:06.488',-3.38
'0:06.492',-2.59
'0:06.496',-2.1
'0:06.500',-1.91
'0:06.504',-1.73
'0:06.508',-1.35
'0:06.512',-0.81
'0:06.516',-0.22
'0:06.520',0.05
'0:06.523',0.16
'0:06.527',0.32
'0:06.531',0.54
'0:06.535',0.81
'0:06.539',0.87
'0:06.543',0.5
'0:06.547',0.16
'0:06.551',-0.09
'0:06.555',0.03
'0:06.559',0.28
'0:06.563',0.36
'0:06.566',0.15
'0:06.570',-0.08
'0:06.574',0.15
'0:06.578',1.03
'0:06.582',1.1
'0:06.586',0.14
'0:06.590',0.36
'0:06.594',1.49
'0:06.598',2.5
'0:06.602',2.63
'0:06.605',2.64
'0:06.609',2.89
'0:06.613',3.42
'0:06.617',3.67
'0:06.621',3.48
'0:06.625',3.32
'0:06.629',3.43
'0:06.633',3.88
'0:06.637',4.15
'0:06.641',3.79
'0:06.645',3.11
'0:06.648',2.47
'0:06.652',2.11
'0:06.656',1.77
'0:06.660',1.38
'0:06.664',1.01
'0:06.668',0.73
'0:06.672',0.32
'0:06.676',-0.53
'0:06.680',-1.64
'0:06.684',-2.45
'0:06.688',-2.85
'0:06.691',-2.94
'0:06.695',-3.05
'0:06.699',-3.34
'0:06.703',-3.46
'0:06.707',-2.82
'0:06.711',-0.38
'0:06.715',4.06
'0:06.719',9.69
'0:06.723',15.28
'0:06.727',19.57
'0:06.730',22.03
'0:06.734',21.25
'0:06.738',15.44
'0:06.742',6.83
'0:06.746',-0.25
'0:06.750',-4.45
'0:06.754',-6.78
'0:06.758',-8.18
'0:06.762',-9.04
'0:06.766',-9.55
'0:06.770',-9.56
'0:06.773',-9.5
'0:06.777',-9.63
'0:06.781',-9.61
'0:06.785',-9.43
'0:06.789',-9.07
'0:06.793',-8.82
'0:06.797',-8.86
'0:06.801',-8.82
'0:06.805',-8.37
'0:06.809',-7.64
'0:06.813',-6.99
'0:06.816',-6.67
'0:06.820',-6.34
'0:06.824',-5.79
'0:06.828',-5.09
'0:06.832',-4.65
'0:06.836',-4.32
'0:06.840',-3.95
'0:06.844',-3.5
'0:06.848',-2.8
'0:06.852',-2.12
'0:06.855',-1.74
'0:06.859',-1.44
'0:06.863',-1
'0:06.867',-0.34
'0:06.871',0.16
'0:06.875',0.22
'0:06.879',0.16
'0:06.883',0.14
'0:06.887',0.24
'0:06.891',0.26
'0:06.895',-0.03
'0:06.898',-0.39
'0:06.902',-0.51
'0:06.906',-0.33
'0:06.910',-0.14
'0:06.914',-0.32
'0:06.918',-0.33
'0:06.922',-0.06
'0:06.926',0.64
'0:06.930',1.11
'0:06.934',0.97
'0:06.938',0.9
'0:06.941',1.02
'0:06.945',1.43
'0:06.949',1.76
'0:06.953',1.68
'0:06.957',1.57
'0:06.961',1.6
'0:06.965',1.63
'0:06.969',1.66
'0:06.973',1.45
'0:06.977',1.11
'0:06.980',0.82
'0:06.984',0.66
'0:06.988',0.28
'0:06.992',-0.15
'0:06.996',-0.63
'0:07.000',-0.94
'0:07.004',-0.97
'0:07.008',-0.83
'0:07.012',-0.67
'0:07.016',-0.36
'0:07.020',0.09
'0:07.023',0.35
'0:07.027',0.29
'0:07.031',0.15
'0:07.035',0.34
'0:07.039',1.69
'0:07.043',4.69
'0:07.047',9.42
'0:07.051',14.73
'0:07.055',19.47
'0:07.059',23.15
'0:07.063',25.24
'0:07.066',23.53
'0:07.070',16.79
'0:07.074',7.87
'0:07.078',0.98
'0:07.082',-2.88
'0:07.086',-4.89
'0:07.090',-6.13
'0:07.094',-6.68
'0:07.098',-6.58
'0:07.102',-6.09
'0:07.105',-5.55
'0:07.109',-5.36
'0:07.113',-5.5
'0:07.117',-5.66
'0:07.121',-5.45
'0:07.125',-5.3
'0:07.129',-5.03
'0:07.133',-4.69
'0:07.137',-4.58
'0:07.141',-4.55
'0:07.145',-4.5
'0:07.148',-4.35
'0:07.152',-4.14
'0:07.156',-3.57
'0:07.160',-2.62
'0:07.164',-1.88
'0:07.168',-1.55
'0:07.172',-1.33
'0:07.176',-0.92
'0:07.180',-0.17
'0:07.184',0.38
'0:07.188',0.34
'0:07.191',0.25
'0:07.195',0.3
'0:07.199',0.49
'0:07.203',0.52
'0:07.207',0.36
'0:07.211',0.18
'0:07.215',-0.03
'0:07.219',0.07
'0:07.223',-0.01
'0:07.227',-0.58
'0:07.230',-1.26
'0:07.234',-1.79
'0:07.238',-2.18
'0:07.242',-2.65
'0:07.246',-2.21
'0:07.250',-1.67
'0:07.254',-1.48
'0:07.258',-1.24
'0:07.262',-0.78
'0:07.266',-0.26
'0:07.270',-0.06
'0:07.273',0.16
'0:07.277',0.55
'0:07.281',0.87
'0:07.285',0.85
'0:07.289',0.72
'0:07.293',0.66
'0:07.297',0.8
'0:07.301',0.9
'0:07.305',0.72
'0:07.309',0.33
'0:07.313',-0.03
'0:07.316',-0.61
'0:07.320',-1.28
'0:07.324',-1.97
'0:07.328',-2.57
'0:07.332',-2.9
'0:07.336',-2.92
'0:07.340',-2.92
'0:07.344',-3.07
'0:07.348',-3.16
'0:07.352',-3
'0:07.355',-2.66
'0:07.359',-2.47
'0:07.363',-2.46
'0:07.367',-2.17
'0:07.371',-1.3
'0:07.375',0.56
'0:07.379',3.99
'0:07.383',8.61
'0:07.387',13.47
'0:07.391',17.88
'0:07.395',21.18
'0:07.398',21.99
'0:07.402',18.11
'0:07.406',10.73
'0:07.410',3.6
'0:07.414',-0.99
'0:07.418',-3.32
'0:07.422',-4.58
'0:07.426',-5.05
'0:07.430',-4.97
'0:07.434',-4.59
'0:07.438',-4.17
'0:07.441',-3.94
'0:07.445',-3.79
'0:07.449',-3.45
'0:07.453',-2.96
'0:07.457',-2.65
'0:07.461',-2.58
'0:07.465',-2.45
'0:07.469',-2.13
'0:07.473',-1.74
'0:07.477',-1.35
'0:07.480',-1.43
'0:07.484',-1.71
'0:07.488',-1.67
'0:07.492',-1.32
'0:07.496',-1.06
'0:07.500',-0.98
'0:07.504',-0.81
'0:07.508',-0.28
'0:07.512',0.7
'0:07.516',1.63
'0:07.520',2.03
'0:07.523',2.25
'0:07.527',2.53
'0:07.531',3.01
'0:07.535',3.3
'0:07.539',3.11
'0:07.543',2.92
'0:07.547',2.73
'0:07.551',2.55
'0:07.555',2.23
'0:07.559',1.43
'0:07.563',0.5
'0:07.566',-0.28
'0:07.570',-0.7
'0:07.574',-1.01
'0:07.578',-1.73
'0:07.582',-2.38
'0:07.586',-2.75
'0:07.590',-2.74
'0:07.594',-2.65
'0:07.598',-2.89
'0:07.602',-3.3
'0:07.605',-3.58
'0:07.609',-3.45
'0:07.613',-3.31
'0:07.617',-3.51
'0:07.621',-3.54
'0:07.625',-3.25
'0:07.629',-2.86
'0:07.633',-2.68
'0:07.637',-2.87
'0:07.641',-3.12
'0:07.645',-3.06
'0:07.648',-2.82
'0:07.652',-2.87
'0:07.656',-3.38
'0:07.660',-3.76
'0:07.664',-3.66
'0:07.668',-3.18
'0:07.672',-2.88
'0:07.676',-2.93
'0:07.680',-3.03
'0:07.684',-2.88
'0:07.688',-2.54
'0:07.691',-2.34
'0:07.695',-2.29
'0:07.699',-1.79
'0:07.703',0.12
'0:07.707',4.11
'0:07.711',9.91
'0:07.715',16.12
'0:07.719',25.49
'0:07.723',26.59
'0:07.727',22.76
'0:07.730',14.14
'0:07.734',5.22
'0:07.738',-0.74
'0:07.742',-3.88
'0:07.746',-5.61
'0:07.750',-6.91
'0:07.754',-7.72
'0:07.758',-7.9
'0:07.762',-7.51
'0:07.766',-6.73
'0:07.770',-6.36
'0:07.773',-6.15
'0:07.777',-5.98
'0:07.781',-5.63
'0:07.785',-5.23
'0:07.789',-5.18
'0:07.793',-5.1
'0:07.797',-4.74
'0:07.801',-4.12
'0:07.805',-3.54
'0:07.809',-3.21
'0:07.813',-2.91
'0:07.816',-2.33
'0:07.820',-1.43
'0:07.824',-0.71
'0:07.828',-0.54
'0:07.832',-0.52
'0:07.836',-0.17
'0:07.840',0.54
'0:07.844',1.11
'0:07.848',1.2
'0:07.852',1.37
'0:07.855',1.7
'0:07.859',2.12
'0:07.863',2.21
'0:07.867',1.87
'0:07.871',1.48
'0:07.875',1.12
'0:07.879',1.12
'0:07.883',0.88
'0:07.887',0.2
'0:07.891',-0.38
'0:07.895',-0.59
'0:07.898',-0.47
'0:07.902',-0.49
'0:07.906',-0.71
'0:07.910',-0.8
'0:07.914',-0.65
'0:07.918',-0.37
'0:07.922',-0.23
'0:07.926',-0.17
'0:07.930',-0.01
'0:07.934',0.32
'0:07.938',0.92
'0:07.941',1.38
'0:07.945',1.64
'0:07.949',1.71
'0:07.953',1.61
'0:07.957',1.61
'0:07.961',1.43
'0:07.965',0.93
'0:07.969',0.52
'0:07.973',0.29
'0:07.977',0.22
'0:07.980',0.01
'0:07.984',-0.65
'0:07.988',-1.15
'0:07.992',-1.41
'0:07.996',-1.16
'0:08.000',-0.8
'0:08.004',-0.96
'0:08.008',-1.15
'0:08.012',-1.53
'0:08.016',-1.81
'0:08.020',-2
'0:08.023',-1.98
'0:08.027',-1.14
'0:08.031',1.26
'0:08.035',5.75
'0:08.039',11.29
'0:08.043',16.03
'0:08.047',19.08
'0:08.051',20.02
'0:08.055',17.69
'0:08.059',10.29
'0:08.063',-0.84
'0:08.066',-6.43
'0:08.070',-7.78
'0:08.074',-8.37
'0:08.078',-8.98
'0:08.082',-8.81
'0:08.086',-7.85
'0:08.090',-6.95
'0:08.094',-6.55
'0:08.098',-6.58
'0:08.102',-6.53
'0:08.105',-5.91
'0:08.109',-5.09
'0:08.113',-4.44
'0:08.117',-4.17
'0:08.121',-4.14
'0:08.125',-3.93
'0:08.129',-3.46
'0:08.133',-2.87
'0:08.137',-2.26
'0:08.141',-1.94
'0:08.145',-1.81
'0:08.148',-1.74
'0:08.152',-1.46
'0:08.156',-1.17
'0:08.160',-1.03
'0:08.164',-0.85
'0:08.168',-0.43
'0:08.172',0.2
'0:08.176',0.81
'0:08.180',1.13
'0:08.184',1.38
'0:08.188',1.57
'0:08.191',1.85
'0:08.195',2.12
'0:08.199',1.97
'0:08.203',1.86
'0:08.207',1.89
'0:08.211',2
'0:08.215',1.93
'0:08.219',1.85
'0:08.223',1.37
'0:08.227',1.26
'0:08.230',1.75
'0:08.234',1.97
'0:08.238',1.47
'0:08.242',0.99
'0:08.246',0.81
'0:08.250',0.96
'0:08.254',1.12
'0:08.258',1.13
'0:08.262',1.15
'0:08.266',1.28
'0:08.270',1.53
'0:08.273',1.77
'0:08.277',1.69
'0:08.281',1.41
'0:08.285',1.19
'0:08.289',1.07
'0:08.293',0.78
'0:08.297',0.06
'0:08.301',-0.92
'0:08.305',-1.63
'0:08.309',-1.64
'0:08.313',-1.54
'0:08.316',-1.86
'0:08.320',-2.02
'0:08.324',-1.89
'0:08.328',-1.63
'0:08.332',-1.45
'0:08.336',-1.49
'0:08.340',-1.58
'0:08.344',-1.76
'0:08.348',-1.66
'0:08.352',-1.23
'0:08.355',-0.8
'0:08.359',0.16
'0:08.363',2.79
'0:08.367',7.72
'0:08.371',13.51
'0:08.375',17.89
'0:08.379',20.56
'0:08.383',21.49
'0:08.387',19.04
'0:08.391',12.14
'0:08.395',3.33
'0:08.398',-3.43
'0:08.402',-7.37
'0:08.406',-9.11
'0:08.410',-9.81
'0:08.414',-10.4
'0:08.418',-10.82
'0:08.422',-10.81
'0:08.426',-10.2
'0:08.430',-9.68
'0:08.434',-9.78
'0:08.438',-9.81
'0:08.441',-9.47
'0:08.445',-8.66
'0:08.449',-7.71
'0:08.453',-7.2
'0:08.457',-6.74
'0:08.461',-6.05
'0:08.465',-5.04
'0:08.469',-4.19
'0:08.473',-3.82
'0:08.477',-3.54
'0:08.480',-3.09
'0:08.484',-2.35
'0:08.488',-1.46
'0:08.492',-0.96
'0:08.496',-0.67
'0:08.500',-0.17
'0:08.504',0.98
'0:08.508',2.04
'0:08.512',2.43
'0:08.516',2.74
'0:08.520',2.96
'0:08.523',3.22
'0:08.527',3.39
'0:08.531',3.05
'0:08.535',2.38
'0:08.539',1.82
'0:08.543',1.64
'0:08.547',1.45
'0:08.551',1.07
'0:08.555',0.75
'0:08.559',0.66
'0:08.563',0.77
'0:08.566',1.1
'0:08.570',1.17
'0:08.574',1.2
'0:08.578',1.28
'0:08.582',1.61
'0:08.586',1.95
'0:08.590',2.06
'0:08.594',2.08
'0:08.598',2.44
'0:08.602',2.85
'0:08.605',2.77
'0:08.609',2.22
'0:08.613',1.87
'0:08.617',1.75
'0:08.621',1.42
'0:08.625',0.66
'0:08.629',-0.25
'0:08.633',-1.2
'0:08.637',-2.1
'0:08.641',-2.54
'0:08.645',-2.65
'0:08.648',-2.87
'0:08.652',-3.12
'0:08.656',-3.24
'0:08.660',-3.13
'0:08.664',-2.89
'0:08.668',-2.77
'0:08.672',-2.76
'0:08.676',-2.93
'0:08.680',-2.93
'0:08.684',-2.61
'0:08.688',-2.04
'0:08.691',-0.75
'0:08.695',2.15
'0:08.699',6.98
'0:08.703',12.44
'0:08.707',16.81
'0:08.711',19.62
'0:08.715',20.37
'0:08.719',17.36
'0:08.723',10
'0:08.727',1.38
'0:08.730',-4.81
'0:08.734',-8.01
'0:08.738',-9.12
'0:08.742',-9.31
'0:08.746',-9.53
'0:08.750',-9.52
'0:08.754',-9.3
'0:08.758',-8.81
'0:08.762',-8.13
'0:08.766',-7.78
'0:08.770',-7.53
'0:08.773',-7.12
'0:08.777',-6.35
'0:08.781',-5.63
'0:08.785',-5.17
'0:08.789',-4.74
'0:08.793',-4.24
'0:08.797',-3.57
'0:08.801',-2.89
'0:08.805',-2.37
'0:08.809',-2
'0:08.813',-1.47
'0:08.816',-1.03
'0:08.820',-0.65
'0:08.824',-0.56
'0:08.828',-0.63
'0:08.832',0.14
'0:08.836',1.68
'0:08.840',2.87
'0:08.844',3.7
'0:08.848',4.26
'0:08.852',4.58
'0:08.855',4.93
'0:08.859',5.01
'0:08.863',4.56
'0:08.867',3.9
'0:08.871',3.26
'0:08.875',2.71
'0:08.879',2.27
'0:08.883',1.88
'0:08.887',1.13
'0:08.891',0.65
'0:08.895',0.59
'0:08.898',0.47
'0:08.902',0.17
'0:08.906',-0.14
'0:08.910',-0.18
'0:08.914',0.12
'0:08.918',0.4
'0:08.922',0.42
'0:08.926',0.29
'0:08.930',0.22
'0:08.934',0.38
'0:08.938',0.58
'0:08.941',0.55
'0:08.945',0.37
'0:08.949',0.27
'0:08.953',0.4
'0:08.957',0.54
'0:08.961',0.3
'0:08.965',-0.48
'0:08.969',-1.41
'0:08.973',-2
'0:08.977',-2.21
'0:08.980',-2.35
'0:08.984',-2.59
'0:08.988',-2.57
'0:08.992',-2.05
'0:08.996',-1.57
'0:09.000',-1.29
'0:09.004',-1.16
'0:09.008',-0.98
'0:09.012',-0.84
'0:09.016',-0.38
'0:09.020',0.64
'0:09.023',2
'0:09.027',3.85
'0:09.031',8.23
'0:09.035',14
'0:09.039',18.71
'0:09.043',21.99
'0:09.047',23.45
'0:09.051',21.24
'0:09.055',14.63
'0:09.059',6.54
'0:09.063',0.11
'0:09.066',-3.7
'0:09.070',-5.52
'0:09.074',-6.28
'0:09.078',-6.77
'0:09.082',-7.19
'0:09.086',-7.19
'0:09.090',-6.75
'0:09.094',-6.3
'0:09.098',-6.13
'0:09.102',-5.91
'0:09.105',-5.5
'0:09.109',-4.86
'0:09.113',-4.22
'0:09.117',-3.81
'0:09.121',-3.41
'0:09.125',-2.95
'0:09.129',-2.32
'0:09.133',-1.78
'0:09.137',-1.69
'0:09.141',-1.77
'0:09.145',-1.56
'0:09.148',-1.06
'0:09.152',-0.56
'0:09.156',-0.33
'0:09.160',-0.28
'0:09.164',0
'0:09.168',0.56
'0:09.172',1.08
'0:09.176',1.06
'0:09.180',0.65
'0:09.184',0.34
'0:09.188',0.35
'0:09.191',0.28
'0:09.195',-0.29
'0:09.199',-1.19
'0:09.203',-2.1
'0:09.207',-2.73
'0:09.211',-3.32
'0:09.215',-4.21
'0:09.219',-4.96
'0:09.223',-5.39
'0:09.227',-5.44
'0:09.230',-5.41
'0:09.234',-5.55
'0:09.238',-5.44
'0:09.242',-4.91
'0:09.246',-3.91
'0:09.250',-2.9
'0:09.254',-2.31
'0:09.258',-2.16
'0:09.262',-1.85
'0:09.266',-1.07
'0:09.270',-0.26
'0:09.273',0.08
'0:09.277',0.58
'0:09.281',1.33
'0:09.285',2.13
'0:09.289',2.57
'0:09.293',2.35
'0:09.297',1.81
'0:09.301',1.28
'0:09.305',1.12
'0:09.309',1.15
'0:09.313',0.87
'0:09.316',0.35
'0:09.320',0
'0:09.324',0.06
'0:09.328',0.33
'0:09.332',0.39
'0:09.336',-0.06
'0:09.340',-0.43
'0:09.344',-0.11
'0:09.348',0.99
'0:09.352',2.49
'0:09.355',5.3
'0:09.359',10.09
'0:09.363',15.96
'0:09.367',20.97
'0:09.371',23.89
'0:09.375',24.17
'0:09.379',20.36
'0:09.383',12.51
'0:09.387',4.26
'0:09.391',-1.83
'0:09.395',-5.63
'0:09.398',-7.53
'0:09.402',-8.12
'0:09.406',-8.01
'0:09.410',-7.76
'0:09.414',-7.61
'0:09.418',-7.39
'0:09.422',-6.96
'0:09.426',-6.55
'0:09.430',-6.45
'0:09.434',-6.44
'0:09.438',-6.22
'0:09.441',-5.62
'0:09.445',-4.96
'0:09.449',-4.73
'0:09.453',-4.59
'0:09.457',-3.99
'0:09.461',-3.03
'0:09.465',-2.18
'0:09.469',-1.59
'0:09.473',-1.34
'0:09.477',-1.36
'0:09.480',-1.14
'0:09.484',-0.53
'0:09.488',-0.22
'0:09.492',0.06
'0:09.496',1.01
'0:09.500',1.7
'0:09.504',1.88
'0:09.508',1.97
'0:09.512',1.95
'0:09.516',1.9
'0:09.520',1.9
'0:09.523',1.87
'0:09.527',1.62
'0:09.531',1.28
'0:09.535',0.99
'0:09.539',0.74
'0:09.543',0.63
'0:09.547',0.06
'0:09.551',-0.49
'0:09.555',-0.65
'0:09.559',-0.55
'0:09.563',-0.32
'0:09.566',-0.2
'0:09.570',-0.45
'0:09.574',-0.84
'0:09.578',-0.92
'0:09.582',-0.78
'0:09.586',-1.15
'0:09.590',-2.08
'0:09.594',-3.25
'0:09.598',-3.07
'0:09.602',-1.9
'0:09.605',-1.43
'0:09.609',-1.43
'0:09.613',-1.37
'0:09.617',-0.91
'0:09.621',-0.3
'0:09.625',-0.45
'0:09.629',-1.37
'0:09.633',-2.2
'0:09.637',-2.28
'0:09.641',-1.94
'0:09.645',-1.96
'0:09.648',-2.41
'0:09.652',-2.77
'0:09.656',-2.43
'0:09.660',-1.82
'0:09.664',-1.71
'0:09.668',-2.1
'0:09.672',-2.28
'0:09.676',-1.58
'0:09.680',0.09
'0:09.684',2.92
'0:09.688',7.35
'0:09.691',12.84
'0:09.695',17.81
'0:09.699',21.38
'0:09.703',22.76
'0:09.707',20.31
'0:09.711',13.23
'0:09.715',4.66
'0:09.719',-1.49
'0:09.723',-5.11
'0:09.727',-7.06
'0:09.730',-7.98
'0:09.734',-8.23
'0:09.738',-8.07
'0:09.742',-7.88
'0:09.746',-7.79
'0:09.750',-7.59
'0:09.754',-6.93
'0:09.758',-6.12
'0:09.762',-5.61
'0:09.766',-5.27
'0:09.770',-4.83
'0:09.773',-4.36
'0:09.777',-3.82
'0:09.781',-3.37
'0:09.785',-2.91
'0:09.789',-2.39
'0:09.793',-1.66
'0:09.797',-0.84
'0:09.801',-0.17
'0:09.805',0.46
'0:09.809',1.12
'0:09.813',1.7
'0:09.816',2.32
'0:09.820',2.81
'0:09.824',3.29
'0:09.828',3.88
'0:09.832',4.35
'0:09.836',4.77
'0:09.840',4.88
'0:09.844',4.31
'0:09.848',3.61
'0:09.852',3.03
'0:09.855',2.26
'0:09.859',1.3
'0:09.863',0.43
'0:09.867',-0.26
'0:09.871',-0.66
'0:09.875',-0.77
'0:09.879',-1.07
'0:09.883',-1.55
'0:09.887',-1.72
'0:09.891',-1.61
'0:09.895',-1.25
'0:09.898',-0.9
'0:09.902',-0.66
'0:09.906',-0.25
'0:09.910',0.27
'0:09.914',0.67
'0:09.918',0.58
'0:09.922',0.36
'0:09.926',0.37
'0:09.930',0.48
'0:09.934',0.61
'0:09.938',0.55
'0:09.941',0.21
'0:09.945',-0.18
'0:09.949',-0.36
'0:09.953',-0.57
'0:09.957',-1.21
'0:09.961',-1.99
'0:09.965',-2.57
'0:09.969',-2.94
'0:09.973',-3.41
'0:09.977',-4.27
'0:09.980',-5.19
'0:09.984',-5.63
'0:09.988',-5.69
'0:09.992',-5.79
'0:09.996',-6.31
'0:10.000',-6.87
'0:10.004',-6.73
'0:10.008',-5.3
'0:10.012',-2.35
'0:10.016',2.19
'0:10.020',7.7
'0:10.023',13.21
'0:10.027',17.77
'0:10.031',20.66
'0:10.035',20.31
'0:10.039',15.1
'0:10.043',6.84
'0:10.047',-0.33
'0:10.051',-4.73
'0:10.055',-7.21
'0:10.059',-8.59
'0:10.063',-9.12
'0:10.066',-8.95
'0:10.070',-8.45
'0:10.074',-7.95
'0:10.078',-7.64
'0:10.082',-7.16
'0:10.086',-6.52
'0:10.090',-5.7
'0:10.094',-5.14
'0:10.098',-4.52
'0:10.102',-3.74
'0:10.105',-2.85
'0:10.109',-1.99
'0:10.113',-1.58
'0:10.117',-1.52
'0:10.121',-1.55
'0:10.125',-1.14
'0:10.129',-0.38
'0:10.133',0.24
'0:10.137',0.59
'0:10.141',0.85
'0:10.145',1.52
'0:10.148',2.42
'0:10.152',2.88
'0:10.156',2.77
'0:10.160',2.7
'0:10.164',2.82
'0:10.168',3.27
'0:10.172',3.52
'0:10.176',3.37
'0:10.180',3.16
'0:10.184',3.06
'0:10.188',2.99
'0:10.191',2.66
'0:10.195',1.92
'0:10.199',1.02
'0:10.203',0.68
'0:10.207',0.84
'0:10.211',0.71
'0:10.215',0.35
'0:10.219',0.07
'0:10.223',0.18
'0:10.227',0.63
'0:10.230',0.96
'0:10.234',0.88
'0:10.238',0.99
'0:10.242',1.17
'0:10.246',1.55
'0:10.250',1.83
'0:10.254',1.7
'0:10.258',1.61
'0:10.262',1.74
'0:10.266',1.88
'0:10.270',1.63
'0:10.273',0.99
'0:10.277',0.3
'0:10.281',-0.28
'0:10.285',-0.67
'0:10.289',-1.19
'0:10.293',-1.82
'0:10.297',-2.3
'0:10.301',-2.57
'0:10.305',-2.55
'0:10.309',-2.61
'0:10.313',-2.8
'0:10.316',-2.92
'0:10.320',-2.61
'0:10.324',-2.18
'0:10.328',-2.37
'0:10.332',-2.58
'0:10.336',-2.23
'0:10.340',-1.13
'0:10.344',1.1
'0:10.348',4.62
'0:10.352',9.31
'0:10.355',14.27
'0:10.359',18.72
'0:10.363',21.32
'0:10.367',19.92
'0:10.371',13.31
'0:10.375',4.75
'0:10.379',-2.05
'0:10.383',-6.17
'0:10.387',-8.2
'0:10.391',-8.94
'0:10.395',-8.8
'0:10.398',-8.65
'0:10.402',-8.25
'0:10.406',-7.43
'0:10.410',-6.84
'0:10.414',-6.26
'0:10.418',-5.58
'0:10.422',-4.84
'0:10.426',-4.1
'0:10.430',-3.85
'0:10.434',-3.74
'0:10.438',-3.24
'0:10.441',-2.81
'0:10.445',-2.72
'0:10.449',-2.68
'0:10.453',-2.57
'0:10.457',-2.29
'0:10.461',-1.86
'0:10.465',-1.51
'0:10.469',-1.41
'0:10.473',-1.23
'0:10.477',-0.62
'0:10.480',0.22
'0:10.484',0.8
'0:10.488',1.06
'0:10.492',1.21
'0:10.496',1.57
'0:10.500',2.01
'0:10.504',2.1
'0:10.508',1.89
'0:10.512',1.54
'0:10.516',1.34
'0:10.520',1.26
'0:10.523',0.99
'0:10.527',0.5
'0:10.531',0.05
'0:10.535',-0.19
'0:10.539',-0.14
'0:10.543',-0.28
'0:10.547',-0.58
'0:10.551',-0.57
'0:10.555',-0.24
'0:10.559',0.31
'0:10.563',0.75
'0:10.566',1.09
'0:10.570',1.4
'0:10.574',1.59
'0:10.578',1.91
'0:10.582',2.04
'0:10.586',1.55
'0:10.590',0.88
'0:10.594',0.55
'0:10.598',0.72
'0:10.602',1
'0:10.605',0.85
'0:10.609',0.46
'0:10.613',0.35
'0:10.617',0.44
'0:10.621',0.19
'0:10.625',-0.34
'0:10.629',-0.71
'0:10.633',-0.75
'0:10.637',-0.73
'0:10.641',-0.91
'0:10.645',-1.26
'0:10.648',-1.47
'0:10.652',-1.71
'0:10.656',-2.01
'0:10.660',-2.4
'0:10.664',-2.71
'0:10.668',-2.45
'0:10.672',-0.99
'0:10.676',2.39
'0:10.680',7.37
'0:10.684',12.55
'0:10.688',16.99
'0:10.691',20.35
'0:10.695',21.23
'0:10.699',17.08
'0:10.703',8.91
'0:10.707',1.14
'0:10.711',-3.73
'0:10.715',-6.04
'0:10.719',-7.15
'0:10.723',-7.78
'0:10.727',-7.94
'0:10.730',-7.64
'0:10.734',-7.01
'0:10.738',-6.65
'0:10.742',-6.67
'0:10.746',-6.57
'0:10.750',-6.11
'0:10.754',-5.48
'0:10.758',-5.14
'0:10.762',-5.28
'0:10.766',-5.49
'0:10.770',-5.31
'0:10.773',-4.68
'0:10.777',-4.4
'0:10.781',-4.72
'0:10.785',-4.92
'0:10.789',-4.76
'0:10.793',-4.24
'0:10.797',-3.78
'0:10.801',-3.68
'0:10.805',-3.51
'0:10.809',-2.91
'0:10.813',-2.15
'0:10.816',-1.77
'0:10.820',-1.67
'0:10.824',-1.3
'0:10.828',-0.72
'0:10.832',0.11
'0:10.836',0.67
'0:10.840',0.75
'0:10.844',0.89
'0:10.848',1.16
'0:10.852',1.42
'0:10.855',1.09
'0:10.859',0.22
'0:10.863',-0.12
'0:10.867',0.51
'0:10.871',1.62
'0:10.875',2.45
'0:10.879',2.56
'0:10.883',2.43
'0:10.887',2.45
'0:10.891',2.66
'0:10.895',2.77
'0:10.898',2.47
'0:10.902',1.93
'0:10.906',1.52
'0:10.910',1.44
'0:10.914',1.15
'0:10.918',0.04
'0:10.922',-0.83
'0:10.926',0.15
'0:10.930',1.1
'0:10.934',1.2
'0:10.938',0.84
'0:10.941',0.78
'0:10.945',0.93
'0:10.949',0.89
'0:10.953',0.25
'0:10.957',-0.58
'0:10.961',-0.81
'0:10.965',-0.65
'0:10.969',-0.48
'0:10.973',-0.73
'0:10.977',-1.15
'0:10.980',-1.21
'0:10.984',-0.89
'0:10.988',-0.31
'0:10.992',0.37
'0:10.996',1.25
'0:11.000',3.55
'0:11.004',7.97
'0:11.008',13.91
'0:11.012',19.21
'0:11.016',22.65
'0:11.020',23.88
'0:11.023',21.68
'0:11.027',14.99
'0:11.031',6.36
'0:11.035',-0.53
'0:11.039',-4.75
'0:11.043',-6.81
'0:11.047',-7.55
'0:11.051',-7.96
'0:11.055',-8.37
'0:11.059',-8.71
'0:11.063',-8.65
'0:11.066',-8.04
'0:11.070',-7.02
'0:11.074',-6.26
'0:11.078',-5.78
'0:11.082',-5.4
'0:11.086',-4.99
'0:11.090',-4.78
'0:11.094',-4.8
'0:11.098',-4.59
'0:11.102',-4.21
'0:11.105',-3.51
'0:11.109',-2.97
'0:11.113',-2.62
'0:11.117',-2.42
'0:11.121',-2.01
'0:11.125',-1.41
'0:11.129',-0.94
'0:11.133',-0.41
'0:11.137',0.2
'0:11.141',0.68
'0:11.145',0.94
'0:11.148',1.09
'0:11.152',1.25
'0:11.156',1.26
'0:11.160',1.01
'0:11.164',1
'0:11.168',0.85
'0:11.172',0.29
'0:11.176',-0.29
'0:11.180',-0.6
'0:11.184',-0.55
'0:11.188',-0.43
'0:11.191',-0.56
'0:11.195',-0.9
'0:11.199',-1.35
'0:11.203',-1.42
'0:11.207',-1.28
'0:11.211',-1.1
'0:11.215',-0.96
'0:11.219',-0.65
'0:11.223',-0.02
'0:11.227',0.38
'0:11.230',0.22
'0:11.234',-0.08
'0:11.238',-0.37
'0:11.242',-0.23
'0:11.246',-0.03
'0:11.250',-0.47
'0:11.254',-1.14
'0:11.258',-1.56
'0:11.262',-1.86
'0:11.266',-2.48
'0:11.270',-4.38
'0:11.273',-4.45
'0:11.277',-3.18
'0:11.281',-2.67
'0:11.285',-2.71
'0:11.289',-2.59
'0:11.293',-1.91
'0:11.297',-1.2
'0:11.301',-1.08
'0:11.305',-1.37
'0:11.309',-1.56
'0:11.313',-1.26
'0:11.316',-0.7
'0:11.320',0.17
'0:11.324',1.48
'0:11.328',3.88
'0:11.332',8.32
'0:11.336',14.11
'0:11.340',19.4
'0:11.344',22.88
'0:11.348',23.68
'0:11.352',20.53
'0:11.355',13.43
'0:11.359',5.45
'0:11.363',-0.32
'0:11.367',-3.87
'0:11.371',-5.6
'0:11.375',-6.34
'0:11.379',-6.27
'0:11.383',-5.97
'0:11.387',-5.85
'0:11.391',-5.62
'0:11.395',-5.19
'0:11.398',-4.51
'0:11.402',-4.03
'0:11.406',-4.09
'0:11.410',-4.01
'0:11.414',-3.6
'0:11.418',-2.82
'0:11.422',-2.21
'0:11.426',-1.72
'0:11.430',-1.4
'0:11.434',-1.28
'0:11.438',-0.87
'0:11.441',-0.24
'0:11.445',0.11
'0:11.449',0.2
'0:11.453',0.23
'0:11.457',0.62
'0:11.461',0.98
'0:11.465',0.88
'0:11.469',0.41
'0:11.473',-0.17
'0:11.477',-0.57
'0:11.480',-0.94
'0:11.484',-1.43
'0:11.488',-1.63
'0:11.492',-1.48
'0:11.496',-1.12
'0:11.500',-0.98
'0:11.504',-1.01
'0:11.508',-1.06
'0:11.512',-1
'0:11.516',-0.78
'0:11.520',-0.48
'0:11.523',-0.37
'0:11.527',-0.51
'0:11.531',-0.58
'0:11.535',-0.45
'0:11.539',-0.32
'0:11.543',-0.58
'0:11.547',-0.57
'0:11.551',-0.36
'0:11.555',-0.18
'0:11.559',-0.1
'0:11.563',-0.43
'0:11.566',-0.77
'0:11.570',-1.05
'0:11.574',-1.15
'0:11.578',-1.5
'0:11.582',-2.03
'0:11.586',-2.53
'0:11.590',-3.02
'0:11.594',-3.35
'0:11.598',-3.74
'0:11.602',-4.24
'0:11.605',-4.51
'0:11.609',-4.53
'0:11.613',-3.95
'0:11.617',-3.23
'0:11.621',-3.04
'0:11.625',-3.03
'0:11.629',-2.65
'0:11.633',-1.95
'0:11.637',-1.46
'0:11.641',-1.41
'0:11.645',-1.25
'0:11.648',-0.45
'0:11.652',1.4
'0:11.656',4.59
'0:11.660',9.34
'0:11.664',15.07
'0:11.668',20.23
'0:11.672',24.06
'0:11.676',25.81
'0:11.680',23.49
'0:11.684',16.48
'0:11.688',7.9
'0:11.691',1.48
'0:11.695',-2.53
'0:11.699',-5.14
'0:11.703',-6.66
'0:11.707',-7.22
'0:11.711',-7.12
'0:11.715',-6.88
'0:11.719',-6.88
'0:11.723',-6.92
'0:11.727',-6.83
'0:11.730',-6.41
'0:11.734',-6.06
'0:11.738',-6.03
'0:11.742',-5.98
'0:11.746',-5.76
'0:11.750',-5.13
'0:11.754',-4.57
'0:11.758',-4.25
'0:11.762',-4.08
'0:11.766',-3.8
'0:11.770',-3.33
'0:11.773',-2.89
'0:11.777',-2.83
'0:11.781',-2.72
'0:11.785',-2.11
'0:11.789',-1.2
'0:11.793',-0.37
'0:11.797',0.09
'0:11.801',0.36
'0:11.805',0.79
'0:11.809',1.48
'0:11.813',2.27
'0:11.816',2.73
'0:11.820',3.08
'0:11.824',3.48
'0:11.828',3.79
'0:11.832',3.66
'0:11.836',3.34
'0:11.840',3.21
'0:11.844',2.78
'0:11.848',2.15
'0:11.852',1.79
'0:11.855',1.34
'0:11.859',0.68
'0:11.863',-0.12
'0:11.867',-0.43
'0:11.871',-0.43
'0:11.875',-0.72
'0:11.879',-0.91
'0:11.883',-0.97
'0:11.887',-0.93
'0:11.891',-0.85
'0:11.895',-0.99
'0:11.898',-1.06
'0:11.902',-1.02
'0:11.906',-0.89
'0:11.910',-0.81
'0:11.914',-1.16
'0:11.918',-1.59
'0:11.922',-1.93
'0:11.926',-2.17
'0:11.930',-2.53
'0:11.934',-3.14
'0:11.938',-3.56
'0:11.941',-3.64
'0:11.945',-3.46
'0:11.949',-3.4
'0:11.953',-3.73
'0:11.957',-4
'0:11.961',-3.8
'0:11.965',-3.05
'0:11.969',-2.44
'0:11.973',-2.36
'0:11.977',-2.01
'0:11.980',-0.61
'0:11.984',2.11
'0:11.988',6.41
'0:11.992',11.96
'0:11.996',17.34
'0:12.000',21.49
'0:12.004',23.99
'0:12.008',23.55
'0:12.012',18.42
'0:12.016',9.95
'0:12.020',2
'0:12.023',-3.3
'0:12.027',-6.15
'0:12.031',-7.9
'0:12.035',-8.98
'0:12.039',-9.45
'0:12.043',-9.75
'0:12.047',-9.58
'0:12.051',-8.74
'0:12.055',-8.17
'0:12.059',-7.63
'0:12.063',-6.86
'0:12.066',-6.07
'0:12.070',-5.51
'0:12.074',-5.16
'0:12.078',-4.85
'0:12.082',-4.34
'0:12.086',-3.77
'0:12.090',-3.35
'0:12.094',-3.09
'0:12.098',-2.77
'0:12.102',-2.27
'0:12.105',-1.78
'0:12.109',-1.37
'0:12.113',-0.98
'0:12.117',-0.6
'0:12.121',0.06
'0:12.125',0.67
'0:12.129',1.2
'0:12.133',1.57
'0:12.137',1.8
'0:12.141',2.19
'0:12.145',2.31
'0:12.148',2.21
'0:12.152',2.08
'0:12.156',2.14
'0:12.160',2.41
'0:12.164',2.59
'0:12.168',2.28
'0:12.172',1.92
'0:12.176',1.71
'0:12.180',1.73
'0:12.184',1.42
'0:12.188',0.71
'0:12.191',0.11
'0:12.195',-0.11
'0:12.199',0.18
'0:12.203',0.32
'0:12.207',0.33
'0:12.211',0.33
'0:12.215',0.57
'0:12.219',0.79
'0:12.223',0.88
'0:12.227',0.75
'0:12.230',0.58
'0:12.234',0.4
'0:12.238',0.4
'0:12.242',0.37
'0:12.246',-0.06
'0:12.250',-0.58
'0:12.254',-1.06
'0:12.258',-1.37
'0:12.262',-1.59
'0:12.266',-1.87
'0:12.270',-2.1
'0:12.273',-2.42
'0:12.277',-2.58
'0:12.281',-2.53
'0:12.285',-2.54
'0:12.289',-2.66
'0:12.293',-2.55
'0:12.297',-2.44
'0:12.301',-2.49
'0:12.305',-2.66
'0:12.309',-2.53
'0:12.313',-1.31
'0:12.316',1.87
'0:12.320',6.72
'0:12.324',12.01
'0:12.328',16.72
'0:12.332',20.58
'0:12.336',22.37
'0:12.340',19.43
'0:12.344',11.58
'0:12.348',2.88
'0:12.352',-3.18
'0:12.355',-6.24
'0:12.359',-7.62
'0:12.363',-8.75
'0:12.367',-9.42
'0:12.371',-9.64
'0:12.375',-9.57
'0:12.379',-9.44
'0:12.383',-9.56
'0:12.387',-9.76
'0:12.391',-9.63
'0:12.395',-9.09
'0:12.398',-8.57
'0:12.402',-8.51
'0:12.406',-8.62
'0:12.410',-8.35
'0:12.414',-7.53
'0:12.418',-6.48
'0:12.422',-5.69
'0:12.426',-5.05
'0:12.430',-4.35
'0:12.434',-3.42
'0:12.438',-2.57
'0:12.441',-1.96
'0:12.445',-1.62
'0:12.449',-1.43
'0:12.453',0.13
'0:12.457',2.12
'0:12.461',3.09
'0:12.465',3.41
'0:12.469',4.04
'0:12.473',5.12
'0:12.477',6.09
'0:12.480',6.06
'0:12.484',5.33
'0:12.488',4.82
'0:12.492',4.81
'0:12.496',4.9
'0:12.500',4.52
'0:12.504',3.72
'0:12.508',3.04
'0:12.512',2.7
'0:12.516',2.35
'0:12.520',1.77
'0:12.523',1.3
'0:12.527',1.3
'0:12.531',1.78
'0:12.535',2.29
'0:12.539',2.33
'0:12.543',2.13
'0:12.547',1.94
'0:12.551',1.96
'0:12.555',2.18
'0:12.559',2.08
'0:12.563',1.64
'0:12.566',1.15
'0:12.570',1.11
'0:12.574',1.07
'0:12.578',0.66
'0:12.582',-0.02
'0:12.586',-0.52
'0:12.590',-0.57
'0:12.594',-0.46
'0:12.598',-0.77
'0:12.602',-1.1
'0:12.605',-1.1
'0:12.609',-1.1
'0:12.613',-1.23
'0:12.617',-1.45
'0:12.621',-1.64
'0:12.625',-1.72
'0:12.629',-1.34
'0:12.633',-0.56
'0:12.637',0.46
'0:12.641',2.91
'0:12.645',7.4
'0:12.648',13.44
'0:12.652',18.85
'0:12.656',22.29
'0:12.660',23.51
'0:12.664',21.11
'0:12.668',14.32
'0:12.672',5.58
'0:12.676',-1.24
'0:12.680',-5.22
'0:12.684',-7.24
'0:12.688',-8.11
'0:12.691',-8.41
'0:12.695',-8.62
'0:12.699',-8.54
'0:12.703',-8.26
'0:12.707',-7.62
'0:12.711',-7.02
'0:12.715',-6.89
'0:12.719',-6.9
'0:12.723',-6.55
'0:12.727',-5.84
'0:12.730',-5.15
'0:12.734',-4.83
'0:12.738',-4.67
'0:12.742',-4.48
'0:12.746',-3.88
'0:12.750',-2.88
'0:12.754',-1.93
'0:12.758',-1.48
'0:12.762',-1.33
'0:12.766',-1.05
'0:12.770',-0.72
'0:12.773',-0.4
'0:12.777',-0.36
'0:12.781',-0.27
'0:12.785',0.31
'0:12.789',0.92
'0:12.793',1.04
'0:12.797',0.54
'0:12.801',-0.04
'0:12.805',-0.1
'0:12.809',-0.07
'0:12.813',-0.43
'0:12.816',-1.08
'0:12.820',-1.81
'0:12.824',-2.76
'0:12.828',-4.08
'0:12.832',-2.93
'0:12.836',-1.63
'0:12.840',-1.23
'0:12.844',-0.83
'0:12.848',0.16
'0:12.852',1.26
'0:12.855',1.76
'0:12.859',1.42
'0:12.863',0.95
'0:12.867',1.01
'0:12.871',1.12
'0:12.875',1.2
'0:12.879',1.07
'0:12.883',1.04
'0:12.887',1.15
'0:12.891',1.11
'0:12.895',0.86
'0:12.898',0.52
'0:12.902',0.21
'0:12.906',-0.09
'0:12.910',-0.51
'0:12.914',-0.94
'0:12.918',-1.26
'0:12.922',-1.52
'0:12.926',-1.68
'0:12.930',-1.99
'0:12.934',-2.27
'0:12.938',-2.42
'0:12.941',-2.42
'0:12.945',-2.27
'0:12.949',-2.25
'0:12.953',-2.26
'0:12.957',-1.9
'0:12.961',-0.76
'0:12.965',1.28
'0:12.969',4.51
'0:12.973',9.11
'0:12.977',14.5
'0:12.980',19.42
'0:12.984',22.83
'0:12.988',23.98
'0:12.992',20.72
'0:12.996',13.33
'0:13.000',5.69
'0:13.004',0.38
'0:13.008',-2.7
'0:13.012',-4.29
'0:13.016',-4.77
'0:13.020',-4.54
'0:13.023',-4.03
'0:13.027',-3.67
'0:13.031',-3.58
'0:13.035',-3.51
'0:13.039',-3.24
'0:13.043',-2.94
'0:13.047',-2.81
'0:13.051',-2.92
'0:13.055',-2.75
'0:13.059',-2.4
'0:13.063',-2.16
'0:13.066',-2.18
'0:13.070',-2.32
'0:13.074',-2.41
'0:13.078',-2.13
'0:13.082',-1.75
'0:13.086',-1.81
'0:13.090',-1.97
'0:13.094',-1.9
'0:13.098',-1.44
'0:13.102',-0.78
'0:13.105',-0.67
'0:13.109',-1
'0:13.113',-1.2
'0:13.117',-1.07
'0:13.121',-0.66
'0:13.125',-0.67
'0:13.129',-1.04
'0:13.133',-1.3
'0:13.137',-1.4
'0:13.141',-1.34
'0:13.145',-1.45
'0:13.148',-1.94
'0:13.152',-2.5
'0:13.156',-2.83
'0:13.160',-2.95
'0:13.164',-3.3
'0:13.168',-3.75
'0:13.172',-3.85
'0:13.176',-3.59
'0:13.180',-3.27
'0:13.184',-3.34
'0:13.188',-3.57
'0:13.191',-3.56
'0:13.195',-3.33
'0:13.199',-3.21
'0:13.203',-3.42
'0:13.207',-3.55
'0:13.211',-3.56
'0:13.215',-3.27
'0:13.219',-2.89
'0:13.223',-2.93
'0:13.227',-3.13
'0:13.230',-3.08
'0:13.234',-2.69
'0:13.238',-2.36
'0:13.242',-2.56
'0:13.246',-2.97
'0:13.250',-3.05
'0:13.254',-2.42
'0:13.258',-1.39
'0:13.262',-0.74
'0:13.266',-0.48
'0:13.270',-0.28
'0:13.273',0.17
'0:13.277',0.51
'0:13.281',0.26
'0:13.285',-0.02
'0:13.289',0.35
'0:13.293',1.83
'0:13.297',4.83
'0:13.301',9.33
'0:13.305',14.55
'0:13.309',19.25
'0:13.313',22.85
'0:13.316',24.41
'0:13.320',21.35
'0:13.324',13.75
'0:13.328',5.27
'0:13.332',-0.64
'0:13.336',-3.73
'0:13.340',-5.26
'0:13.344',-6.13
'0:13.348',-6.44
'0:13.352',-6.34
'0:13.355',-5.95
'0:13.359',-5.73
'0:13.363',-5.55
'0:13.367',-5.27
'0:13.371',-4.9
'0:13.375',-4.54
'0:13.379',-4.28
'0:13.383',-3.99
'0:13.387',-3.52
'0:13.391',-2.96
'0:13.395',-2.36
'0:13.398',-2.04
'0:13.402',-1.9
'0:13.406',-1.58
'0:13.410',-0.94
'0:13.414',-0.33
'0:13.418',-0.16
'0:13.422',-0.17
'0:13.426',0.17
'0:13.430',0.75
'0:13.434',1.49
'0:13.438',1.89
'0:13.441',1.57
'0:13.445',1.35
'0:13.449',1.38
'0:13.453',1.57
'0:13.457',1.49
'0:13.461',1.5
'0:13.465',1.43
'0:13.469',1.62
'0:13.473',1.7
'0:13.477',1.11
'0:13.480',0.24
'0:13.484',-0.4
'0:13.488',-0.52
'0:13.492',-0.47
'0:13.496',-0.78
'0:13.500',-1.33
'0:13.504',-1.63
'0:13.508',-1.59
'0:13.512',-1.5
'0:13.516',-1.72
'0:13.520',-2.11
'0:13.523',-2.39
'0:13.527',-2.32
'0:13.531',-2.08
'0:13.535',-2.09
'0:13.539',-2.43
'0:13.543',-2.71
'0:13.547',-2.86
'0:13.551',-3
'0:13.555',-3.47
'0:13.559',-4.38
'0:13.563',-5.17
'0:13.566',-5.13
'0:13.570',-4.73
'0:13.574',-4.52
'0:13.578',-4.16
'0:13.582',-3.59
'0:13.586',-2.79
'0:13.590',-2.22
'0:13.594',-1.95
'0:13.598',-2.15
'0:13.602',-2.32
'0:13.605',-2.33
'0:13.609',-2.08
'0:13.613',-1.84
'0:13.617',-1.61
'0:13.621',-1.61
'0:13.625',-1.6
'0:13.629',-1.61
'0:13.633',-1.6
'0:13.637',16.97
'0:13.641',19.87
'0:13.645',20.69
'0:13.648',18.71
'0:13.652',12.39
'0:13.656',4.37
'0:13.660',-1.44
'0:13.664',-4.16
'0:13.668',-5.14
'0:13.672',-5.68
'0:13.676',-6.17
'0:13.680',-6.35
'0:13.684',-5.92
'0:13.688',-5.34
'0:13.691',-5.16
'0:13.695',-5.18
'0:13.699',-4.95
'0:13.703',-4.41
'0:13.707',-3.9
'0:13.711',-3.67
'0:13.715',-3.64
'0:13.719',-3.46
'0:13.723',-2.88
'0:13.727',-2.33
'0:13.730',-2.12
'0:13.734',-2.07
'0:13.738',-1.91
'0:13.742',-1.34
'0:13.746',-0.74
'0:13.750',-0.45
'0:13.754',-0.09
'0:13.758',0.63
'0:13.762',1.58
'0:13.766',2.5
'0:13.770',3.06
'0:13.773',3.38
'0:13.777',3.64
'0:13.781',4.04
'0:13.785',4.38
'0:13.789',4.11
'0:13.793',3.41
'0:13.797',2.81
'0:13.801',2.51
'0:13.805',2.11
'0:13.809',1.71
'0:13.813',1.4
'0:13.816',1.03
'0:13.820',0.65
'0:13.824',0.4
'0:13.828',0.1
'0:13.832',-0.04
'0:13.836',0.12
'0:13.840',0.53
'0:13.844',0.86
'0:13.848',0.87
'0:13.852',0.67
'0:13.855',0.62
'0:13.859',0.81
'0:13.863',1
'0:13.867',0.87
'0:13.871',0.54
'0:13.875',0.21
'0:13.879',0.02
'0:13.883',-0.28
'0:13.887',-0.94
'0:13.891',-1.57
'0:13.895',-1.89
'0:13.898',-1.9
'0:13.902',-1.95
'0:13.906',-2.41
'0:13.910',-2.81
'0:13.914',-2.79
'0:13.918',-2.41
'0:13.922',-2.16
'0:13.926',-2.11
'0:13.930',-2.18
'0:13.934',-2.31
'0:13.938',-2.23
'0:13.941',-1.9
'0:13.945',-1.31
'0:13.949',0.35
'0:13.953',4.13
'0:13.957',9.66
'0:13.961',15.29
'0:13.965',19.33
'0:13.969',21.56
'0:13.973',21.18
'0:13.977',16.37
'0:13.980',8.17
'0:13.984',0.07
'0:13.988',-5.49
'0:13.992',-8.49
'0:13.996',-9.72
'0:14.000',-10.15
'0:14.004',-10.5
'0:14.008',-10.75
'0:14.012',-10.64
'0:14.016',-10.19
'0:14.020',-9.79
'0:14.023',-9.67
'0:14.027',-9.49
'0:14.031',-8.68
'0:14.035',-7.42
'0:14.039',-6.22
'0:14.043',-5.48
'0:14.047',-4.86
'0:14.051',-4
'0:14.055',-2.79
'0:14.059',-1.48
'0:14.063',-0.63
'0:14.066',-0.21
'0:14.070',0.18
'0:14.074',0.76
'0:14.078',1.29
'0:14.082',1.47
'0:14.086',1.42
'0:14.090',1.47
'0:14.094',1.67
'0:14.098',1.75
'0:14.102',1.38
'0:14.105',0.66
'0:14.109',1.14
'0:14.113',2.06
'0:14.117',2.46
'0:14.121',2.44
'0:14.125',2.38
'0:14.129',2.5
'0:14.133',2.63
'0:14.137',2.84
'0:14.141',2.54
'0:14.145',2.22
'0:14.148',1.77
'0:14.152',1.38
'0:14.156',1.23
'0:14.160',1.03
'0:14.164',0.98
'0:14.168',1.02
'0:14.172',1.14
'0:14.176',1.22
'0:14.180',1.09
'0:14.184',0.85
'0:14.188',0.71
'0:14.191',0.79
'0:14.195',0.69
'0:14.199',0.28
'0:14.203',0.1
'0:14.207',-0.06
'0:14.211',-0.02
'0:14.215',0.03
'0:14.219',-0.36
'0:14.223',-1.07
'0:14.227',-1.6
'0:14.230',-1.75
'0:14.234',-1.86
'0:14.238',-2.28
'0:14.242',-2.48
'0:14.246',-2.26
'0:14.250',-1.79
'0:14.254',-1.23
'0:14.258',-1.48
'0:14.262',-2
'0:14.266',-1.92
'0:14.270',-0.81
'0:14.273',1.2
'0:14.277',4.5
'0:14.281',10.12
'0:14.285',16.07
'0:14.289',20.5
'0:14.293',23.27
'0:14.297',23.63
'0:14.301',20.14
'0:14.305',12.48
'0:14.309',4.23
'0:14.313',-1.25
'0:14.316',-4.23
'0:14.320',-5.5
'0:14.324',-5.87
'0:14.328',-6.05
'0:14.332',-6.42
'0:14.336',-6.84
'0:14.340',-7.1
'0:14.344',-7.37
'0:14.348',-7.16
'0:14.352',-6.82
'0:14.355',-6.65
'0:14.359',-6.68
'0:14.363',-6.64
'0:14.367',-6.31
'0:14.371',-5.99
'0:14.375',-6.01
'0:14.379',-6
'0:14.383',-5.75
'0:14.387',-5.42
'0:14.391',-5.42
'0:14.395',-5.75
'0:14.398',-6.65
'0:14.402',-5.87
'0:14.406',-3.79
'0:14.410',-2.63
'0:14.414',-2.14
'0:14.418',-1.5
'0:14.422',-0.74
'0:14.426',0.07
'0:14.430',0.58
'0:14.434',0.54
'0:14.438',0.35
'0:14.441',0.35
'0:14.445',0.39
'0:14.449',0.43
'0:14.453',0.32
'0:14.457',-0.17
'0:14.461',-0.65
'0:14.465',-0.77
'0:14.469',-0.58
'0:14.473',-0.67
'0:14.477',-0.8
'0:14.480',-0.63
'0:14.484',-0.14
'0:14.488',0.54
'0:14.492',0.78
'0:14.496',0.78
'0:14.500',0.93
'0:14.504',1.29
'0:14.508',1.72
'0:14.512',1.75
'0:14.516',1.58
'0:14.520',1.29
'0:14.523',1.27
'0:14.527',1.32
'0:14.531',1.22
'0:14.535',0.76
'0:14.539',0.14
'0:14.543',-0.24
'0:14.547',-0.68
'0:14.551',-1.16
'0:14.555',-1.47
'0:14.559',-1.59
'0:14.563',-1.75
'0:14.566',-1.66
'0:14.570',-1.53
'0:14.574',-1.47
'0:14.578',-1.03
'0:14.582',-0.66
'0:14.586',-0.63
'0:14.590',-0.6
'0:14.594',-0.17
'0:14.598',1.17
'0:14.602',3.46
'0:14.605',7.39
'0:14.609',12.73
'0:14.613',18.14
'0:14.617',22.22
'0:14.621',24.77
'0:14.625',24.6
'0:14.629',19.38
'0:14.633',10.69
'0:14.637',3.04
'0:14.641',-1.63
'0:14.645',-4.11
'0:14.648',-5.57
'0:14.652',-6.38
'0:14.656',-6.59
'0:14.660',-6.31
'0:14.664',-5.9
'0:14.668',-5.56
'0:14.672',-5.32
'0:14.676',-5.09
'0:14.680',-4.68
'0:14.684',-4.34
'0:14.688',-4.32
'0:14.691',-4.54
'0:14.695',-4.56
'0:14.699',-4.19
'0:14.703',-3.58
'0:14.707',-3.27
'0:14.711',-3.1
'0:14.715',-2.67
'0:14.719',-2.1
'0:14.723',-1.35
'0:14.727',-0.8
'0:14.730',-0.46
'0:14.734',-0.1
'0:14.738',0.52
'0:14.742',1.2
'0:14.746',1.45
'0:14.750',1.48
'0:14.754',1.56
'0:14.758',1.77
'0:14.762',1.88
'0:14.766',1.52
'0:14.770',0.9
'0:14.773',0.45
'0:14.777',0.11
'0:14.781',-0.46
'0:14.785',-1.8
'0:14.789',-3.16
'0:14.793',-3.77
'0:14.797',-4.16
'0:14.801',-4.63
'0:14.805',-5.21
'0:14.809',-5.67
'0:14.813',-5.78
'0:14.816',-5.56
'0:14.820',-5.15
'0:14.824',-4.94
'0:14.828',-4.71
'0:14.832',-4.26
'0:14.836',-3.66
'0:14.840',-3.04
'0:14.844',-2.67
'0:14.848',-2.39
'0:14.852',-2.05
'0:14.855',-1.64
'0:14.859',-1.26
'0:14.863',-1.38
'0:14.867',-1.77
'0:14.871',-2.02
'0:14.875',-2.01
'0:14.879',-1.79
'0:14.883',-1.39
'0:14.887',-0.93
'0:14.891',-0.36
'0:14.895',0.27
'0:14.898',0.64
'0:14.902',0.5
'0:14.906',0.17
'0:14.910',-0.07
'0:14.914',-0.08
'0:14.918',0.09
'0:14.922',0.32
'0:14.926',1.07
'0:14.930',3.23
'0:14.934',7.7
'0:14.938',13.65
'0:14.941',18.89
'0:14.945',22.47
'0:14.949',24.35
'0:14.953',23.38
'0:14.957',17.76
'0:14.961',9.03
'0:14.965',1.39
'0:14.969',-3.5
'0:14.973',-5.85
'0:14.977',-6.79
'0:14.980',-7.41
'0:14.984',-7.74
'0:14.988',-7.55
'0:14.992',-7.02
'0:14.996',-6.26
'0:15.000',-6.02
'0:15.004',-6.01
'0:15.008',-5.68
'0:15.012',-4.94
'0:15.016',-4.05
'0:15.020',-3.6
'0:15.023',-3.45
'0:15.027',-3.04
'0:15.031',-2.35
'0:15.035',-1.81
'0:15.039',-1.67
'0:15.043',-1.61
'0:15.047',-1.39
'0:15.051',-0.71
'0:15.055',-0.04
'0:15.059',-0.07
'0:15.063',-0.43
'0:15.066',-0.57
'0:15.070',0.51
'0:15.074',1.82
'0:15.078',2.15
'0:15.082',2.08
'0:15.086',2.13
'0:15.090',2.41
'0:15.094',2.5
'0:15.098',2.17
'0:15.102',1.56
'0:15.105',1.14
'0:15.109',1.01
'0:15.113',0.76
'0:15.117',0.2
'0:15.121',-0.49
'0:15.125',-0.78
'0:15.129',-0.65
'0:15.133',-0.44
'0:15.137',-0.6
'0:15.141',-0.93
'0:15.145',-0.9
'0:15.148',-0.38
'0:15.152',0.16
'0:15.156',0.12
'0:15.160',-0.15
'0:15.164',-0.34
'0:15.168',-0.52
'0:15.172',-0.38
'0:15.176',-0.38
'0:15.180',-0.79
'0:15.184',-1.12
'0:15.188',-1.29
'0:15.191',-1.32
'0:15.195',-1.78
'0:15.199',-2.3
'0:15.203',-2.72
'0:15.207',-2.97
'0:15.211',-3
'0:15.215',-3.27
'0:15.219',-3.65
'0:15.223',-3.7
'0:15.227',-3.32
'0:15.230',-2.8
'0:15.234',-2.52
'0:15.238',-2.43
'0:15.242',-2.54
'0:15.246',-2.44
'0:15.250',-1.89
'0:15.254',-1.11
'0:15.258',0.17
'0:15.262',3.01
'0:15.266',7.79
'0:15.270',13.35
'0:15.273',17.93
'0:15.277',20.95
'0:15.281',21.68
'0:15.285',18.38
'0:15.289',11.04
'0:15.293',2.81
'0:15.297',-3.16
'0:15.301',-6.34
'0:15.305',-7.49
'0:15.309',-7.73
'0:15.313',-7.79
'0:15.316',-7.82
'0:15.320',-7.77
'0:15.324',-7.4
'0:15.328',-6.83
'0:15.332',-6.52
'0:15.336',-6.31
'0:15.340',-5.88
'0:15.344',-5.18
'0:15.348',-4.43
'0:15.352',-4.12
'0:15.355',-3.92
'0:15.359',-3.53
'0:15.363',-2.81
'0:15.367',-2.03
'0:15.371',-1.44
'0:15.375',-1.02
'0:15.379',-0.65
'0:15.383',-0.14
'0:15.387',0.54
'0:15.391',1.12
'0:15.395',1.03
'0:15.398',0.76
'0:15.402',1.01
'0:15.406',1.57
'0:15.410',1.98
'0:15.414',2.11
'0:15.418',2.27
'0:15.422',2.63
'0:15.426',2.91
'0:15.430',2.87
'0:15.434',2.62
'0:15.438',2.41
'0:15.441',2.12
'0:15.445',1.79
'0:15.449',1.24
'0:15.453',0.63
'0:15.457',0.18
'0:15.461',0.05
'0:15.465',0.05
'0:15.469',-0.08
'0:15.473',-0.19
'0:15.477',-0.15
'0:15.480',0.06
'0:15.484',0.33
'0:15.488',0.3
'0:15.492',0.12
'0:15.496',0.03
'0:15.500',0.13
'0:15.504',0.28
'0:15.508',0.06
'0:15.512',-0.37
'0:15.516',-0.51
'0:15.520',-0.32
'0:15.523',-0.12
'0:15.527',-0.49
'0:15.531',-1.2
'0:15.535',-1.77
'0:15.539',-1.79
'0:15.543',-1.58
'0:15.547',-1.64
'0:15.551',-2.24
'0:15.555',-2.62
'0:15.559',-2.58
'0:15.563',-2.28
'0:15.566',-2.48
'0:15.570',-3.22
'0:15.574',-3.77
'0:15.578',-3.83
'0:15.582',-3.19
'0:15.586',-1.79
'0:15.590',1.1
'0:15.594',5.62
'0:15.598',10.84
'0:15.602',15.5
'0:15.605',18.52
'0:15.609',18.6
'0:15.613',13.89
'0:15.617',5.62
'0:15.621',-1.98
'0:15.625',-7.15
'0:15.629',-10.19
'0:15.633',-11.44
'0:15.637',-11.03
'0:15.641',-9.7
'0:15.645',-8.43
'0:15.648',-7.48
'0:15.652',-6.59
'0:15.656',-5.6
'0:15.660',-4.59
'0:15.664',-3.74
'0:15.668',-3.38
'0:15.672',-2.8
'0:15.676',-1.9
'0:15.680',-1.01
'0:15.684',-0.47
'0:15.688',-0.29
'0:15.691',-0.22
'0:15.695',-0.11
'0:15.699',-0.06
'0:15.703',-0.5
'0:15.707',-0.15
'0:15.711',0.47
'0:15.715',1
'0:15.719',1.65
'0:15.723',2.35
'0:15.727',3.03
'0:15.730',3.63
'0:15.734',4.22
'0:15.738',4.57
'0:15.742',4.47
'0:15.746',4.1
'0:15.750',3.85
'0:15.754',3.69
'0:15.758',3.6
'0:15.762',3.22
'0:15.766',2.5
'0:15.770',1.88
'0:15.773',1.53
'0:15.777',1.41
'0:15.781',1.08
'0:15.785',0.54
'0:15.789',0.07
'0:15.793',0.16
'0:15.797',0.44
'0:15.801',0.41
'0:15.805',0.12
'0:15.809',0.01
'0:15.813',0.09
'0:15.816',0.43
'0:15.820',0.48
'0:15.824',0.37
'0:15.828',0.34
'0:15.832',0.26
'0:15.836',0.53
'0:15.840',0.63
'0:15.844',0.21
'0:15.848',-0.12
'0:15.852',-0.18
'0:15.855',-0.25
'0:15.859',-0.5
'0:15.863',-1.09
'0:15.867',-1.71
'0:15.871',-1.95
'0:15.875',-1.74
'0:15.879',-1.68
'0:15.883',-1.88
'0:15.887',-2.14
'0:15.891',-2.17
'0:15.895',-2.02
'0:15.898',-2.14
'0:15.902',-2.42
'0:15.906',-2.17
'0:15.910',-0.7
'0:15.914',2.77
'0:15.918',8.02
'0:15.922',13.67
'0:15.926',18.18
'0:15.930',21.03
'0:15.934',21.27
'0:15.938',17.13
'0:15.941',8.77
'0:15.945',0.75
'0:15.949',-4
'0:15.953',-6.13
'0:15.957',-7.16
'0:15.961',-7.92
'0:15.965',-8.23
'0:15.969',-7.91
'0:15.973',-7.33
'0:15.977',-6.93
'0:15.980',-6.99
'0:15.984',-6.91
'0:15.988',-6.47
'0:15.992',-5.8
'0:15.996',-5.14
'0:16.000',-4.63
'0:16.004',-4.31
'0:16.008',-3.76
'0:16.012',-3.05
'0:16.016',-2.57
'0:16.020',-2.48
'0:16.023',-2.6
'0:16.027',-2.5
'0:16.031',-2.13
'0:16.035',-1.81
'0:16.039',-1.74
'0:16.043',-1.7
'0:16.047',-1.67
'0:16.051',-1.42
'0:16.055',-1.38
'0:16.059',-1.43
'0:16.063',-1.63
'0:16.066',-1.79
'0:16.070',-1.74
'0:16.074',-1.9
'0:16.078',-2.5
'0:16.082',-3.25
'0:16.086',-4.06
'0:16.090',-5.87
'0:16.094',-5.45
'0:16.098',-3.04
'0:16.102',-2
'0:16.105',-1.75
'0:16.109',-0.95
'0:16.113',0.27
'0:16.117',1.14
'0:16.121',1.1
'0:16.125',0.79
'0:16.129',0.82
'0:16.133',1.21
'0:16.137',1.52
'0:16.141',1.51
'0:16.145',1.26
'0:16.148',1.3
'0:16.152',1.61
'0:16.156',1.89
'0:16.160',1.89
'0:16.164',1.61
'0:16.168',1.42
'0:16.172',1.28
'0:16.176',1.14
'0:16.180',0.93
'0:16.184',0.44
'0:16.188',-0.11
'0:16.191',-0.53
'0:16.195',-0.76
'0:16.199',-0.73
'0:16.203',-0.6
'0:16.207',-0.35
'0:16.211',-0.04
'0:16.215',0.21
'0:16.219',0.54
'0:16.223',1.28
'0:16.227',1.42
'0:16.230',0.64
'0:16.234',0.14
'0:16.238',2.26
'0:16.242',6.59
'0:16.246',11.98
'0:16.250',17.24
'0:16.254',21.47
'0:16.258',24.48
'0:16.262',24.98
'0:16.266',20.61
'0:16.270',12.07
'0:16.273',3.78
'0:16.277',-1.66
'0:16.281',-4.4
'0:16.285',-5.51
'0:16.289',-6.23
'0:16.293',-6.88
'0:16.297',-7.11
'0:16.301',-6.94
'0:16.305',-6.43
'0:16.309',-6.21
'0:16.313',-6.32
'0:16.316',-6.25
'0:16.320',-5.74
'0:16.324',-4.8
'0:16.328',-3.93
'0:16.332',-3.23
'0:16.336',-2.63
'0:16.340',-2.01
'0:16.344',-1.16
'0:16.348',-0.54
'0:16.352',-0.3
'0:16.355',-0.01
'0:16.359',0.32
'0:16.363',0.55
'0:16.367',-0.22
'0:16.371',-1.41
'0:16.375',-2.44
'0:16.379',-3.12
'0:16.383',-3.74
'0:16.387',-4.93
'0:16.391',-5.07
'0:16.395',-4.24
'0:16.398',-3.87
'0:16.402',-3.7
'0:16.406',-3.66
'0:16.410',-3.9
'0:16.414',-4.11
'0:16.418',-4.4
'0:16.422',-4.75
'0:16.426',-4.99
'0:16.430',-5.21
'0:16.434',-5.15
'0:16.438',-4.92
'0:16.441',-4.62
'0:16.445',-4.44
'0:16.449',-4.45
'0:16.453',-4.21
'0:16.457',-3.79
'0:16.461',-3.16
'0:16.465',-2.79
'0:16.469',-2.62
'0:16.473',-2.25
'0:16.477',-1.61
'0:16.480',-0.28
'0:16.484',0.91
'0:16.488',1.54
'0:16.492',1.89
'0:16.496',2.3
'0:16.500',2.65
'0:16.504',2.43
'0:16.508',1.71
'0:16.512',1.26
'0:16.516',1.12
'0:16.520',1.28
'0:16.523',1.25
'0:16.527',0.73
'0:16.531',0.27
'0:16.535',0.31
'0:16.539',0.47
'0:16.543',0.44
'0:16.547',-0.11
'0:16.551',-0.72
'0:16.555',-0.92
'0:16.559',-0.68
'0:16.563',-0.03
'0:16.566',1.71
'0:16.570',5.36
'0:16.574',10.47
'0:16.578',15.87
'0:16.582',19.78
'0:16.586',21.98
'0:16.590',21.41
'0:16.594',16.51
'0:16.598',8.71
'0:16.602',1.48
'0:16.605',-3.25
'0:16.609',-5.55
'0:16.613',-6.48
'0:16.617',-6.51
'0:16.621',-6.43
'0:16.625',-6.62
'0:16.629',-6.46
'0:16.633',-6.06
'0:16.637',-5.2
'0:16.641',-4.73
'0:16.645',-4.55
'0:16.648',-4.26
'0:16.652',-3.72
'0:16.656',-2.77
'0:16.660',-1.97
'0:16.664',-1.77
'0:16.668',-1.81
'0:16.672',-1.32
'0:16.676',-0.59
'0:16.680',-0.13
'0:16.684',-0.07
'0:16.688',0.28
'0:16.691',0.85
'0:16.695',1.6
'0:16.699',2.17
'0:16.703',2.33
'0:16.707',2.37
'0:16.711',2.56
'0:16.715',2.95
'0:16.719',3.09
'0:16.723',2.61
'0:16.727',2.03
'0:16.730',1.91
'0:16.734',2.16
'0:16.738',2.12
'0:16.742',1.19
'0:16.746',0.26
'0:16.750',-0.25
'0:16.754',-0.43
'0:16.758',-0.88
'0:16.762',-1.25
'0:16.766',-1.37
'0:16.770',-1.33
'0:16.773',-0.98
'0:16.777',-0.82
'0:16.781',-1
'0:16.785',-1.12
'0:16.789',-0.9
'0:16.793',-0.6
'0:16.797',-0.57
'0:16.801',-0.83
'0:16.805',-1.16
'0:16.809',-1.37
'0:16.813',-1.71
'0:16.816',-2.24
'0:16.820',-2.82
'0:16.824',-2.98
'0:16.828',-3.08
'0:16.832',-3
'0:16.836',-3.18
'0:16.840',-3.3
'0:16.844',-2.95
'0:16.848',-2.63
'0:16.852',-2.45
'0:16.855',-2.59
'0:16.859',-2.73
'0:16.863',-2.71
'0:16.867',-2.62
'0:16.871',-2.45
'0:16.875',-2.46
'0:16.879',-2.77
'0:16.883',-3.03
'0:16.887',-3.01
'0:16.891',-2.42
'0:16.895',-1.09
'0:16.898',1.63
'0:16.902',6.12
'0:16.906',11.47
'0:16.910',16.08
'0:16.914',19.3
'0:16.918',20.08
'0:16.922',16.67
'0:16.926',9.58
'0:16.930',2.28
'0:16.934',-2.79
'0:16.938',-5.75
'0:16.941',-7.2
'0:16.945',-7.7
'0:16.949',-7.68
'0:16.953',-7.56
'0:16.957',-7.39
'0:16.961',-7.02
'0:16.965',-6.61
'0:16.969',-6.06
'0:16.973',-5.46
'0:16.977',-5.04
'0:16.980',-4.46
'0:16.984',-3.75
'0:16.988',-3.07
'0:16.992',-2.54
'0:16.996',-2.26
'0:17.000',-1.84
'0:17.004',-1.16
'0:17.008',-0.47
'0:17.012',0.3
'0:17.016',0.87
'0:17.020',0.93
'0:17.023',0.6
'0:17.027',0.62
'0:17.031',1.02
'0:17.035',1.3
'0:17.039',1.61
'0:17.043',2.02
'0:17.047',2.44
'0:17.051',2.69
'0:17.055',2.67
'0:17.059',2.48
'0:17.063',2.39
'0:17.066',2.45
'0:17.070',2.36
'0:17.074',1.92
'0:17.078',1.43
'0:17.082',1.07
'0:17.086',0.83
'0:17.090',0.39
'0:17.094',-0.18
'0:17.098',-0.49
'0:17.102',-0.57
'0:17.105',-0.33
'0:17.109',-0.41
'0:17.113',-0.87
'0:17.117',-1
'0:17.121',-0.84
'0:17.125',-0.42
'0:17.129',-0.06
'0:17.133',0.01
'0:17.137',-0.04
'0:17.141',0.02
'0:17.145',0.36
'0:17.148',0.56
'0:17.152',0.45
'0:17.156',0.26
'0:17.160',0.1
'0:17.164',0.03
'0:17.168',-0.21
'0:17.172',-0.8
'0:17.176',-1.34
'0:17.180',-1.72
'0:17.184',-1.93
'0:17.188',-2.2
'0:17.191',-2.6
'0:17.195',-3.06
'0:17.199',-3.34
'0:17.203',-3.44
'0:17.207',-3.85
'0:17.211',-4.39
'0:17.215',-4.57
'0:17.219',-3.78
'0:17.223',-1.41
'0:17.227',2.93
'0:17.230',8.47
'0:17.234',13.83
'0:17.238',18.1
'0:17.242',20.9
'0:17.246',20.34
'0:17.250',14.36
'0:17.254',5.4
'0:17.258',-1.98
'0:17.262',-6.47
'0:17.266',-8.92
'0:17.270',-10.3
'0:17.273',-11
'0:17.277',-10.99
'0:17.281',-10.3
'0:17.285',-9.42
'0:17.289',-8.89
'0:17.293',-8.51
'0:17.297',-7.87
'0:17.301',-6.57
'0:17.305',-4.95
'0:17.309',-3.83
'0:17.313',-3.03
'0:17.316',-2.16
'0:17.320',-1.17
'0:17.324',-0.46
'0:17.328',-0.23
'0:17.332',-0.04
'0:17.336',0.41
'0:17.340',1.2
'0:17.344',1.82
'0:17.348',1.9
'0:17.352',1.93
'0:17.355',2.19
'0:17.359',2.76
'0:17.363',3.15
'0:17.367',3.19
'0:17.371',3.3
'0:17.375',3.52
'0:17.379',3.7
'0:17.383',3.72
'0:17.387',3.4
'0:17.391',2.96
'0:17.395',2.65
'0:17.398',2.66
'0:17.402',2.47
'0:17.406',1.88
'0:17.410',1.22
'0:17.414',0.85
'0:17.418',0.85
'0:17.422',0.87
'0:17.426',0.45
'0:17.430',0.22
'0:17.434',0.48
'0:17.438',0.97
'0:17.441',1.35
'0:17.445',1.25
'0:17.449',1.06
'0:17.453',1.16
'0:17.457',1.58
'0:17.461',1.88
'0:17.465',1.7
'0:17.469',1.5
'0:17.473',1.44
'0:17.477',1.58
'0:17.480',1.36
'0:17.484',0.65
'0:17.488',-0.19
'0:17.492',-1.06
'0:17.496',-1.59
'0:17.500',-1.75
'0:17.504',-2.19
'0:17.508',-2.5
'0:17.512',-2.27
'0:17.516',-1.78
'0:17.520',-1.4
'0:17.523',-1.23
'0:17.527',-1.03
'0:17.531',-0.82
'0:17.535',-0.51
'0:17.539',-0.1
'0:17.543',0.91
'0:17.547',2.15
'0:17.551',4.43
'0:17.555',9.04
'0:17.559',15.03
'0:17.563',19.99
'0:17.566',22.91
'0:17.570',23.6
'0:17.574',21.09
'0:17.578',14.05
'0:17.582',5.17
'0:17.586',-1.4
'0:17.590',-5.15
'0:17.594',-6.9
'0:17.598',-7.63
'0:17.602',-8
'0:17.605',-8.29
'0:17.609',-8.39
'0:17.613',-8.17
'0:17.617',-7.99
'0:17.621',-8.05
'0:17.625',-8.1
'0:17.629',-8.08
'0:17.633',-7.83
'0:17.637',-7.51
'0:17.641',-7.56
'0:17.645',-7.9
'0:17.648',-8.6
'0:17.652',-9.62
'0:17.656',-7.19
'0:17.660',-4.88
'0:17.664',-4.01
'0:17.668',-3.46
'0:17.672',-2.34
'0:17.676',-1.18
'0:17.680',-0.73
'0:17.684',-0.97
'0:17.688',-1.15
'0:17.691',-0.59
'0:17.695',0.32
'0:17.699',0.82
'0:17.703',0.74
'0:17.707',0.44
'0:17.711',0.41
'0:17.715',0.42
'0:17.719',0.24
'0:17.723',-0.06
'0:17.727',-0.48
'0:17.730',-0.69
'0:17.734',-0.77
'0:17.738',-0.96
'0:17.742',-1.17
'0:17.746',-1.36
'0:17.750',-1.41
'0:17.754',-1.46
'0:17.758',-1.46
'0:17.762',-1.25
'0:17.766',-0.97
'0:17.770',-0.38
'0:17.773',0.81
'0:17.777',0.44
'0:17.781',-0.71
'0:17.785',-0.14
'0:17.789',0.69
'0:17.793',0.87
'0:17.797',0.54
'0:17.801',0.32
'0:17.805',0.53
'0:17.809',0.93
'0:17.813',0.98
'0:17.816',0.49
'0:17.820',-0.05
'0:17.824',-0.27
'0:17.828',-0.29
'0:17.832',-0.21
'0:17.836',-0.1
'0:17.840',-0.01
'0:17.844',0.16
'0:17.848',0.51
'0:17.852',0.86
'0:17.855',1.14
'0:17.859',1.47
'0:17.863',1.69
'0:17.867',2.03
'0:17.871',2.65
'0:17.875',3.88
'0:17.879',6.87
'0:17.883',11.8
'0:17.887',17.56
'0:17.891',22.07
'0:17.895',24.55
'0:17.898',25.1
'0:17.902',21.71
'0:17.906',14.4
'0:17.910',6.14
'0:17.914',-0.2
'0:17.918',-4.11
'0:17.922',-5.87
'0:17.926',-7.51
'0:17.930',-8.04
'0:17.934',-8.67
'0:17.938',-8.89
'0:17.941',-8.74
'0:17.945',-8
'0:17.949',-7.8
'0:17.953',-8.04
'0:17.957',-8.06
'0:17.961',-8.93
'0:17.965',-8.89
'0:17.969',-8.89
'0:17.973',-8.89
'0:17.977',-8.89
'0:17.980',-8.89
'0:17.984',-8.89
'0:17.988',-8.89
'0:17.992',-8.89
'0:17.996',-8.89
'0:18.000',-8.89
'0:18.004',-8.89
'0:18.008',-8.89
'0:18.012',-8.89
'0:18.016',-8.89
'0:18.020',-8.89
'0:18.023',-8.89
'0:18.027',-8.89
'0:18.031',-8.89
'0:18.035',-8.89
'0:18.039',-8.89
'0:18.043',-4.49
'0:18.047',-5.55
'0:18.051',-6.29
'0:18.055',-6.21
'0:18.059',-5.67
'0:18.063',-5.24
'0:18.066',-5.14
'0:18.070',-5.16
'0:18.074',-5.14
'0:18.078',-4.92
'0:18.082',-4.39
'0:18.086',-3.85
'0:18.090',-3.63
'0:18.094',-3.74
'0:18.098',-3.63
'0:18.102',-2.97
'0:18.105',-2.65
'0:18.109',-2.59
'0:18.113',-2.44
'0:18.117',-1.97
'0:18.121',-1.22
'0:18.125',-0.73
'0:18.129',-0.76
'0:18.133',-0.91
'0:18.137',-0.84
'0:18.141',-0.59
'0:18.145',-0.78
'0:18.148',-1.37
'0:18.152',-1.76
'0:18.156',-1.77
'0:18.160',-1.55
'0:18.164',-1.63
'0:18.168',-2.15
'0:18.172',-2.52
'0:18.176',-2.59
'0:18.180',-2.33
'0:18.184',-2.32
'0:18.188',-2.75
'0:18.191',-2.98
'0:18.195',-2.36
'0:18.199',-1.12
'0:18.203',0.97
'0:18.207',4.75
'0:18.211',9.98
'0:18.215',15.5
'0:18.219',20.14
'0:18.223',22.79
'0:18.227',21.96
'0:18.230',16.77
'0:18.234',8.77
'0:18.238',1.76
'0:18.242',-2.8
'0:18.246',-5.41
'0:18.250',-6.57
'0:18.254',-6.55
'0:18.258',-6.37
'0:18.262',-6.67
'0:18.266',-6.94
'0:18.270',-6.74
'0:18.273',-6.29
'0:18.277',-5.72
'0:18.281',-5.17
'0:18.285',-4.8
'0:18.289',-4.61
'0:18.293',-4.5
'0:18.297',-3.69
'0:18.301',-2.95
'0:18.305',-2.53
'0:18.309',-2.17
'0:18.313',-1.46
'0:18.316',-0.59
'0:18.320',-0.12
'0:18.324',0.1
'0:18.328',0.21
'0:18.332',0.68
'0:18.336',1.59
'0:18.340',2.12
'0:18.344',1.97
'0:18.348',1.84
'0:18.352',2.02
'0:18.355',2.54
'0:18.359',2.74
'0:18.363',2.51
'0:18.367',2.02
'0:18.371',1.57
'0:18.375',1.35
'0:18.379',1.04
'0:18.383',0.4
'0:18.387',-0.33
'0:18.391',-0.82
'0:18.395',-0.92
'0:18.398',-1.09
'0:18.402',-1.5
'0:18.406',-1.82
'0:18.410',-1.78
'0:18.414',-1.32
'0:18.418',-0.96
'0:18.422',-0.97
'0:18.426',-1.02
'0:18.430',-0.99
'0:18.434',-0.64
'0:18.438',-0.64
'0:18.441',-0.73
'0:18.445',-0.84
'0:18.449',-0.81
'0:18.453',-0.59
'0:18.457',-0.65
'0:18.461',-0.86
'0:18.465',-1.02
'0:18.469',-0.96
'0:18.473',-0.87
'0:18.477',-1.09
'0:18.480',-1.61
'0:18.484',-2
'0:18.488',-2.14
'0:18.492',-2.25
'0:18.496',-2.53
'0:18.500',-2.87
'0:18.504',-2.92
'0:18.508',-2.79
'0:18.512',-2.6
'0:18.516',-2.7
'0:18.520',-3.11
'0:18.523',-3.13
'0:18.527',-2.35
'0:18.531',-0.84
'0:18.535',1.82
'0:18.539',5.96
'0:18.543',10.99
'0:18.547',15.79
'0:18.551',19.71
'0:18.555',21.62
'0:18.559',19.08
'0:18.563',11.96
'0:18.566',3.9
'0:18.570',-1.87
'0:18.574',-4.98
'0:18.578',-6.64
'0:18.582',-7.46
'0:18.586',-7.6
'0:18.590',-7.35
'0:18.594',-6.97
'0:18.598',-6.58
'0:18.602',-6.1
'0:18.605',-5.54
'0:18.609',-4.57
'0:18.613',-3.42
'0:18.617',-2.79
'0:18.621',-2.37
'0:18.625',-2.08
'0:18.629',-1.69
'0:18.633',-1.35
'0:18.637',-1.12
'0:18.641',-0.4
'0:18.645',1.08
'0:18.648',2.3
'0:18.652',2.96
'0:18.656',3.13
'0:18.660',3.22
'0:18.664',3.89
'0:18.668',4.72
'0:18.672',5.14
'0:18.676',4.78
'0:18.680',3.95
'0:18.684',3.12
'0:18.688',2.77
'0:18.691',2.58
'0:18.695',2.37
'0:18.699',2.34
'0:18.703',2.31
'0:18.707',1.91
'0:18.711',1.23
'0:18.715',0.36
'0:18.719',-0.31
'0:18.723',-0.47
'0:18.727',-0.28
'0:18.730',-0.42
'0:18.734',-0.78
'0:18.738',-0.97
'0:18.742',-0.83
'0:18.746',-0.46
'0:18.750',-0.45
'0:18.754',-0.68
'0:18.758',-0.6
'0:18.762',-0.34
'0:18.766',0.02
'0:18.770',-0.04
'0:18.773',-0.43
'0:18.777',-0.85
'0:18.781',-0.96
'0:18.785',-0.75
'0:18.789',-0.4
'0:18.793',-0.23
'0:18.797',-0.23
'0:18.801',-0.35
'0:18.805',-0.39
'0:18.809',-0.48
'0:18.813',-0.6
'0:18.816',-0.81
'0:18.820',-1.36
'0:18.824',-1.85
'0:18.828',-3.01
'0:18.832',-4.42
'0:18.836',-5.12
'0:18.840',-4.96
'0:18.844',-4.62
'0:18.848',-4.5
'0:18.852',-4.48
'0:18.855',-3.5
'0:18.859',-1
'0:18.863',3.47
'0:18.867',9.22
'0:18.871',14.51
'0:18.875',18.56
'0:18.879',21.42
'0:18.883',21.6
'0:18.887',16.8
'0:18.891',7.83
'0:18.895',-0.54
'0:18.898',-6.08
'0:18.902',-9.02
'0:18.906',-11.24
'0:18.910',-13.04
'0:18.914',-14.08
'0:18.918',-14.38
'0:18.922',-14.17
'0:18.926',-13.93
'0:18.930',-14.42
'0:18.934',-15.23
'0:18.938',-12.3
'0:18.941',-9.42
'0:18.945',-8.11
'0:18.949',-7.44
'0:18.953',-6.2
'0:18.957',-4.25
'0:18.961',-3.05
'0:18.965',-3.07
'0:18.969',-3.07
'0:18.973',-2.78
'0:18.977',-2.13
'0:18.980',-1.31
'0:18.984',-1.01
'0:18.988',-1.43
'0:18.992',-1.51
'0:18.996',-0.84
'0:19.000',0.04
'0:19.004',0.41
'0:19.008',0.31
'0:19.012',0.28
'0:19.016',0.52
'0:19.020',1.09
'0:19.023',1.3
'0:19.027',0.96
'0:19.031',0.52
'0:19.035',0.19
'0:19.039',0.02
'0:19.043',-0.15
'0:19.047',-1.16
'0:19.051',-3.11
'0:19.055',-5.39
'0:19.059',-6.79
'0:19.063',-7.49
'0:19.066',-6.11
'0:19.070',-3.44
'0:19.074',-1.18
'0:19.078',0.21
'0:19.082',1.17
'0:19.086',2.16
'0:19.090',2.97
'0:19.094',3.87
'0:19.098',4.7
'0:19.102',5.35
'0:19.105',5.24
'0:19.109',5.06
'0:19.113',5.27
'0:19.117',5.76
'0:19.121',6.08
'0:19.125',5.75
'0:19.129',4.63
'0:19.133',3.61
'0:19.137',2.84
'0:19.141',2
'0:19.145',0.86
'0:19.148',0.08
'0:19.152',-0.09
'0:19.156',0
'0:19.160',-0.11
'0:19.164',-0.65
'0:19.168',-1.12
'0:19.172',-1.6
'0:19.176',-1.53
'0:19.180',-0.89
'0:19.184',0.11
'0:19.188',2.17
'0:19.191',6.36
'0:19.195',12.22
'0:19.199',17.59
'0:19.203',21.06
'0:19.207',22.32
'0:19.211',20.47
'0:19.215',14.38
'0:19.219',5.77
'0:19.223',-1.53
'0:19.227',-5.89
'0:19.230',-8.04
'0:19.234',-8.94
'0:19.238',-9.34
'0:19.242',-9.57
'0:19.246',-9.82
'0:19.250',-9.98
'0:19.254',-9.93
'0:19.258',-9.74
'0:19.262',-10.05
'0:19.266',-11.16
'0:19.270',-13.15
'0:19.273',-10.13
'0:19.277',-6.37
'0:19.281',-4.84
'0:19.285',-4.31
'0:19.289',-2.97
'0:19.293',-0.85
'0:19.297',0.9
'0:19.301',1.2
'0:19.305',0.61
'0:19.309',0.54
'0:19.313',1.43
'0:19.316',2.67
'0:19.320',2.94
'0:19.324',2.53
'0:19.328',2.16
'0:19.332',2.43
'0:19.336',2.89
'0:19.340',2.78
'0:19.344',2.29
'0:19.348',2.01
'0:19.352',2.22
'0:19.355',2.48
'0:19.359',2.38
'0:19.363',2.11
'0:19.367',1.79
'0:19.371',1.75
'0:19.375',1.54
'0:19.379',1.15
'0:19.383',0.8
'0:19.387',0.74
'0:19.391',0.96
'0:19.395',1.25
'0:19.398',1.38
'0:19.402',1.5
'0:19.406',1.76
'0:19.410',2.11
'0:19.414',2.41
'0:19.418',2.58
'0:19.422',2.7
'0:19.426',2.88
'0:19.430',3.14
'0:19.434',2.99
'0:19.438',2.7
'0:19.441',2.49
'0:19.445',2.69
'0:19.449',3.06
'0:19.453',2.93
'0:19.457',2.41
'0:19.461',1.83
'0:19.465',1.51
'0:19.469',1.33
'0:19.473',1.27
'0:19.477',1.09
'0:19.480',0.89
'0:19.484',0.79
'0:19.488',1.07
'0:19.492',1.43
'0:19.496',1.34
'0:19.500',1.1
'0:19.504',1.1
'0:19.508',1.1
'0:19.512',2.97
'0:19.516',4.87
'0:19.520',8.82
'0:19.523',14.21
'0:19.527',19.26
