'0:00.000',-47.556
'0:00.004',-30.624
'0:00.008',-2.05
'0:00.012',10.649
'0:00.016',-17.66
'0:00.020',19.247
'0:00.023',187.512
'0:00.027',471.394
'0:00.031',703.486
'0:00.035',929.162
'0:00.039',1049.143
'0:00.043',839.937
'0:00.047',568.688
'0:00.051',299.094
'0:00.055',138.964
'0:00.059',-8.731
'0:00.063',-33.005
'0:00.066',-15.213
'0:00.070',-7.143
'0:00.074',2.05
'0:00.078',5.82
'0:00.082',14.948
'0:00.086',2.05
'0:00.090',-35.188
'0:00.094',-57.543
'0:00.098',-42.463
'0:00.102',-38.164
'0:00.105',-33.534
'0:00.109',-34.658
'0:00.113',-54.832
'0:00.117',-71.83
'0:00.121',-69.184
'0:00.125',-67.266
'0:00.129',-52.715
'0:00.133',-55.692
'0:00.137',-40.016
'0:00.141',-37.37
'0:00.145',-34.658
'0:00.148',-35.452
'0:00.152',-22.753
'0:00.156',-24.406
'0:00.160',-21.43
'0:00.164',-18.189
'0:00.168',-18.718
'0:00.172',-21.959
'0:00.176',-23.613
'0:00.180',-21.695
'0:00.184',-18.718
'0:00.188',-3.373
'0:00.191',-6.35
'0:00.195',8.466
'0:00.199',10.12
'0:00.203',13.361
'0:00.207',28.97
'0:00.211',41.405
'0:00.215',55.162
'0:00.219',57.808
'0:00.223',62.173
'0:00.227',77.783
'0:00.230',73.484
'0:00.234',71.566
'0:00.238',89.622
'0:00.242',77.254
'0:00.246',93.657
'0:00.250',105.298
'0:00.254',102.586
'0:00.258',105.563
'0:00.262',94.252
'0:00.266',109.862
'0:00.270',104.769
'0:00.273',101.792
'0:00.277',89.358
'0:00.281',94.252
'0:00.285',77.783
'0:00.289',72.955
'0:00.293',69.714
'0:00.297',71.566
'0:00.301',60.52
'0:00.305',46.498
'0:00.309',27.118
'0:00.313',22.224
'0:00.316',21.695
'0:00.320',10.384
'0:00.324',-1.786
'0:00.328',11.443
'0:00.332',5.225
'0:00.336',4.432
'0:00.340',9.855
'0:00.344',13.89
'0:00.348',27.118
'0:00.352',21.43
'0:00.355',-9.855
'0:00.359',-4.167
'0:00.363',-2.58
'0:00.367',39.487
'0:00.371',64.819
'0:00.375',68.06
'0:00.379',61.843
'0:00.383',19.247
'0:00.387',-17.924
'0:00.391',-43.521
'0:00.395',-30.888
'0:00.398',-40.28
'0:00.402',-32.211
'0:00.406',-18.189
'0:00.410',-11.707
'0:00.414',-15.213
'0:00.418',-23.613
'0:00.422',-15.213
'0:00.426',-33.005
'0:00.430',-41.669
'0:00.434',-46.233
'0:00.438',-41.14
'0:00.441',-48.945
'0:00.445',-48.416
'0:00.449',-55.956
'0:00.453',-46.233
'0:00.457',-58.337
'0:00.461',-65.084
'0:00.465',-62.967
'0:00.469',-70.772
'0:00.473',-77.783
'0:00.477',-75.071
'0:00.480',-82.082
'0:00.484',-78.577
'0:00.488',-69.978
'0:00.492',-77.783
'0:00.496',-90.747
'0:00.500',-96.633
'0:00.504',-93.657
'0:00.508',-86.117
'0:00.512',-78.577
'0:00.516',-75.865
'0:00.520',-80.759
'0:00.523',-75.865
'0:00.527',-37.635
'0:00.531',-17.131
'0:00.535',-14.154
'0:00.539',15.742
'0:00.543',21.43
'0:00.547',-2.05
'0:00.551',-43.257
'0:00.555',-58.073
'0:00.559',-65.679
'0:00.563',-46.498
'0:00.566',-37.37
'0:00.570',-44.051
'0:00.574',-72.095
'0:00.578',-109.597
'0:00.582',-122.826
'0:00.586',-132.747
'0:00.590',-126.596
'0:00.594',-108.539
'0:00.598',-81.818
'0:00.602',-91.276
'0:00.605',-96.369
'0:00.609',-90.482
'0:00.613',-92.599
'0:00.617',-83.471
'0:00.621',-44.91
'0:00.625',12.832
'0:00.629',19.247
'0:00.633',-9.326
'0:00.637',33.269
'0:00.641',158.939
'0:00.645',348.965
'0:00.648',529.334
'0:00.652',685.164
'0:00.656',725.908
'0:00.660',474.37
'0:00.664',218.533
'0:00.668',49.474
'0:00.672',6.879
'0:00.676',-39.751
'0:00.680',-30.624
'0:00.684',13.625
'0:00.688',12.832
'0:00.691',-23.348
'0:00.695',-35.452
'0:00.699',-30.624
'0:00.703',-36.51
'0:00.707',-65.348
'0:00.711',-99.081
'0:00.715',-114.426
'0:00.719',-113.896
'0:00.723',-104.174
'0:00.727',-98.287
'0:00.730',-113.632
'0:00.734',-128.977
'0:00.738',-114.161
'0:00.742',-105.563
'0:00.746',-113.896
'0:00.750',-126.596
'0:00.754',-127.389
'0:00.758',-100.403
'0:00.762',-92.599
'0:00.766',-81.288
'0:00.770',-91.54
'0:00.773',-92.863
'0:00.777',-99.61
'0:00.781',-92.334
'0:00.785',-96.633
'0:00.789',-90.747
'0:00.793',-77.783
'0:00.797',-69.714
'0:00.801',-76.46
'0:00.805',-62.173
'0:00.809',-57.014
'0:00.813',-46.498
'0:00.816',-23.613
'0:00.820',-13.625
'0:00.824',-12.567
'0:00.828',-5.82
'0:00.832',2.844
'0:00.836',22.488
'0:00.840',32.476
'0:00.844',35.981
'0:00.848',29.235
'0:00.852',6.085
'0:00.855',-23.084
'0:00.859',-30.888
'0:00.863',-29.235
'0:00.867',-5.82
'0:00.871',2.58
'0:00.875',6.879
'0:00.879',17.395
'0:00.883',35.452
'0:00.887',27.383
'0:00.891',35.981
'0:00.895',38.693
'0:00.898',17.131
'0:00.902',-24.936
'0:00.906',-16.602
'0:00.910',2.05
'0:00.914',16.072
'0:00.918',28.706
'0:00.922',23.877
'0:00.926',19.247
'0:00.930',-40.545
'0:00.934',-59.726
'0:00.938',-52.451
'0:00.941',-61.049
'0:00.945',-62.967
'0:00.949',-86.646
'0:00.953',-105.563
'0:00.957',-85.059
'0:00.961',-64.819
'0:00.965',-65.679
'0:00.969',-69.184
'0:00.973',-86.117
'0:00.977',-83.471
'0:00.980',-81.288
'0:00.984',-82.347
'0:00.988',-69.449
'0:00.992',-54.832
'0:00.996',-52.451
'0:01.000',-48.68
'0:01.004',-32.74
'0:01.008',-21.165
'0:01.012',-23.084
'0:01.016',-19.578
'0:01.020',-15.477
'0:01.023',-31.682
'0:01.027',-35.188
'0:01.031',-38.164
'0:01.035',-36.51
'0:01.039',-48.416
'0:01.043',-62.438
'0:01.047',-65.348
'0:01.051',-54.567
'0:01.055',-55.162
'0:01.059',-49.739
'0:01.063',-45.969
'0:01.066',-48.416
'0:01.070',-68.589
'0:01.074',-69.184
'0:01.078',-66.208
'0:01.082',-63.496
'0:01.086',-49.21
'0:01.090',-37.039
'0:01.094',-22.224
'0:01.098',-18.454
'0:01.102',-29.764
'0:01.105',-45.704
'0:01.109',-50.268
'0:01.113',-54.038
'0:01.117',-52.186
'0:01.121',-31.947
'0:01.125',-0.132
'0:01.129',11.972
'0:01.133',-4.696
'0:01.137',-31.417
'0:01.141',-43.521
'0:01.145',-47.027
'0:01.148',-53.773
'0:01.152',-39.222
'0:01.156',-49.474
'0:01.160',-43.521
'0:01.164',-45.704
'0:01.168',-67.795
'0:01.172',-54.303
'0:01.176',-66.473
'0:01.180',-60.784
'0:01.184',-61.314
'0:01.188',-51.326
'0:01.191',-39.222
'0:01.195',-51.062
'0:01.199',-59.197
'0:01.203',-58.932
'0:01.207',-66.208
'0:01.211',-55.956
'0:01.215',-37.37
'0:01.219',-14.154
'0:01.223',-11.443
'0:01.227',-15.213
'0:01.230',-5.225
'0:01.234',-20.636
'0:01.238',-60.52
'0:01.242',-56.221
'0:01.246',45.175
'0:01.250',234.407
'0:01.254',436.868
'0:01.258',628.018
'0:01.262',743.435
'0:01.266',625.041
'0:01.270',354.653
'0:01.273',172.167
'0:01.277',92.599
'0:01.281',35.188
'0:01.285',-21.43
'0:01.289',-25.2
'0:01.293',-11.178
'0:01.297',-24.671
'0:01.301',-30.888
'0:01.305',-6.879
'0:01.309',3.902
'0:01.313',-11.178
'0:01.316',-35.981
'0:01.320',-58.337
'0:01.324',-55.162
'0:01.328',-32.211
'0:01.332',-30.888
'0:01.336',-35.452
'0:01.340',-39.751
'0:01.344',-38.164
'0:01.348',-33.269
'0:01.352',-16.072
'0:01.355',-19.843
'0:01.359',-22.488
'0:01.363',-20.901
'0:01.367',-1.786
'0:01.371',-1.191
'0:01.375',-3.109
'0:01.379',-4.961
'0:01.383',11.178
'0:01.387',12.832
'0:01.391',29.764
'0:01.395',28.97
'0:01.398',28.176
'0:01.402',28.441
'0:01.406',29.235
'0:01.410',44.91
'0:01.414',43.786
'0:01.418',44.051
'0:01.422',45.175
'0:01.426',45.44
'0:01.430',60.255
'0:01.434',74.277
'0:01.438',74.807
'0:01.441',77.518
'0:01.445',78.577
'0:01.449',92.334
'0:01.453',105.033
'0:01.457',105.563
'0:01.461',109.597
'0:01.465',111.449
'0:01.469',124.413
'0:01.473',135.723
'0:01.477',120.643
'0:01.480',110.655
'0:01.484',112.838
'0:01.488',123.355
'0:01.492',133.011
'0:01.496',134.4
'0:01.500',126.331
'0:01.504',114.69
'0:01.508',93.922
'0:01.512',70.772
'0:01.516',69.714
'0:01.520',74.807
'0:01.523',63.496
'0:01.527',61.843
'0:01.531',55.692
'0:01.535',37.635
'0:01.539',26.523
'0:01.543',15.742
'0:01.547',28.97
'0:01.551',21.959
'0:01.555',4.961
'0:01.559',10.913
'0:01.563',14.948
'0:01.566',11.972
'0:01.570',6.35
'0:01.574',5.556
'0:01.578',10.12
'0:01.582',13.89
'0:01.586',27.383
'0:01.590',37.899
'0:01.594',21.43
'0:01.598',27.383
'0:01.602',30.624
'0:01.605',27.383
'0:01.609',22.224
'0:01.613',21.695
'0:01.617',26.258
'0:01.621',29.499
'0:01.625',11.972
'0:01.629',23.613
'0:01.633',21.165
'0:01.637',9.061
'0:01.641',-1.786
'0:01.645',12.832
'0:01.648',6.35
'0:01.652',4.167
'0:01.656',-6.614
'0:01.660',-16.866
'0:01.664',-18.189
'0:01.668',-9.855
'0:01.672',-13.625
'0:01.676',-23.613
'0:01.680',-31.682
'0:01.684',-32.74
'0:01.688',-41.405
'0:01.691',-45.704
'0:01.695',-40.876
'0:01.699',-48.68
'0:01.703',-48.151
'0:01.707',-55.692
'0:01.711',-45.704
'0:01.715',-42.728
'0:01.719',-65.084
'0:01.723',-61.578
'0:01.727',-69.449
'0:01.730',-62.173
'0:01.734',-60.52
'0:01.738',-50.797
'0:01.742',-30.359
'0:01.746',-36.51
'0:01.750',-28.441
'0:01.754',-12.567
'0:01.758',-4.432
'0:01.762',1.191
'0:01.766',-17.66
'0:01.770',-9.591
'0:01.773',-27.912
'0:01.777',-37.039
'0:01.781',-46.233
'0:01.785',-48.945
'0:01.789',-57.543
'0:01.793',-60.52
'0:01.797',-54.567
'0:01.801',-63.232
'0:01.805',-64.025
'0:01.809',-56.221
'0:01.813',-61.049
'0:01.816',-55.692
'0:01.820',-63.232
'0:01.824',-62.438
'0:01.828',-70.507
'0:01.832',-60.784
'0:01.836',-57.279
'0:01.840',-48.68
'0:01.844',-30.624
'0:01.848',9.061
'0:01.852',33.005
'0:01.855',6.879
'0:01.859',19.247
'0:01.863',159.468
'0:01.867',391.825
'0:01.871',570.342
'0:01.875',716.714
'0:01.879',763.609
'0:01.883',570.607
'0:01.887',320.921
'0:01.891',137.906
'0:01.895',59.726
'0:01.898',-11.972
'0:01.902',-11.707
'0:01.906',18.718
'0:01.910',48.151
'0:01.914',23.348
'0:01.918',-9.591
'0:01.922',-7.408
'0:01.926',-11.972
'0:01.930',-62.967
'0:01.934',-101.792
'0:01.938',-105.298
'0:01.941',-107.679
'0:01.945',-95.311
'0:01.949',-110.92
'0:01.953',-116.873
'0:01.957',-121.437
'0:01.961',-108.539
'0:01.965',-95.84
'0:01.969',-109.597
'0:01.973',-114.69
'0:01.977',-120.643
'0:01.980',-109.333
'0:01.984',-111.78
'0:01.988',-108.274
'0:01.992',-114.161
'0:01.996',-89.887
'0:02.000',-94.781
'0:02.004',-78.577
'0:02.008',-89.358
'0:02.012',-95.84
'0:02.016',-89.887
'0:02.020',-79.966
'0:02.023',-63.496
'0:02.027',-72.359
'0:02.031',-62.173
'0:02.035',-57.808
'0:02.039',-48.945
'0:02.043',-31.682
'0:02.047',-23.613
'0:02.051',-29.235
'0:02.055',6.085
'0:02.059',13.361
'0:02.063',16.337
'0:02.066',27.118
'0:02.070',35.981
'0:02.074',37.039
'0:02.078',44.91
'0:02.082',48.68
'0:02.086',44.051
'0:02.090',52.98
'0:02.094',52.451
'0:02.098',59.462
'0:02.102',48.945
'0:02.105',76.725
'0:02.109',83.736
'0:02.113',82.876
'0:02.117',91.011
'0:02.121',81.818
'0:02.125',78.577
'0:02.129',69.449
'0:02.133',66.473
'0:02.137',57.279
'0:02.141',49.21
'0:02.145',47.027
'0:02.148',37.635
'0:02.152',33.534
'0:02.156',24.142
'0:02.160',16.602
'0:02.164',0.132
'0:02.168',6.614
'0:02.172',-15.213
'0:02.176',-9.326
'0:02.180',-16.602
'0:02.184',-16.072
'0:02.188',-9.061
'0:02.191',-15.477
'0:02.195',-10.649
'0:02.199',-16.866
'0:02.203',-14.948
'0:02.207',-7.937
'0:02.211',-15.477
'0:02.215',-11.443
'0:02.219',-1.786
'0:02.223',-14.948
'0:02.227',-6.35
'0:02.230',-14.419
'0:02.234',-12.236
'0:02.238',-18.718
'0:02.242',-14.419
'0:02.246',-21.165
'0:02.250',-14.154
'0:02.254',-13.625
'0:02.258',-19.843
'0:02.262',-29.235
'0:02.266',-34.658
'0:02.270',-44.91
'0:02.273',-61.843
'0:02.277',-52.98
'0:02.281',-62.438
'0:02.285',-66.208
'0:02.289',-75.336
'0:02.293',-77.518
'0:02.297',-70.772
'0:02.301',-79.37
'0:02.305',-81.024
'0:02.309',-89.093
'0:02.313',-93.128
'0:02.316',-87.77
'0:02.320',-80.759
'0:02.324',-96.369
'0:02.328',-102.322
'0:02.332',-107.15
'0:02.336',-104.769
'0:02.340',-98.287
'0:02.344',-81.024
'0:02.348',-70.772
'0:02.352',-74.542
'0:02.355',-71.301
'0:02.359',-50.003
'0:02.363',-34.129
'0:02.367',-23.084
'0:02.371',-40.876
'0:02.375',-52.186
'0:02.379',-63.496
'0:02.383',-80.759
'0:02.387',-86.381
'0:02.391',-89.358
'0:02.395',-86.117
'0:02.398',-96.369
'0:02.402',-111.185
'0:02.406',-100.668
'0:02.410',-105.827
'0:02.414',-103.644
'0:02.418',-112.309
'0:02.422',-109.862
'0:02.426',-99.874
'0:02.430',-106.092
'0:02.434',-103.644
'0:02.438',-111.78
'0:02.441',-108.539
'0:02.445',-99.081
'0:02.449',-90.482
'0:02.453',-42.463
'0:02.457',-19.247
'0:02.461',-43.521
'0:02.465',-28.97
'0:02.469',69.714
'0:02.473',294.001
'0:02.477',531.517
'0:02.480',707.52
'0:02.484',853.165
'0:02.488',793.306
'0:02.492',537.999
'0:02.496',315.563
'0:02.500',150.87
'0:02.504',75.071
'0:02.508',-12.236
'0:02.512',-8.731
'0:02.516',-3.109
'0:02.520',-18.189
'0:02.523',-22.753
'0:02.527',-27.118
'0:02.531',-25.729
'0:02.535',-36.246
'0:02.539',-64.819
'0:02.543',-83.471
'0:02.547',-74.277
'0:02.551',-92.334
'0:02.555',-86.381
'0:02.559',-81.288
'0:02.563',-83.471
'0:02.566',-73.748
'0:02.570',-76.129
'0:02.574',-70.772
'0:02.578',-65.348
'0:02.582',-66.473
'0:02.586',-72.095
'0:02.590',-74.807
'0:02.594',-86.381
'0:02.598',-81.288
'0:02.602',-82.347
'0:02.605',-72.359
'0:02.609',-59.726
'0:02.613',-71.036
'0:02.617',-64.025
'0:02.621',-64.555
'0:02.625',-55.692
'0:02.629',-44.646
'0:02.633',-40.28
'0:02.637',-32.476
'0:02.641',-31.153
'0:02.645',-21.959
'0:02.648',-27.912
'0:02.652',-9.061
'0:02.656',-1.786
'0:02.660',0.926
'0:02.664',11.443
'0:02.668',20.901
'0:02.672',22.224
'0:02.676',45.175
'0:02.680',48.416
'0:02.684',59.991
'0:02.688',69.714
'0:02.691',85.323
'0:02.695',76.46
'0:02.699',81.818
'0:02.703',78.047
'0:02.707',85.852
'0:02.711',84
'0:02.715',90.747
'0:02.719',96.898
'0:02.723',78.841
'0:02.727',72.095
'0:02.730',68.589
'0:02.734',57.279
'0:02.738',47.821
'0:02.742',31.682
'0:02.746',24.936
'0:02.750',19.843
'0:02.754',7.408
'0:02.758',-0.926
'0:02.762',-15.477
'0:02.766',-21.959
'0:02.770',-43.786
'0:02.773',-41.405
'0:02.777',-50.532
'0:02.781',-48.416
'0:02.785',-53.773
'0:02.789',-43.786
'0:02.793',-42.728
'0:02.797',-35.717
'0:02.801',-31.947
'0:02.805',-36.246
'0:02.809',-26.854
'0:02.813',-27.118
'0:02.816',-20.901
'0:02.820',-31.417
'0:02.824',-34.129
'0:02.828',-25.729
'0:02.832',-28.441
'0:02.836',-22.224
'0:02.840',-31.417
'0:02.844',-32.211
'0:02.848',-24.671
'0:02.852',-28.97
'0:02.855',-38.958
'0:02.859',-30.888
'0:02.863',-31.947
'0:02.867',-40.016
'0:02.871',-44.051
'0:02.875',-54.832
'0:02.879',-47.291
'0:02.883',-48.151
'0:02.887',-55.427
'0:02.891',-59.462
'0:02.895',-55.162
'0:02.898',-64.29
'0:02.902',-63.232
'0:02.906',-69.978
'0:02.910',-74.807
'0:02.914',-71.83
'0:02.918',-80.759
'0:02.922',-78.841
'0:02.926',-69.184
'0:02.930',-59.726
'0:02.934',-72.624
'0:02.938',-64.025
'0:02.941',-61.578
'0:02.945',-52.715
'0:02.949',-43.786
'0:02.953',-25.994
'0:02.957',-32.74
'0:02.961',-27.912
'0:02.965',-33.865
'0:02.969',-57.543
'0:02.973',-57.014
'0:02.977',-81.024
'0:02.980',-76.129
'0:02.984',-81.553
'0:02.988',-89.622
'0:02.992',-89.622
'0:02.996',-82.082
'0:03.000',-92.599
'0:03.004',-80.495
'0:03.008',-88.564
'0:03.012',-89.358
'0:03.016',-82.347
'0:03.020',-92.334
'0:03.023',-79.37
'0:03.027',-87.506
'0:03.031',-89.093
'0:03.035',-82.611
'0:03.039',-45.969
'0:03.043',-2.58
'0:03.047',37.635
'0:03.051',23.348
'0:03.055',18.189
'0:03.059',84.794
'0:03.063',245.188
'0:03.066',388.915
'0:03.070',507.772
'0:03.074',548.251
'0:03.078',377.274
'0:03.082',121.701
'0:03.086',33.269
'0:03.090',6.085
'0:03.094',7.937
'0:03.098',-11.707
'0:03.102',20.107
'0:03.105',48.68
'0:03.109',37.37
'0:03.113',24.142
'0:03.117',20.901
'0:03.121',5.556
'0:03.125',-27.118
'0:03.129',-85.059
'0:03.133',-102.851
'0:03.137',-96.369
'0:03.141',-81.024
'0:03.145',-92.07
'0:03.148',-113.367
'0:03.152',-116.873
'0:03.156',-99.345
'0:03.160',-100.139
'0:03.164',-106.356
'0:03.168',-109.333
'0:03.172',-116.079
'0:03.176',-101.792
'0:03.180',-86.381
'0:03.184',-89.358
'0:03.188',-89.887
'0:03.191',-97.758
'0:03.195',-86.977
'0:03.199',-72.359
'0:03.203',-72.955
'0:03.207',-71.301
'0:03.211',-79.966
'0:03.215',-71.566
'0:03.219',-73.484
'0:03.223',-72.095
'0:03.227',-69.184
'0:03.230',-63.496
'0:03.234',-57.279
'0:03.238',-27.647
'0:03.242',-9.061
'0:03.246',11.443
'0:03.250',17.924
'0:03.254',23.348
'0:03.258',51.921
'0:03.262',54.832
'0:03.266',76.725
'0:03.270',82.611
'0:03.273',86.646
'0:03.277',99.345
'0:03.281',103.38
'0:03.285',109.862
'0:03.289',115.219
'0:03.293',117.402
'0:03.297',113.896
'0:03.301',119.849
'0:03.305',126.86
'0:03.309',115.219
'0:03.313',101.263
'0:03.316',113.103
'0:03.320',102.586
'0:03.324',95.311
'0:03.328',84.529
'0:03.332',68.854
'0:03.336',78.841
'0:03.340',53.509
'0:03.344',48.416
'0:03.348',22.224
'0:03.352',20.372
'0:03.355',12.236
'0:03.359',3.902
'0:03.363',-14.684
'0:03.367',-23.877
'0:03.371',-28.176
'0:03.375',-22.488
'0:03.379',-30.359
'0:03.383',-45.44
'0:03.387',-37.899
'0:03.391',-44.646
'0:03.395',-40.545
'0:03.398',-47.027
'0:03.402',-44.646
'0:03.406',-36.775
'0:03.410',-44.646
'0:03.414',-41.14
'0:03.418',-31.682
'0:03.422',-28.97
'0:03.426',-20.107
'0:03.430',-27.383
'0:03.434',-24.936
'0:03.438',-31.682
'0:03.441',-28.176
'0:03.445',-19.578
'0:03.449',-27.647
'0:03.453',-25.2
'0:03.457',-31.682
'0:03.461',-27.647
'0:03.465',-34.394
'0:03.469',-27.118
'0:03.473',-41.934
'0:03.477',-32.476
'0:03.480',-43.257
'0:03.484',-48.945
'0:03.488',-42.199
'0:03.492',-43.257
'0:03.496',-50.003
'0:03.500',-42.992
'0:03.504',-47.556
'0:03.508',-56.75
'0:03.512',-58.668
'0:03.516',-51.062
'0:03.520',-44.381
'0:03.523',-62.438
'0:03.527',-69.978
'0:03.531',-73.219
'0:03.535',-68.589
'0:03.539',-47.027
'0:03.543',-32.211
'0:03.547',-21.959
'0:03.551',-23.877
'0:03.555',-3.902
'0:03.559',-14.684
'0:03.563',0.926
'0:03.566',-4.696
'0:03.570',-7.408
'0:03.574',-19.247
'0:03.578',-44.91
'0:03.582',-60.784
'0:03.586',-52.186
'0:03.590',-57.808
'0:03.594',-69.449
'0:03.598',-61.049
'0:03.602',-75.865
'0:03.605',-67.266
'0:03.609',-73.748
'0:03.613',-70.507
'0:03.617',-62.173
'0:03.621',-59.726
'0:03.625',-65.679
'0:03.629',-56.221
'0:03.633',-54.832
'0:03.637',-47.291
'0:03.641',-43.521
'0:03.645',-32.74
'0:03.648',-8.466
'0:03.652',22.488
'0:03.656',30.359
'0:03.660',6.879
'0:03.664',51.657
'0:03.668',255.705
'0:03.672',525.035
'0:03.676',740.194
'0:03.680',926.979
'0:03.684',960.976
'0:03.688',737.483
'0:03.691',490.244
'0:03.695',290.231
'0:03.699',127.125
'0:03.703',31.947
'0:03.707',43.786
'0:03.711',51.657
'0:03.715',35.188
'0:03.719',27.647
'0:03.723',33.005
'0:03.727',43.257
'0:03.730',3.638
'0:03.734',-25.729
'0:03.738',-34.129
'0:03.742',-32.74
'0:03.746',-24.142
'0:03.750',-45.704
'0:03.754',-41.669
'0:03.758',-50.003
'0:03.762',-48.68
'0:03.766',-55.427
'0:03.770',-45.44
'0:03.773',-43.257
'0:03.777',-50.797
'0:03.781',-47.291
'0:03.785',-38.164
'0:03.789',-45.704
'0:03.793',-43.521
'0:03.797',-50.532
'0:03.801',-46.762
'0:03.805',-52.98
'0:03.809',-45.175
'0:03.813',-44.646
'0:03.816',-35.981
'0:03.820',-15.477
'0:03.824',-4.961
'0:03.828',3.373
'0:03.832',3.902
'0:03.836',12.236
'0:03.840',17.131
'0:03.844',43.257
'0:03.848',34.923
'0:03.852',51.921
'0:03.855',59.726
'0:03.859',64.819
'0:03.863',76.129
'0:03.867',83.736
'0:03.871',83.14
'0:03.875',106.621
'0:03.879',111.714
'0:03.883',108.803
'0:03.887',117.402
'0:03.891',115.219
'0:03.895',120.907
'0:03.898',111.185
'0:03.902',125.207
'0:03.906',117.137
'0:03.910',114.426
'0:03.914',119.849
'0:03.918',110.391
'0:03.922',109.597
'0:03.926',102.057
'0:03.930',82.611
'0:03.934',87.241
'0:03.938',61.578
'0:03.941',46.233
'0:03.945',39.222
'0:03.949',17.924
'0:03.953',5.556
'0:03.957',-3.373
'0:03.961',-18.189
'0:03.965',-24.671
'0:03.969',-30.359
'0:03.973',-28.441
'0:03.977',-37.039
'0:03.980',-34.129
'0:03.984',-39.487
'0:03.988',-30.359
'0:03.992',-45.175
'0:03.996',-37.37
'0:04.000',-49.474
'0:04.004',-38.693
'0:04.008',-46.233
'0:04.012',-45.704
'0:04.016',-38.164
'0:04.020',-49.21
'0:04.023',-37.37
'0:04.027',-45.44
'0:04.031',-45.704
'0:04.035',-54.303
'0:04.039',-48.68
'0:04.043',-52.715
'0:04.047',-44.91
'0:04.051',-46.498
'0:04.055',-54.567
'0:04.059',-63.496
'0:04.063',-66.737
'0:04.066',-60.52
'0:04.070',-79.37
'0:04.074',-71.301
'0:04.078',-79.37
'0:04.082',-81.818
'0:04.086',-91.011
'0:04.090',-94.781
'0:04.094',-103.909
'0:04.098',-95.84
'0:04.102',-113.103
'0:04.105',-105.563
'0:04.109',-110.655
'0:04.113',-105.298
'0:04.117',-112.309
'0:04.121',-111.449
'0:04.125',-119.32
'0:04.129',-109.862
'0:04.133',-106.621
'0:04.137',-113.103
'0:04.141',-125.207
'0:04.145',-116.608
'0:04.148',-125.471
'0:04.152',-108.274
'0:04.156',-99.081
'0:04.160',-93.392
'0:04.164',-82.611
'0:04.168',-75.865
'0:04.172',-76.129
'0:04.176',-67.266
'0:04.180',-45.704
'0:04.184',-50.268
'0:04.188',-57.543
'0:04.191',-73.484
'0:04.195',-81.818
'0:04.199',-93.128
'0:04.203',-97.427
'0:04.207',-120.643
'0:04.211',-121.172
'0:04.215',-115.285
'0:04.219',-126.331
'0:04.223',-128.448
'0:04.227',-119.32
'0:04.230',-121.966
'0:04.234',-131.689
'0:04.238',-125.207
'0:04.242',-127.125
'0:04.246',-134.4
'0:04.250',-121.437
'0:04.254',-116.873
'0:04.258',-125.471
'0:04.262',-109.333
'0:04.266',-70.507
'0:04.270',-44.91
'0:04.273',-38.693
'0:04.277',-58.073
'0:04.281',-9.326
'0:04.285',163.238
'0:04.289',351.941
'0:04.293',503.472
'0:04.297',611.284
'0:04.301',566.043
'0:04.305',323.897
'0:04.309',148.687
'0:04.313',53.244
'0:04.316',35.188
'0:04.320',-17.131
'0:04.324',7.143
'0:04.328',29.764
'0:04.332',32.211
'0:04.336',2.315
'0:04.340',-13.89
'0:04.344',-22.224
'0:04.348',-64.025
'0:04.352',-124.413
'0:04.355',-155.169
'0:04.359',-144.917
'0:04.363',-140.618
'0:04.367',-147.034
'0:04.371',-154.904
'0:04.375',-154.045
'0:04.379',-145.711
'0:04.383',-125.736
'0:04.387',-115.285
'0:04.391',-121.437
'0:04.395',-119.849
'0:04.398',-112.838
'0:04.402',-94.252
'0:04.406',-98.816
'0:04.410',-88.299
'0:04.414',-87.241
'0:04.418',-80.759
'0:04.422',-77.518
'0:04.426',-65.679
'0:04.430',-55.956
'0:04.434',-55.427
'0:04.438',-48.416
'0:04.441',-28.97
'0:04.445',-17.924
'0:04.449',-23.348
'0:04.453',-21.695
'0:04.457',-15.742
'0:04.461',2.315
'0:04.465',-2.05
'0:04.469',24.671
'0:04.473',25.465
'0:04.477',31.947
'0:04.480',35.452
'0:04.484',31.682
'0:04.488',41.405
'0:04.492',40.545
'0:04.496',46.498
'0:04.500',51.062
'0:04.504',64.025
'0:04.508',57.543
'0:04.512',57.014
'0:04.516',47.027
'0:04.520',51.326
'0:04.523',47.821
'0:04.527',41.669
'0:04.531',40.545
'0:04.535',45.704
'0:04.539',34.394
'0:04.543',32.74
'0:04.547',26.523
'0:04.551',8.731
'0:04.555',-2.315
'0:04.559',-13.361
'0:04.563',-15.213
'0:04.566',-37.37
'0:04.570',-54.567
'0:04.574',-50.532
'0:04.578',-78.312
'0:04.582',-78.841
'0:04.586',-69.449
'0:04.590',-88.035
'0:04.594',-83.14
'0:04.598',-78.047
'0:04.602',-79.106
'0:04.605',-84.529
'0:04.609',-86.977
'0:04.613',-83.471
'0:04.617',-94.252
'0:04.621',-93.988
'0:04.625',-83.736
'0:04.629',-87.506
'0:04.633',-84
'0:04.637',-78.047
'0:04.641',-77.254
'0:04.645',-66.737
'0:04.648',-71.036
'0:04.652',-67.795
'0:04.656',-61.843
'0:04.660',-60.784
'0:04.664',-65.679
'0:04.668',-69.449
'0:04.672',-67.531
'0:04.676',-62.703
'0:04.680',-61.049
'0:04.684',-64.555
'0:04.688',-68.325
'0:04.691',-67.266
'0:04.695',-63.232
'0:04.699',-76.989
'0:04.703',-78.841
'0:04.707',-67.531
'0:04.711',-68.589
'0:04.715',-79.635
'0:04.719',-75.336
'0:04.723',-77.783
'0:04.727',-83.14
'0:04.730',-68.854
'0:04.734',-65.084
'0:04.738',-75.6
'0:04.742',-75.336
'0:04.746',-65.679
'0:04.750',-69.714
'0:04.754',-50.268
'0:04.758',-44.646
'0:04.762',-42.992
'0:04.766',-16.337
'0:04.770',-6.085
'0:04.773',-3.373
'0:04.777',4.432
'0:04.781',6.879
'0:04.785',16.602
'0:04.789',-4.961
'0:04.793',-17.66
'0:04.797',-26.258
'0:04.801',-25.465
'0:04.805',-31.947
'0:04.809',-37.37
'0:04.813',-34.394
'0:04.816',-43.257
'0:04.820',-41.14
'0:04.824',-31.417
'0:04.828',-22.224
'0:04.832',-20.107
'0:04.836',-27.118
'0:04.840',-23.348
'0:04.844',-29.499
'0:04.848',-21.959
'0:04.852',-36.775
'0:04.855',-27.647
'0:04.859',-23.348
'0:04.863',1.72
'0:04.867',24.406
'0:04.871',41.14
'0:04.875',5.556
'0:04.879',13.361
'0:04.883',113.103
'0:04.887',298.036
'0:04.891',467.888
'0:04.895',632.317
'0:04.898',719.161
'0:04.902',535.287
'0:04.906',290.76
'0:04.910',148.687
'0:04.914',87.241
'0:04.918',39.487
'0:04.922',19.247
'0:04.926',24.671
'0:04.930',31.153
'0:04.934',4.696
'0:04.938',-7.937
'0:04.941',-12.567
'0:04.945',6.879
'0:04.949',-2.315
'0:04.953',-26.258
'0:04.957',-38.164
'0:04.961',-28.706
'0:04.965',-11.707
'0:04.969',-19.843
'0:04.973',-40.545
'0:04.977',-20.636
'0:04.980',-14.684
'0:04.984',-13.361
'0:04.988',-18.189
'0:04.992',-7.143
'0:04.996',-21.165
'0:05.000',-14.684
'0:05.004',2.315
'0:05.008',-2.844
'0:05.012',-6.614
'0:05.016',-4.167
'0:05.020',-14.684
'0:05.023',-13.096
'0:05.027',-2.58
'0:05.031',-7.408
'0:05.035',-4.961
'0:05.039',-14.154
'0:05.043',3.373
'0:05.047',12.832
'0:05.051',7.672
'0:05.055',11.178
'0:05.059',18.189
'0:05.063',34.658
'0:05.066',28.706
'0:05.070',40.28
'0:05.074',42.992
'0:05.078',49.21
'0:05.082',66.473
'0:05.086',76.46
'0:05.090',87.77
'0:05.094',90.747
'0:05.098',82.082
'0:05.102',99.61
'0:05.105',108.274
'0:05.109',102.851
'0:05.113',91.011
'0:05.117',98.816
'0:05.121',99.081
'0:05.125',92.07
'0:05.129',86.911
'0:05.133',90.151
'0:05.137',81.288
'0:05.141',67.531
'0:05.145',61.578
'0:05.148',39.487
'0:05.152',41.14
'0:05.156',31.417
'0:05.160',18.718
'0:05.164',-1.191
'0:05.168',-7.408
'0:05.172',-23.877
'0:05.176',-33.865
'0:05.180',-45.704
'0:05.184',-48.945
'0:05.188',-40.016
'0:05.191',-57.279
'0:05.195',-50.532
'0:05.199',-45.704
'0:05.203',-48.68
'0:05.207',-39.751
'0:05.211',-41.405
'0:05.215',-50.797
'0:05.219',-44.91
'0:05.223',-47.887
'0:05.227',-39.487
'0:05.230',-41.934
'0:05.234',-35.452
'0:05.238',-29.235
'0:05.242',-30.888
'0:05.246',-37.899
'0:05.250',-40.876
'0:05.254',-35.981
'0:05.258',-45.969
'0:05.262',-45.969
'0:05.266',-37.039
'0:05.270',-41.405
'0:05.273',-37.039
'0:05.277',-45.44
'0:05.281',-29.235
'0:05.285',-36.51
'0:05.289',-40.876
'0:05.293',-36.775
'0:05.297',-45.704
'0:05.301',-44.646
'0:05.305',-51.062
'0:05.309',-56.485
'0:05.313',-53.509
'0:05.316',-62.438
'0:05.320',-60.255
'0:05.324',-50.532
'0:05.328',-56.75
'0:05.332',-69.449
'0:05.336',-61.578
'0:05.340',-59.991
'0:05.344',-66.208
'0:05.348',-56.221
'0:05.352',-69.714
'0:05.355',-77.254
'0:05.359',-74.542
'0:05.363',-65.944
'0:05.367',-57.543
'0:05.371',-55.162
'0:05.375',-61.049
'0:05.379',-56.75
'0:05.383',-48.416
'0:05.387',-41.934
'0:05.391',-55.692
'0:05.395',-44.646
'0:05.398',-40.28
'0:05.402',-62.967
'0:05.406',-71.036
'0:05.410',-71.036
'0:05.414',-78.577
'0:05.418',-73.219
'0:05.422',-78.047
'0:05.426',-70.507
'0:05.430',-86.977
'0:05.434',-78.577
'0:05.438',-88.829
'0:05.441',-77.254
'0:05.445',-85.852
'0:05.449',-86.977
'0:05.453',-94.781
'0:05.457',-88.299
'0:05.461',-92.334
'0:05.465',-85.323
'0:05.469',-87.241
'0:05.473',-79.37
'0:05.477',-72.624
'0:05.480',-59.726
'0:05.484',-21.695
'0:05.488',6.085
'0:05.492',-0.926
'0:05.496',-4.961
'0:05.500',39.751
'0:05.504',211.257
'0:05.508',340.896
'0:05.512',435.28
'0:05.516',463.324
'0:05.520',301.277
'0:05.523',84
'0:05.527',27.118
'0:05.531',-20.372
'0:05.535',-85.852
'0:05.539',-63.232
'0:05.543',-18.983
'0:05.547',-11.707
'0:05.551',-6.614
'0:05.555',10.384
'0:05.559',31.947
'0:05.563',30.359
'0:05.566',-6.085
'0:05.570',-33.005
'0:05.574',-22.224
'0:05.578',-5.556
'0:05.582',-4.696
'0:05.586',-19.843
'0:05.590',-30.028
'0:05.594',-22.753
'0:05.598',-24.142
'0:05.602',-21.165
'0:05.605',-33.269
'0:05.609',-44.051
'0:05.613',-39.487
'0:05.617',-26.854
'0:05.621',-22.753
'0:05.625',-16.337
'0:05.629',-26.258
'0:05.633',-23.348
'0:05.637',-27.383
'0:05.641',-22.488
'0:05.645',-15.477
'0:05.648',-25.729
'0:05.652',-8.202
'0:05.656',2.58
'0:05.660',8.466
'0:05.664',2.58
'0:05.668',-6.614
'0:05.672',-7.408
'0:05.676',0.926
'0:05.680',6.614
'0:05.684',18.454
'0:05.688',25.465
'0:05.691',24.406
'0:05.695',32.476
'0:05.699',38.693
'0:05.703',50.797
'0:05.707',73.219
'0:05.711',86.646
'0:05.715',79.635
'0:05.719',88.299
'0:05.723',100.403
'0:05.727',105.033
'0:05.730',86.381
'0:05.734',111.185
'0:05.738',118.46
'0:05.742',161.915
'0:05.746',167.273
'0:05.750',151.134
'0:05.754',114.955
'0:05.758',91.276
'0:05.762',52.715
'0:05.766',39.487
'0:05.770',35.452
'0:05.773',29.499
'0:05.777',24.406
'0:05.781',21.43
'0:05.785',8.731
'0:05.789',3.373
'0:05.793',-3.902
'0:05.797',-8.731
'0:05.801',5.225
'0:05.805',-7.143
'0:05.809',2.844
'0:05.813',10.384
'0:05.816',6.085
'0:05.820',-8.731
'0:05.824',-3.902
'0:05.828',-28.441
'0:05.832',-7.408
'0:05.836',2.844
'0:05.840',21.165
'0:05.844',13.096
'0:05.848',6.35
'0:05.852',-5.82
'0:05.855',33.534
'0:05.859',34.129
'0:05.863',28.97
'0:05.867',9.591
'0:05.871',12.236
'0:05.875',16.337
'0:05.879',0.926
'0:05.883',13.361
'0:05.887',24.936
'0:05.891',10.649
'0:05.895',16.602
'0:05.898',2.58
'0:05.902',13.89
'0:05.906',8.202
'0:05.910',9.591
'0:05.914',0.132
'0:05.918',3.373
'0:05.922',14.154
'0:05.926',7.672
'0:05.930',-6.35
'0:05.934',0.926
'0:05.938',18.454
'0:05.941',28.176
'0:05.945',38.693
'0:05.949',41.669
'0:05.953',49.21
'0:05.957',35.717
'0:05.961',45.969
'0:05.965',38.958
'0:05.969',55.956
'0:05.973',47.291
'0:05.977',52.186
'0:05.980',47.556
'0:05.984',71.036
'0:05.988',85.059
'0:05.992',92.599
'0:05.996',100.139
'0:06.000',97.758
'0:06.004',89.093
'0:06.008',101.263
'0:06.012',91.011
'0:06.016',83.471
'0:06.020',67.531
'0:06.023',58.932
'0:06.027',52.451
'0:06.031',25.465
'0:06.035',18.983
'0:06.039',19.512
'0:06.043',25.465
'0:06.047',34.129
'0:06.051',23.613
'0:06.055',19.247
'0:06.059',21.165
'0:06.063',10.913
'0:06.066',2.58
'0:06.070',6.614
'0:06.074',1.455
'0:06.078',4.696
'0:06.082',11.707
'0:06.086',2.58
'0:06.090',-9.591
'0:06.094',32.211
'0:06.098',64.819
'0:06.102',88.564
'0:06.105',68.325
'0:06.109',89.887
'0:06.113',189.1
'0:06.117',402.341
'0:06.121',549.573
'0:06.125',667.901
'0:06.129',689.728
'0:06.133',501.29
'0:06.137',247.106
'0:06.141',144.388
'0:06.145',55.162
'0:06.148',-20.901
'0:06.152',2.58
'0:06.156',41.14
'0:06.160',39.487
'0:06.164',38.428
'0:06.168',44.315
'0:06.172',64.555
'0:06.176',41.14
'0:06.180',12.832
'0:06.184',-4.432
'0:06.188',-4.961
'0:06.191',-4.696
'0:06.195',21.695
'0:06.199',-2.844
'0:06.203',-1.455
'0:06.207',11.178
'0:06.211',7.937
'0:06.215',4.432
'0:06.219',-15.213
'0:06.223',-14.419
'0:06.227',-6.085
'0:06.230',3.638
'0:06.234',17.66
'0:06.238',2.315
'0:06.242',5.225
'0:06.246',-4.432
'0:06.250',2.05
'0:06.254',14.948
'0:06.258',2.315
'0:06.262',-7.672
'0:06.266',13.096
'0:06.270',-0.661
'0:06.273',12.832
'0:06.277',18.454
'0:06.281',25.2
'0:06.285',29.499
'0:06.289',30.888
'0:06.293',43.257
'0:06.297',50.003
'0:06.301',42.728
'0:06.305',62.703
'0:06.309',61.578
'0:06.313',72.955
'0:06.316',81.553
'0:06.320',91.805
'0:06.324',95.575
'0:06.328',93.392
'0:06.332',119.32
'0:06.336',127.654
'0:06.340',124.148
'0:06.344',129.837
'0:06.348',125.736
'0:06.352',133.607
'0:06.355',141.941
'0:06.359',124.678
'0:06.363',116.079
'0:06.367',110.655
'0:06.371',114.955
'0:06.375',107.15
'0:06.379',92.863
'0:06.383',85.852
'0:06.387',78.841
'0:06.391',49.739
'0:06.395',42.992
'0:06.398',28.97
'0:06.402',36.775
'0:06.406',13.361
'0:06.410',1.191
'0:06.414',-5.225
'0:06.418',-3.373
'0:06.422',-11.707
'0:06.426',-18.454
'0:06.430',-30.888
'0:06.434',-22.224
'0:06.438',-20.372
'0:06.441',-27.383
'0:06.445',-33.534
'0:06.449',-30.888
'0:06.453',-23.613
'0:06.457',-36.775
'0:06.461',-41.405
'0:06.465',-32.476
'0:06.469',-32.476
'0:06.473',-56.485
'0:06.477',-35.188
'0:06.480',-41.14
'0:06.484',-33.005
'0:06.488',-33.005
'0:06.492',-40.28
'0:06.496',-34.658
'0:06.500',-54.832
'0:06.504',-78.577
'0:06.508',-79.966
'0:06.512',-58.932
'0:06.516',-69.978
'0:06.520',-54.832
'0:06.523',-60.784
'0:06.527',-78.312
'0:06.531',-74.013
'0:06.535',-69.978
'0:06.539',-71.83
'0:06.543',-76.129
'0:06.547',-62.173
'0:06.551',-59.197
'0:06.555',-70.243
'0:06.559',-69.449
'0:06.563',-74.277
'0:06.566',-62.438
'0:06.570',-45.175
'0:06.574',-40.016
'0:06.578',-52.451
'0:06.582',-70.243
'0:06.586',-75.336
'0:06.590',-62.173
'0:06.594',-59.197
'0:06.598',-53.773
'0:06.602',-37.635
'0:06.605',-11.443
'0:06.609',-30.359
'0:06.613',-25.2
'0:06.617',-20.107
'0:06.621',-5.82
'0:06.625',-27.383
'0:06.629',-43.786
'0:06.633',-55.162
'0:06.637',-67.795
'0:06.641',-85.852
'0:06.645',-90.747
'0:06.648',-92.863
'0:06.652',-104.769
'0:06.656',-100.139
'0:06.660',-101.528
'0:06.664',-75.6
'0:06.668',-62.967
'0:06.672',-73.219
'0:06.676',-50.532
'0:06.680',-36.246
'0:06.684',-43.257
'0:06.688',-29.764
'0:06.691',-24.936
'0:06.695',-18.983
'0:06.699',-19.247
'0:06.703',5.82
'0:06.707',32.476
'0:06.711',67.531
'0:06.715',75.6
'0:06.719',63.761
'0:06.723',105.563
'0:06.727',281.566
'0:06.730',509.69
'0:06.734',662.808
'0:06.738',812.157
'0:06.742',807.064
'0:06.746',536.874
'0:06.750',264.898
'0:06.754',97.427
'0:06.758',34.923
'0:06.762',-36.51
'0:06.766',-29.499
'0:06.770',9.855
'0:06.773',7.937
'0:06.777',-13.89
'0:06.781',-0.661
'0:06.785',17.66
'0:06.789',6.879
'0:06.793',-6.35
'0:06.797',-25.729
'0:06.801',-46.233
'0:06.805',-46.762
'0:06.809',-43.521
'0:06.813',-56.485
'0:06.816',-57.014
'0:06.820',-61.049
'0:06.824',-47.556
'0:06.828',-45.44
'0:06.832',-56.485
'0:06.836',-55.162
'0:06.840',-44.051
'0:06.844',-48.416
'0:06.848',-45.969
'0:06.852',-40.28
'0:06.855',-54.303
'0:06.859',-42.728
'0:06.863',-32.476
'0:06.867',-31.682
'0:06.871',-24.936
'0:06.875',-21.43
'0:06.879',-25.2
'0:06.883',-15.477
'0:06.887',-16.072
'0:06.891',-9.855
'0:06.895',-5.225
'0:06.898',7.408
'0:06.902',16.337
'0:06.906',15.477
'0:06.910',21.959
'0:06.914',42.463
'0:06.918',39.222
'0:06.922',49.21
'0:06.926',78.841
'0:06.930',83.736
'0:06.934',89.887
'0:06.938',89.622
'0:06.941',98.816
'0:06.945',94.781
'0:06.949',114.161
'0:06.953',120.114
'0:06.957',121.172
'0:06.961',131.689
'0:06.965',127.125
'0:06.969',129.572
'0:06.973',119.849
'0:06.977',121.701
'0:06.980',100.668
'0:06.984',110.92
'0:06.988',95.84
'0:06.992',86.646
'0:06.996',74.013
'0:07.000',69.449
'0:07.004',46.762
'0:07.008',47.027
'0:07.012',36.775
'0:07.016',25.2
'0:07.020',6.35
'0:07.023',-0.132
'0:07.027',-2.315
'0:07.031',2.05
'0:07.035',-8.466
'0:07.039',-8.731
'0:07.043',0.661
'0:07.047',-3.373
'0:07.051',0.926
'0:07.055',7.143
'0:07.059',7.408
'0:07.063',17.131
'0:07.066',12.832
'0:07.070',16.602
'0:07.074',22.753
'0:07.078',38.958
'0:07.082',33.005
'0:07.086',29.764
'0:07.090',33.005
'0:07.094',22.753
'0:07.098',38.958
'0:07.102',33.005
'0:07.105',14.154
'0:07.109',17.924
'0:07.113',22.224
'0:07.117',21.43
'0:07.121',17.131
'0:07.125',14.948
'0:07.129',17.395
'0:07.133',5.82
'0:07.137',6.085
'0:07.141',1.72
'0:07.145',-1.455
'0:07.148',0.397
'0:07.152',-10.649
'0:07.156',-9.326
'0:07.160',-13.625
'0:07.164',-17.66
'0:07.168',-16.072
'0:07.172',-11.707
'0:07.176',-10.12
'0:07.180',-28.441
'0:07.184',-0.661
'0:07.188',-2.05
'0:07.191',-12.832
'0:07.195',-23.877
'0:07.199',-41.405
'0:07.203',-31.947
'0:07.207',-20.372
'0:07.211',-0.661
'0:07.215',21.43
'0:07.219',38.428
'0:07.223',49.21
'0:07.227',61.049
'0:07.230',63.761
'0:07.234',54.567
'0:07.238',40.81
'0:07.242',35.717
'0:07.246',13.625
'0:07.250',-0.661
'0:07.254',-25.465
'0:07.258',-23.084
'0:07.262',-14.154
'0:07.266',-20.636
'0:07.270',-33.269
'0:07.273',-40.545
'0:07.277',-38.428
'0:07.281',-45.704
'0:07.285',-52.451
'0:07.289',-50.003
'0:07.293',-57.543
'0:07.297',-69.714
'0:07.301',-44.646
'0:07.305',-53.509
'0:07.309',-51.326
'0:07.313',-26.258
'0:07.316',8.466
'0:07.320',33.269
'0:07.324',58.337
'0:07.328',30.888
'0:07.332',72.359
'0:07.336',227.131
'0:07.340',462.464
'0:07.344',613.996
'0:07.348',745.287
'0:07.352',740.724
'0:07.355',497.784
'0:07.359',278.921
'0:07.363',110.126
'0:07.367',33.534
'0:07.371',-50.532
'0:07.375',-33.865
'0:07.379',8.466
'0:07.383',19.843
'0:07.387',-1.455
'0:07.391',-0.132
'0:07.395',15.477
'0:07.398',-6.614
'0:07.402',-55.692
'0:07.406',-61.578
'0:07.410',-51.062
'0:07.414',-54.038
'0:07.418',-55.427
'0:07.422',-68.589
'0:07.426',-76.129
'0:07.430',-68.589
'0:07.434',-56.75
'0:07.438',-71.301
'0:07.441',-96.633
'0:07.445',-89.093
'0:07.449',-86.381
'0:07.453',-76.46
'0:07.457',-72.095
'0:07.461',-78.577
'0:07.465',-71.301
'0:07.469',-70.772
'0:07.473',-77.254
'0:07.477',-55.692
'0:07.480',-61.843
'0:07.484',-54.303
'0:07.488',-54.567
'0:07.492',-45.704
'0:07.496',-40.016
'0:07.500',-44.381
'0:07.504',-36.775
'0:07.508',-23.084
'0:07.512',-15.742
'0:07.516',-8.466
'0:07.520',-10.384
'0:07.523',-2.844
'0:07.527',8.731
'0:07.531',14.419
'0:07.535',22.753
'0:07.539',38.428
'0:07.543',30.359
'0:07.547',25.994
'0:07.551',30.888
'0:07.555',37.635
'0:07.559',37.635
'0:07.563',46.762
'0:07.566',42.199
'0:07.570',46.233
'0:07.574',37.635
'0:07.578',38.693
'0:07.582',47.291
'0:07.586',41.405
'0:07.590',44.91
'0:07.594',37.37
'0:07.598',39.222
'0:07.602',16.866
'0:07.605',10.649
'0:07.609',11.972
'0:07.613',-12.236
'0:07.617',-24.142
'0:07.621',-29.499
'0:07.625',-52.98
'0:07.629',-68.325
'0:07.633',-76.725
'0:07.637',-73.219
'0:07.641',-78.312
'0:07.645',-69.714
'0:07.648',-69.449
'0:07.652',-77.254
'0:07.656',-72.095
'0:07.660',-76.725
'0:07.664',-84.529
'0:07.668',-85.059
'0:07.672',-78.047
'0:07.676',-73.219
'0:07.680',-76.129
'0:07.684',-67.266
'0:07.688',-68.854
'0:07.691',-78.312
'0:07.695',-72.095
'0:07.699',-59.462
'0:07.703',-67.266
'0:07.707',-68.325
'0:07.711',-77.254
'0:07.715',-71.566
'0:07.719',-75.071
'0:07.723',-82.347
'0:07.727',-84
'0:07.730',-78.047
'0:07.734',-88.035
'0:07.738',-89.622
'0:07.742',-96.633
'0:07.746',-99.61
'0:07.750',-110.391
'0:07.754',-119.585
'0:07.758',-135.723
'0:07.762',-127.389
'0:07.766',-101.792
'0:07.770',-67.266
'0:07.773',-58.337
'0:07.777',-68.854
'0:07.781',-104.174
'0:07.785',-158.145
'0:07.789',-191.018
'0:07.793',-203.122
'0:07.797',-201.005
'0:07.801',-172.697
'0:07.805',-161.651
'0:07.809',-128.712
'0:07.813',-123.09
'0:07.816',-103.115
'0:07.820',-90.151
'0:07.824',-64.29
'0:07.828',-49.21
'0:07.832',-27.383
'0:07.836',-22.224
'0:07.840',-23.348
'0:07.844',-28.97
'0:07.848',-46.762
'0:07.852',-73.748
'0:07.855',-84.529
'0:07.859',-71.83
'0:07.863',-63.761
'0:07.867',-80.759
'0:07.871',-57.543
'0:07.875',-52.98
'0:07.879',-55.692
'0:07.883',-61.578
'0:07.887',-78.577
'0:07.891',-104.174
'0:07.895',-130.63
'0:07.898',-134.136
'0:07.902',-127.125
'0:07.906',-129.837
'0:07.910',-137.641
'0:07.914',-145.182
'0:07.918',-101.263
'0:07.922',-66.208
'0:07.926',-37.899
'0:07.930',-57.014
'0:07.934',-44.051
'0:07.938',59.462
'0:07.941',241.947
'0:07.945',407.236
'0:07.949',555.262
'0:07.953',646.339
'0:07.957',480.521
'0:07.961',264.039
'0:07.965',102.851
'0:07.969',44.646
'0:07.973',16.602
'0:07.977',-4.167
'0:07.980',-17.395
'0:07.984',-27.118
'0:07.988',-36.775
'0:07.992',-64.819
'0:07.996',-68.589
'0:08.000',-50.268
'0:08.004',-76.129
'0:08.008',-130.101
'0:08.012',-156.227
'0:08.016',-148.687
'0:08.020',-150.539
'0:08.023',-142.734
'0:08.027',-131.159
'0:08.031',-125.207
'0:08.035',-85.852
'0:08.039',-71.036
'0:08.043',-92.599
'0:08.047',-94.252
'0:08.051',-90.747
'0:08.055',-102.322
'0:08.059',-86.977
'0:08.063',-107.679
'0:08.066',-155.434
'0:08.070',-166.744
'0:08.074',-165.95
'0:08.078',-154.64
'0:08.082',-127.389
'0:08.086',-94.517
'0:08.090',-72.624
'0:08.094',-68.325
'0:08.098',-85.323
'0:08.102',-90.151
'0:08.105',-77.254
'0:08.109',-44.051
'0:08.113',-8.731
'0:08.117',24.406
'0:08.121',7.937
'0:08.125',-22.753
'0:08.129',-37.635
'0:08.133',-39.487
'0:08.137',-26.854
'0:08.141',-27.383
'0:08.145',-8.466
'0:08.148',-6.085
'0:08.152',-6.614
'0:08.156',6.35
'0:08.160',20.372
'0:08.164',22.224
'0:08.168',41.669
'0:08.172',41.934
'0:08.176',24.142
'0:08.180',38.164
'0:08.184',37.899
'0:08.188',40.016
'0:08.191',41.669
'0:08.195',25.465
'0:08.199',38.958
'0:08.203',67.795
'0:08.207',84
'0:08.211',72.624
'0:08.215',45.44
'0:08.219',-18.189
'0:08.223',-69.978
'0:08.227',-106.092
'0:08.230',-107.15
'0:08.234',-105.298
'0:08.238',-87.506
'0:08.242',-72.624
'0:08.246',-74.013
'0:08.250',-57.808
'0:08.254',-71.83
'0:08.258',-54.303
'0:08.262',-55.956
'0:08.266',-57.808
'0:08.270',-57.279
'0:08.273',-39.751
'0:08.277',-39.222
'0:08.281',-39.487
'0:08.285',-55.692
'0:08.289',-55.162
'0:08.293',-40.016
'0:08.297',4.961
'0:08.301',20.372
'0:08.305',24.142
'0:08.309',-17.924
'0:08.313',-64.025
'0:08.316',-69.978
'0:08.320',-77.518
'0:08.324',-61.578
'0:08.328',-54.567
'0:08.332',-64.555
'0:08.336',-82.611
'0:08.340',-74.542
'0:08.344',-78.312
'0:08.348',-41.934
'0:08.352',-51.062
'0:08.355',-49.21
'0:08.359',-23.877
'0:08.363',-14.948
'0:08.367',-27.118
'0:08.371',-17.395
'0:08.375',-15.477
'0:08.379',7.937
'0:08.383',31.153
'0:08.387',50.268
'0:08.391',30.624
'0:08.395',-40.545
'0:08.398',-93.657
'0:08.402',-139.229
'0:08.406',-114.161
'0:08.410',-92.07
'0:08.414',-64.819
'0:08.418',-47.027
'0:08.422',-40.016
'0:08.426',-16.072
'0:08.430',-12.236
'0:08.434',-0.926
'0:08.438',2.844
'0:08.441',10.384
'0:08.445',16.866
'0:08.449',34.394
'0:08.453',44.91
'0:08.457',35.452
'0:08.461',-0.926
'0:08.465',-41.14
'0:08.469',-90.151
'0:08.473',-130.63
'0:08.477',-141.941
'0:08.480',-117.137
'0:08.484',-110.92
'0:08.488',-140.353
'0:08.492',-113.103
'0:08.496',-94.252
'0:08.500',-101.792
'0:08.504',-108.803
'0:08.508',-90.482
'0:08.512',-67.266
'0:08.516',-79.106
'0:08.520',-36.246
'0:08.523',17.924
'0:08.527',64.29
'0:08.531',59.462
'0:08.535',70.243
'0:08.539',96.898
'0:08.543',252.993
'0:08.547',446.326
'0:08.551',615.914
'0:08.555',766.85
'0:08.559',701.634
'0:08.563',463.324
'0:08.566',262.187
'0:08.570',136.517
'0:08.574',4.432
'0:08.578',-51.921
'0:08.582',-33.005
'0:08.586',-10.12
'0:08.590',-2.58
'0:08.594',-13.89
'0:08.598',-2.315
'0:08.602',-15.213
'0:08.605',-39.222
'0:08.609',-32.476
'0:08.613',-16.337
'0:08.617',23.877
'0:08.621',14.154
'0:08.625',-80.495
'0:08.629',-178.319
'0:08.633',-215.292
'0:08.637',-205.305
'0:08.641',-174.813
'0:08.645',-154.045
'0:08.648',-132.482
'0:08.652',-132.482
'0:08.656',-136.848
'0:08.660',-123.884
'0:08.664',-106.621
'0:08.668',-102.057
'0:08.672',-99.345
'0:08.676',-101.792
'0:08.680',-90.151
'0:08.684',-75.336
'0:08.688',-71.301
'0:08.691',-66.737
'0:08.695',-67.531
'0:08.699',-72.095
'0:08.703',-74.277
'0:08.707',-55.956
'0:08.711',-21.695
'0:08.715',9.326
'0:08.719',7.672
'0:08.723',-6.35
'0:08.727',11.972
'0:08.730',26.258
'0:08.734',54.567
'0:08.738',54.303
'0:08.742',12.567
'0:08.746',-44.91
'0:08.750',-48.151
'0:08.754',-43.786
'0:08.758',-32.74
'0:08.762',-9.061
'0:08.766',0.926
'0:08.770',16.866
'0:08.773',-8.202
'0:08.777',-13.096
'0:08.781',6.879
'0:08.785',13.89
'0:08.789',30.888
'0:08.793',24.936
'0:08.797',20.901
'0:08.801',38.958
'0:08.805',13.361
'0:08.809',0.661
'0:08.813',-4.432
'0:08.816',-26.589
'0:08.820',-41.669
'0:08.824',-82.082
'0:08.828',-109.333
'0:08.832',-130.63
'0:08.836',-139.493
'0:08.840',-125.471
'0:08.844',-72.095
'0:08.848',-50.797
'0:08.852',-50.268
'0:08.855',-69.449
'0:08.859',-102.586
'0:08.863',-116.608
'0:08.867',-115.285
'0:08.871',-85.852
'0:08.875',-73.484
'0:08.879',-71.83
'0:08.883',-82.082
'0:08.887',-110.655
'0:08.891',-98.816
'0:08.895',-59.462
'0:08.898',-14.684
'0:08.902',9.061
'0:08.906',-27.647
'0:08.910',-88.035
'0:08.914',-144.388
'0:08.918',-155.434
'0:08.922',-110.655
'0:08.926',-71.566
'0:08.930',-61.843
'0:08.934',-45.44
'0:08.938',-53.773
'0:08.941',-59.197
'0:08.945',-39.222
'0:08.949',-47.291
'0:08.953',-60.255
'0:08.957',-50.797
'0:08.961',-42.992
'0:08.965',-41.669
'0:08.969',-47.887
'0:08.973',-42.728
'0:08.977',-49.21
'0:08.980',-42.463
'0:08.984',-42.463
'0:08.988',-33.269
'0:08.992',-11.707
'0:08.996',-16.602
'0:09.000',-8.731
'0:09.004',-24.936
'0:09.008',-16.866
'0:09.012',-11.972
'0:09.016',-16.602
'0:09.020',-23.877
'0:09.023',-24.406
'0:09.027',-17.924
'0:09.031',-28.706
'0:09.035',-46.498
'0:09.039',-37.635
'0:09.043',-41.405
'0:09.047',-36.51
'0:09.051',-45.175
'0:09.055',-75.865
'0:09.059',-66.737
'0:09.063',-73.748
'0:09.066',-71.301
'0:09.070',-78.312
'0:09.074',-74.807
'0:09.078',-81.288
'0:09.082',-73.219
'0:09.086',-72.359
'0:09.090',-63.761
'0:09.094',-58.932
'0:09.098',-48.151
'0:09.102',-25.2
'0:09.105',-25.465
'0:09.109',-62.173
'0:09.113',-69.978
'0:09.117',-92.334
'0:09.121',-58.337
'0:09.125',-62.173
'0:09.129',-80.759
'0:09.133',-68.06
'0:09.137',126.86
'0:09.141',368.411
'0:09.145',584.629
'0:09.148',803.228
'0:09.152',913.222
'0:09.156',745.023
'0:09.160',509.954
'0:09.164',255.969
'0:09.168',124.413
'0:09.172',47.556
'0:09.176',16.602
'0:09.180',10.913
'0:09.184',-10.649
'0:09.188',-24.142
'0:09.191',-33.534
'0:09.195',-16.866
'0:09.199',-7.672
'0:09.203',-27.383
'0:09.207',-53.773
'0:09.211',-78.047
'0:09.215',-79.37
'0:09.219',-88.829
'0:09.223',-62.703
'0:09.227',-42.199
'0:09.230',-32.74
'0:09.234',-45.175
'0:09.238',-82.347
'0:09.242',-120.378
'0:09.246',-105.298
'0:09.250',-101.528
'0:09.254',-66.737
'0:09.258',-37.635
'0:09.262',-9.591
'0:09.266',-39.222
'0:09.270',-78.841
'0:09.273',-107.415
'0:09.277',-99.61
'0:09.281',-93.657
'0:09.285',-76.725
'0:09.289',-50.532
'0:09.293',-28.441
'0:09.297',-18.189
'0:09.301',-10.913
'0:09.305',-10.913
'0:09.309',13.361
'0:09.313',3.373
'0:09.316',0.132
'0:09.320',7.408
'0:09.324',20.107
'0:09.328',57.279
'0:09.332',95.311
'0:09.336',110.92
'0:09.340',91.011
'0:09.344',74.013
'0:09.348',45.44
'0:09.352',47.821
'0:09.355',60.255
'0:09.359',86.381
'0:09.363',86.381
'0:09.367',93.128
'0:09.371',81.818
'0:09.375',93.922
'0:09.379',101.792
'0:09.383',116.079
'0:09.387',107.415
'0:09.391',83.736
'0:09.395',81.553
'0:09.398',55.427
'0:09.402',66.473
'0:09.406',56.221
'0:09.410',49.739
'0:09.414',34.394
'0:09.418',25.465
'0:09.422',2.844
'0:09.426',-8.731
'0:09.430',-0.132
'0:09.434',-14.948
'0:09.438',-21.959
'0:09.441',-28.176
'0:09.445',-25.729
'0:09.449',-18.454
'0:09.453',-16.072
'0:09.457',9.855
'0:09.461',18.718
'0:09.465',5.82
'0:09.469',-15.742
'0:09.473',-58.932
'0:09.477',-81.818
'0:09.480',-77.254
'0:09.484',-48.416
'0:09.488',-23.348
'0:09.492',-13.625
'0:09.496',0.661
'0:09.500',-24.936
'0:09.504',-44.051
'0:09.508',-22.488
'0:09.512',-32.211
'0:09.516',-16.866
'0:09.520',-23.877
'0:09.523',-27.118
'0:09.527',-22.753
'0:09.531',-16.866
'0:09.535',-1.455
'0:09.539',-7.672
'0:09.543',-10.12
'0:09.547',-21.43
'0:09.551',-16.337
'0:09.555',-17.66
'0:09.559',-23.613
'0:09.563',-25.729
'0:09.566',-37.37
'0:09.570',-16.866
'0:09.574',-18.718
'0:09.578',-7.937
'0:09.582',21.165
'0:09.586',24.671
'0:09.590',30.888
'0:09.594',16.337
'0:09.598',-19.578
'0:09.602',-69.978
'0:09.605',-23.084
'0:09.609',-8.202
'0:09.613',-5.82
'0:09.617',-17.924
'0:09.621',-64.025
'0:09.625',-97.427
'0:09.629',-117.667
'0:09.633',-120.114
'0:09.637',-103.115
'0:09.641',-99.874
'0:09.645',-82.611
'0:09.648',-100.139
'0:09.652',-101.263
'0:09.656',-101.263
'0:09.660',-100.139
'0:09.664',-99.081
'0:09.668',-99.61
'0:09.672',-85.059
'0:09.676',-70.243
'0:09.680',-53.509
'0:09.684',-66.473
'0:09.688',-95.311
'0:09.691',-96.633
'0:09.695',-86.117
'0:09.699',-26.854
'0:09.703',-8.731
'0:09.707',14.948
'0:09.711',80.495
'0:09.715',198.294
'0:09.719',331.173
'0:09.723',492.691
'0:09.727',555.262
'0:09.730',430.65
'0:09.734',215.821
'0:09.738',105.298
'0:09.742',31.417
'0:09.746',24.142
'0:09.750',-5.225
'0:09.754',-17.395
'0:09.758',-23.348
'0:09.762',-16.337
'0:09.766',-26.854
'0:09.770',-24.671
'0:09.773',-18.718
'0:09.777',-37.039
'0:09.781',-90.482
'0:09.785',-117.931
'0:09.789',-91.54
'0:09.793',-59.462
'0:09.797',-42.463
'0:09.801',-55.956
'0:09.805',-95.575
'0:09.809',-103.38
'0:09.813',-107.679
'0:09.816',-108.274
'0:09.820',-104.438
'0:09.824',-96.369
'0:09.828',-89.358
'0:09.832',-92.334
'0:09.836',-74.542
'0:09.840',-70.772
'0:09.844',-64.025
'0:09.848',-42.728
'0:09.852',0.926
'0:09.855',4.167
'0:09.859',-18.454
'0:09.863',-56.75
'0:09.867',-101.263
'0:09.871',-94.517
'0:09.875',-18.189
'0:09.879',34.923
'0:09.883',96.104
'0:09.887',75.865
'0:09.891',27.383
'0:09.895',-67.531
'0:09.898',-129.837
'0:09.902',-143.859
'0:09.906',-95.575
'0:09.910',-51.326
'0:09.914',-26.589
'0:09.918',-14.948
'0:09.922',-9.855
'0:09.926',3.109
'0:09.930',11.972
'0:09.934',21.165
'0:09.938',18.718
'0:09.941',24.406
'0:09.945',50.532
'0:09.949',41.405
'0:09.953',52.715
'0:09.957',37.635
'0:09.961',42.992
'0:09.965',50.003
'0:09.969',54.567
'0:09.973',97.163
'0:09.977',130.63
'0:09.980',122.826
'0:09.984',71.566
'0:09.988',-16.072
'0:09.992',-101.792
'0:09.996',-153.251
