'0:00.000',-725.613
'0:00.004',-714.268
'0:00.008',-728.296
'0:00.012',-721.038
'0:00.016',-718.05
'0:00.020',-721.831
'0:00.023',-710.792
'0:00.027',-709.694
'0:00.031',-702.68
'0:00.035',-698.411
'0:00.039',-685.724
'0:00.043',-690.848
'0:00.047',-674.38
'0:00.051',-668.22
'0:00.055',-663.341
'0:00.059',-664.926
'0:00.063',-654.192
'0:00.066',-655.229
'0:00.070',-634.248
'0:00.074',-629.125
'0:00.078',-613.755
'0:00.082',-602.41
'0:00.086',-603.752
'0:00.090',-613.999
'0:00.094',-624.001
'0:00.098',-609.424
'0:00.102',-616.133
'0:00.105',-617.536
'0:00.109',-611.559
'0:00.113',-590.029
'0:00.117',-576.001
'0:00.121',-580.819
'0:00.125',-565.206
'0:00.129',-544.957
'0:00.133',-540.687
'0:00.137',-524.769
'0:00.141',-512.875
'0:00.145',-498.908
'0:00.148',-494.822
'0:00.152',-473.841
'0:00.156',-458.166
'0:00.160',-461.948
'0:00.164',-462.496
'0:00.168',-458.959
'0:00.172',-455.483
'0:00.176',-424.987
'0:00.180',-398.029
'0:00.184',-367.045
'0:00.188',-330.633
'0:00.191',-325.022
'0:00.195',-323.619
'0:00.199',-343.076
'0:00.203',-330.389
'0:00.207',-345.515
'0:00.211',-340.392
'0:00.215',-353.871
'0:00.219',-356.25
'0:00.223',-375.95
'0:00.227',-375.401
'0:00.230',-356.555
'0:00.234',-354.664
'0:00.238',-324.168
'0:00.242',-310.994
'0:00.246',-294.283
'0:00.250',-290.196
'0:00.254',-287.269
'0:00.258',-288.61
'0:00.262',-276.473
'0:00.266',-277.571
'0:00.270',-258.115
'0:00.273',-239.025
'0:00.277',-208.529
'0:00.281',-165.103
'0:00.285',-149.733
'0:00.289',-159.187
'0:00.293',-45.438
'0:00.297',180.229
'0:00.301',404.555
'0:00.305',571.427
'0:00.309',661.206
'0:00.313',615.889
'0:00.316',374.852
'0:00.320',138.694
'0:00.324',-2.013
'0:00.328',-116.31
'0:00.332',-157.601
'0:00.336',-109.296
'0:00.340',-71.299
'0:00.344',-44.89
'0:00.348',-6.587
'0:00.352',50.257
'0:00.355',236.585
'0:00.359',395.65
'0:00.363',520.743
'0:00.367',602.959
'0:00.371',668.159
'0:00.375',680.052
'0:00.379',693.287
'0:00.383',700.24
'0:00.387',727.503
'0:00.391',758.243
'0:00.395',741.775
'0:00.398',727.503
'0:00.402',732.871
'0:00.406',753.364
'0:00.410',781.176
'0:00.414',784.408
'0:00.418',790.873
'0:00.422',780.322
'0:00.426',751.473
'0:00.430',746.655
'0:00.434',733.42
'0:00.438',707.803
'0:00.441',697.557
'0:00.445',713.475
'0:00.449',737.445
'0:00.453',742.324
'0:00.457',737.994
'0:00.461',729.638
'0:00.465',742.873
'0:00.469',732.322
'0:00.473',738.299
'0:00.477',735.31
'0:00.480',742.568
'0:00.484',753.913
'0:00.488',774.162
'0:00.492',796.241
'0:00.496',795.997
'0:00.500',789.775
'0:00.504',800.571
'0:00.508',832.652
'0:00.512',852.291
'0:00.516',855.036
'0:00.520',852.84
'0:00.523',832.652
'0:00.527',799.778
'0:00.531',786.299
'0:00.535',755.559
'0:00.539',736.957
'0:00.543',716.464
'0:00.547',698.898
'0:00.551',685.175
'0:00.555',655.534
'0:00.559',638.273
'0:00.563',602.166
'0:00.566',568.438
'0:00.570',553.617
'0:00.574',538.492
'0:00.578',520.987
'0:00.582',518.303
'0:00.586',500.799
'0:00.590',486.466
'0:00.594',456.824
'0:00.598',440.113
'0:00.602',450.908
'0:00.605',524.22
'0:00.609',555.203
'0:00.613',563.315
'0:00.617',585.943
'0:00.621',597.043
'0:00.625',587.833
'0:00.629',586.248
'0:00.633',592.957
'0:00.637',598.08
'0:00.641',594.299
'0:00.645',586.492
'0:00.648',584.357
'0:00.652',573.562
'0:00.656',578.685
'0:00.660',590.822
'0:00.664',598.385
'0:00.668',611.864
'0:00.672',633.15
'0:00.676',638.822
'0:00.680',606.741
'0:00.684',569.78
'0:00.688',549.287
'0:00.691',517.999
'0:00.695',505.922
'0:00.699',521.231
'0:00.703',515.864
'0:00.707',512.875
'0:00.711',515.315
'0:00.715',519.096
'0:00.719',518.303
'0:00.723',513.973
'0:00.727',510.985
'0:00.730',497.261
'0:00.734',500.494
'0:00.738',499.396
'0:00.742',495.127
'0:00.746',492.382
'0:00.750',478.903
'0:00.754',451.457
'0:00.758',435.538
'0:00.762',429.622
'0:00.766',424.194
'0:00.770',441.455
'0:00.773',446.334
'0:00.777',433.099
'0:00.781',414.496
'0:00.785',393.759
'0:00.789',391.564
'0:00.793',378.39
'0:00.797',381.317
'0:00.801',395.101
'0:00.805',390.527
'0:00.809',389.429
'0:00.813',392.906
'0:00.816',364.362
'0:00.820',363.264
'0:00.824',357.348
'0:00.828',369.485
'0:00.832',356.555
'0:00.836',346.857
'0:00.840',331.731
'0:00.844',340.88
'0:00.848',349.785
'0:00.852',367.35
'0:00.855',390.222
'0:00.859',424.499
'0:00.863',419.62
'0:00.867',399.676
'0:00.871',355.213
'0:00.875',329.048
'0:00.879',327.157
'0:00.883',318.801
'0:00.887',330.146
'0:00.891',334.171
'0:00.895',310.689
'0:00.898',265.678
'0:00.902',258.42
'0:00.906',217.434
'0:00.910',218.227
'0:00.914',240.854
'0:00.918',259.213
'0:00.922',270.557
'0:00.926',265.678
'0:00.930',267.02
'0:00.934',256.773
'0:00.938',243.599
'0:00.941',238.964
'0:00.945',248.173
'0:00.949',278.059
'0:00.953',299.101
'0:00.957',274.034
'0:00.961',305.322
'0:00.965',435.538
'0:00.969',659.01
'0:00.973',835.58
'0:00.977',998.975
'0:00.980',1063.382
'0:00.984',844.79
'0:00.988',557.094
'0:00.992',388.636
'0:00.996',323.375
'0:01.000',236.036
'0:01.004',198.526
'0:01.008',208.529
'0:01.012',187.487
'0:01.016',159.492
'0:01.020',155.406
'0:01.023',193.952
'0:01.027',216.885
'0:01.031',200.966
'0:01.035',179.924
'0:01.039',175.35
'0:01.043',176.448
'0:01.047',181.022
'0:01.051',182.669
'0:01.055',164.066
'0:01.059',175.899
'0:01.063',190.171
'0:01.066',193.159
'0:01.070',181.815
'0:01.074',181.815
'0:01.078',176.692
'0:01.082',173.215
'0:01.086',175.35
'0:01.090',179.924
'0:01.094',165.103
'0:01.098',176.997
'0:01.102',172.117
'0:01.105',173.459
'0:01.109',193.708
'0:01.113',195.294
'0:01.117',192.61
'0:01.121',204.748
'0:01.125',204.504
'0:01.129',207.98
'0:01.133',210.664
'0:01.137',223.899
'0:01.141',234.938
'0:01.145',250.064
'0:01.148',254.333
'0:01.152',273.79
'0:01.156',286.964
'0:01.160',297.759
'0:01.164',312.58
'0:01.168',332.28
'0:01.172',351.431
'0:01.176',350.334
'0:01.180',347.101
'0:01.184',360.824
'0:01.188',362.227
'0:01.191',365.154
'0:01.195',350.09
'0:01.199',331.975
'0:01.203',328.743
'0:01.207',327.401
'0:01.211',298.308
'0:01.215',285.622
'0:01.219',268.117
'0:01.223',247.624
'0:01.227',229.571
'0:01.230',200.722
'0:01.234',172.666
'0:01.238',155.406
'0:01.242',134.12
'0:01.246',115.517
'0:01.250',102.587
'0:01.254',90.694
'0:01.258',89.901
'0:01.262',84.534
'0:01.266',81.85
'0:01.270',69.408
'0:01.273',74.287
'0:01.277',57.82
'0:01.281',53.001
'0:01.285',49.769
'0:01.289',51.599
'0:01.293',40.559
'0:01.297',41.901
'0:01.301',37.632
'0:01.305',48.671
'0:01.309',34.399
'0:01.313',40.315
'0:01.316',42.206
'0:01.320',53.001
'0:01.324',63.492
'0:01.328',49.769
'0:01.332',41.352
'0:01.336',43.792
'0:01.340',37.327
'0:01.344',31.167
'0:01.348',32.752
'0:01.352',39.766
'0:01.355',42.45
'0:01.359',37.876
'0:01.363',32.203
'0:01.367',32.752
'0:01.371',23.055
'0:01.375',26.287
'0:01.379',22.262
'0:01.383',16.285
'0:01.387',16.285
'0:01.391',6.343
'0:01.395',10.125
'0:01.398',6.587
'0:01.402',0.671
'0:01.406',0.122
'0:01.410',5.245
'0:01.414',-6.343
'0:01.418',-8.234
'0:01.422',1.22
'0:01.426',-1.22
'0:01.430',-11.71
'0:01.434',-5.55
'0:01.438',-23.055
'0:01.441',-29.52
'0:01.445',-48.366
'0:01.449',-59.71
'0:01.453',-54.587
'0:01.457',-56.234
'0:01.461',-61.845
'0:01.465',-64.041
'0:01.469',-60.015
'0:01.473',-178.887
'0:01.477',-546.359
'0:01.480',-779.285
'0:01.484',-943.961
'0:01.488',-1049.659
'0:01.492',-1113.822
'0:01.496',-1122.971
'0:01.500',-1155.601
'0:01.504',-1182.01
'0:01.508',-1218.727
'0:01.512',-1221.959
'0:01.516',-1203.601
'0:01.520',-1172.312
'0:01.523',-1162.066
'0:01.527',-1162.371
'0:01.531',-1165.603
'0:01.535',-1165.847
'0:01.539',-1166.396
'0:01.543',-1170.422
'0:01.547',-1201.466
'0:01.551',-1206.285
'0:01.555',-1209.822
'0:01.559',-1196.038
'0:01.563',-1197.685
'0:01.566',-1194.452
'0:01.570',-1199.819
'0:01.574',-1189.329
'0:01.578',-1175.85
'0:01.582',-1175.545
'0:01.586',-1216.836
'0:01.590',-1221.654
'0:01.594',-1231.352
'0:01.598',-1221.41
'0:01.602',-1219.764
'0:01.605',-1210.859
'0:01.609',-1215.738
'0:01.613',-1178.777
'0:01.617',-1123.824
'0:01.621',-1090.096
'0:01.625',-1122.971
'0:01.629',-1106.808
'0:01.633',-982.508
'0:01.637',-782.761
'0:01.641',-655.534
'0:01.645',-545.811
'0:01.648',-607.778
'0:01.652',-850.157
'0:01.656',-1091.194
'0:01.660',-1144.317
'0:01.664',-1243.245
'0:01.668',-1312.531
'0:01.672',-1259.164
'0:01.676',-1210.615
'0:01.680',-1211.957
'0:01.684',-1204.394
'0:01.688',-1192.013
'0:01.691',-1173.654
'0:01.695',-1202.808
'0:01.699',-1231.657
'0:01.703',-1242.147
'0:01.707',-1267.52
'0:01.711',-1297.71
'0:01.715',-1323.022
'0:01.719',-1350.773
'0:01.723',-1364.008
'0:01.727',-1299.296
'0:01.730',-1223.301
'0:01.734',-1165.847
'0:01.738',-1135.657
'0:01.742',-1126.752
'0:01.746',-1142.122
'0:01.750',-1132.973
'0:01.754',-1127.057
'0:01.758',-1129.985
'0:01.762',-1120.592
'0:01.766',-1120.836
'0:01.770',-1097.354
'0:01.773',-1075.519
'0:01.777',-999.524
'0:01.781',-913.222
'0:01.785',-710.792
'0:01.789',-454.141
'0:01.793',-223.35
'0:01.797',-39.217
'0:01.801',123.629
'0:01.805',233.047
'0:01.809',296.661
'0:01.813',365.154
'0:01.816',416.387
'0:01.820',463.045
'0:01.824',475.976
'0:01.828',491.894
'0:01.832',525.866
'0:01.836',557.643
'0:01.840',572.22
'0:01.844',571.671
'0:01.848',588.382
'0:01.852',588.382
'0:01.855',572.22
'0:01.859',587.041
'0:01.863',584.601
'0:01.867',584.357
'0:01.871',570.085
'0:01.875',555.508
'0:01.879',537.699
'0:01.883',518.852
'0:01.887',501.592
'0:01.891',471.401
'0:01.895',457.068
'0:01.898',439.015
'0:01.902',419.62
'0:01.906',402.664
'0:01.910',373.266
'0:01.914',359.238
'0:01.918',340.88
'0:01.922',336.611
'0:01.926',334.72
'0:01.930',321.485
'0:01.934',309.348
'0:01.938',308.25
'0:01.941',318.252
'0:01.945',299.65
'0:01.949',303.675
'0:01.953',307.762
'0:01.957',290.745
'0:01.961',285.927
'0:01.965',282.938
'0:01.969',284.829
'0:01.973',288.61
'0:01.977',288.854
'0:01.980',285.073
'0:01.984',282.145
'0:01.988',267.812
'0:01.992',255.98
'0:01.996',240.61
'0:02.000',236.585
'0:02.004',247.38
'0:02.008',247.624
'0:02.012',252.992
'0:02.016',286.415
'0:02.020',297.759
'0:02.023',294.283
'0:02.027',296.661
'0:02.031',285.622
'0:02.035',271.106
'0:02.039',266.227
'0:02.043',260.859
'0:02.047',261.347
'0:02.051',266.471
'0:02.055',253.297
'0:02.059',250.308
'0:02.063',229.266
'0:02.066',243.843
'0:02.070',231.157
'0:02.074',234.938
'0:02.078',233.352
'0:02.082',228.778
'0:02.086',226.582
'0:02.090',214.201
'0:02.094',202.613
'0:02.098',216.641
'0:02.102',210.42
'0:02.105',208.529
'0:02.109',212.859
'0:02.113',201.515
'0:02.117',200.417
'0:02.121',194.501
'0:02.125',191.268
'0:02.129',179.131
'0:02.133',199.929
'0:02.137',198.282
'0:02.141',193.403
'0:02.145',206.882
'0:02.148',193.952
'0:02.152',183.462
'0:02.156',183.218
'0:02.160',192.61
'0:02.164',203.65
'0:02.168',222.252
'0:02.172',229.022
'0:02.176',231.157
'0:02.180',226.338
'0:02.184',236.036
'0:02.188',220.91
'0:02.191',212.006
'0:02.195',184.255
'0:02.199',179.436
'0:02.203',170.775
'0:02.207',154.064
'0:02.211',161.322
'0:02.215',150.587
'0:02.219',162.42
'0:02.223',154.064
'0:02.227',137.596
'0:02.230',144.61
'0:02.234',148.941
'0:02.238',144.915
'0:02.242',153.515
'0:02.246',137.108
'0:02.250',143.817
'0:02.254',147.843
'0:02.258',128.752
'0:02.262',138.145
'0:02.266',151.38
'0:02.270',186.938
'0:02.273',223.106
'0:02.277',207.98
'0:02.281',206.089
'0:02.285',279.95
'0:02.289',493.48
'0:02.293',648.52
'0:02.297',756.352
'0:02.301',774.162
'0:02.305',639.066
'0:02.309',334.964
'0:02.313',181.815
'0:02.316',55.136
'0:02.320',-44.89
'0:02.324',-7.441
'0:02.328',57.271
'0:02.332',84.534
'0:02.336',83.68
'0:02.340',103.929
'0:02.344',107.711
'0:02.348',75.629
'0:02.352',56.722
'0:02.355',53.489
'0:02.359',53.245
'0:02.363',55.929
'0:02.367',57.82
'0:02.371',41.108
'0:02.375',38.973
'0:02.379',37.327
'0:02.383',38.424
'0:02.387',40.559
'0:02.391',40.864
'0:02.395',38.973
'0:02.398',37.632
'0:02.402',38.12
'0:02.406',39.766
'0:02.410',40.315
'0:02.414',39.217
'0:02.418',37.876
'0:02.422',53.489
'0:02.426',54.343
'0:02.430',55.929
'0:02.434',55.929
'0:02.438',54.587
'0:02.441',68.859
'0:02.445',69.164
'0:02.449',86.669
'0:02.453',87.461
'0:02.457',86.973
'0:02.461',116.859
'0:02.465',130.887
'0:02.469',133.022
'0:02.473',151.929
'0:02.477',151.624
'0:02.480',180.229
'0:02.484',193.159
'0:02.488',210.969
'0:02.492',230.913
'0:02.496',232.011
'0:02.500',229.571
'0:02.504',242.257
'0:02.508',257.322
'0:02.512',244.636
'0:02.516',248.173
'0:02.520',246.283
'0:02.523',226.033
'0:02.527',209.322
'0:02.531',196.392
'0:02.535',167.299
'0:02.539',150.038
'0:02.543',129.789
'0:02.547',111.736
'0:02.551',82.887
'0:02.555',55.136
'0:02.559',38.12
'0:02.563',16.834
'0:02.566',-1.769
'0:02.570',-14.699
'0:02.574',-10.917
'0:02.578',-27.385
'0:02.582',-31.167
'0:02.586',-49.22
'0:02.590',-47.024
'0:02.594',-44.341
'0:02.598',-44.646
'0:02.602',-47.024
'0:02.605',-48.366
'0:02.609',-62.394
'0:02.613',-59.71
'0:02.617',-60.259
'0:02.621',-63.492
'0:02.625',-64.59
'0:02.629',-62.394
'0:02.633',-60.015
'0:02.637',-60.259
'0:02.641',-62.394
'0:02.645',-63.736
'0:02.648',-62.394
'0:02.652',-60.259
'0:02.656',-60.015
'0:02.660',-61.845
'0:02.664',-62.943
'0:02.668',-77.52
'0:02.672',-75.324
'0:02.676',-75.873
'0:02.680',-78.069
'0:02.684',-79.106
'0:02.688',-77.52
'0:02.691',-75.324
'0:02.695',-90.999
'0:02.699',-92.341
'0:02.703',-78.862
'0:02.707',-94.475
'0:02.711',-91.243
'0:02.715',-89.901
'0:02.719',-92.097
'0:02.723',-94.475
'0:02.727',-109.296
'0:02.730',-106.369
'0:02.734',-121.19
'0:02.738',-107.711
'0:02.742',-110.943
'0:02.746',-109.845
'0:02.750',-121.434
'0:02.754',-119.543
'0:02.758',-122.775
'0:02.762',-111.187
'0:02.766',-126.313
'0:02.770',-120.885
'0:02.773',-118.506
'0:02.777',-121.982
'0:02.781',-126.313
'0:02.785',-110.15
'0:02.789',-121.434
'0:02.793',-133.327
'0:02.797',-150.587
'0:02.801',-140.341
'0:02.805',-143.573
'0:02.809',-123.873
'0:02.813',-103.136
'0:02.816',-102.587
'0:02.820',-74.836
'0:02.824',-78.313
'0:02.828',-74.836
'0:02.832',-69.408
'0:02.836',-69.164
'0:02.840',-89.108
'0:02.844',-91.792
'0:02.848',-106.064
'0:02.852',-133.022
'0:02.855',-131.68
'0:02.859',-137.108
'0:02.863',-141.134
'0:02.867',-138.999
'0:02.871',-133.571
'0:02.875',-131.68
'0:02.879',-135.462
'0:02.883',-139.487
'0:02.887',-138.145
'0:02.891',-133.876
'0:02.895',-131.68
'0:02.898',-134.364
'0:02.902',-137.901
'0:02.906',-337.952
'0:02.910',-606.436
'0:02.914',-793.801
'0:02.918',-912.185
'0:02.922',-969.029
'0:02.926',-1013.247
'0:02.930',-1080.948
'0:02.934',-1097.11
'0:02.938',-992.266
'0:02.941',-806.487
'0:02.945',-618.573
'0:02.949',-452.494
'0:02.953',-400.224
'0:02.957',-621.562
'0:02.961',-928.896
'0:02.965',-1152.368
'0:02.969',-1262.884
'0:02.973',-1363.215
'0:02.977',-1375.047
'0:02.980',-1370.778
'0:02.984',-1381.268
'0:02.988',-1374.803
'0:02.992',-1328.145
'0:02.996',-1276.912
'0:03.000',-1254.529
'0:03.004',-1244.587
'0:03.008',-1236.78
'0:03.012',-1223.85
'0:03.016',-1221.105
'0:03.020',-1229.766
'0:03.023',-1236.231
'0:03.027',-1261.848
'0:03.031',-1249.954
'0:03.035',-1278.803
'0:03.039',-1270.752
'0:03.043',-1278.254
'0:03.047',-1289.355
'0:03.051',-1277.217
'0:03.055',-1273.131
'0:03.059',-1233.792
'0:03.063',-1164.506
'0:03.066',-975.006
'0:03.070',-715.61
'0:03.074',-517.511
'0:03.078',-320.143
'0:03.082',-159.736
'0:03.086',-79.106
'0:03.090',-10.673
'0:03.094',26.043
'0:03.098',73.738
'0:03.102',116.859
'0:03.105',115.517
'0:03.109',121.434
'0:03.113',126.008
'0:03.117',169.983
'0:03.121',193.403
'0:03.125',239.818
'0:03.129',278.364
'0:03.133',316.666
'0:03.137',330.938
'0:03.141',340.636
'0:03.145',353.566
'0:03.148',357.592
'0:03.152',363.569
'0:03.156',362.715
'0:03.160',372.168
'0:03.164',383.208
'0:03.168',386.44
'0:03.172',377.841
'0:03.176',363.813
'0:03.180',357.104
'0:03.184',319.045
'0:03.188',305.322
'0:03.191',295.32
'0:03.195',265.129
'0:03.199',244.392
'0:03.203',222.557
'0:03.207',176.204
'0:03.211',135.218
'0:03.215',105.515
'0:03.219',113.627
'0:03.223',120.397
'0:03.227',137.352
'0:03.230',147.355
'0:03.234',152.966
'0:03.238',147.599
'0:03.242',123.08
'0:03.246',107.162
'0:03.250',114.176
'0:03.254',102.282
'0:03.258',98.806
'0:03.262',76.178
'0:03.266',75.08
'0:03.270',79.96
'0:03.273',83.68
'0:03.277',97.159
'0:03.281',76.422
'0:03.285',45.438
'0:03.289',65.383
'0:03.293',80.752
'0:03.297',61.845
'0:03.301',-200.966
'0:03.305',-500.799
'0:03.309',-815.148
'0:03.313',-1027.275
'0:03.316',-1103.88
'0:03.320',-1079.85
'0:03.324',-1028.617
'0:03.328',-990.62
'0:03.332',-1007.087
'0:03.336',-1056.429
'0:03.340',-1097.354
'0:03.344',-1117.847
'0:03.348',-1117.603
'0:03.352',-1148.343
'0:03.355',-1192.562
'0:03.359',-1216.836
'0:03.363',-1210.859
'0:03.367',-1213.847
'0:03.371',-1224.887
'0:03.375',-1248.064
'0:03.379',-1256.419
'0:03.383',-1269.654
'0:03.387',-1304.968
'0:03.391',-1328.938
'0:03.395',-1335.708
'0:03.398',-1316.557
'0:03.402',-1270.447
'0:03.406',-1257.273
'0:03.410',-1242.94
'0:03.414',-1259.957
'0:03.418',-1256.419
'0:03.422',-1262.884
'0:03.426',-1237.817
'0:03.430',-1224.338
'0:03.434',-1237.329
'0:03.438',-1261.543
'0:03.441',-1268.557
'0:03.445',-1264.775
'0:03.449',-1238.671
'0:03.453',-1218.727
'0:03.457',-1207.931
'0:03.461',-1197.136
'0:03.465',-1162.92
'0:03.469',-1154.564
'0:03.473',-1148.038
'0:03.477',-1135.108
'0:03.480',-1141.085
'0:03.484',-1155.906
'0:03.488',-1163.164
'0:03.492',-1173.41
'0:03.496',-1192.257
'0:03.500',-1183.108
'0:03.504',-1184.206
'0:03.508',-1191.769
'0:03.512',-1183.901
'0:03.516',-1185.548
'0:03.520',-1177.192
'0:03.523',-1178.777
'0:03.527',-1170.971
'0:03.531',-1193.354
'0:03.535',-1193.11
'0:03.539',-1201.466
'0:03.543',-1205.492
'0:03.547',-1199.027
'0:03.551',-1174.203
'0:03.555',-1172.861
'0:03.559',-1147.245
'0:03.563',-1089.547
'0:03.566',-1038.62
'0:03.570',-1011.662
'0:03.574',-1003.855
'0:03.578',-929.689
'0:03.582',-723.722
'0:03.586',-464.082
'0:03.590',-291.294
'0:03.594',-182.913
'0:03.598',-246.283
'0:03.602',-535.564
'0:03.605',-800.266
'0:03.609',-954.757
'0:03.613',-1024.592
'0:03.617',-1039.169
'0:03.621',-987.936
'0:03.625',-940.485
'0:03.629',-925.359
'0:03.633',-937.496
'0:03.637',-916.759
'0:03.641',-917.003
'0:03.645',-934.813
'0:03.648',-950.182
'0:03.652',-947.499
'0:03.656',-945.608
'0:03.660',-930.482
'0:03.664',-931.58
'0:03.668',-929.445
'0:03.672',-925.908
'0:03.676',-924.566
'0:03.680',-909.989
'0:03.684',-896.022
'0:03.688',-893.826
'0:03.691',-889.008
'0:03.695',-871.199
'0:03.699',-857.964
'0:03.703',-844.241
'0:03.707',-841.557
'0:03.711',-820.515
'0:03.715',-818.624
'0:03.719',-805.145
'0:03.723',-791.91
'0:03.727',-774.406
'0:03.730',-753.669
'0:03.734',-750.436
'0:03.738',-735.615
'0:03.742',-707.559
'0:03.746',-691.885
'0:03.750',-686.517
'0:03.754',-650.106
'0:03.758',-636.078
'0:03.762',-608.327
'0:03.766',-592.713
'0:03.770',-555.752
'0:03.773',-535.808
'0:03.777',-504.824
'0:03.781',-492.443
'0:03.785',-461.155
'0:03.789',-441.455
'0:03.793',-421.266
'0:03.797',-405.043
'0:03.801',-392.418
'0:03.805',-378.085
'0:03.809',-374.852
'0:03.813',-370.278
'0:03.816',-369.485
'0:03.820',-372.961
'0:03.824',-375.401
'0:03.828',-373.266
'0:03.832',-384.55
'0:03.836',-398.578
'0:03.840',-416.936
'0:03.844',-451.457
'0:03.848',-466.278
'0:03.852',-479.452
'0:03.855',-478.659
'0:03.859',-465.485
'0:03.863',-467.315
'0:03.867',-480.306
'0:03.871',-475.671
'0:03.875',-475.976
'0:03.879',-479.452
'0:03.883',-481.099
'0:03.887',-478.11
'0:03.891',-489.699
'0:03.895',-488.662
'0:03.898',-492.443
'0:03.902',-494.822
'0:03.906',-477.317
'0:03.910',-472.987
'0:03.914',-455.483
'0:03.918',-442.003
'0:03.922',-428.768
'0:03.926',-426.878
'0:03.930',-406.385
'0:03.934',-404.799
'0:03.938',-391.32
'0:03.941',-378.39
'0:03.945',-377.048
'0:03.949',-372.168
'0:03.953',-369.729
'0:03.957',-372.168
'0:03.961',-360.031
'0:03.965',-360.031
'0:03.969',-355.213
'0:03.973',-351.675
'0:03.977',-337.952
'0:03.980',-326.913
'0:03.984',-326.913
'0:03.988',-321.241
'0:03.992',-317.154
'0:03.996',-319.35
'0:04.000',-324.168
'0:04.004',-324.717
'0:04.008',-320.387
'0:04.012',-332.036
'0:04.016',-348.199
'0:04.020',-352.468
'0:04.023',-339.843
'0:04.027',-353.322
'0:04.031',-347.101
'0:04.035',-361.373
'0:04.039',-365.154
'0:04.043',-369.729
'0:04.047',-383.757
'0:04.051',-393.454
'0:04.055',-391.32
'0:04.059',-395.894
'0:04.063',-400.468
'0:04.066',-413.947
'0:04.070',-423.157
'0:04.074',-451.701
'0:04.078',-440.662
'0:04.082',-447.676
'0:04.086',-431.208
'0:04.090',-423.645
'0:04.094',-402.908
'0:04.098',-375.157
'0:04.102',-365.947
'0:04.105',-364.362
'0:04.109',-340.88
'0:04.113',-352.224
'0:04.117',-354.908
'0:04.121',-361.373
'0:04.125',-377.841
'0:04.129',-371.62
'0:04.133',-382.964
'0:04.137',-385.099
'0:04.141',-391.076
'0:04.145',-392.418
'0:04.148',-387.294
'0:04.152',-382.415
'0:04.156',-367.838
'0:04.160',-372.961
'0:04.164',-373.815
'0:04.168',-368.936
'0:04.172',-364.911
'0:04.176',-365.947
'0:04.180',-354.664
'0:04.184',-340.88
'0:04.188',-321.485
'0:04.191',-300.748
'0:04.195',-284.28
'0:04.199',-256.529
'0:04.203',-196.941
'0:04.207',-86.425
'0:04.211',89.108
'0:04.215',387.538
'0:04.219',899.743
'0:04.223',1522.829
'0:04.227',1869.198
'0:04.230',2132.619
'0:04.234',2144.208
'0:04.238',1824.187
'0:04.242',1596.384
'0:04.246',1490.748
'0:04.250',1420.059
'0:04.254',1387.977
'0:04.258',1446.224
'0:04.262',1465.131
'0:04.266',1447.017
'0:04.270',1447.322
'0:04.273',1431.159
'0:04.277',1424.145
'0:04.281',1381.268
'0:04.285',1332.719
'0:04.289',1328.938
'0:04.293',1354.005
'0:04.297',1392.613
'0:04.301',1417.924
'0:04.305',1422.803
'0:04.309',1405.787
'0:04.313',1383.403
'0:04.316',1341.929
'0:04.320',1288.257
'0:04.324',1243.794
'0:04.328',1252.943
'0:04.332',1288.013
'0:04.336',1310.336
'0:04.340',1327.047
'0:04.344',1304.968
'0:04.348',1284.231
'0:04.352',1253.492
'0:04.355',1256.419
'0:04.359',1269.654
'0:04.363',1294.173
'0:04.367',1306.615
'0:04.371',1326.01
'0:04.375',1315.215
'0:04.379',1299.052
'0:04.383',1276.363
'0:04.387',1254.529
'0:04.391',1269.898
'0:04.395',1288.257
'0:04.398',1304.419
'0:04.402',1301.736
'0:04.406',1298.503
'0:04.410',1297.405
'0:04.414',1313.324
'0:04.418',1343.515
'0:04.422',1341.38
'0:04.426',1341.075
'0:04.430',1341.624
'0:04.434',1340.038
'0:04.438',1352.663
'0:04.441',1334.366
'0:04.445',1335.403
'0:04.449',1320.094
'0:04.453',1302.529
'0:04.457',1283.377
'0:04.461',1264.775
'0:04.465',1232.999
'0:04.469',1202.503
'0:04.473',1169.629
'0:04.477',1149.441
'0:04.480',1129.192
'0:04.484',1113.029
'0:04.488',1083.631
'0:04.492',1037.278
'0:04.496',1017.822
'0:04.500',979.824
'0:04.504',962.015
'0:04.508',963.661
'0:04.512',964.454
'0:04.516',977.933
'0:04.520',989.278
'0:04.523',972.81
'0:04.527',929.933
'0:04.531',870.101
'0:04.535',849.913
'0:04.539',839.361
'0:04.543',850.157
'0:04.547',855.28
'0:04.551',863.087
'0:04.555',877.664
'0:04.559',883.885
'0:04.563',862.843
'0:04.566',853.145
'0:04.570',859.61
'0:04.574',856.622
'0:04.578',847.473
'0:04.582',858.513
'0:04.586',862.843
'0:04.590',854.182
'0:04.594',823.199
'0:04.598',815.392
'0:04.602',822.406
'0:04.605',822.65
'0:04.609',800.022
'0:04.613',758.487
'0:04.617',721.038
'0:04.621',723.966
'0:04.625',718.355
'0:04.629',741.775
'0:04.633',735.31
'0:04.637',734.517
'0:04.641',723.478
'0:04.645',716.159
'0:04.648',720.733
'0:04.652',729.394
'0:04.656',745.557
'0:04.660',736.408
'0:04.664',699.447
'0:04.668',688.408
'0:04.672',678.405
'0:04.676',660.901
'0:04.680',652.85
'0:04.684',647.422
'0:04.688',650.654
'0:04.691',641.201
'0:04.695',642.055
'0:04.699',619.366
'0:04.703',613.755
'0:04.707',614.548
'0:04.711',619.671
'0:04.715',636.626
'0:04.719',662.792
'0:04.723',657.668
'0:04.727',660.352
'0:04.730',666.024
'0:04.734',666.329
'0:04.738',660.352
'0:04.742',640.164
'0:04.746',611.01
'0:04.750',600.276
'0:04.754',583.259
'0:04.758',576.55
'0:04.762',556.057
'0:04.766',558.985
'0:04.770',563.315
'0:04.773',547.396
'0:04.777',542.822
'0:04.781',538.248
'0:04.785',523.671
'0:04.789',527.757
'0:04.793',528.001
'0:04.797',523.671
'0:04.801',519.889
'0:04.805',520.987
'0:04.809',508.85
'0:04.813',494.578
'0:04.816',490.552
'0:04.820',531.478
'0:04.824',560.631
'0:04.828',581.917
'0:04.832',542.578
'0:04.836',574.11
'0:04.840',763.61
'0:04.844',998.731
'0:04.848',1179.082
'0:04.852',1364.557
'0:04.855',1366.996
'0:04.859',1098.757
'0:04.863',820.21
'0:04.867',661.694
'0:04.871',491.589
'0:04.875',399.432
'0:04.879',419.376
'0:04.883',444.443
'0:04.887',436.636
'0:04.891',423.096
'0:04.895',431.513
'0:04.898',433.343
'0:04.902',411.02
'0:04.906',373.51
'0:04.910',375.157
'0:04.914',363.569
'0:04.918',364.911
'0:04.922',375.706
'0:04.926',355.213
'0:04.930',357.348
'0:04.934',346.308
'0:04.938',347.101
'0:04.941',357.348
'0:04.945',352.468
'0:04.949',339.294
'0:04.953',330.146
'0:04.957',346.003
'0:04.961',338.501
'0:04.965',334.171
'0:04.969',337.647
'0:04.973',343.625
'0:04.977',328.255
'0:04.980',338.501
'0:04.984',332.829
'0:04.988',319.35
'0:04.992',325.815
'0:04.996',341.978
'0:05.000',351.127
'0:05.004',346.552
'0:05.008',350.334
'0:05.012',356.555
'0:05.016',371.925
'0:05.020',396.138
'0:05.023',407.482
'0:05.027',412.057
'0:05.031',419.864
'0:05.035',435.233
'0:05.039',458.166
'0:05.043',483.538
'0:05.047',504.032
'0:05.051',498.054
'0:05.055',485.429
'0:05.059',461.399
'0:05.063',451.945
'0:05.066',436.636
'0:05.070',444.992
'0:05.074',433.343
'0:05.078',427.731
'0:05.082',403.701
'0:05.086',387.538
'0:05.090',363.02
'0:05.094',336.062
'0:05.098',315.02
'0:05.102',290.196
'0:05.105',272.448
'0:05.109',262.994
'0:05.113',237.134
'0:05.117',218.776
'0:05.121',194.501
'0:05.125',159.492
'0:05.129',149.246
'0:05.133',138.145
'0:05.137',135.766
'0:05.141',128.448
'0:05.145',125.764
'0:05.148',115.273
'0:05.152',121.19
'0:05.156',134.364
'0:05.160',142.476
'0:05.164',140.341
'0:05.168',131.436
'0:05.172',122.287
'0:05.176',104.173
'0:05.180',95.573
'0:05.184',75.873
'0:05.188',81.301
'0:05.191',87.461
'0:05.195',86.12
'0:05.199',79.655
'0:05.203',76.422
'0:05.207',80.203
'0:05.211',70.201
'0:05.215',70.506
'0:05.219',79.96
'0:05.223',75.08
'0:05.227',63.492
'0:05.230',54.831
'0:05.234',55.38
'0:05.238',47.878
'0:05.242',42.45
'0:05.246',45.987
'0:05.250',37.632
'0:05.254',39.217
'0:05.258',32.752
'0:05.262',11.161
'0:05.266',13.906
'0:05.270',4.452
'0:05.273',6.343
'0:05.277',16.041
'0:05.281',26.043
'0:05.285',28.178
'0:05.289',-56.478
'0:05.293',-267.02
'0:05.297',-426.085
'0:05.301',-570.329
'0:05.305',-664.682
'0:05.309',-740.738
'0:05.313',-773.613
'0:05.316',-785.201
'0:05.320',-812.708
'0:05.324',-870.101
'0:05.328',-880.347
'0:05.332',-884.434
'0:05.336',-881.445
'0:05.340',-905.72
'0:05.344',-927.799
'0:05.348',-954.757
'0:05.352',-975.799
'0:05.355',-989.278
'0:05.359',-997.39
'0:05.363',-1020.017
'0:05.367',-1046.427
'0:05.371',-1051.306
'0:05.375',-1080.155
'0:05.379',-1087.657
'0:05.383',-1095.22
'0:05.387',-1107.357
'0:05.391',-1096.317
'0:05.395',-1091.987
'0:05.398',-1082.838
'0:05.402',-1104.917
'0:05.406',-1131.631
'0:05.410',-1136.998
'0:05.414',-1150.478
'0:05.418',-1157.797
'0:05.422',-1179.326
'0:05.426',-1128.643
'0:05.430',-1090.096
'0:05.434',-1069.603
'0:05.438',-1085.278
'0:05.441',-1056.429
'0:05.445',-873.089
'0:05.449',-642.055
'0:05.453',-477.561
'0:05.457',-347.345
'0:05.461',-363.569
'0:05.465',-611.559
'0:05.469',-867.661
'0:05.473',-1054.233
'0:05.477',-1147.55
'0:05.480',-1214.091
'0:05.484',-1174.508
'0:05.488',-1137.547
'0:05.492',-1138.645
'0:05.496',-1156.394
'0:05.500',-1139.682
'0:05.504',-1136.755
'0:05.508',-1164.506
'0:05.512',-1177.985
'0:05.516',-1180.424
'0:05.520',-1183.413
'0:05.523',-1196.892
'0:05.527',-1191.22
'0:05.531',-1188.78
'0:05.535',-1175.545
'0:05.539',-1178.29
'0:05.543',-1174.996
'0:05.547',-1169.08
'0:05.551',-1166.64
'0:05.555',-1169.08
'0:05.559',-1171.276
'0:05.563',-1169.08
'0:05.566',-1148.587
'0:05.570',-1146.452
'0:05.574',-1147.001
'0:05.578',-1132.424
'0:05.582',-1115.957
'0:05.586',-1112.48
'0:05.590',-1108.15
'0:05.594',-1091.987
'0:05.598',-1079.057
'0:05.602',-1063.687
'0:05.605',-1043.987
'0:05.609',-1008.124
'0:05.613',-1007.087
'0:05.617',-1007.331
'0:05.621',-991.717
'0:05.625',-975.006
'0:05.629',-956.952
'0:05.633',-923.468
'0:05.637',-891.936
'0:05.641',-860.159
'0:05.645',-811.366
'0:05.648',-792.764
'0:05.652',-757.938
'0:05.656',-756.901
'0:05.660',-771.966
'0:05.664',-786.543
'0:05.668',-786.299
'0:05.672',-787.092
'0:05.676',-771.417
'0:05.680',-754.462
'0:05.684',-752.022
'0:05.688',-764.952
'0:05.691',-764.464
'0:05.695',-766.294
'0:05.699',-751.778
'0:05.703',-750.131
'0:05.707',-761.171
'0:05.711',-789.775
'0:05.715',-806.731
'0:05.719',-826.736
'0:05.723',-827.529
'0:05.727',-839.91
'0:05.730',-866.319
'0:05.734',-865.527
'0:05.738',-870.65
'0:05.742',-873.333
'0:05.746',-869.308
'0:05.750',-863.087
'0:05.754',-830.762
'0:05.758',-819.966
'0:05.762',-805.694
'0:05.766',-800.571
'0:05.770',-793.801
'0:05.773',-793.252
'0:05.777',-782.761
'0:05.781',-770.38
'0:05.785',-750.68
'0:05.789',-743.117
'0:05.793',-724.82
'0:05.797',-713.78
'0:05.801',-702.131
'0:05.805',-683.529
'0:05.809',-676.271
'0:05.813',-656.876
'0:05.816',-660.657
'0:05.820',-649.313
'0:05.824',-647.971
'0:05.828',-641.201
'0:05.832',-622.111
'0:05.836',-625.343
'0:05.840',-613.45
'0:05.844',-612.413
'0:05.848',-621.806
'0:05.852',-602.41
'0:05.855',-605.887
'0:05.859',-610.217
'0:05.863',-608.631
'0:05.867',-603.203
'0:05.871',-600.276
'0:05.875',-602.41
'0:05.879',-606.192
'0:05.883',-605.399
'0:05.887',-600.764
'0:05.891',-597.836
'0:05.895',-599.178
'0:05.898',-602.166
'0:05.902',-617.536
'0:05.906',-628.82
'0:05.910',-626.38
'0:05.914',-613.45
'0:05.918',-601.617
'0:05.922',-584.601
'0:05.926',-578.685
'0:05.930',-574.354
'0:05.934',-560.875
'0:05.938',-550.385
'0:05.941',-550.385
'0:05.945',-559.29
'0:05.949',-584.906
'0:05.953',-602.654
'0:05.957',-609.973
'0:05.961',-613.206
'0:05.965',-623.147
'0:05.969',-615.341
'0:05.973',-615.889
'0:05.977',-622.598
'0:05.980',-610.217
'0:05.984',-605.643
'0:05.988',-613.206
'0:05.992',-611.315
'0:05.996',-602.166
'0:06.000',-607.778
'0:06.004',-603.508
'0:06.008',-594.847
'0:06.012',-607.778
'0:06.016',-612.901
'0:06.020',-603.752
'0:06.023',-587.041
'0:06.027',-548.25
'0:06.031',-512.387
'0:06.035',-529.343
'0:06.039',-516.413
'0:06.043',-409.129
'0:06.047',-177.241
'0:06.051',26.836
'0:06.055',211.518
'0:06.059',336.855
'0:06.063',221.215
'0:06.066',-9.82
'0:06.070',-220.666
'0:06.074',-333.073
'0:06.078',-426.634
'0:06.082',-469.754
'0:06.086',-426.39
'0:06.090',-409.373
'0:06.094',-402.115
'0:06.098',-407.482
'0:06.102',-370.827
'0:06.105',-362.471
'0:06.109',-374.852
'0:06.113',-379.731
'0:06.117',-370.827
'0:06.121',-370.827
'0:06.125',-347.345
'0:06.129',-357.897
'0:06.133',-359.787
'0:06.137',-366.496
'0:06.141',-353.017
'0:06.145',-348.199
'0:06.148',-341.429
'0:06.152',-341.185
'0:06.156',-346.857
'0:06.160',-350.09
'0:06.164',-346.857
'0:06.168',-341.185
'0:06.172',-324.717
'0:06.176',-313.678
'0:06.180',-316.362
'0:06.184',-312.336
'0:06.188',-306.908
'0:06.191',-306.664
'0:06.195',-295.868
'0:06.199',-283.487
'0:06.203',-280.255
'0:06.207',-258.115
'0:06.211',-257.078
'0:06.215',-245.49
'0:06.219',-233.596
'0:06.223',-215.787
'0:06.227',-209.871
'0:06.230',-191.268
'0:06.234',-179.436
'0:06.238',-152.722
'0:06.242',-136.254
'0:06.246',-113.932
'0:06.250',-109.601
'0:06.254',-96.366
'0:06.258',-86.425
'0:06.262',-71.848
'0:06.266',-66.175
'0:06.270',-76.178
'0:06.273',-61.601
'0:06.277',-69.164
'0:06.281',-86.973
'0:06.285',-81.301
'0:06.289',-91.792
'0:06.293',-108.808
'0:06.297',-114.968
'0:06.301',-134.12
'0:06.305',-145.708
'0:06.309',-155.711
'0:06.313',-171.873
'0:06.316',-193.464
'0:06.320',-196.941
'0:06.324',-210.42
'0:06.328',-220.422
'0:06.332',-219.324
'0:06.336',-240.061
'0:06.340',-243.599
'0:06.344',-242.257
'0:06.348',-237.378
'0:06.352',-250.857
'0:06.355',-237.927
'0:06.359',-227.131
'0:06.363',-226.887
'0:06.367',-220.91
'0:06.371',-216.885
'0:06.375',-204.199
'0:06.379',-209.627
'0:06.383',-193.708
'0:06.387',-188.585
'0:06.391',-184.255
'0:06.395',-170.531
'0:06.398',-160.529
'0:06.402',-146.013
'0:06.406',-140.585
'0:06.410',-134.913
'0:06.414',-120.641
'0:06.418',-111.187
'0:06.422',-98.013
'0:06.426',-92.585
'0:06.430',-85.876
'0:06.434',-71.055
'0:06.438',-77.764
'0:06.441',-80.203
'0:06.445',-75.629
'0:06.449',-85.571
'0:06.453',-116.615
'0:06.457',-168.336
'0:06.461',-157.296
'0:06.465',-112.834
'0:06.469',-63.492
'0:06.473',-11.161
'0:06.477',23.299
'0:06.480',38.424
'0:06.484',21.408
'0:06.488',6.892
'0:06.492',8.234
'0:06.496',6.892
'0:06.500',4.696
'0:06.504',20.066
'0:06.508',36.778
'0:06.512',38.668
'0:06.516',55.136
'0:06.520',84.534
'0:06.523',98.562
'0:06.527',85.083
'0:06.531',74.287
'0:06.535',73.982
'0:06.539',53.245
'0:06.543',34.643
'0:06.547',6.038
'0:06.551',9.82
'0:06.555',7.929
'0:06.559',18.48
'0:06.563',16.834
'0:06.566',5.794
'0:06.570',10.673
'0:06.574',8.478
'0:06.578',17.931
'0:06.582',15.797
'0:06.586',5.55
'0:06.590',11.466
'0:06.594',40.01
'0:06.598',47.878
'0:06.602',46.78
'0:06.605',69.957
'0:06.609',106.064
'0:06.613',148.941
'0:06.617',189.134
'0:06.621',190.476
'0:06.625',215.787
'0:06.629',312.885
'0:06.633',520.987
'0:06.637',682.492
'0:06.641',819.417
'0:06.645',860.403
'0:06.648',610.522
'0:06.652',293.734
'0:06.656',125.52
'0:06.660',77.52
'0:06.664',11.161
'0:06.668',-7.685
'0:06.672',10.673
'0:06.676',9.027
'0:06.680',-19.273
'0:06.684',-36.29
'0:06.688',-10.673
'0:06.691',-9.332
'0:06.695',-21.713
'0:06.699',-61.601
'0:06.703',-65.627
'0:06.707',-62.15
'0:06.711',-61.357
'0:06.715',-68.859
'0:06.719',-74.531
'0:06.723',-96.915
'0:06.727',-80.203
'0:06.730',-79.655
'0:06.734',-68.615
'0:06.738',-87.766
'0:06.742',-94.78
'0:06.746',-81.545
'0:06.750',-66.48
'0:06.754',-84.229
'0:06.758',-83.68
'0:06.762',-108.259
'0:06.766',-98.562
'0:06.770',-85.083
'0:06.773',-85.083
'0:06.777',-81.85
'0:06.781',-74.836
'0:06.785',-67.822
'0:06.789',-54.343
'0:06.793',-52.148
'0:06.797',-47.329
'0:06.801',-41.413
'0:06.805',-21.408
'0:06.809',-8.783
'0:06.813',11.71
'0:06.816',33.85
'0:06.820',54.831
'0:06.824',88.803
'0:06.828',101.489
'0:06.832',124.422
'0:06.836',132.778
'0:06.840',136.803
'0:06.844',137.108
'0:06.848',148.392
'0:06.852',155.406
'0:06.855',164.859
'0:06.859',153.82
'0:06.863',153.271
'0:06.867',147.599
'0:06.871',123.629
'0:06.875',118.75
'0:06.879',75.629
'0:06.883',57.576
'0:06.887',49.464
'0:06.891',40.559
'0:06.895',21.408
'0:06.898',12.259
'0:06.902',-6.892
'0:06.906',-15.797
'0:06.910',-40.01
'0:06.914',-41.901
'0:06.918',-51.599
'0:06.922',-71.604
'0:06.926',-65.078
'0:06.930',-73.189
'0:06.934',-58.613
'0:06.938',-67.273
'0:06.941',-71.055
'0:06.945',-65.078
'0:06.949',-73.494
'0:06.953',-73.494
'0:06.957',-65.932
'0:06.961',-71.299
'0:06.965',-66.175
'0:06.969',-57.82
'0:06.973',-57.271
'0:06.977',-64.285
'0:06.980',-54.038
'0:06.984',-51.111
'0:06.988',-43.243
'0:06.992',-40.864
'0:06.996',-30.862
'0:07.000',-21.713
'0:07.004',-19.822
'0:07.008',-11.466
'0:07.012',-23.299
'0:07.016',-28.178
'0:07.020',-20.371
'0:07.023',-36.778
'0:07.027',-28.727
'0:07.031',-23.604
'0:07.035',-12.564
'0:07.039',-20.371
'0:07.043',-20.066
'0:07.047',-12.808
'0:07.051',-8.234
'0:07.055',-12.015
'0:07.059',-3.111
'0:07.063',-4.452
'0:07.066',2.013
'0:07.070',-7.929
'0:07.074',-10.125
'0:07.078',-2.318
'0:07.082',-5.55
'0:07.086',0.427
'0:07.090',7.441
'0:07.094',21.713
'0:07.098',14.394
'0:07.102',11.71
'0:07.105',16.834
'0:07.109',22.506
'0:07.113',37.083
'0:07.117',30.618
'0:07.121',13.052
'0:07.125',2.562
'0:07.129',-8.478
'0:07.133',-26.531
'0:07.137',-32.996
'0:07.141',-35.985
'0:07.145',-47.329
'0:07.148',-41.413
'0:07.152',-42.755
'0:07.156',-48.671
'0:07.160',-51.355
'0:07.164',-32.203
'0:07.168',-42.999
'0:07.172',-41.657
'0:07.176',-31.167
'0:07.180',-35.436
'0:07.184',-48.366
'0:07.188',-41.901
'0:07.191',-41.413
'0:07.195',-31.41
'0:07.199',25.738
'0:07.203',73.982
'0:07.207',113.383
'0:07.211',104.722
'0:07.215',150.038
'0:07.219',310.445
'0:07.223',535.259
'0:07.227',654.436
'0:07.230',728.601
'0:07.234',650.106
'0:07.238',392.113
'0:07.242',169.983
'0:07.246',59.466
'0:07.250',-7.685
'0:07.254',-46.536
'0:07.258',21.408
'0:07.262',74.836
'0:07.266',66.968
'0:07.270',43.243
'0:07.273',55.929
'0:07.277',70.506
'0:07.281',11.466
'0:07.285',-24.396
'0:07.289',-34.094
'0:07.293',-27.629
'0:07.297',-14.699
'0:07.301',-22.506
'0:07.305',-24.153
'0:07.309',-17.931
'0:07.313',3.111
'0:07.316',0.427
'0:07.320',10.369
'0:07.324',8.783
'0:07.328',14.15
'0:07.332',18.724
'0:07.336',17.139
'0:07.340',27.08
'0:07.344',24.64
'0:07.348',29.276
'0:07.352',34.643
'0:07.355',48.915
'0:07.359',42.999
'0:07.363',56.722
'0:07.367',60.503
'0:07.371',65.932
'0:07.375',80.996
'0:07.379',90.999
'0:07.383',103.685
'0:07.387',107.711
'0:07.391',129.24
'0:07.395',144.366
'0:07.398',154.613
'0:07.402',167.543
'0:07.406',186.694
'0:07.410',207.431
'0:07.414',223.35
'0:07.418',250.308
'0:07.422',262.689
'0:07.426',281.597
'0:07.430',286.964
'0:07.434',303.675
'0:07.438',313.922
'0:07.441',310.14
'0:07.445',313.129
'0:07.449',302.638
'0:07.453',303.431
'0:07.457',297.515
'0:07.461',292.636
'0:07.465',279.157
'0:07.469',254.089
'0:07.473',239.818
'0:07.477',217.678
'0:07.480',195.599
'0:07.484',181.022
'0:07.488',155.955
'0:07.492',142.719
'0:07.496',136.559
'0:07.500',113.932
'0:07.504',99.599
'0:07.508',90.694
'0:07.512',92.89
'0:07.516',86.973
'0:07.520',80.996
'0:07.523',66.968
'0:07.527',73.738
'0:07.531',75.629
'0:07.535',70.201
'0:07.539',80.752
'0:07.543',81.545
'0:07.547',88.01
'0:07.551',75.873
'0:07.555',87.766
'0:07.559',96.122
'0:07.563',95.573
'0:07.566',87.461
'0:07.570',92.89
'0:07.574',103.685
'0:07.578',95.329
'0:07.582',95.024
'0:07.586',102.587
'0:07.590',107.406
'0:07.594',119.055
'0:07.598',111.492
'0:07.602',111.187
'0:07.605',117.957
'0:07.609',106.918
'0:07.613',103.929
'0:07.617',112.041
'0:07.621',109.296
'0:07.625',115.517
'0:07.629',106.369
'0:07.633',120.397
'0:07.637',112.041
'0:07.641',109.052
'0:07.645',99.05
'0:07.648',105.82
'0:07.652',103.685
'0:07.656',95.817
'0:07.660',108.259
'0:07.664',97.464
'0:07.668',89.352
'0:07.672',73.433
'0:07.676',65.627
'0:07.680',74.836
'0:07.684',77.764
'0:07.688',86.425
'0:07.691',104.478
'0:07.695',113.383
'0:07.699',107.162
'0:07.703',110.394
'0:07.707',117.957
'0:07.711',119.848
'0:07.715',113.932
'0:07.719',108.259
'0:07.723',109.845
'0:07.727',116.066
'0:07.730',149.246
'0:07.734',174.801
'0:07.738',232.499
'0:07.742',281.292
'0:07.746',336.306
'0:07.750',388.087
'0:07.754',431.513
'0:07.758',550.08
'0:07.762',688.164
'0:07.766',805.145
'0:07.770',896.022
'0:07.773',994.645
'0:07.777',1096.317
'0:07.781',1166.64
'0:07.785',1235.133
'0:07.789',1310.092
'0:07.793',1360.531
'0:07.797',1429.817
'0:07.801',1467.266
'0:07.805',1456.227
'0:07.809',1484.77
'0:07.813',1655.424
'0:07.816',2008.868
'0:07.820',2214.043
'0:07.824',2397.626
'0:07.828',2529.184
'0:07.832',2379.573
'0:07.836',2031.252
'0:07.840',1696.41
'0:07.844',1527.952
'0:07.848',1350.773
'0:07.852',1303.627
'0:07.855',1326.559
'0:07.859',1316.313
'0:07.863',1286.61
'0:07.867',1280.694
'0:07.871',1282.036
'0:07.875',1271.24
'0:07.879',1246.173
'0:07.883',1232.999
'0:07.887',1241.354
'0:07.891',1241.598
'0:07.895',1232.45
'0:07.898',1224.887
'0:07.902',1226.778
'0:07.906',1217.873
'0:07.910',1219.52
'0:07.914',1211.408
'0:07.918',1203.601
'0:07.922',1188.475
'0:07.926',1195.245
'0:07.930',1180.973
'0:07.934',1189.878
'0:07.938',1166.152
'0:07.941',1166.64
'0:07.945',1172.312
'0:07.949',1173.41
'0:07.953',1168.043
'0:07.957',1161.517
'0:07.961',1161.029
'0:07.965',1165.298
'0:07.969',1166.64
'0:07.973',1162.615
'0:07.977',1156.943
'0:07.980',1155.601
'0:07.984',1158.589
'0:07.988',1160.175
'0:07.992',1141.573
'0:07.996',1106.015
'0:08.000',1058.015
'0:08.004',965.796
'0:08.008',764.952
'0:08.012',622.355
'0:08.016',514.766
'0:08.020',422.303
'0:08.023',373.815
'0:08.027',350.578
'0:08.031',323.132
'0:08.035',316.362
'0:08.039',290.501
'0:08.043',274.583
'0:08.047',251.955
'0:08.051',226.033
'0:08.055',204.504
'0:08.059',178.094
'0:08.063',129.545
'0:08.066',122.287
'0:08.070',80.203
'0:08.074',44.341
'0:08.078',3.659
'0:08.082',-30.862
'0:08.086',-71.848
'0:08.090',-96.915
'0:08.094',-116.615
'0:08.098',-172.422
'0:08.102',-190.171
'0:08.105',-216.641
'0:08.109',-227.131
'0:08.113',-245.49
'0:08.117',-251.955
'0:08.121',-270.252
'0:08.125',-280.499
'0:08.129',-275.131
'0:08.133',-277.266
'0:08.137',-267.812
'0:08.141',-269.703
'0:08.145',-279.462
'0:08.148',-272.936
'0:08.152',-259.762
'0:08.156',-267.02
'0:08.160',-283.487
'0:08.164',-277.022
'0:08.168',-272.448
'0:08.172',-259.762
'0:08.176',-265.983
'0:08.180',-281.048
'0:08.184',-289.952
'0:08.188',-301.785
'0:08.191',-321.485
'0:08.195',-312.336
'0:08.199',-329.292
'0:08.203',-337.952
'0:08.207',-332.28
'0:08.211',-351.431
'0:08.215',-342.527
'0:08.219',-344.661
'0:08.223',-353.566
'0:08.227',-346.857
'0:08.230',-364.362
'0:08.234',-355.701
'0:08.238',-359.482
'0:08.242',-369.18
'0:08.246',-361.373
'0:08.250',-377.597
'0:08.254',-384.55
'0:08.258',-373.51
'0:08.262',-385.404
'0:08.266',-376.743
'0:08.270',-375.401
'0:08.273',-381.866
'0:08.277',-371.376
'0:08.281',-384.062
'0:08.285',-391.076
'0:08.289',-403.701
'0:08.293',-394.796
'0:08.297',-386.989
'0:08.301',-369.485
'0:08.305',-359.482
'0:08.309',-353.566
'0:08.313',-342.771
'0:08.316',-336.062
'0:08.320',-320.387
'0:08.324',-311.543
'0:08.328',-319.35
'0:08.332',-337.403
'0:08.336',-361.922
'0:08.340',-365.703
'0:08.344',-375.95
'0:08.348',-383.757
'0:08.352',-383.757
'0:08.355',-391.564
'0:08.359',-396.199
'0:08.363',-391.32
'0:08.367',-383.513
'0:08.371',-367.045
'0:08.375',-358.14
'0:08.379',-361.922
'0:08.383',-356.799
'0:08.387',-349.541
'0:08.391',-348.992
'0:08.395',-339.538
'0:08.398',-343.869
'0:08.402',-323.924
'0:08.406',-317.154
'0:08.410',-253.541
'0:08.414',-229.022
'0:08.418',-214.994
'0:08.422',-238.72
'0:08.426',-184.255
'0:08.430',-3.659
'0:08.434',169.434
'0:08.438',299.101
'0:08.441',402.115
'0:08.445',281.597
'0:08.449',-29.52
'0:08.453',-189.683
'0:08.457',-267.812
'0:08.461',-278.364
'0:08.465',-305.322
'0:08.469',-265.983
'0:08.473',-241.403
'0:08.477',-235.731
'0:08.480',-260.006
'0:08.484',-254.638
'0:08.488',-233.596
'0:08.492',-255.431
'0:08.496',-293.734
'0:08.500',-318.252
'0:08.504',-319.045
'0:08.508',-301.541
'0:08.512',-304.529
'0:08.516',-306.664
'0:08.520',-315.569
'0:08.523',-303.431
'0:08.527',-286.964
'0:08.531',-287.269
'0:08.535',-286.72
'0:08.539',-296.173
'0:08.543',-286.964
'0:08.547',-271.899
'0:08.551',-270.252
'0:08.555',-267.325
'0:08.559',-277.022
'0:08.563',-270.008
'0:08.566',-256.529
'0:08.570',-238.171
'0:08.574',-233.596
'0:08.578',-241.952
'0:08.582',-236.036
'0:08.586',-224.143
'0:08.590',-221.764
'0:08.594',-199.929
'0:08.598',-208.529
'0:08.602',-187.792
'0:08.605',-161.078
'0:08.609',-157.601
'0:08.613',-148.941
'0:08.617',-141.378
'0:08.621',-123.629
'0:08.625',-98.562
'0:08.629',-78.069
'0:08.633',-67.273
'0:08.637',-74.287
'0:08.641',-57.576
'0:08.645',-50.806
'0:08.648',-30.862
'0:08.652',-34.399
'0:08.656',-39.766
'0:08.660',-39.766
'0:08.664',-34.887
'0:08.668',-47.024
'0:08.672',-64.59
'0:08.676',-69.408
'0:08.680',-87.217
'0:08.684',-99.355
'0:08.688',-110.943
'0:08.691',-127.655
'0:08.695',-148.148
'0:08.699',-150.831
'0:08.703',-164.31
'0:08.707',-175.35
'0:08.711',-190.476
'0:08.715',-210.176
'0:08.719',-213.896
'0:08.723',-213.408
'0:08.727',-224.692
'0:08.730',-221.764
'0:08.734',-209.322
'0:08.738',-213.896
'0:08.742',-228.229
'0:08.746',-222.557
'0:08.750',-220.666
'0:08.754',-209.322
'0:08.758',-213.408
'0:08.762',-210.969
'0:08.766',-205.296
'0:08.770',-203.65
'0:08.773',-192.061
'0:08.777',-196.392
'0:08.781',-193.952
'0:08.785',-188.585
'0:08.789',-186.694
'0:08.793',-190.476
'0:08.797',-178.887
'0:08.801',-178.094
'0:08.805',-172.422
'0:08.809',-184.803
'0:08.813',-171.873
'0:08.816',-177.789
'0:08.820',-162.42
'0:08.824',-157.296
'0:08.828',-152.478
'0:08.832',-153.82
'0:08.836',-158.943
'0:08.840',-160.834
'0:08.844',-157.052
'0:08.848',-152.722
'0:08.852',-153.271
'0:08.855',-157.296
'0:08.859',-143.817
'0:08.863',-157.052
'0:08.867',-151.929
'0:08.871',-151.624
'0:08.875',-156.26
'0:08.879',-158.943
'0:08.883',-156.503
'0:08.887',-152.173
'0:08.891',-151.38
'0:08.895',-139.243
'0:08.898',-142.476
'0:08.902',-140.036
'0:08.906',-150.831
'0:08.910',-149.49
'0:08.914',-138.45
'0:08.918',-142.78
'0:08.922',-140.036
'0:08.926',-118.75
'0:08.930',-117.652
'0:08.934',-120.885
'0:08.938',-123.873
'0:08.941',-107.162
'0:08.945',-119.299
'0:08.949',-131.985
'0:08.953',-149.49
'0:08.957',-169.19
'0:08.961',-170.775
'0:08.965',-184.255
'0:08.969',-181.022
'0:08.973',-181.571
'0:08.977',-169.434
'0:08.980',-171.08
'0:08.984',-167.848
'0:08.988',-179.131
'0:08.992',-163.517
'0:08.996',-168.641
'0:09.000',-155.162
'0:09.004',-152.173
'0:09.008',-162.176
'0:09.012',-145.708
'0:09.016',-135.766
'0:09.020',-139.487
'0:09.023',-119.848
'0:09.027',-98.806
'0:09.031',-51.599
'0:09.035',-9.82
'0:09.039',-26.836
'0:09.043',-34.643
'0:09.047',63.248
'0:09.051',302.882
'0:09.055',478.903
'0:09.059',616.987
'0:09.063',676.271
'0:09.066',488.906
'0:09.070',216.092
'0:09.074',79.96
'0:09.078',-23.848
'0:09.082',-113.932
'0:09.086',-106.918
'0:09.090',-39.766
'0:09.094',-44.341
'0:09.098',-57.576
'0:09.102',-46.78
'0:09.105',-27.385
'0:09.109',-55.685
'0:09.113',-86.425
'0:09.117',-100.453
'0:09.121',-96.671
'0:09.125',-80.996
'0:09.129',-74.287
'0:09.133',-84.229
'0:09.137',-81.301
'0:09.141',-80.752
'0:09.145',-82.643
'0:09.148',-74.287
'0:09.152',-82.094
'0:09.156',-79.655
'0:09.160',-80.996
'0:09.164',-68.615
'0:09.168',-74.836
'0:09.172',-64.285
'0:09.176',-77.52
'0:09.180',-64.834
'0:09.184',-54.587
'0:09.188',-44.341
'0:09.191',-46.78
'0:09.195',-42.45
'0:09.199',-47.573
'0:09.203',-39.522
'0:09.207',-14.15
'0:09.211',-15.492
'0:09.215',6.587
'0:09.219',1.22
'0:09.223',23.848
'0:09.227',32.996
'0:09.230',48.915
'0:09.234',55.685
'0:09.238',65.932
'0:09.242',86.425
'0:09.246',110.943
'0:09.250',127.899
'0:09.254',121.434
'0:09.258',147.599
'0:09.262',149.49
'0:09.266',157.296
'0:09.270',160.529
'0:09.273',155.162
'0:09.277',148.392
'0:09.281',149.246
'0:09.285',139.792
'0:09.289',128.204
'0:09.293',123.873
'0:09.297',116.31
'0:09.301',84.229
'0:09.305',75.873
'0:09.309',63.736
'0:09.313',43.243
'0:09.316',20.615
'0:09.320',4.147
'0:09.324',9.576
'0:09.328',-2.806
'0:09.332',-5.245
'0:09.336',-26.287
'0:09.340',-27.385
'0:09.344',-23.848
'0:09.348',-20.615
'0:09.352',-37.327
'0:09.355',-24.945
'0:09.359',-27.629
'0:09.363',-25.189
'0:09.367',-36.534
'0:09.371',-35.741
'0:09.375',-24.64
'0:09.379',-28.727
'0:09.383',-25.738
'0:09.387',-20.371
'0:09.391',-19.517
'0:09.395',-8.478
'0:09.398',-27.934
'0:09.402',-24.945
'0:09.406',-20.371
'0:09.410',-20.066
'0:09.414',-8.783
'0:09.418',-12.015
'0:09.422',-9.027
'0:09.426',-4.208
'0:09.430',-3.903
'0:09.434',-7.929
'0:09.438',-10.917
'0:09.441',-9.332
'0:09.445',-5.245
'0:09.449',-19.517
'0:09.453',-22.262
'0:09.457',-26.043
'0:09.461',-26.043
'0:09.465',-22.506
'0:09.469',-20.371
'0:09.473',-6.587
'0:09.477',-10.125
'0:09.480',-9.576
'0:09.484',-6.038
'0:09.488',-4.208
'0:09.492',-6.343
'0:09.496',-9.332
'0:09.500',-24.945
'0:09.504',-21.408
'0:09.508',-35.985
'0:09.512',-22.506
'0:09.516',-26.287
'0:09.520',-25.738
'0:09.523',-21.713
'0:09.527',-19.822
'0:09.531',-6.587
'0:09.535',-10.369
'0:09.539',-9.332
'0:09.543',10.125
'0:09.547',-4.208
'0:09.551',-5.245
'0:09.555',-8.478
'0:09.559',-9.576
'0:09.563',-22.506
'0:09.566',-4.208
'0:09.570',9.271
'0:09.574',52.452
'0:09.578',67.517
'0:09.582',73.433
'0:09.586',78.557
'0:09.590',76.422
'0:09.594',70.201
'0:09.598',52.696
'0:09.602',41.901
'0:09.605',30.618
'0:09.609',28.178
'0:09.613',21.408
'0:09.617',3.903
'0:09.621',9.027
'0:09.625',13.357
'0:09.629',10.917
'0:09.633',5.794
'0:09.637',4.452
'0:09.641',8.478
'0:09.645',12.259
'0:09.648',10.917
'0:09.652',6.892
'0:09.656',5.001
'0:09.660',7.929
'0:09.664',11.161
'0:09.668',-4.696
'0:09.672',7.929
'0:09.676',20.066
'0:09.680',52.452
'0:09.684',72.092
'0:09.688',28.971
'0:09.691',76.178
'0:09.695',253.541
'0:09.699',539.589
'0:09.703',764.159
'0:09.707',946.95
'0:09.711',1015.687
'0:09.715',828.566
'0:09.719',520.987
'0:09.723',259.213
'0:09.727',91.548
'0:09.730',-26.836
'0:09.734',-15.248
'0:09.738',13.906
'0:09.742',47.329
'0:09.746',52.148
'0:09.750',55.38
'0:09.754',83.68
'0:09.758',62.699
'0:09.762',33.545
'0:09.766',23.604
'0:09.770',23.848
'0:09.773',32.752
'0:09.777',28.178
'0:09.781',32.203
'0:09.785',39.217
'0:09.789',39.766
'0:09.793',33.85
'0:09.797',29.276
'0:09.801',31.654
'0:09.805',37.632
'0:09.809',38.973
'0:09.813',34.399
'0:09.816',30.313
'0:09.820',31.654
'0:09.824',36.29
'0:09.828',38.12
'0:09.832',50.257
'0:09.836',61.601
'0:09.840',62.394
'0:09.844',68.066
'0:09.848',70.75
'0:09.852',82.643
'0:09.855',92.89
'0:09.859',108.808
'0:09.863',114.725
'0:09.867',119.055
'0:09.871',131.68
'0:09.875',156.199
'0:09.879',170.227
'0:09.883',192.366
'0:09.887',198.831
'0:09.891',228.229
'0:09.895',236.036
'0:09.898',249.515
'0:09.902',255.736
'0:09.906',277.815
'0:09.910',275.924
'0:09.914',284.585
'0:09.918',296.661
'0:09.922',301.297
'0:09.926',308.006
'0:09.930',307.762
'0:09.934',300.992
'0:09.938',281.048
'0:09.941',268.91
'0:09.945',258.664
'0:09.949',227.131
'0:09.953',220.91
'0:09.957',184.255
'0:09.961',171.324
'0:09.965',144.915
'0:09.969',114.42
'0:09.973',108.503
'0:09.977',86.425
'0:09.980',72.397
'0:09.984',63.248
'0:09.988',49.464
'0:09.992',44.097
'0:09.996',37.876
