'0:00.000',181.818
'0:00.004',172.389
'0:00.008',186.718
'0:00.012',178.626
'0:00.016',113.887
'0:00.020',43.506
'0:00.023',32.518
'0:00.027',115.817
'0:00.031',194.514
'0:00.035',229.556
'0:00.039',235.792
'0:00.043',233.045
'0:00.047',189.391
'0:00.051',122.499
'0:00.055',88.793
'0:00.059',118.193
'0:00.063',127.102
'0:00.066',151.899
'0:00.070',123.093
'0:00.074',138.461
'0:00.078',133.338
'0:00.082',126.063
'0:00.086',120.94
'0:00.090',93.396
'0:00.094',90.427
'0:00.098',129.255
'0:00.102',167.044
'0:00.105',211.738
'0:00.109',236.312
'0:00.113',297.784
'0:00.117',458.146
'0:00.121',647.686
'0:00.125',821.04
'0:00.129',797.58
'0:00.133',596.459
'0:00.137',462.749
'0:00.141',361.409
'0:00.145',316.122
'0:00.148',251.16
'0:00.152',246.037
'0:00.156',230.075
'0:00.160',214.485
'0:00.164',156.799
'0:00.168',123.91
'0:00.172',129.775
'0:00.176',127.919
'0:00.180',54.568
'0:00.184',3.638
'0:00.188',43.803
'0:00.191',23.609
'0:00.195',86.937
'0:00.199',145.959
'0:00.203',130.591
'0:00.207',50.559
'0:00.211',64.813
'0:00.215',163.258
'0:00.219',212.851
'0:00.223',205.056
'0:00.227',185.085
'0:00.230',168.9
'0:00.234',151.082
'0:00.238',87.754
'0:00.242',16.853
'0:00.246',24.648
'0:00.250',95.03
'0:00.254',122.499
'0:00.258',100.672
'0:00.262',87.234
'0:00.266',93.173
'0:00.270',-13.883
'0:00.273',-31.404
'0:00.277',66.149
'0:00.281',180.779
'0:00.285',235.792
'0:00.289',273.21
'0:00.293',282.416
'0:00.297',253.536
'0:00.301',236.312
'0:00.305',251.68
'0:00.309',251.16
'0:00.313',200.676
'0:00.316',132.522
'0:00.320',114.704
'0:00.324',119.529
'0:00.328',143.806
'0:00.332',191.024
'0:00.336',177.809
'0:00.340',151.676
'0:00.344',203.126
'0:00.348',280.486
'0:00.352',308.029
'0:00.355',289.914
'0:00.359',273.507
'0:00.363',274.027
'0:00.367',247.893
'0:00.371',209.882
'0:00.375',162.961
'0:00.379',132.002
'0:00.383',129.552
'0:00.387',192.064
'0:00.391',259.772
'0:00.395',281.302
'0:00.398',109.061
'0:00.402',-175.359
'0:00.406',-167.786
'0:00.410',16.853
'0:00.414',168.603
'0:00.418',224.433
'0:00.422',186.941
'0:00.426',70.752
'0:00.430',-5.494
'0:00.434',11.433
'0:00.438',61.324
'0:00.441',134.378
'0:00.445',114.704
'0:00.449',55.384
'0:00.453',24.945
'0:00.457',59.69
'0:00.461',104.978
'0:00.465',76.172
'0:00.469',0.668
'0:00.473',4.455
'0:00.477',117.376
'0:00.480',196.147
'0:00.484',193.994
'0:00.488',140.614
'0:00.492',10.617
'0:00.496',-75.058
'0:00.500',0.148
'0:00.504',91.02
'0:00.508',136.531
'0:00.512',153.829
'0:00.516',158.952
'0:00.520',104.755
'0:00.523',3.341
'0:00.527',-140.02
'0:00.531',-359.256
'0:00.535',-238.762
'0:00.539',9.874
'0:00.543',181.002
'0:00.547',272.393
'0:00.551',281.302
'0:00.555',192.361
'0:00.559',101.266
'0:00.563',78.028
'0:00.566',69.713
'0:00.570',91.02
'0:00.574',107.131
'0:00.578',180.259
'0:00.582',124.132
'0:00.586',10.394
'0:00.590',-57.018
'0:00.594',-61.843
'0:00.598',-79.958
'0:00.602',-15.517
'0:00.605',57.834
'0:00.609',91.763
'0:00.613',10.097
'0:00.617',-196.667
'0:00.621',-402.91
'0:00.625',-416.422
'0:00.629',-347.674
'0:00.633',-321.467
'0:00.637',-285.386
'0:00.641',-285.905
'0:00.645',-314.191
'0:00.648',-388.062
'0:00.652',-392.962
'0:00.656',-379.153
'0:00.660',-339.582
'0:00.664',-398.901
'0:00.668',-492.966
'0:00.672',-662.534
'0:00.676',-760.682
'0:00.680',-753.629
'0:00.684',-704.852
'0:00.688',-612.124
'0:00.691',-529.864
'0:00.695',-500.241
'0:00.699',-561.194
'0:00.703',-622.072
'0:00.707',-619.696
'0:00.711',-504.547
'0:00.715',-247.077
'0:00.719',-8.241
'0:00.723',118.49
'0:00.727',205.798
'0:00.730',221.983
'0:00.734',100.672
'0:00.738',-105.275
'0:00.742',-274.546
'0:00.746',-352.5
'0:00.750',-430.974
'0:00.754',-455.177
'0:00.758',-418.575
'0:00.762',-382.717
'0:00.766',-346.858
'0:00.770',-335.796
'0:00.773',-350.644
'0:00.777',-375.144
'0:00.781',-438.472
'0:00.785',-471.361
'0:00.789',-449.014
'0:00.793',-388.062
'0:00.797',-379.747
'0:00.801',-434.983
'0:00.805',-477.82
'0:00.809',-474.108
'0:00.813',-467.352
'0:00.816',-461.116
'0:00.820',-467.872
'0:00.824',-461.933
'0:00.828',-441.219
'0:00.832',-432.31
'0:00.836',-363.265
'0:00.840',-295.854
'0:00.844',-213.148
'0:00.848',-155.165
'0:00.852',-152.493
'0:00.855',-157.615
'0:00.859',-142.99
'0:00.863',-102.825
'0:00.867',-49.445
'0:00.871',-10.914
'0:00.875',6.088
'0:00.879',37.641
'0:00.883',88.57
'0:00.887',122.796
'0:00.891',164.594
'0:00.895',170.014
'0:00.898',155.165
'0:00.902',171.35
'0:00.906',184.788
'0:00.910',209.362
'0:00.914',217.454
'0:00.918',205.056
'0:00.922',219.83
'0:00.926',246.037
'0:00.930',268.904
'0:00.934',264.895
'0:00.938',255.986
'0:00.941',238.168
'0:00.945',229.556
'0:00.949',250.566
'0:00.953',261.108
'0:00.957',284.569
'0:00.961',284.049
'0:00.965',277.293
'0:00.969',268.087
'0:00.973',247.374
'0:00.977',221.76
'0:00.980',203.423
'0:00.984',194.514
'0:00.988',107.725
'0:00.992',60.284
'0:00.996',1.782
'0:01.000',-23.015
'0:01.004',-20.862
'0:01.008',-27.618
'0:01.012',-38.977
'0:01.016',-75.875
'0:01.020',-114.704
'0:01.023',-131.408
'0:01.027',-126.582
'0:01.031',-107.948
'0:01.035',-110.695
'0:01.039',-113.887
'0:01.043',-97.999
'0:01.047',-95.03
'0:01.051',-122.796
'0:01.055',-153.829
'0:01.059',-157.838
'0:01.063',-100.969
'0:01.066',-40.313
'0:01.070',-2.301
'0:01.074',7.424
'0:01.078',9.577
'0:01.082',17.373
'0:01.086',71.866
'0:01.090',135.491
'0:01.094',176.992
'0:01.098',109.061
'0:01.102',47.886
'0:01.105',81.295
'0:01.109',128.216
'0:01.113',209.362
'0:01.117',243.587
'0:01.121',226.586
'0:01.125',189.094
'0:01.129',154.868
'0:01.133',161.921
'0:01.137',141.134
'0:01.141',110.917
'0:01.145',95.326
'0:01.148',107.725
'0:01.152',124.652
'0:01.156',134.155
'0:01.160',62.66
'0:01.164',-145.737
'0:01.168',-270.017
'0:01.172',-85.081
'0:01.176',173.206
'0:01.180',368.388
'0:01.184',419.912
'0:01.188',396.451
'0:01.191',302.61
'0:01.195',196.964
'0:01.199',163.48
'0:01.203',198.003
'0:01.207',220.127
'0:01.211',202.309
'0:01.215',139.278
'0:01.219',58.354
'0:01.223',-22.792
'0:01.227',-175.136
'0:01.230',-176.695
'0:01.234',-47.886
'0:01.238',61.621
'0:01.242',239.281
'0:01.246',344.705
'0:01.250',330.673
'0:01.254',157.541
'0:01.258',43.506
'0:01.262',83.745
'0:01.266',178.032
'0:01.270',227.403
'0:01.273',217.974
'0:01.277',181.595
'0:01.281',141.134
'0:01.285',117.673
'0:01.289',98.519
'0:01.293',56.498
'0:01.297',98.296
'0:01.301',132.744
'0:01.305',141.95
'0:01.309',146.776
'0:01.313',141.431
'0:01.316',225.769
'0:01.320',423.401
'0:01.324',723.486
'0:01.328',907.606
'0:01.332',989.792
'0:01.336',861.502
'0:01.340',671.666
'0:01.344',451.687
'0:01.348',356.286
'0:01.352',240.098
'0:01.355',109.061
'0:01.359',86.12
'0:01.363',73.499
'0:01.367',101.786
'0:01.371',85.081
'0:01.375',12.027
'0:01.379',27.098
'0:01.383',104.161
'0:01.387',123.91
'0:01.391',111.511
'0:01.395',141.95
'0:01.398',157.318
'0:01.402',139.278
'0:01.406',-10.617
'0:01.410',-69.119
'0:01.414',57.018
'0:01.418',181.595
'0:01.422',247.596
'0:01.426',277.813
'0:01.430',230.892
'0:01.434',121.163
'0:01.438',68.599
'0:01.441',43.283
'0:01.445',44.1
'0:01.449',57.834
'0:01.453',50.262
'0:01.457',53.528
'0:01.461',31.701
'0:01.465',14.403
'0:01.469',23.609
'0:01.473',60.507
'0:01.477',80.998
'0:01.480',80.775
'0:01.484',66.446
'0:01.488',88.274
'0:01.492',120.643
'0:01.496',141.653
'0:01.500',145.737
'0:01.504',134.155
'0:01.508',137.644
'0:01.512',166.227
'0:01.516',201.492
'0:01.520',238.687
'0:01.523',245.221
'0:01.527',219.83
'0:01.531',171.573
'0:01.535',143.584
'0:01.539',144.103
'0:01.543',144.103
'0:01.547',164.074
'0:01.551',181.818
'0:01.555',189.911
'0:01.559',178.849
'0:01.563',163.777
'0:01.566',164.074
'0:01.570',162.441
'0:01.574',171.35
'0:01.578',147.593
'0:01.582',134.155
'0:01.586',116.337
'0:01.590',112.031
'0:01.594',104.978
'0:01.598',99.039
'0:01.602',86.417
'0:01.605',83.448
'0:01.609',77.805
'0:01.613',71.569
'0:01.617',21.456
'0:01.621',-20.342
'0:01.625',-42.466
'0:01.629',-23.015
'0:01.633',-0.371
'0:01.637',-14.18
'0:01.641',-33.26
'0:01.645',-53.528
'0:01.648',-53.751
'0:01.652',-35.488
'0:01.656',-33.557
'0:01.660',-3.118
'0:01.664',25.242
'0:01.668',40.536
'0:01.672',45.139
'0:01.676',49.222
'0:01.680',47.589
'0:01.684',58.131
'0:01.688',25.242
'0:01.691',-31.404
'0:01.695',-57.834
'0:01.699',-94.51
'0:01.703',-119.307
'0:01.707',-121.979
'0:01.711',-85.081
'0:01.715',-48.925
'0:01.719',-18.189
'0:01.723',-21.679
'0:01.727',-52.192
'0:01.730',-47.886
'0:01.734',-47.589
'0:01.738',-36.23
'0:01.742',-23.609
'0:01.746',-21.159
'0:01.750',-15.517
'0:01.754',16.556
'0:01.758',-3.935
'0:01.762',-51.895
'0:01.766',-94.51
'0:01.770',-108.245
'0:01.773',-98.296
'0:01.777',-58.651
'0:01.781',-26.801
'0:01.785',-48.109
'0:01.789',-70.53
'0:01.793',-90.427
'0:01.797',-118.787
'0:01.801',-108.245
'0:01.805',-85.304
'0:01.809',-59.987
'0:01.813',-43.803
'0:01.816',-51.895
'0:01.820',-40.833
'0:01.824',-36.824
'0:01.828',-13.364
'0:01.832',-12.25
'0:01.836',-33.26
'0:01.840',-52.712
'0:01.844',-66.446
'0:01.848',-93.173
'0:01.852',-92.357
'0:01.855',-97.999
'0:01.859',-71.272
'0:01.863',-85.081
'0:01.867',-107.948
'0:01.871',-120.123
'0:01.875',-111.734
'0:01.879',-89.907
'0:01.883',-58.131
'0:01.887',-31.701
'0:01.891',-39.2
'0:01.895',-42.169
'0:01.898',-68.08
'0:01.902',-87.234
'0:01.906',-80.478
'0:01.910',-58.651
'0:01.914',-14.7
'0:01.918',8.761
'0:01.922',24.426
'0:01.926',-12.844
'0:01.930',25.985
'0:01.934',141.95
'0:01.938',298.304
'0:01.941',394.001
'0:01.945',465.199
'0:01.949',437.655
'0:01.953',261.405
'0:01.957',148.112
'0:01.961',98.519
'0:01.965',145.143
'0:01.969',127.919
'0:01.973',109.878
'0:01.977',88.274
'0:01.980',70.53
'0:01.984',16.853
'0:01.988',-31.924
'0:01.992',-34.077
'0:01.996',-41.947
'0:02.000',-60.284
'0:02.004',-64.813
'0:02.008',-50.856
'0:02.012',-37.641
'0:02.016',-41.947
'0:02.020',-72.089
'0:02.023',-77.508
'0:02.027',-68.08
'0:02.031',-72.683
'0:02.035',-89.09
'0:02.039',-85.081
'0:02.043',-77.508
'0:02.047',-55.978
'0:02.051',-43.803
'0:02.055',-24.648
'0:02.059',-49.742
'0:02.063',-72.683
'0:02.066',-131.408
'0:02.070',-152.715
'0:02.074',-122.276
'0:02.078',-88.274
'0:02.082',-109.878
'0:02.086',-98.296
'0:02.090',-40.016
'0:02.094',17.67
'0:02.098',6.088
'0:02.102',22.495
'0:02.105',17.892
'0:02.109',10.394
'0:02.113',-41.947
'0:02.117',-68.08
'0:02.121',-26.579
'0:02.125',24.129
'0:02.129',80.181
'0:02.133',69.119
'0:02.137',36.23
'0:02.141',-15.739
'0:02.145',-19.006
'0:02.148',27.098
'0:02.152',74.836
'0:02.156',93.693
'0:02.160',113.07
'0:02.164',113.367
'0:02.168',110.695
'0:02.172',77.805
'0:02.176',48.925
'0:02.180',19.303
'0:02.184',16.853
'0:02.188',26.801
'0:02.191',71.569
'0:02.195',75.652
'0:02.199',52.192
'0:02.203',23.312
'0:02.207',16.036
'0:02.211',22.495
'0:02.215',38.383
'0:02.219',32.221
'0:02.223',8.464
'0:02.227',-26.579
'0:02.230',-68.377
'0:02.234',-103.939
'0:02.238',-98.519
'0:02.242',-46.475
'0:02.246',-18.189
'0:02.250',-37.863
'0:02.254',-112.254
'0:02.258',-105.795
'0:02.262',-94.51
'0:02.266',-119.01
'0:02.270',-72.905
'0:02.273',10.097
'0:02.277',92.876
'0:02.281',94.733
'0:02.285',50.781
'0:02.289',36.23
'0:02.293',46.772
'0:02.297',25.762
'0:02.301',-33.557
'0:02.305',-118.787
'0:02.309',-134.155
'0:02.313',-70.53
'0:02.316',10.097
'0:02.320',80.181
'0:02.324',-36.824
'0:02.328',-283.752
'0:02.332',-482.943
'0:02.336',-490.293
'0:02.340',-393.779
'0:02.344',-160.288
'0:02.348',142.47
'0:02.352',316.641
'0:02.355',308.549
'0:02.359',219.83
'0:02.363',129.032
'0:02.367',136.828
'0:02.371',179.145
'0:02.375',183.452
'0:02.379',120.94
'0:02.383',25.465
'0:02.387',-13.883
'0:02.391',-28.435
'0:02.395',-47.886
'0:02.398',-31.404
'0:02.402',-44.1
'0:02.406',-62.14
'0:02.410',-102.825
'0:02.414',-199.636
'0:02.418',-265.117
'0:02.422',-192.064
'0:02.426',-17.67
'0:02.430',83.151
'0:02.434',177.289
'0:02.438',237.128
'0:02.441',203.942
'0:02.445',81.295
'0:02.449',-116.04
'0:02.453',-159.991
'0:02.457',-32.221
'0:02.461',120.94
'0:02.465',152.418
'0:02.469',129.255
'0:02.473',54.568
'0:02.477',-90.427
'0:02.480',-109.061
'0:02.484',-49.445
'0:02.488',-4.158
'0:02.492',26.579
'0:02.496',-36.527
'0:02.500',-48.628
'0:02.504',-28.954
'0:02.508',4.751
'0:02.512',18.709
'0:02.516',27.395
'0:02.520',20.12
'0:02.523',-23.312
'0:02.527',-24.129
'0:02.531',61.843
'0:02.535',143.287
'0:02.539',249.749
'0:02.543',293.998
'0:02.547',409.072
'0:02.551',523.702
'0:02.555',634.47
'0:02.559',527.191
'0:02.563',350.57
'0:02.566',243.587
'0:02.570',177.809
'0:02.574',64.293
'0:02.578',20.862
'0:02.582',51.598
'0:02.586',69.713
'0:02.590',42.986
'0:02.594',19.303
'0:02.598',54.345
'0:02.602',78.028
'0:02.605',19.823
'0:02.609',-90.723
'0:02.613',-205.576
'0:02.617',-166.747
'0:02.621',-66.966
'0:02.625',89.907
'0:02.629',180.482
'0:02.633',135.194
'0:02.637',-13.364
'0:02.641',-179.665
'0:02.645',-170.014
'0:02.648',-92.876
'0:02.652',-36.824
'0:02.656',-25.762
'0:02.660',-13.364
'0:02.664',-61.843
'0:02.668',-99.113
'0:02.672',-99.113
'0:02.676',-79.958
'0:02.680',-98.296
'0:02.684',-168.603
'0:02.688',-247.893
'0:02.691',-300.754
'0:02.695',-322.803
'0:02.699',-298.304
'0:02.703',-271.873
'0:02.707',-329.04
'0:02.711',-373.807
'0:02.715',-287.761
'0:02.719',-196.147
'0:02.723',-278.333
'0:02.727',-409.666
'0:02.730',-417.462
'0:02.734',-367.868
'0:02.738',-338.765
'0:02.742',-319.314
'0:02.746',-296.967
'0:02.750',-331.193
'0:02.754',-481.087
'0:02.758',-467.575
'0:02.762',-310.405
'0:02.766',-196.147
'0:02.770',-154.349
'0:02.773',-181.002
'0:02.777',-267.048
'0:02.781',-307.732
'0:02.785',-290.211
'0:02.789',-230.892
'0:02.793',-193.4
'0:02.797',-264.598
'0:02.801',-401.054
'0:02.805',-447.901
'0:02.809',-423.921
'0:02.813',-401.054
'0:02.816',-387.023
'0:02.820',-398.901
'0:02.824',-423.698
'0:02.828',-495.416
'0:02.832',-584.357
'0:02.836',-543.895
'0:02.840',-409.666
'0:02.844',-360.295
'0:02.848',-369.724
'0:02.852',-348.714
'0:02.855',-356.806
'0:02.859',-370.541
'0:02.863',-402.391
'0:02.867',-430.38
'0:02.871',-444.189
'0:02.875',-421.248
'0:02.879',-419.095
'0:02.883',-433.127
'0:02.887',-458.963
'0:02.891',-457.107
'0:02.895',-436.096
'0:02.898',-419.095
'0:02.902',-385.686
'0:02.906',-364.379
'0:02.910',-313.969
'0:02.914',-275.14
'0:02.918',-255.169
'0:02.922',-252.199
'0:02.926',-201.492
'0:02.930',-94.51
'0:02.934',-25.985
'0:02.938',16.853
'0:02.941',27.618
'0:02.945',46.475
'0:02.949',53.528
'0:02.953',56.201
'0:02.957',66.743
'0:02.961',76.172
'0:02.965',77.211
'0:02.969',69.416
'0:02.973',73.499
'0:02.977',68.08
'0:02.980',75.875
'0:02.984',91.02
'0:02.988',113.887
'0:02.992',150.562
'0:02.996',116.634
'0:03.000',66.446
'0:03.004',34.374
'0:03.008',34.374
'0:03.012',2.301
'0:03.016',-13.364
'0:03.020',1.188
'0:03.023',45.436
'0:03.027',60.284
'0:03.031',64.813
'0:03.035',85.081
'0:03.039',98.816
'0:03.043',109.284
'0:03.047',108.542
'0:03.051',113.664
'0:03.055',102.008
'0:03.059',100.152
'0:03.063',78.622
'0:03.066',76.692
'0:03.070',64.293
'0:03.074',68.377
'0:03.078',51.375
'0:03.082',62.66
'0:03.086',59.468
'0:03.090',47.069
'0:03.094',52.415
'0:03.098',51.598
'0:03.102',46.253
'0:03.105',43.283
'0:03.109',30.885
'0:03.113',36.007
'0:03.117',50.559
'0:03.121',29.548
'0:03.125',28.138
'0:03.129',62.14
'0:03.133',110.695
'0:03.137',141.134
'0:03.141',172.389
'0:03.145',128.216
'0:03.148',132.522
'0:03.152',268.681
'0:03.156',443.892
'0:03.160',584.357
'0:03.164',635.584
'0:03.168',656.595
'0:03.172',483.537
'0:03.176',311.519
'0:03.180',200.676
'0:03.184',164.594
'0:03.188',93.916
'0:03.191',102.602
'0:03.195',142.173
'0:03.199',159.471
'0:03.203',144.103
'0:03.207',159.174
'0:03.211',198.3
'0:03.215',173.206
'0:03.219',131.185
'0:03.223',101.266
'0:03.227',95.03
'0:03.230',82.631
'0:03.234',59.69
'0:03.238',51.078
'0:03.242',51.375
'0:03.246',59.171
'0:03.250',63.996
'0:03.254',59.987
'0:03.258',52.712
'0:03.262',36.23
'0:03.266',12.027
'0:03.270',1.188
'0:03.273',-19.303
'0:03.277',-12.25
'0:03.281',0.965
'0:03.285',23.312
'0:03.289',45.956
'0:03.293',45.139
'0:03.297',-7.127
'0:03.301',-101.786
'0:03.305',-67.56
'0:03.309',51.598
'0:03.313',153.012
'0:03.316',174.839
'0:03.320',177.289
'0:03.324',184.788
'0:03.328',171.35
'0:03.332',140.317
'0:03.336',142.767
'0:03.340',141.95
'0:03.344',133.858
'0:03.348',139.797
'0:03.352',124.949
'0:03.355',140.614
'0:03.359',138.461
'0:03.363',132.744
'0:03.367',95.03
'0:03.371',80.998
'0:03.375',137.644
'0:03.379',206.912
'0:03.383',234.975
'0:03.387',194.217
'0:03.391',80.181
'0:03.395',39.497
'0:03.398',138.981
'0:03.402',229.556
'0:03.406',272.69
'0:03.410',227.106
'0:03.414',137.347
'0:03.418',106.389
'0:03.422',132.744
'0:03.426',162.664
'0:03.430',198.3
'0:03.434',198.523
'0:03.438',160.808
'0:03.441',94.733
'0:03.445',40.833
'0:03.449',20.639
'0:03.453',31.701
'0:03.457',11.211
'0:03.461',28.954
'0:03.465',38.383
'0:03.469',33.26
'0:03.473',-14.7
'0:03.477',-122.796
'0:03.480',-168.38
'0:03.484',-76.989
'0:03.488',59.171
'0:03.492',185.605
'0:03.496',208.026
'0:03.500',167.267
'0:03.504',136.011
'0:03.508',101.786
'0:03.512',103.122
'0:03.516',73.722
'0:03.520',38.383
'0:03.523',27.395
'0:03.527',-9.058
'0:03.531',-42.763
'0:03.535',-41.13
'0:03.539',-14.18
'0:03.543',7.127
'0:03.547',-9.577
'0:03.551',6.608
'0:03.555',83.448
'0:03.559',138.684
'0:03.563',133.561
'0:03.566',95.03
'0:03.570',64.293
'0:03.574',38.977
'0:03.578',10.097
'0:03.582',19.823
'0:03.586',88.793
'0:03.590',195.85
'0:03.594',236.312
'0:03.598',174.023
'0:03.602',9.058
'0:03.605',-64.59
'0:03.609',-26.801
'0:03.613',-37.863
'0:03.617',-48.628
'0:03.621',-9.577
'0:03.625',-46.253
'0:03.629',-85.081
'0:03.633',-81.518
'0:03.637',-53.528
'0:03.641',-33.854
'0:03.645',-0.148
'0:03.648',44.1
'0:03.652',46.475
'0:03.656',58.651
'0:03.660',95.03
'0:03.664',96.663
'0:03.668',79.958
'0:03.672',20.862
'0:03.676',13.883
'0:03.680',27.915
'0:03.684',27.915
'0:03.688',-0.668
'0:03.691',-23.832
'0:03.695',-48.628
'0:03.699',-53.231
'0:03.703',-53.751
'0:03.707',-65.407
'0:03.711',-56.721
'0:03.715',-35.488
'0:03.719',-24.648
'0:03.723',-21.679
'0:03.727',-29.771
'0:03.730',-53.009
'0:03.734',-34.894
'0:03.738',-42.763
'0:03.742',-38.68
'0:03.746',-28.732
'0:03.750',-5.494
'0:03.754',10.394
'0:03.758',4.455
'0:03.762',27.098
'0:03.766',129.255
'0:03.770',348.714
'0:03.773',486.729
'0:03.777',573.295
'0:03.781',583.021
'0:03.785',473.292
'0:03.789',295.631
'0:03.793',200.156
'0:03.797',168.603
'0:03.801',86.937
'0:03.805',48.109
'0:03.809',52.415
'0:03.813',33.854
'0:03.816',18.189
'0:03.820',4.455
'0:03.824',-0.148
'0:03.828',-10.617
'0:03.832',-59.69
'0:03.836',-61.101
'0:03.840',-16.333
'0:03.844',-7.127
'0:03.848',-42.466
'0:03.852',-114.407
'0:03.855',-133.041
'0:03.859',-161.105
'0:03.863',-140.837
'0:03.867',-112.254
'0:03.871',-86.64
'0:03.875',-86.417
'0:03.879',-47.886
'0:03.883',2.301
'0:03.887',29.771
'0:03.891',-19.526
'0:03.895',-91.54
'0:03.898',-117.97
'0:03.902',-124.949
'0:03.906',-104.755
'0:03.910',-75.355
'0:03.914',-33.854
'0:03.918',-23.832
'0:03.922',6.088
'0:03.926',-4.455
'0:03.930',-54.345
'0:03.934',-107.131
'0:03.938',-115.817
'0:03.941',-92.58
'0:03.945',-75.355
'0:03.949',-59.69
'0:03.953',-29.548
'0:03.957',-3.935
'0:03.961',-10.097
'0:03.965',-6.904
'0:03.969',6.088
'0:03.973',31.701
'0:03.977',41.65
'0:03.980',55.162
'0:03.984',44.322
'0:03.988',55.681
'0:03.992',62.66
'0:03.996',71.866
'0:04.000',71.272
'0:04.004',62.437
'0:04.008',57.018
'0:04.012',76.989
'0:04.016',84.487
'0:04.020',70.752
'0:04.023',65.407
'0:04.027',74.539
'0:04.031',59.468
'0:04.035',20.639
'0:04.039',-51.895
'0:04.043',-88.274
'0:04.047',-101.266
'0:04.051',-91.54
'0:04.055',-98.816
'0:04.059',-71.272
'0:04.063',-72.386
'0:04.066',-82.928
'0:04.070',-88.867
'0:04.074',-97.999
'0:04.078',-88.051
'0:04.082',-88.57
'0:04.086',-97.702
'0:04.090',-103.122
'0:04.094',-97.999
'0:04.098',-89.61
'0:04.102',-88.867
'0:04.105',-80.478
'0:04.109',-86.12
'0:04.113',-97.479
'0:04.117',-88.867
'0:04.121',-103.939
'0:04.125',-95.326
'0:04.129',-86.417
'0:04.133',-83.151
'0:04.137',-58.651
'0:04.141',-71.049
'0:04.145',-76.172
'0:04.148',-83.151
'0:04.152',-82.928
'0:04.156',-60.804
'0:04.160',-72.386
'0:04.164',-58.874
'0:04.168',-80.775
'0:04.172',-81.295
'0:04.176',-76.989
'0:04.180',-73.499
'0:04.184',-75.355
'0:04.188',-94.733
'0:04.191',-95.326
'0:04.195',-93.173
'0:04.199',-75.355
'0:04.203',-61.101
'0:04.207',-47.589
'0:04.211',-46.772
'0:04.215',-74.242
'0:04.219',-87.234
'0:04.223',-90.723
'0:04.227',-65.407
'0:04.230',-51.078
'0:04.234',-44.619
'0:04.238',-53.528
'0:04.242',-70.233
'0:04.246',-62.437
'0:04.250',-52.192
'0:04.254',-32.518
'0:04.258',-23.832
'0:04.262',-36.527
'0:04.266',-26.801
'0:04.270',-19.006
'0:04.273',-18.189
'0:04.277',-24.426
'0:04.281',-34.374
'0:04.285',-40.016
'0:04.289',-34.374
'0:04.293',-51.375
'0:04.297',-41.65
'0:04.301',-96.886
'0:04.305',-130.591
'0:04.309',-142.47
'0:04.313',-103.419
'0:04.316',-82.928
'0:04.320',-69.416
'0:04.324',-48.925
'0:04.328',-58.131
'0:04.332',-52.192
'0:04.336',-50.262
'0:04.340',-38.977
'0:04.344',-17.892
'0:04.348',-40.61
'0:04.352',-63.996
'0:04.355',-63.477
'0:04.359',-56.498
'0:04.363',-37.344
'0:04.367',4.751
'0:04.371',-1.485
'0:04.375',48.406
'0:04.379',162.961
'0:04.383',365.195
'0:04.387',501.875
'0:04.391',602.918
'0:04.395',649.022
'0:04.398',518.059
'0:04.402',329.337
'0:04.406',143.584
'0:04.410',64.59
'0:04.414',-36.527
'0:04.418',-59.171
'0:04.422',-68.08
'0:04.426',19.303
'0:04.430',83.448
'0:04.434',131.185
'0:04.438',117.97
'0:04.441',86.12
'0:04.445',0.668
'0:04.449',-81.295
'0:04.453',-91.243
'0:04.457',-52.712
'0:04.461',-39.497
'0:04.465',-20.12
'0:04.469',-45.436
'0:04.473',-84.487
'0:04.477',-65.927
'0:04.480',-58.651
'0:04.484',-71.272
'0:04.488',-91.02
'0:04.492',-96.886
'0:04.496',-67.263
'0:04.500',-63.254
'0:04.504',-87.754
'0:04.508',-194.514
'0:04.512',-183.452
'0:04.516',-26.282
'0:04.520',74.242
'0:04.523',106.908
'0:04.527',86.64
'0:04.531',59.171
'0:04.535',-12.027
'0:04.539',-47.589
'0:04.543',-25.762
'0:04.547',41.947
'0:04.551',49.445
'0:04.555',23.015
'0:04.559',-21.456
'0:04.563',-20.862
'0:04.566',-40.833
'0:04.570',-2.821
'0:04.574',50.262
'0:04.578',116.04
'0:04.582',119.307
'0:04.586',122.276
'0:04.590',116.337
'0:04.594',104.161
'0:04.598',102.008
'0:04.602',85.601
'0:04.605',71.866
'0:04.609',83.448
'0:04.613',103.419
'0:04.617',115.52
'0:04.621',176.695
'0:04.625',209.585
'0:04.629',210.179
'0:04.633',113.07
'0:04.637',50.559
'0:04.641',37.863
'0:04.645',40.833
'0:04.648',54.568
'0:04.652',91.54
'0:04.656',97.183
'0:04.660',40.833
'0:04.664',-31.107
'0:04.668',-36.007
'0:04.672',-54.568
'0:04.676',-113.664
'0:04.680',-180.482
'0:04.684',-127.399
'0:04.688',-31.924
'0:04.691',11.433
'0:04.695',43.803
'0:04.699',34.671
'0:04.703',24.945
'0:04.707',-24.426
'0:04.711',-47.069
'0:04.715',-52.192
'0:04.719',-49.742
'0:04.723',-28.138
'0:04.727',-11.211
'0:04.730',-15.22
'0:04.734',-17.67
'0:04.738',14.997
'0:04.742',79.364
'0:04.746',80.181
'0:04.750',36.824
'0:04.754',-38.16
'0:04.758',-56.201
'0:04.762',-19.526
'0:04.766',5.271
'0:04.770',-33.26
'0:04.773',-80.775
'0:04.777',-80.478
'0:04.781',-67.263
'0:04.785',-64.293
'0:04.789',-54.048
'0:04.793',-50.039
'0:04.797',-46.475
'0:04.801',-78.622
'0:04.805',-92.357
'0:04.809',-71.272
'0:04.813',-55.681
'0:04.816',-49.222
'0:04.820',-59.468
'0:04.824',-72.089
'0:04.828',-39.794
'0:04.832',-43.283
'0:04.836',-49.742
'0:04.840',-55.384
'0:04.844',-37.641
'0:04.848',-41.65
'0:04.852',-45.139
'0:04.855',-63.996
'0:04.859',-98.519
'0:04.863',-144.103
'0:04.867',-136.531
'0:04.871',-130.591
'0:04.875',-102.825
'0:04.879',-69.713
'0:04.883',-63.774
'0:04.887',-38.977
'0:04.891',-18.189
'0:04.895',23.609
'0:04.898',-4.455
'0:04.902',-71.272
'0:04.906',-108.764
'0:04.910',-112.254
'0:04.914',-126.063
'0:04.918',-106.092
'0:04.922',-90.427
'0:04.926',-62.957
'0:04.930',-49.222
'0:04.934',-60.507
'0:04.938',-85.601
'0:04.941',-147.37
'0:04.945',-168.9
'0:04.949',-130.888
'0:04.953',-86.417
'0:04.957',-93.173
'0:04.961',-127.622
'0:04.965',-174.32
'0:04.969',-172.167
'0:04.973',-153.235
'0:04.977',-102.008
'0:04.980',-55.681
'0:04.984',-0.965
'0:04.988',6.904
'0:04.992',43.506
'0:04.996',183.452
'0:05.000',392.962
'0:05.004',511.303
'0:05.008',583.541
'0:05.012',571.662
'0:05.016',445.525
'0:05.020',302.907
'0:05.023',111.511
'0:05.027',-3.341
'0:05.031',-106.389
'0:05.035',-143.584
'0:05.039',-129.032
'0:05.043',-110.917
'0:05.047',-92.06
'0:05.051',-75.875
'0:05.055',-62.437
'0:05.059',-63.254
'0:05.063',-107.131
'0:05.066',-103.419
'0:05.070',-121.979
'0:05.074',-127.102
'0:05.078',-128.438
'0:05.082',-124.429
'0:05.086',-104.978
'0:05.090',-91.02
'0:05.094',-94.733
'0:05.098',-109.878
'0:05.102',-121.163
'0:05.105',-134.897
'0:05.109',-122.796
'0:05.113',-112.551
'0:05.117',-96.366
'0:05.121',-90.204
'0:05.125',-85.601
'0:05.129',-103.419
'0:05.133',-108.764
'0:05.137',-111.214
'0:05.141',-92.06
'0:05.145',-72.683
'0:05.148',-72.386
'0:05.152',-74.539
'0:05.156',-76.172
'0:05.160',-75.058
'0:05.164',-72.683
'0:05.168',-72.089
'0:05.172',-58.354
'0:05.176',-29.548
'0:05.180',-13.364
'0:05.184',6.311
'0:05.188',24.648
'0:05.191',38.68
'0:05.195',36.007
'0:05.199',36.527
'0:05.203',24.129
'0:05.207',-20.342
'0:05.211',-37.344
'0:05.215',-12.25
'0:05.219',44.916
'0:05.223',79.142
'0:05.227',120.123
'0:05.230',124.949
'0:05.234',105.795
'0:05.238',68.377
'0:05.242',20.639
'0:05.246',24.648
'0:05.250',86.64
'0:05.254',112.031
'0:05.258',112.254
'0:05.262',88.793
'0:05.266',78.622
'0:05.270',42.169
'0:05.273',17.892
'0:05.277',-15.517
'0:05.281',-24.945
'0:05.285',-36.007
'0:05.289',-54.865
'0:05.293',-77.211
'0:05.297',-94.733
'0:05.301',-90.427
'0:05.305',-86.64
'0:05.309',-88.274
'0:05.313',-92.58
'0:05.316',-109.358
'0:05.320',-90.204
'0:05.324',-103.419
'0:05.328',-134.675
'0:05.332',-152.493
'0:05.336',-140.02
'0:05.340',-64.293
'0:05.344',-32.221
'0:05.348',-9.577
'0:05.352',-19.303
'0:05.355',-20.639
'0:05.359',-27.915
'0:05.363',-31.404
'0:05.367',-11.433
'0:05.371',-21.159
'0:05.375',-35.488
'0:05.379',-71.569
'0:05.383',-91.54
'0:05.387',-91.763
'0:05.391',-104.235
'0:05.395',-101.266
'0:05.398',-57.315
'0:05.402',-31.701
'0:05.406',-30.068
'0:05.410',-21.679
'0:05.414',-33.26
'0:05.418',-37.863
'0:05.422',-45.733
'0:05.426',-61.621
'0:05.430',-69.936
'0:05.434',-80.775
'0:05.438',-100.672
'0:05.441',-108.245
'0:05.445',-125.766
'0:05.449',-88.57
'0:05.453',-53.751
'0:05.457',-55.162
'0:05.461',-41.947
'0:05.465',-11.433
'0:05.469',36.824
'0:05.473',55.384
'0:05.477',42.986
'0:05.480',13.067
'0:05.484',-5.271
'0:05.488',-40.61
'0:05.492',-56.721
'0:05.496',-55.162
'0:05.500',-85.304
'0:05.504',-131.705
'0:05.508',-118.193
'0:05.512',-61.324
'0:05.516',-1.485
'0:05.520',-25.762
'0:05.523',-14.18
'0:05.527',-30.365
'0:05.531',-41.353
'0:05.535',-63.996
'0:05.539',-104.755
'0:05.543',-109.358
'0:05.547',-64.59
'0:05.551',-16.036
'0:05.555',-21.159
'0:05.559',-53.751
'0:05.563',-69.713
'0:05.566',-59.987
'0:05.570',-3.118
'0:05.574',19.006
'0:05.578',53.009
'0:05.582',43.803
'0:05.586',73.722
'0:05.590',204.239
'0:05.594',403.43
'0:05.598',544.192
'0:05.602',552.804
'0:05.605',526.374
'0:05.609',392.665
'0:05.613',310.405
'0:05.617',195.033
'0:05.621',160.511
'0:05.625',85.304
'0:05.629',22.792
'0:05.633',5.271
'0:05.637',-4.751
'0:05.641',4.455
'0:05.645',30.365
'0:05.648',69.119
'0:05.652',85.601
'0:05.656',59.987
'0:05.660',38.68
'0:05.664',17.892
'0:05.668',-37.344
'0:05.672',-84.264
'0:05.676',-68.896
'0:05.680',-51.598
'0:05.684',-8.464
'0:05.688',-22.273
'0:05.691',-91.243
'0:05.695',-122.796
'0:05.699',-100.152
'0:05.703',-143.584
'0:05.707',-181.818
'0:05.711',-119.529
'0:05.715',-49.742
'0:05.719',-31.701
'0:05.723',-48.109
'0:05.727',-75.355
'0:05.730',-92.58
'0:05.734',-47.886
'0:05.738',6.904
'0:05.742',67.56
'0:05.746',97.183
'0:05.750',91.243
'0:05.754',91.02
'0:05.758',59.69
'0:05.762',50.262
'0:05.766',62.66
'0:05.770',58.874
'0:05.773',-16.853
'0:05.777',-46.475
'0:05.781',-0.965
'0:05.785',34.894
'0:05.789',36.824
'0:05.793',35.71
'0:05.797',22.792
'0:05.801',30.885
'0:05.805',17.15
'0:05.809',52.415
'0:05.813',97.999
'0:05.816',130.369
'0:05.820',78.028
'0:05.824',24.945
'0:05.828',75.355
'0:05.832',140.837
'0:05.836',136.011
'0:05.840',139.278
'0:05.844',140.317
'0:05.848',128.216
'0:05.852',82.928
'0:05.855',44.619
'0:05.859',-5.494
'0:05.863',-22.792
'0:05.867',-49.222
'0:05.871',-44.916
'0:05.875',-54.048
'0:05.879',-43.283
'0:05.883',-27.915
'0:05.887',-17.373
'0:05.891',-40.313
'0:05.895',-79.958
'0:05.898',-105.275
'0:05.902',-125.469
'0:05.906',-130.591
'0:05.910',-73.499
'0:05.914',8.464
'0:05.918',28.954
'0:05.922',-12.844
'0:05.926',-68.599
'0:05.930',-152.715
'0:05.934',-268.681
'0:05.938',-213.668
'0:05.941',-20.12
'0:05.945',94.213
'0:05.949',82.111
'0:05.953',10.097
'0:05.957',-45.733
'0:05.961',-61.101
'0:05.965',-40.313
'0:05.969',-7.424
'0:05.973',20.12
'0:05.977',-43.803
'0:05.980',-115.223
'0:05.984',-142.99
'0:05.988',-89.61
'0:05.992',-40.313
'0:05.996',24.426
'0:06.000',71.866
'0:06.004',52.712
'0:06.008',-44.1
'0:06.012',-103.939
'0:06.016',-145.737
'0:06.020',-173.726
'0:06.023',-363.785
'0:06.027',-479.751
'0:06.031',-280.486
'0:06.035',-4.974
'0:06.039',121.757
'0:06.043',159.471
'0:06.047',108.542
'0:06.051',72.089
'0:06.055',28.732
'0:06.059',85.304
'0:06.063',109.878
'0:06.066',130.369
'0:06.070',141.431
'0:06.074',103.642
'0:06.078',-3.118
'0:06.082',-93.396
'0:06.086',-140.317
'0:06.090',-209.585
'0:06.094',-246.78
'0:06.098',-247.893
'0:06.102',-281.079
'0:06.105',-491.035
'0:06.109',-743.16
'0:06.113',-720.22
'0:06.117',-447.381
'0:06.121',-103.419
'0:06.125',194.81
'0:06.129',388.062
'0:06.133',340.102
'0:06.137',151.379
'0:06.141',17.67
'0:06.145',-23.015
'0:06.148',-28.435
'0:06.152',-40.313
'0:06.156',-58.651
'0:06.160',-18.486
'0:06.164',44.619
'0:06.168',89.09
'0:06.172',59.987
'0:06.176',128.735
'0:06.180',296.967
'0:06.184',453.617
'0:06.188',568.47
'0:06.191',533.13
'0:06.195',322.061
'0:06.199',126.285
'0:06.203',20.12
'0:06.207',24.129
'0:06.211',11.73
'0:06.215',4.974
'0:06.219',12.547
'0:06.223',33.26
'0:06.227',34.671
'0:06.230',41.947
'0:06.234',9.874
'0:06.238',-43.506
'0:06.242',-89.09
'0:06.246',-110.398
'0:06.250',-107.428
'0:06.254',-106.389
'0:06.258',-92.876
'0:06.262',-105.572
'0:06.266',-95.549
'0:06.270',-92.357
'0:06.273',-151.082
'0:06.277',-196.147
'0:06.281',-165.93
'0:06.285',-89.387
'0:06.289',-42.466
'0:06.293',4.751
'0:06.297',2.005
'0:06.301',-12.25
'0:06.305',-34.374
'0:06.309',-25.242
'0:06.313',-14.18
'0:06.316',-15.517
'0:06.320',-41.947
'0:06.324',-78.325
'0:06.328',-102.825
'0:06.332',-126.063
'0:06.336',-82.111
'0:06.340',-32.518
'0:06.344',-20.639
'0:06.348',-7.424
'0:06.352',21.159
'0:06.355',47.886
'0:06.359',64.293
'0:06.363',60.284
'0:06.367',42.466
'0:06.371',55.384
'0:06.375',64.59
'0:06.379',63.774
'0:06.383',74.836
'0:06.387',72.683
'0:06.391',9.28
'0:06.395',-8.241
'0:06.398',2.524
'0:06.402',20.639
'0:06.406',47.589
'0:06.410',84.487
'0:06.414',88.274
'0:06.418',72.089
'0:06.422',104.458
'0:06.426',155.165
'0:06.430',188.574
'0:06.434',199.117
'0:06.438',159.471
'0:06.441',113.887
'0:06.445',79.661
'0:06.449',74.019
'0:06.453',65.927
'0:06.457',45.139
'0:06.461',34.374
'0:06.465',-15.517
'0:06.469',-52.712
'0:06.473',-61.621
'0:06.477',-83.967
'0:06.480',-64.59
'0:06.484',-52.192
'0:06.488',-10.394
'0:06.492',14.997
'0:06.496',13.586
'0:06.500',-57.018
'0:06.504',-75.355
'0:06.508',-42.169
'0:06.512',21.456
'0:06.516',36.824
'0:06.520',39.497
'0:06.523',42.466
'0:06.527',-4.455
'0:06.531',-99.113
'0:06.535',-85.304
'0:06.539',0.371
'0:06.543',42.466
'0:06.547',67.56
'0:06.551',50.039
'0:06.555',5.494
'0:06.559',-6.904
'0:06.563',-66.446
'0:06.566',-93.173
'0:06.570',-65.63
'0:06.574',12.77
'0:06.578',17.15
'0:06.582',14.18
'0:06.586',39.497
'0:06.590',32.518
'0:06.594',-0.371
'0:06.598',21.159
'0:06.602',44.322
'0:06.605',65.11
'0:06.609',46.475
'0:06.613',36.23
'0:06.617',10.617
'0:06.621',-1.485
'0:06.625',14.403
'0:06.629',40.536
'0:06.633',17.373
'0:06.637',-78.325
'0:06.641',-118.193
'0:06.645',11.433
'0:06.648',130.888
'0:06.652',159.991
'0:06.656',119.826
'0:06.660',16.036
'0:06.664',-111.214
'0:06.668',-210.179
'0:06.672',-104.755
'0:06.676',-2.821
'0:06.680',12.027
'0:06.684',-10.617
'0:06.688',-2.821
'0:06.691',12.77
'0:06.695',10.097
'0:06.699',-5.791
'0:06.703',-8.464
'0:06.707',-46.772
'0:06.711',-78.845
'0:06.715',-116.04
'0:06.719',-135.491
'0:06.723',-123.91
'0:06.727',-67.56
'0:06.730',-21.456
'0:06.734',38.383
'0:06.738',85.601
'0:06.742',101.786
'0:06.746',68.896
'0:06.750',99.336
'0:06.754',179.962
'0:06.758',264.895
'0:06.762',440.105
'0:06.766',679.238
'0:06.770',824.826
'0:06.773',809.458
'0:06.777',690.597
'0:06.781',488.882
'0:06.785',257.842
'0:06.789',130.888
'0:06.793',30.365
'0:06.797',-4.751
'0:06.801',-27.098
'0:06.805',-55.162
'0:06.809',-47.292
'0:06.813',-21.679
'0:06.816',2.821
'0:06.820',-30.588
'0:06.824',-48.925
'0:06.828',-163.258
'0:06.832',-250.343
'0:06.836',-298.601
'0:06.840',-295.037
'0:06.844',-299.12
'0:06.848',-325.253
'0:06.852',-373.807
'0:06.855',-421.545
'0:06.859',-515.09
'0:06.863',-550.651
'0:06.867',-563.867
'0:06.871',-492.446
'0:06.875',-403.43
'0:06.879',-349.827
'0:06.883',-386.726
'0:06.887',-464.086
'0:06.891',-489.476
'0:06.895',-433.943
'0:06.898',-410.706
'0:06.902',-394.818
'0:06.906',-333.346
'0:06.910',-308.029
'0:06.914',-363.785
'0:06.918',-355.47
'0:06.922',-313.969
'0:06.926',-304.54
'0:06.930',-320.947
'0:06.934',-278.11
'0:06.938',-214.707
'0:06.941',-192.88
'0:06.945',-236.831
'0:06.949',-351.386
'0:06.953',-497.272
'0:06.957',-463.863
'0:06.961',-338.468
'0:06.965',-278.629
'0:06.969',-277.813
'0:06.973',-275.363
'0:06.977',-228.219
'0:06.980',-179.145
'0:06.984',-139.797
'0:06.988',-118.49
'0:06.992',-94.213
'0:06.996',-124.132
'0:07.000',-93.396
'0:07.004',-92.357
'0:07.008',-150.859
'0:07.012',-415.012
'0:07.016',-467.872
'0:07.020',-242.771
'0:07.023',-39.497
'0:07.027',21.976
'0:07.031',23.312
'0:07.035',-21.456
'0:07.039',-133.561
'0:07.043',-246.557
'0:07.047',-251.68
'0:07.051',-186.718
'0:07.055',-149.746
'0:07.059',-211.738
'0:07.063',-295.334
'0:07.066',-307.213
'0:07.070',-242.474
'0:07.074',-133.041
'0:07.078',-137.644
'0:07.082',-143.806
'0:07.086',-199.933
'0:07.090',-358.439
'0:07.094',-361.409
'0:07.098',-144.623
'0:07.102',32.741
'0:07.105',126.285
'0:07.109',141.134
'0:07.113',126.285
'0:07.117',103.419
'0:07.121',29.771
'0:07.125',29.251
'0:07.129',65.63
'0:07.133',69.119
'0:07.137',12.547
'0:07.141',-37.641
'0:07.145',28.435
'0:07.148',158.135
'0:07.152',179.962
'0:07.156',116.04
'0:07.160',95.846
'0:07.164',69.416
'0:07.168',86.417
'0:07.172',121.46
'0:07.176',174.839
'0:07.180',176.176
'0:07.184',45.436
'0:07.188',-91.243
'0:07.191',-94.213
'0:07.195',-72.683
'0:07.199',-61.324
'0:07.203',-27.618
'0:07.207',29.548
'0:07.211',76.395
'0:07.215',74.539
'0:07.219',45.436
'0:07.223',28.138
'0:07.227',59.468
'0:07.230',84.784
'0:07.234',88.051
'0:07.238',51.078
'0:07.242',-11.73
'0:07.246',-17.892
'0:07.250',15.517
'0:07.254',16.853
'0:07.258',17.892
'0:07.262',-8.464
'0:07.266',-31.701
'0:07.270',-32.221
'0:07.273',-31.701
'0:07.277',-46.253
'0:07.281',-56.201
'0:07.285',-48.925
'0:07.289',-50.856
'0:07.293',-48.109
'0:07.297',-44.322
'0:07.301',-70.53
'0:07.305',-33.854
'0:07.309',23.832
'0:07.313',58.131
'0:07.316',52.415
'0:07.320',32.518
'0:07.324',50.781
'0:07.328',132.225
'0:07.332',316.344
'0:07.336',482.423
'0:07.340',598.389
'0:07.344',647.686
'0:07.348',581.907
'0:07.352',360.073
'0:07.355',221.76
'0:07.359',95.03
'0:07.363',89.907
'0:07.367',79.661
'0:07.371',72.386
'0:07.375',25.985
'0:07.379',18.189
'0:07.383',40.536
'0:07.387',87.457
'0:07.391',127.919
'0:07.395',105.275
'0:07.398',43.283
'0:07.402',3.638
'0:07.406',-21.159
'0:07.410',-5.791
'0:07.414',1.188
'0:07.418',22.273
'0:07.422',3.935
'0:07.426',-17.15
'0:07.430',-34.374
'0:07.434',-30.885
'0:07.438',2.524
'0:07.441',-15.22
'0:07.445',-77.805
'0:07.449',-91.243
'0:07.453',-78.028
'0:07.457',-21.159
'0:07.461',8.241
'0:07.465',46.475
'0:07.469',54.345
'0:07.473',39.497
'0:07.477',17.373
'0:07.480',-3.341
'0:07.484',-32.741
'0:07.488',-11.433
'0:07.492',3.341
'0:07.496',44.619
'0:07.500',72.905
'0:07.504',93.916
'0:07.508',40.016
'0:07.512',12.25
'0:07.516',-12.844
'0:07.520',-23.609
'0:07.523',38.68
'0:07.527',124.429
'0:07.531',162.961
'0:07.535',134.378
'0:07.539',116.337
'0:07.543',110.398
'0:07.547',76.692
'0:07.551',65.63
'0:07.555',68.896
'0:07.559',112.031
'0:07.563',136.308
'0:07.566',153.235
'0:07.570',162.144
'0:07.574',151.899
'0:07.578',116.634
'0:07.582',77.508
'0:07.586',74.539
'0:07.590',93.173
'0:07.594',97.479
'0:07.598',82.928
'0:07.602',79.958
'0:07.605',29.548
'0:07.609',-61.843
'0:07.613',-73.722
'0:07.617',-33.26
'0:07.621',19.303
'0:07.625',51.078
'0:07.629',95.549
'0:07.633',73.722
'0:07.637',39.497
'0:07.641',27.395
'0:07.645',50.781
'0:07.648',56.498
'0:07.652',53.751
'0:07.656',26.282
'0:07.660',0.965
'0:07.664',20.342
'0:07.668',50.559
'0:07.672',78.028
'0:07.676',72.683
'0:07.680',38.977
'0:07.684',11.73
'0:07.688',4.974
'0:07.691',-5.494
'0:07.695',-26.282
'0:07.699',-71.049
'0:07.703',-34.077
'0:07.707',-0.148
'0:07.711',18.486
'0:07.715',50.262
'0:07.719',74.242
'0:07.723',34.671
'0:07.727',-54.345
'0:07.730',-100.152
'0:07.734',14.18
'0:07.738',134.675
'0:07.742',193.697
'0:07.746',233.639
'0:07.750',214.485
'0:07.754',109.061
'0:07.758',7.424
'0:07.762',-68.377
'0:07.766',-105.795
'0:07.770',-69.936
'0:07.773',-2.301
'0:07.777',59.468
'0:07.781',41.947
'0:07.785',-0.668
'0:07.789',-73.499
'0:07.793',-152.715
'0:07.797',-115.52
'0:07.801',12.027
'0:07.805',136.531
'0:07.809',201.492
'0:07.813',236.312
'0:07.816',203.645
'0:07.820',155.685
'0:07.824',82.631
'0:07.828',43.803
'0:07.832',40.016
'0:07.836',37.344
'0:07.840',-7.424
'0:07.844',-59.171
'0:07.848',-51.078
'0:07.852',-90.723
'0:07.855',-246.78
'0:07.859',-284.049
'0:07.863',-143.584
'0:07.867',32.518
'0:07.871',123.316
'0:07.875',137.867
'0:07.879',104.755
'0:07.883',8.241
'0:07.887',-48.628
'0:07.891',24.129
'0:07.895',272.17
'0:07.898',548.721
'0:07.902',723.189
'0:07.906',836.111
'0:07.910',813.764
'0:07.914',529.864
'0:07.918',301.273
'0:07.922',184.565
'0:07.926',196.667
'0:07.930',126.063
'0:07.934',110.917
'0:07.938',42.763
'0:07.941',-79.364
'0:07.945',-115.223
'0:07.949',-56.721
'0:07.953',54.568
'0:07.957',134.155
'0:07.961',128.438
'0:07.965',77.508
'0:07.969',24.129
'0:07.973',10.914
'0:07.977',31.107
'0:07.980',10.097
'0:07.984',-47.886
'0:07.988',-80.775
'0:07.992',-54.048
'0:07.996',-11.433
'0:08.000',16.853
'0:08.004',0.965
'0:08.008',-86.64
'0:08.012',-61.101
'0:08.016',-0.148
'0:08.020',4.974
'0:08.023',-62.957
'0:08.027',-137.125
'0:08.031',-162.738
'0:08.035',-38.68
'0:08.039',110.398
'0:08.043',204.759
'0:08.047',199.636
'0:08.051',114.407
'0:08.055',95.549
'0:08.059',130.591
'0:08.063',113.664
'0:08.066',34.374
'0:08.070',-36.527
'0:08.074',-70.53
'0:08.078',-109.358
'0:08.082',-41.353
'0:08.086',17.373
'0:08.090',48.925
'0:08.094',61.843
'0:08.098',45.659
'0:08.102',44.1
'0:08.105',247.893
'0:08.109',533.947
'0:08.113',600.765
'0:08.117',323.1
'0:08.121',37.047
'0:08.125',119.826
'0:08.129',327.926
'0:08.133',327.703
'0:08.137',63.477
'0:08.141',-254.649
'0:08.145',-398.901
'0:08.148',-517.243
'0:08.152',-454.657
'0:08.156',-238.762
'0:08.160',-39.2
'0:08.164',39.497
'0:08.168',80.998
'0:08.172',65.63
'0:08.176',166.227
'0:08.180',270.537
'0:08.184',275.363
'0:08.188',115.52
'0:08.191',-63.774
'0:08.195',-62.437
'0:08.199',88.274
'0:08.203',209.362
'0:08.207',183.748
'0:08.211',-41.947
'0:08.215',-296.67
'0:08.219',-416.125
'0:08.223',-329.337
'0:08.227',-189.391
'0:08.230',-123.093
'0:08.234',-80.775
'0:08.238',-67.783
'0:08.242',-57.315
'0:08.246',-67.56
'0:08.250',-12.027
'0:08.254',22.495
'0:08.258',86.417
'0:08.262',121.163
'0:08.266',176.992
'0:08.270',195.85
'0:08.273',150.859
'0:08.277',63.774
'0:08.281',-7.127
'0:08.285',-69.936
'0:08.289',-189.094
'0:08.293',-331.193
'0:08.297',-352.5
'0:08.301',-317.161
'0:08.305',-197.186
'0:08.309',-96.663
'0:08.313',-101.489
'0:08.316',-119.826
'0:08.320',-59.468
'0:08.324',0.965
'0:08.328',55.681
'0:08.332',127.399
'0:08.336',210.401
'0:08.340',202.903
'0:08.344',116.337
'0:08.348',41.65
'0:08.352',31.924
'0:08.355',53.528
'0:08.359',19.823
'0:08.363',-82.928
'0:08.367',-154.349
'0:08.371',-176.992
'0:08.375',-136.308
'0:08.379',-119.307
'0:08.383',-115.001
'0:08.387',-194.81
'0:08.391',-188.054
'0:08.395',-109.878
'0:08.398',-19.526
'0:08.402',38.383
'0:08.406',64.293
'0:08.410',119.529
'0:08.414',115.817
'0:08.418',52.192
'0:08.422',-103.419
'0:08.426',-159.768
'0:08.430',-170.756
'0:08.434',-172.167
'0:08.438',-167.786
'0:08.441',-121.979
'0:08.445',-65.927
'0:08.449',-0.148
'0:08.453',46.772
'0:08.457',72.905
'0:08.461',61.843
'0:08.465',118.193
'0:08.469',328.743
'0:08.473',534.17
'0:08.477',754.445
'0:08.480',874.94
'0:08.484',794.907
'0:08.488',497.791
'0:08.492',133.858
'0:08.496',-21.159
'0:08.500',-83.745
'0:08.504',-104.235
'0:08.508',-29.251
'0:08.512',2.005
'0:08.516',19.526
'0:08.520',17.892
'0:08.523',31.107
'0:08.527',20.639
'0:08.531',-13.883
'0:08.535',4.751
'0:08.539',63.774
'0:08.543',43.506
'0:08.547',-24.129
'0:08.551',-23.015
'0:08.555',-11.433
'0:08.559',10.617
'0:08.563',-68.377
'0:08.566',-221.76
'0:08.570',-328.743
'0:08.574',-374.03
'0:08.578',-334.682
'0:08.582',-262.445
'0:08.586',-221.463
'0:08.590',-142.99
'0:08.594',-68.599
'0:08.598',-41.353
'0:08.602',-77.211
'0:08.605',-68.599
'0:08.609',62.437
'0:08.613',128.438
'0:08.617',23.832
'0:08.621',-150.043
'0:08.625',-159.768
'0:08.629',-57.315
'0:08.633',-8.241
'0:08.637',10.914
'0:08.641',-32.221
'0:08.645',-159.768
'0:08.648',-200.973
'0:08.652',-182.115
'0:08.656',-132.002
'0:08.660',-65.63
'0:08.664',23.312
'0:08.668',9.058
'0:08.672',-25.242
'0:08.676',-24.129
'0:08.680',44.322
'0:08.684',92.06
'0:08.688',69.936
'0:08.691',47.886
'0:08.695',79.661
'0:08.699',135.491
'0:08.703',69.936
'0:08.707',-110.917
'0:08.711',-233.045
'0:08.715',-277.813
'0:08.719',-384.276
'0:08.723',-344.111
'0:08.727',-193.994
'0:08.730',-93.396
'0:08.734',-105.275
'0:08.738',-174.839
'0:08.742',-166.747
'0:08.746',-143.806
'0:08.750',-69.416
'0:08.754',-17.15
'0:08.758',-0.668
'0:08.762',12.77
'0:08.766',-39.497
'0:08.770',-121.757
'0:08.773',-197.78
'0:08.777',-221.983
'0:08.781',-218.791
'0:08.785',-255.689
'0:08.789',-359.256
'0:08.793',-442.258
'0:08.797',-487.323
'0:08.801',-464.679
'0:08.805',-444.189
'0:08.809',-415.309
'0:08.813',-379.153
'0:08.816',-340.621
'0:08.820',-241.137
'0:08.824',-192.064
'0:08.828',-205.576
'0:08.832',-192.361
'0:08.836',-186.421
'0:08.840',-205.056
'0:08.844',-206.912
'0:08.848',-221.463
'0:08.852',-254.352
'0:08.855',-277.293
'0:08.859',-296.967
'0:08.863',-288.578
'0:08.867',-274.843
'0:08.871',-273.507
'0:08.875',-320.65
'0:08.879',-413.453
'0:08.883',-454.657
'0:08.887',-420.728
'0:08.891',-303.946
'0:08.895',-270.24
'0:08.898',-361.112
'0:08.902',-357.103
'0:08.906',-270.537
'0:08.910',-187.758
'0:08.914',-137.125
'0:08.918',-134.378
'0:08.922',-184.268
'0:08.926',-208.026
'0:08.930',-243.884
'0:08.934',-311.816
'0:08.938',-342.255
'0:08.941',-375.961
'0:08.945',-384.276
'0:08.949',-373.511
'0:08.953',-379.153
'0:08.957',-346.041
'0:08.961',-360.073
'0:08.965',-440.105
'0:08.969',-457.404
'0:08.973',-347.897
'0:08.977',-236.015
'0:08.980',-213.371
'0:08.984',-270.834
'0:08.988',-461.413
'0:08.992',-668.993
'0:08.996',-517.465
'0:09.000',-203.423
'0:09.004',59.171
'0:09.008',81.814
'0:09.012',-57.834
'0:09.016',-239.504
'0:09.020',-330.153
'0:09.023',-343.888
'0:09.027',-310.405
'0:09.031',-177.809
'0:09.035',76.989
'0:09.039',370.021
'0:09.043',569.212
'0:09.047',744.72
'0:09.051',811.908
'0:09.055',558.967
'0:09.059',247.077
'0:09.063',94.733
'0:09.066',124.429
'0:09.070',98.296
'0:09.074',23.609
'0:09.078',-82.631
'0:09.082',-163.48
'0:09.086',-210.401
'0:09.090',-171.053
'0:09.094',-184.565
'0:09.098',-244.404
'0:09.102',-280.263
'0:09.105',-283.752
'0:09.109',-196.37
'0:09.113',-75.355
'0:09.117',14.7
'0:09.121',-34.077
'0:09.125',-147.89
'0:09.129',-330.153
'0:09.133',-336.612
'0:09.137',-223.913
'0:09.141',-124.652
'0:09.145',-98.296
'0:09.148',-100.449
'0:09.152',-146.553
'0:09.156',-287.019
'0:09.160',-380.267
'0:09.164',-320.65
'0:09.168',-201.492
'0:09.172',-76.989
'0:09.176',6.311
'0:09.180',12.027
'0:09.184',-76.395
'0:09.188',-179.442
'0:09.191',-194.514
'0:09.195',-253.313
'0:09.199',-358.662
'0:09.203',-315.305
'0:09.207',-158.952
'0:09.211',-26.801
'0:09.215',-9.058
'0:09.219',-72.905
'0:09.223',-222.28
'0:09.227',-295.037
'0:09.230',-234.381
'0:09.234',-97.999
'0:09.238',-4.455
'0:09.242',27.618
'0:09.246',-6.904
'0:09.250',-68.896
'0:09.254',-87.234
'0:09.258',-72.683
'0:09.262',-30.885
'0:09.266',-27.618
'0:09.270',-48.406
'0:09.273',-64.813
'0:09.277',-40.833
'0:09.281',10.394
'0:09.285',16.036
'0:09.289',-27.618
'0:09.293',-132.522
'0:09.297',-175.136
'0:09.301',-182.635
'0:09.305',-168.38
'0:09.309',-162.441
'0:09.313',-151.082
'0:09.316',-159.471
'0:09.320',-195.33
'0:09.324',-210.698
'0:09.328',-161.105
'0:09.332',-79.364
'0:09.336',-57.315
'0:09.340',-20.342
'0:09.344',3.341
'0:09.348',-40.833
'0:09.352',-178.626
'0:09.355',-282.416
'0:09.359',-272.987
'0:09.363',-232.822
'0:09.367',-215.301
'0:09.371',-184.565
'0:09.375',-154.868
'0:09.379',-127.919
'0:09.383',-132.744
'0:09.387',-129.552
'0:09.391',-86.937
'0:09.395',-31.924
'0:09.398',-20.12
'0:09.402',-47.886
'0:09.406',-102.008
'0:09.410',-111.214
'0:09.414',-97.702
'0:09.418',-14.18
'0:09.422',83.967
'0:09.426',54.048
'0:09.430',-34.894
'0:09.434',-79.364
'0:09.438',-134.155
'0:09.441',-174.023
'0:09.445',-144.103
'0:09.449',-93.173
'0:09.453',-41.65
'0:09.457',-24.648
'0:09.461',-25.242
'0:09.465',-56.498
'0:09.469',-86.417
'0:09.473',-86.64
'0:09.477',-74.836
'0:09.480',-61.843
'0:09.484',-43.506
'0:09.488',-7.944
'0:09.492',8.464
'0:09.496',-39.497
'0:09.500',-131.705
'0:09.504',-146.256
'0:09.508',-121.979
'0:09.512',-113.664
'0:09.516',-94.213
'0:09.520',-84.487
'0:09.523',-111.214
'0:09.527',-162.738
'0:09.531',-202.086
'0:09.535',-220.424
'0:09.539',-216.638
'0:09.543',-181.298
'0:09.547',-151.676
'0:09.551',-139.5
'0:09.555',-138.164
'0:09.559',-117.376
'0:09.563',-115.52
'0:09.566',-133.338
'0:09.570',-135.714
'0:09.574',-136.531
'0:09.578',-119.01
'0:09.582',-132.744
'0:09.586',-131.705
'0:09.590',-133.858
'0:09.594',-104.755
'0:09.598',-74.019
'0:09.602',-70.752
'0:09.605',-81.295
'0:09.609',-34.374
'0:09.613',144.103
'0:09.617',338.468
'0:09.621',488.363
'0:09.625',512.64
'0:09.629',436.096
'0:09.633',302.61
'0:09.637',215.004
'0:09.641',153.012
'0:09.645',116.634
'0:09.648',72.905
'0:09.652',89.09
'0:09.656',129.032
'0:09.660',113.887
'0:09.664',66.966
'0:09.668',30.365
'0:09.672',-0.965
'0:09.676',-28.732
'0:09.680',-48.406
'0:09.684',-4.751
'0:09.688',66.966
'0:09.691',103.939
'0:09.695',55.904
'0:09.699',11.73
'0:09.703',-13.586
'0:09.707',0.668
'0:09.711',17.67
'0:09.715',-10.097
'0:09.719',-17.892
'0:09.723',-13.067
'0:09.727',-2.301
'0:09.730',-31.107
'0:09.734',38.68
'0:09.738',166.227
'0:09.742',275.66
'0:09.746',310.702
'0:09.750',313.969
'0:09.754',247.596
'0:09.758',181.298
'0:09.762',183.971
'0:09.766',189.911
'0:09.770',191.024
'0:09.773',227.403
'0:09.777',259.475
'0:09.781',230.892
'0:09.785',100.152
'0:09.789',-157.615
'0:09.793',-448.717
'0:09.797',-294.295
'0:09.801',11.211
'0:09.805',429.043
'0:09.809',584.58
'0:09.813',453.32
'0:09.816',267.048
'0:09.820',206.912
'0:09.824',266.751
'0:09.828',339.285
'0:09.832',407.513
'0:09.836',518.059
'0:09.840',474.108
'0:09.844',394.818
'0:09.848',393.704
'0:09.852',444.931
'0:09.855',442.778
'0:09.859',383.533
'0:09.863',357.103
'0:09.867',403.95
'0:09.871',488.882
'0:09.875',494.599
'0:09.879',378.633
'0:09.883',159.768
'0:09.887',53.751
'0:09.891',156.502
'0:09.895',314.785
'0:09.898',398.085
'0:09.902',413.453
'0:09.906',371.358
'0:09.910',330.153
'0:09.914',321.244
'0:09.918',348.417
'0:09.922',372.991
'0:09.926',363.265
'0:09.930',236.312
'0:09.934',189.391
'0:09.938',348.417
'0:09.941',569.806
'0:09.945',620.439
'0:09.949',541.223
'0:09.953',412.339
'0:09.957',253.833
'0:09.961',120.94
'0:09.965',99.336
'0:09.969',160.808
'0:09.973',194.81
'0:09.977',185.605
'0:09.980',117.154
'0:09.984',45.436
'0:09.988',46.772
'0:09.992',88.274
'0:09.996',67.263
'0:10.000',-4.751
'0:10.004',19.526
'0:10.008',147.296
'0:10.012',196.667
'0:10.016',146.553
'0:10.020',125.246
'0:10.023',234.975
'0:10.027',323.917
'0:10.031',341.438
'0:10.035',295.854
'0:10.039',194.217
'0:10.043',31.701
'0:10.047',-50.856
'0:10.051',-36.527
'0:10.055',-12.844
'0:10.059',4.751
'0:10.063',-0.668
'0:10.066',-46.253
'0:10.070',-34.374
'0:10.074',30.588
'0:10.078',76.989
'0:10.082',61.843
'0:10.086',-36.527
'0:10.090',-85.898
'0:10.094',-47.069
'0:10.098',33.557
'0:10.102',80.181
'0:10.105',133.338
'0:10.109',185.901
'0:10.113',180.779
'0:10.117',93.173
'0:10.121',-46.253
'0:10.125',-18.486
'0:10.129',60.507
'0:10.133',65.11
'0:10.137',25.985
'0:10.141',104.755
'0:10.145',155.165
'0:10.148',119.529
'0:10.152',101.786
'0:10.156',189.911
'0:10.160',195.553
'0:10.164',215.524
'0:10.168',263.781
'0:10.172',384.053
'0:10.176',560.08
'0:10.180',756.895
'0:10.184',879.246
'0:10.188',955.047
'0:10.191',972.271
'0:10.195',788.671
'0:10.199',592.969
'0:10.203',543.079
'0:10.207',541.445
'0:10.211',405.583
'0:10.215',196.147
'0:10.219',140.837
'0:10.223',92.357
'0:10.227',29.771
'0:10.230',-7.127
'0:10.234',73.202
'0:10.238',220.647
'0:10.242',333.049
'0:10.246',330.673
'0:10.250',322.581
'0:10.254',278.333
'0:10.258',231.709
'0:10.262',149.523
'0:10.266',16.333
'0:10.270',16.556
'0:10.273',165.114
'0:10.277',285.905
'0:10.281',251.383
'0:10.285',159.174
'0:10.289',116.04
'0:10.293',137.347
'0:10.297',149.523
'0:10.301',193.994
'0:10.305',215.821
'0:10.309',240.321
'0:10.313',204.759
'0:10.316',143.806
'0:10.320',106.389
'0:10.324',55.904
'0:10.328',73.499
'0:10.332',100.449
'0:10.336',121.979
'0:10.340',136.531
'0:10.344',136.011
'0:10.348',106.611
'0:10.352',134.378
'0:10.355',230.892
'0:10.359',302.313
'0:10.363',336.018
'0:10.367',240.098
'0:10.371',106.092
'0:10.375',26.801
'0:10.379',47.589
'0:10.383',154.052
'0:10.387',228.739
'0:10.391',270.537
'0:10.395',275.14
'0:10.398',238.984
'0:10.402',195.85
'0:10.406',195.85
'0:10.410',230.372
'0:10.414',252.496
'0:10.418',224.136
'0:10.422',185.382
'0:10.426',150.043
'0:10.430',147.593
'0:10.434',137.644
'0:10.438',127.919
'0:10.441',166.747
'0:10.445',143.584
'0:10.449',128.735
'0:10.453',186.941
'0:10.457',222.28
'0:10.461',211.515
'0:10.465',130.369
'0:10.469',57.537
'0:10.473',19.006
'0:10.477',-31.404
'0:10.480',-63.996
'0:10.484',-8.241
'0:10.488',104.161
'0:10.492',150.562
'0:10.496',148.409
'0:10.500',93.916
'0:10.504',34.894
'0:10.508',11.211
'0:10.512',-26.579
'0:10.516',-28.732
'0:10.520',-5.791
'0:10.523',72.683
'0:10.527',127.102
'0:10.531',115.817
'0:10.535',47.886
'0:10.539',-21.159
'0:10.543',-80.181
'0:10.547',-54.345
'0:10.551',37.344
'0:10.555',97.702
'0:10.559',103.642
'0:10.563',118.193
'0:10.566',111.734
'0:10.570',89.09
'0:10.574',69.936
'0:10.578',42.763
'0:10.582',6.608
'0:10.586',-1.782
'0:10.590',36.527
'0:10.594',63.477
'0:10.598',86.64
'0:10.602',102.008
'0:10.605',95.846
'0:10.609',72.089
'0:10.613',21.976
'0:10.617',-4.158
'0:10.621',-41.353
'0:10.625',-36.23
'0:10.629',1.782
'0:10.633',62.14
'0:10.637',101.786
'0:10.641',133.338
'0:10.645',172.909
'0:10.648',179.665
'0:10.652',162.664
'0:10.656',109.284
'0:10.660',75.355
'0:10.664',61.324
'0:10.668',32.518
'0:10.672',0.965
'0:10.676',-18.189
'0:10.680',-22.273
'0:10.684',-22.273
'0:10.688',-3.638
'0:10.691',-17.15
'0:10.695',-63.477
'0:10.699',-96.143
'0:10.703',-69.119
'0:10.707',-26.579
'0:10.711',21.679
'0:10.715',75.355
'0:10.719',49.742
'0:10.723',-10.914
'0:10.727',-0.371
'0:10.730',5.494
'0:10.734',4.974
'0:10.738',45.139
'0:10.742',97.183
'0:10.746',124.429
'0:10.750',103.642
'0:10.754',137.347
'0:10.758',265.117
'0:10.762',449.311
'0:10.766',556.814
'0:10.770',615.093
'0:10.773',660.381
'0:10.777',568.47
'0:10.781',405.36
'0:10.785',256.505
'0:10.789',172.167
'0:10.793',90.427
'0:10.797',89.907
'0:10.801',56.721
'0:10.805',10.097
'0:10.809',-4.455
'0:10.813',8.241
'0:10.816',66.149
'0:10.820',142.47
'0:10.824',148.409
'0:10.828',112.551
'0:10.832',53.231
'0:10.836',-34.077
'0:10.840',-45.733
'0:10.844',-34.374
'0:10.848',3.935
'0:10.852',28.435
'0:10.855',14.18
'0:10.859',-7.424
'0:10.863',-44.1
'0:10.867',-119.529
'0:10.871',-144.4
'0:10.875',-85.304
'0:10.879',26.801
'0:10.883',100.672
'0:10.887',116.634
'0:10.891',89.61
'0:10.895',42.169
'0:10.898',-24.945
'0:10.902',-70.752
'0:10.906',-33.26
'0:10.910',28.138
'0:10.914',94.51
'0:10.918',147.296
'0:10.922',140.317
'0:10.926',71.569
'0:10.930',38.977
'0:10.934',66.149
'0:10.938',138.981
'0:10.941',144.92
'0:10.945',179.145
'0:10.949',200.676
'0:10.953',151.899
'0:10.957',54.568
'0:10.961',10.914
'0:10.965',16.333
'0:10.969',59.69
'0:10.973',77.508
'0:10.977',84.784
'0:10.980',124.429
'0:10.984',127.399
'0:10.988',123.316
'0:10.992',143.806
'0:10.996',196.37
'0:11.000',200.676
'0:11.004',190.43
'0:11.008',174.839
'0:11.012',163.777
'0:11.016',150.265
'0:11.020',167.044
'0:11.023',215.524
'0:11.027',200.156
'0:11.031',150.562
'0:11.035',19.823
'0:11.039',-59.468
'0:11.043',-25.762
'0:11.047',22.273
'0:11.051',53.009
'0:11.055',33.557
'0:11.059',-79.142
'0:11.063',-153.829
'0:11.066',-102.825
'0:11.070',-11.73
'0:11.074',30.588
'0:11.078',45.659
'0:11.082',31.924
'0:11.086',19.526
'0:11.090',8.464
'0:11.094',13.067
'0:11.098',10.394
'0:11.102',-0.371
'0:11.105',-40.833
'0:11.109',-51.895
'0:11.113',9.28
'0:11.117',33.038
'0:11.121',-18.709
'0:11.125',-47.589
'0:11.129',-28.732
'0:11.133',4.751
'0:11.137',-99.336
'0:11.141',-109.061
'0:11.145',1.188
'0:11.148',116.857
'0:11.152',89.09
'0:11.156',67.263
'0:11.160',63.774
'0:11.164',9.577
'0:11.168',-6.311
'0:11.172',-8.241
'0:11.176',10.394
'0:11.180',8.761
'0:11.184',-4.158
'0:11.188',-31.404
'0:11.191',-37.047
'0:11.195',4.751
'0:11.199',16.333
'0:11.203',41.947
'0:11.207',37.344
'0:11.211',31.404
'0:11.215',5.791
'0:11.219',-15.22
'0:11.223',-51.375
'0:11.227',-70.233
'0:11.230',-110.917
'0:11.234',-78.622
'0:11.238',-25.242
'0:11.242',51.078
'0:11.246',40.536
'0:11.250',-20.862
'0:11.254',-97.183
'0:11.258',-145.737
'0:11.262',-95.846
'0:11.266',-65.63
'0:11.270',-45.733
'0:11.273',-19.823
'0:11.277',-0.965
'0:11.281',-27.915
'0:11.285',-72.905
'0:11.289',-86.937
'0:11.293',-85.601
'0:11.297',-71.569
'0:11.301',-78.845
'0:11.305',-101.786
'0:11.309',-145.44
'0:11.313',-162.441
'0:11.316',-138.164
'0:11.320',-117.154
'0:11.324',-136.011
'0:11.328',-172.389
'0:11.332',-173.206
'0:11.336',-108.764
'0:11.340',-169.717
'0:11.344',-195.627
'0:11.348',34.374
'0:11.352',421.248
'0:11.355',621.033
'0:11.359',767.363
'0:11.363',789.265
'0:11.367',678.422
'0:11.371',426.89
'0:11.375',187.238
'0:11.379',23.312
'0:11.383',-40.833
'0:11.387',-95.549
'0:11.391',-71.272
'0:11.395',-21.159
'0:11.398',-6.088
'0:11.402',19.006
'0:11.406',21.456
'0:11.410',15.22
'0:11.414',-16.853
'0:11.418',-52.192
'0:11.422',-122.499
'0:11.426',-319.611
'0:11.430',-370.318
'0:11.434',-215.821
'0:11.438',-54.865
'0:11.441',24.426
'0:11.445',4.158
'0:11.449',-71.049
'0:11.453',-110.917
'0:11.457',-97.999
'0:11.461',-84.264
'0:11.465',-71.569
'0:11.469',-70.752
'0:11.473',-102.008
'0:11.477',-45.956
'0:11.480',34.077
'0:11.484',90.204
'0:11.488',-19.303
'0:11.492',-156.502
'0:11.496',-199.636
'0:11.500',-178.329
'0:11.504',-140.317
'0:11.508',-83.745
'0:11.512',-46.253
'0:11.516',-63.774
'0:11.520',-104.755
'0:11.523',-104.458
'0:11.527',-71.569
'0:11.531',-50.262
'0:11.535',-61.843
'0:11.539',-68.377
'0:11.543',-41.13
'0:11.547',-12.844
'0:11.551',-3.935
'0:11.555',-24.129
'0:11.559',-30.068
'0:11.563',20.639
'0:11.566',74.242
'0:11.570',102.825
'0:11.574',92.357
'0:11.578',74.539
'0:11.582',88.051
'0:11.586',102.602
'0:11.590',83.967
'0:11.594',63.996
'0:11.598',16.556
'0:11.602',9.874
'0:11.605',18.189
'0:11.609',14.403
'0:11.613',-16.333
'0:11.617',-58.131
'0:11.621',-66.966
'0:11.625',-64.813
'0:11.629',-70.752
'0:11.633',-96.886
'0:11.637',-102.825
'0:11.641',-82.631
'0:11.645',-53.751
'0:11.648',-43.803
'0:11.652',-48.109
'0:11.656',-80.775
'0:11.660',-154.052
'0:11.664',-175.879
'0:11.668',-142.99
'0:11.672',-75.652
'0:11.676',-42.466
'0:11.680',-26.282
'0:11.684',-41.353
'0:11.688',-71.049
'0:11.691',-86.12
'0:11.695',-120.123
'0:11.699',-106.908
'0:11.703',-93.173
'0:11.707',-75.652
'0:11.711',-71.866
'0:11.715',-54.568
'0:11.719',-41.65
'0:11.723',-44.322
'0:11.727',-42.169
'0:11.730',-54.048
'0:11.734',-68.377
'0:11.738',-71.866
'0:11.742',-60.804
'0:11.746',-60.507
'0:11.750',-70.752
'0:11.754',-66.966
'0:11.758',-85.898
'0:11.762',-106.611
'0:11.766',-92.06
'0:11.770',-73.722
'0:11.773',-54.865
'0:11.777',-100.672
'0:11.781',-116.337
'0:11.785',-89.387
'0:11.789',-47.069
'0:11.793',-44.916
'0:11.797',-36.007
'0:11.801',-32.221
'0:11.805',-37.863
'0:11.809',-45.139
'0:11.813',-59.987
'0:11.816',-37.047
'0:11.820',-34.374
'0:11.824',-53.528
'0:11.828',-88.867
'0:11.832',-88.57
'0:11.836',-40.313
'0:11.840',-9.577
'0:11.844',-39.497
'0:11.848',-97.183
'0:11.852',-142.47
'0:11.855',-133.338
'0:11.859',-80.775
'0:11.863',-50.262
'0:11.867',-84.264
'0:11.871',-87.457
'0:11.875',-94.213
'0:11.879',-110.917
'0:11.883',-192.361
'0:11.887',-177.809
'0:11.891',-108.245
'0:11.895',-10.394
'0:11.898',39.794
'0:11.902',33.038
'0:11.906',23.609
'0:11.910',-1.782
'0:11.914',-34.894
'0:11.918',-38.16
'0:11.922',-4.455
'0:11.926',-0.668
'0:11.930',-3.118
'0:11.934',79.142
'0:11.938',226.289
'0:11.941',301.273
'0:11.945',408.33
'0:11.949',556.814
'0:11.953',516.946
'0:11.957',312.558
'0:11.961',2.301
'0:11.965',-49.445
'0:11.969',43.803
'0:11.973',140.837
'0:11.977',157.541
'0:11.980',161.327
'0:11.984',122.499
'0:11.988',58.131
'0:11.992',-9.058
'0:11.996',-34.374
'0:12.000',-24.648
'0:12.004',-15.517
'0:12.008',-8.241
'0:12.012',-68.377
'0:12.016',-124.132
'0:12.020',-88.867
'0:12.023',-133.041
'0:12.027',-183.155
'0:12.031',-220.647
'0:12.035',-172.686
'0:12.039',5.791
'0:12.043',101.786
'0:12.047',86.12
'0:12.051',-6.904
'0:12.055',-52.192
'0:12.059',-67.56
'0:12.063',-51.078
'0:12.066',-52.192
'0:12.070',-72.905
'0:12.074',-110.917
'0:12.078',-95.326
'0:12.082',-40.016
'0:12.086',-13.883
'0:12.090',-89.09
'0:12.094',-207.209
'0:12.098',-161.921
'0:12.102',42.763
'0:12.105',224.433
'0:12.109',290.731
'0:12.113',315.008
'0:12.117',186.941
'0:12.121',10.394
'0:12.125',-123.91
'0:12.129',-144.92
'0:12.133',-44.916
'0:12.137',64.59
'0:12.141',109.284
'0:12.145',72.905
'0:12.148',44.322
'0:12.152',13.364
'0:12.156',4.455
'0:12.160',27.098
'0:12.164',49.742
'0:12.168',37.863
'0:12.172',76.395
'0:12.176',101.786
'0:12.180',77.211
'0:12.184',53.231
'0:12.188',70.752
'0:12.191',88.57
'0:12.195',114.704
'0:12.199',125.246
'0:12.203',117.97
'0:12.207',25.985
'0:12.211',-92.58
'0:12.215',-83.745
'0:12.219',-25.465
'0:12.223',3.638
'0:12.227',-16.333
'0:12.230',-40.016
'0:12.234',-10.914
'0:12.238',-52.712
'0:12.242',-106.389
'0:12.246',-81.814
'0:12.250',-62.66
'0:12.254',-62.437
'0:12.258',-141.431
'0:12.262',-269.424
'0:12.266',-144.623
'0:12.270',42.986
'0:12.273',166.747
'0:12.277',160.288
'0:12.281',103.642
'0:12.285',6.311
'0:12.289',-101.266
'0:12.293',-101.266
'0:12.297',-58.651
'0:12.301',4.751
'0:12.305',26.282
'0:12.309',44.1
'0:12.313',4.455
'0:12.316',-31.924
'0:12.320',-39.497
'0:12.324',-57.315
'0:12.328',-86.937
'0:12.332',-151.379
'0:12.336',-154.646
'0:12.340',-76.989
'0:12.344',-8.761
'0:12.348',30.365
'0:12.352',13.067
'0:12.355',-59.468
'0:12.359',-126.063
'0:12.363',-86.417
'0:12.367',15.739
'0:12.371',121.757
'0:12.375',95.549
'0:12.379',17.15
'0:12.383',-96.366
'0:12.387',-179.145
'0:12.391',-153.012
'0:12.395',-111.214
'0:12.398',-77.805
'0:12.402',-38.16
'0:12.406',-17.67
'0:12.410',-36.007
'0:12.414',-56.201
'0:12.418',-41.947
'0:12.422',-39.794
'0:12.426',-36.007
'0:12.430',-51.078
'0:12.434',-84.487
'0:12.438',-272.17
'0:12.441',-299.417
'0:12.445',-184.788
'0:12.449',1.188
'0:12.453',127.919
'0:12.457',171.053
'0:12.461',133.858
'0:12.465',-12.25
'0:12.469',-133.041
'0:12.473',-214.707
'0:12.477',-222.577
'0:12.480',-141.653
'0:12.484',-61.843
'0:12.488',-28.732
'0:12.492',-19.303
'0:12.496',-7.721
'0:12.500',-24.648
'0:12.504',-9.577
'0:12.508',20.342
'0:12.512',-4.974
'0:12.516',-115.817
'0:12.520',-173.503
'0:12.523',-133.561
'0:12.527',-39.497
'0:12.531',86.64
'0:12.535',188.574
'0:12.539',194.217
'0:12.543',-29.771
'0:12.547',-209.065
'0:12.551',-307.732
'0:12.555',-365.195
'0:12.559',-403.207
'0:12.563',-379.153
'0:12.566',-343.591
'0:12.570',-342.552
'0:12.574',-348.714
'0:12.578',-337.949
'0:12.582',-345.224
'0:12.586',-384.87
'0:12.590',-475.148
'0:12.594',-485.69
'0:12.598',-454.954
'0:12.602',-435.28
'0:12.605',-450.054
'0:12.609',-482.423
'0:12.613',-494.005
'0:12.617',-424.737
'0:12.621',-395.115
'0:12.625',-403.207
'0:12.629',-440.105
'0:12.633',-481.904
'0:12.637',-468.689
'0:12.641',-416.125
'0:12.645',-301.57
'0:12.648',-193.697
'0:12.652',-132.522
'0:12.656',-94.51
'0:12.660',-85.304
'0:12.664',-68.08
'0:12.668',-91.02
'0:12.672',-95.846
'0:12.676',-31.404
'0:12.680',19.526
'0:12.684',54.568
'0:12.688',55.681
'0:12.691',24.129
'0:12.695',38.977
'0:12.699',36.007
'0:12.703',20.639
'0:12.707',23.609
'0:12.711',39.794
'0:12.715',67.783
'0:12.719',81.295
'0:12.723',99.633
'0:12.727',135.194
'0:12.730',135.714
'0:12.734',102.825
'0:12.738',55.904
'0:12.742',40.313
'0:12.746',37.641
'0:12.750',3.935
'0:12.754',-10.097
'0:12.758',-85.601
'0:12.762',-100.449
'0:12.766',-91.54
'0:12.770',-82.631
'0:12.773',-64.293
'0:12.777',-40.313
'0:12.781',-36.527
'0:12.785',-71.569
'0:12.789',-107.725
'0:12.793',-108.764
'0:12.797',-75.875
'0:12.801',-43.506
'0:12.805',-58.131
'0:12.809',-102.305
'0:12.813',-132.522
'0:12.816',-121.163
'0:12.820',-80.998
'0:12.824',-65.63
'0:12.828',-56.721
'0:12.832',-18.709
'0:12.836',23.015
'0:12.840',30.365
'0:12.844',16.853
'0:12.848',12.027
'0:12.852',31.404
'0:12.855',38.16
'0:12.859',29.548
'0:12.863',33.26
'0:12.867',43.506
'0:12.871',77.508
'0:12.875',84.784
'0:12.879',78.325
'0:12.883',67.56
'0:12.887',45.659
'0:12.891',47.069
'0:12.895',52.415
'0:12.898',44.1
'0:12.902',33.854
'0:12.906',-0.965
'0:12.910',-13.883
'0:12.914',4.974
'0:12.918',38.977
'0:12.922',58.874
'0:12.926',122.276
'0:12.930',144.623
'0:12.934',105.572
'0:12.938',64.813
'0:12.941',33.557
'0:12.945',9.874
'0:12.949',13.067
'0:12.953',-9.058
'0:12.957',-0.668
'0:12.961',14.7
'0:12.965',21.976
'0:12.969',27.915
'0:12.973',55.904
'0:12.977',62.957
'0:12.980',62.437
'0:12.984',86.12
'0:12.988',106.908
'0:12.992',72.683
'0:12.996',51.895
'0:13.000',34.077
'0:13.004',36.824
'0:13.008',54.568
'0:13.012',53.528
'0:13.016',66.966
'0:13.020',66.446
'0:13.023',68.896
'0:13.027',40.016
'0:13.031',-6.311
'0:13.035',-102.008
'0:13.039',-89.61
'0:13.043',-65.63
'0:13.047',-20.342
'0:13.051',48.109
'0:13.055',101.786
'0:13.059',103.642
'0:13.063',117.376
'0:13.066',82.928
'0:13.070',84.264
'0:13.074',85.601
'0:13.078',54.568
'0:13.082',7.424
'0:13.086',-24.945
'0:13.090',-43.283
'0:13.094',-92.06
'0:13.098',-91.02
'0:13.102',1.188
'0:13.105',136.308
'0:13.109',183.748
'0:13.113',120.643
'0:13.117',87.754
'0:13.121',78.622
'0:13.125',148.929
'0:13.129',248.71
'0:13.133',421.768
'0:13.137',600.245
'0:13.141',590
'0:13.145',351.98
'0:13.148',270.017
'0:13.152',256.505
'0:13.156',245.74
'0:13.160',189.094
'0:13.164',142.173
'0:13.168',127.919
'0:13.172',95.326
'0:13.176',143.584
'0:13.180',163.258
'0:13.184',182.635
'0:13.188',37.863
'0:13.191',-200.973
'0:13.195',-343.888
'0:13.199',-225.547
'0:13.203',-17.892
'0:13.207',108.764
'0:13.211',158.135
'0:13.215',78.325
'0:13.219',-49.222
'0:13.223',-77.805
'0:13.227',-25.242
'0:13.230',39.794
'0:13.234',79.364
'0:13.238',96.366
'0:13.242',60.507
'0:13.246',16.333
'0:13.250',-4.455
'0:13.254',-18.189
'0:13.258',-234.159
'0:13.262',-261.405
'0:13.266',-85.304
'0:13.270',104.161
'0:13.273',175.879
'0:13.277',186.421
'0:13.281',132.225
'0:13.285',67.263
'0:13.289',34.077
'0:13.293',-4.751
'0:13.297',16.556
'0:13.301',76.172
'0:13.305',79.661
'0:13.309',36.527
'0:13.313',47.069
'0:13.316',62.437
'0:13.320',88.274
'0:13.324',96.143
'0:13.328',117.97
'0:13.332',186.124
'0:13.336',214.707
'0:13.340',185.605
'0:13.344',124.949
'0:13.348',97.479
'0:13.352',58.131
'0:13.355',63.254
'0:13.359',128.438
'0:13.363',103.939
'0:13.367',37.863
'0:13.371',-74.242
'0:13.375',-44.1
'0:13.379',68.377
'0:13.383',179.442
'0:13.387',187.758
'0:13.391',64.813
'0:13.395',24.945
'0:13.398',14.7
'0:13.402',60.507
'0:13.406',62.66
'0:13.410',119.529
'0:13.414',164.297
'0:13.418',114.704
'0:13.422',41.65
'0:13.426',24.945
'0:13.430',-11.211
'0:13.434',-80.775
'0:13.438',-122.276
'0:13.441',-115.817
'0:13.445',-93.693
'0:13.449',-54.865
'0:13.453',-40.016
'0:13.457',-101.786
'0:13.461',-119.01
'0:13.465',-88.274
'0:13.469',-17.15
'0:13.473',-35.71
'0:13.477',-66.743
'0:13.480',-12.547
'0:13.484',102.008
'0:13.488',191.841
'0:13.492',164.297
'0:13.496',135.714
'0:13.500',24.945
'0:13.504',-40.313
'0:13.508',14.403
'0:13.512',78.325
'0:13.516',7.424
'0:13.520',-168.9
'0:13.523',-189.911
'0:13.527',-82.334
'0:13.531',15.739
'0:13.535',92.58
'0:13.539',118.787
'0:13.543',23.609
'0:13.547',-40.833
'0:13.551',-56.498
'0:13.555',-202.903
'0:13.559',-482.201
'0:13.563',-298.601
'0:13.566',106.908
'0:13.570',361.409
'0:13.574',484.354
'0:13.578',621.552
'0:13.582',493.782
'0:13.586',68.896
'0:13.590',-224.953
'0:13.594',-294.517
'0:13.598',-237.945
'0:13.602',-157.318
'0:13.605',-152.493
'0:13.609',-156.799
'0:13.613',-102.602
'0:13.617',-22.495
'0:13.621',0.148
'0:13.625',-12.844
'0:13.629',-62.957
'0:13.633',-52.192
'0:13.637',0.668
'0:13.641',71.272
'0:13.645',83.448
'0:13.648',10.394
'0:13.652',18.709
'0:13.656',-0.668
'0:13.660',-72.386
'0:13.664',-130.591
'0:13.668',-174.32
'0:13.672',-225.547
'0:13.676',-202.606
'0:13.680',-160.808
'0:13.684',-134.155
'0:13.688',-124.652
'0:13.691',-127.919
'0:13.695',-76.692
'0:13.699',10.617
'0:13.703',55.681
'0:13.707',40.016
'0:13.711',8.464
'0:13.715',38.977
'0:13.719',72.089
'0:13.723',24.129
'0:13.727',-31.924
'0:13.730',42.986
'0:13.734',260.811
'0:13.738',398.085
'0:13.742',526.374
'0:13.746',599.948
'0:13.750',461.116
'0:13.754',211.515
'0:13.758',14.7
'0:13.762',-117.97
'0:13.766',-134.675
'0:13.770',-80.181
'0:13.773',6.311
'0:13.777',32.221
'0:13.781',-15.22
'0:13.785',-69.713
'0:13.789',-101.786
'0:13.793',-108.245
'0:13.797',-57.018
'0:13.801',7.647
'0:13.805',7.127
'0:13.809',44.916
'0:13.813',100.152
'0:13.816',38.977
'0:13.820',-91.763
'0:13.824',-181.002
'0:13.828',-204.759
'0:13.832',-199.636
'0:13.836',-153.532
'0:13.840',-149.226
'0:13.844',-132.002
'0:13.848',-88.867
'0:13.852',-102.602
'0:13.855',-120.643
'0:13.859',-159.991
'0:13.863',-204.462
'0:13.867',-180.779
'0:13.871',-124.652
'0:13.875',-23.015
'0:13.879',36.527
'0:13.883',22.495
'0:13.887',-5.271
'0:13.891',-30.885
'0:13.895',-21.679
'0:13.898',12.77
'0:13.902',78.028
'0:13.906',72.683
'0:13.910',24.426
'0:13.914',-42.763
'0:13.918',-77.211
'0:13.922',-53.009
'0:13.926',-30.885
'0:13.930',-44.619
'0:13.934',-58.131
'0:13.938',-28.435
'0:13.941',54.568
'0:13.945',121.46
'0:13.949',113.367
'0:13.953',77.211
'0:13.957',61.621
'0:13.961',28.138
'0:13.965',-4.455
'0:13.969',-15.517
'0:13.973',-23.312
'0:13.977',23.015
'0:13.980',85.601
'0:13.984',134.378
'0:13.988',159.174
'0:13.992',78.325
'0:13.996',3.935
'0:14.000',15.22
'0:14.004',50.039
'0:14.008',35.71
'0:14.012',-5.494
'0:14.016',-23.609
'0:14.020',-43.506
'0:14.023',-75.355
'0:14.027',-77.508
'0:14.031',-59.987
'0:14.035',-31.107
'0:14.039',-28.435
'0:14.043',-68.896
'0:14.047',-86.937
'0:14.051',-76.692
'0:14.055',-68.896
'0:14.059',-78.028
'0:14.063',-111.511
'0:14.066',-98.816
'0:14.070',-49.445
'0:14.074',-14.18
'0:14.078',-16.333
'0:14.082',-39.794
'0:14.086',-27.098
'0:14.090',-33.557
'0:14.094',-33.854
'0:14.098',28.732
'0:14.102',68.896
'0:14.105',37.047
'0:14.109',20.639
'0:14.113',3.341
'0:14.117',-48.925
'0:14.121',5.494
'0:14.125',16.556
'0:14.129',29.771
'0:14.133',2.301
'0:14.137',-27.395
'0:14.141',-82.631
'0:14.145',-167.786
'0:14.148',-191.841
'0:14.152',-133.858
'0:14.156',-58.874
'0:14.160',-74.242
'0:14.164',-127.622
'0:14.168',-178.032
'0:14.172',-207.432
'0:14.176',-220.647
'0:14.180',-222.28
'0:14.184',-164.594
'0:14.188',-90.204
'0:14.191',-38.68
'0:14.195',-59.171
'0:14.199',-129.552
'0:14.203',-212.035
'0:14.207',-272.17
'0:14.211',-249.527
'0:14.215',-169.197
'0:14.219',-97.479
'0:14.223',-104.458
'0:14.227',-133.858
'0:14.230',-140.837
'0:14.234',-102.602
'0:14.238',-102.602
'0:14.242',-106.611
'0:14.246',-129.775
'0:14.250',-119.826
'0:14.254',-117.97
'0:14.258',-151.676
'0:14.262',-184.788
'0:14.266',-205.873
'0:14.270',-213.891
'0:14.273',-184.268
'0:14.277',-157.615
'0:14.281',-141.95
'0:14.285',-125.469
'0:14.289',-97.999
'0:14.293',-116.04
'0:14.297',-137.644
'0:14.301',-154.868
'0:14.305',-156.502
'0:14.309',-146.256
'0:14.313',-194.81
'0:14.316',-229.853
'0:14.320',-202.309
'0:14.324',-177.809
'0:14.328',-181.818
'0:14.332',-129.775
'0:14.336',35.71
'0:14.340',304.763
'0:14.344',519.396
'0:14.348',675.972
'0:14.352',747.689
'0:14.355',637.96
'0:14.359',465.199
'0:14.363',290.508
'0:14.367',203.423
'0:14.371',97.702
'0:14.375',48.109
'0:14.379',67.263
'0:14.383',115.001
'0:14.387',127.622
'0:14.391',142.99
'0:14.395',130.888
'0:14.398',-19.823
'0:14.402',-295.334
'0:14.406',-316.938
'0:14.410',-66.743
'0:14.414',128.735
'0:14.418',187.758
'0:14.422',163.777
'0:14.426',83.967
'0:14.430',-22.273
'0:14.434',-83.745
'0:14.438',-123.316
'0:14.441',-107.428
'0:14.445',-70.233
'0:14.449',-86.937
'0:14.453',-126.582
'0:14.457',-105.795
'0:14.461',-35.488
'0:14.465',-45.139
'0:14.469',-172.389
'0:14.473',-281.079
'0:14.477',-289.692
'0:14.480',-210.401
'0:14.484',-192.361
'0:14.488',-268.904
'0:14.492',-298.007
'0:14.496',-251.16
'0:14.500',-173.503
'0:14.504',-94.733
'0:14.508',-64.293
'0:14.512',-50.262
'0:14.516',-79.364
'0:14.520',-70.233
'0:14.523',14.403
'0:14.527',100.969
'0:14.531',135.194
'0:14.535',118.193
'0:14.539',70.752
'0:14.543',148.409
'0:14.547',174.542
'0:14.551',161.105
'0:14.555',91.763
'0:14.559',3.341
'0:14.563',-51.078
'0:14.566',-97.183
'0:14.570',-102.008
'0:14.574',-31.924
'0:14.578',53.528
'0:14.582',115.817
'0:14.586',-10.914
'0:14.590',-143.806
'0:14.594',-81.518
'0:14.598',101.786
'0:14.602',166.45
'0:14.605',172.389
'0:14.609',204.239
'0:14.613',172.686
'0:14.617',143.584
'0:14.621',91.763
'0:14.625',-17.373
'0:14.629',-188.871
'0:14.633',-387.839
'0:14.637',-300.16
'0:14.641',-35.191
'0:14.645',171.87
'0:14.648',203.942
'0:14.652',147.296
'0:14.656',14.997
'0:14.660',-131.185
'0:14.664',-144.103
'0:14.668',-58.874
'0:14.672',23.015
'0:14.676',7.944
'0:14.680',-51.598
'0:14.684',-96.663
'0:14.688',-60.507
'0:14.691',9.577
'0:14.695',93.173
'0:14.699',46.253
'0:14.703',-50.856
'0:14.707',-110.917
'0:14.711',-69.936
'0:14.715',-75.652
'0:14.719',-116.857
'0:14.723',-96.886
'0:14.727',10.394
'0:14.730',45.436
'0:14.734',4.974
'0:14.738',-21.976
'0:14.742',-7.424
'0:14.746',37.047
'0:14.750',36.527
'0:14.754',-9.874
'0:14.758',-90.204
'0:14.762',-140.317
'0:14.766',-123.91
'0:14.770',-56.721
'0:14.773',22.273
'0:14.777',16.556
'0:14.781',-18.709
'0:14.785',-92.58
'0:14.789',-127.919
'0:14.793',-108.245
'0:14.797',-72.905
'0:14.801',-58.354
'0:14.805',-107.131
'0:14.809',-120.643
'0:14.813',-58.651
'0:14.816',14.18
'0:14.820',29.251
'0:14.824',23.312
'0:14.828',0.371
'0:14.832',-49.742
'0:14.836',-91.763
'0:14.840',-97.999
'0:14.844',-93.99
'0:14.848',-70.233
'0:14.852',-53.231
'0:14.855',-43.803
'0:14.859',-32.518
'0:14.863',-29.251
'0:14.867',-68.08
'0:14.871',-65.11
'0:14.875',-58.131
'0:14.879',-51.375
'0:14.883',-63.477
'0:14.887',-98.296
'0:14.891',-124.132
'0:14.895',-119.01
'0:14.898',-117.376
'0:14.902',-100.449
'0:14.906',-101.266
'0:14.910',-45.139
'0:14.914',-23.832
'0:14.918',-51.598
'0:14.922',-109.581
'0:14.926',-48.925
'0:14.930',135.714
'0:14.934',383.533
'0:14.938',504.547
'0:14.941',580.051
'0:14.945',531.497
'0:14.949',296.967
'0:14.953',159.991
'0:14.957',97.999
'0:14.961',111.734
'0:14.965',105.572
'0:14.969',109.581
'0:14.973',112.848
'0:14.977',100.449
'0:14.980',63.774
'0:14.984',25.762
'0:14.988',-0.668
'0:14.992',-59.69
'0:14.996',-119.307
'0:15.000',-113.664
'0:15.004',-80.775
'0:15.008',-59.468
'0:15.012',-91.243
'0:15.016',-157.021
'0:15.020',-215.821
'0:15.023',-285.386
'0:15.027',-285.608
'0:15.031',-241.954
'0:15.035',-151.676
'0:15.039',-113.367
'0:15.043',-110.398
'0:15.047',-117.673
'0:15.051',-165.633
'0:15.055',-236.015
'0:15.059',-251.902
'0:15.063',-212.554
'0:15.066',-162.144
'0:15.070',-155.388
'0:15.074',-197.483
'0:15.078',-255.986
'0:15.082',-285.386
'0:15.086',-291.325
'0:15.090',-257.025
'0:15.094',-234.678
'0:15.098',-195.033
'0:15.102',-205.576
'0:15.105',-238.168
'0:15.109',-310.702
'0:15.113',-321.467
'0:15.117',-322.803
'0:15.121',-323.917
'0:15.125',-214.707
'0:15.129',-112.848
'0:15.133',-55.162
'0:15.137',-60.804
'0:15.141',-55.681
'0:15.145',-93.396
'0:15.148',-75.875
'0:15.152',-86.12
'0:15.156',-109.061
'0:15.160',-103.642
'0:15.164',-17.373
'0:15.168',12.547
'0:15.172',54.865
'0:15.176',85.304
'0:15.180',91.243
'0:15.184',5.494
'0:15.188',-70.53
'0:15.191',-65.63
'0:15.195',27.915
'0:15.199',57.537
'0:15.203',108.542
'0:15.207',154.868
'0:15.211',178.849
'0:15.215',145.959
'0:15.219',97.479
'0:15.223',3.935
'0:15.227',-139.5
'0:15.230',-103.939
'0:15.234',20.12
'0:15.238',179.665
'0:15.242',223.913
'0:15.246',218.271
'0:15.250',158.358
'0:15.254',58.651
'0:15.258',13.067
'0:15.262',-21.976
'0:15.266',13.067
'0:15.270',98.816
'0:15.273',147.073
'0:15.277',155.165
'0:15.281',156.799
'0:15.285',145.143
'0:15.289',89.907
'0:15.293',44.619
'0:15.297',30.365
'0:15.301',83.151
'0:15.305',130.072
'0:15.309',147.593
'0:15.313',130.888
'0:15.316',42.169
'0:15.320',-35.71
'0:15.324',1.485
'0:15.328',102.008
'0:15.332',163.258
'0:15.336',134.897
'0:15.340',132.522
'0:15.344',136.308
'0:15.348',120.346
'0:15.352',101.266
'0:15.355',88.274
'0:15.359',81.518
'0:15.363',99.633
'0:15.367',86.417
'0:15.371',71.569
'0:15.375',43.283
'0:15.379',64.293
'0:15.383',78.028
'0:15.387',83.151
'0:15.391',73.499
'0:15.395',47.069
'0:15.398',33.854
'0:15.402',44.322
'0:15.406',63.477
'0:15.410',55.384
'0:15.414',79.142
'0:15.418',96.143
'0:15.422',121.163
'0:15.426',111.214
'0:15.430',107.131
'0:15.434',129.255
'0:15.438',157.021
'0:15.441',149.226
'0:15.445',66.966
'0:15.449',6.311
'0:15.453',-8.464
'0:15.457',-54.568
'0:15.461',-50.039
'0:15.465',10.914
'0:15.469',-0.371
'0:15.473',-53.528
'0:15.477',-15.22
'0:15.480',58.131
'0:15.484',95.326
'0:15.488',15.517
'0:15.492',7.424
'0:15.496',39.794
'0:15.500',83.151
'0:15.504',86.12
'0:15.508',94.213
'0:15.512',91.54
'0:15.516',61.843
'0:15.520',39.794
'0:15.523',53.009
'0:15.527',102.305
'0:15.531',147.296
'0:15.535',156.502
'0:15.539',172.167
'0:15.543',291.548
'0:15.547',425.257
'0:15.551',564.906
'0:15.555',664.167
'0:15.559',629.348
'0:15.563',488.882
'0:15.566',337.949
'0:15.570',272.69
'0:15.574',225.25
'0:15.578',121.163
'0:15.582',97.702
'0:15.586',91.243
'0:15.590',72.386
'0:15.594',30.365
'0:15.598',25.762
'0:15.602',15.22
'0:15.605',23.015
'0:15.609',6.904
'0:15.613',-15.739
'0:15.617',-20.639
'0:15.621',-18.189
'0:15.625',3.118
'0:15.629',19.823
'0:15.633',0.668
'0:15.637',-16.853
'0:15.641',-15.517
'0:15.645',-29.251
'0:15.648',-75.355
'0:15.652',-92.06
'0:15.656',-96.143
'0:15.660',-129.775
'0:15.664',-157.318
'0:15.668',-170.014
'0:15.672',-110.917
'0:15.676',-71.866
'0:15.680',6.904
'0:15.684',62.437
'0:15.688',10.097
'0:15.691',12.77
'0:15.695',62.957
'0:15.699',66.446
'0:15.703',42.986
'0:15.707',45.436
'0:15.711',-59.987
'0:15.715',-103.939
'0:15.719',-122.276
'0:15.723',-16.556
'0:15.727',73.202
'0:15.730',198.003
'0:15.734',215.524
'0:15.738',162.961
'0:15.742',128.735
'0:15.746',159.768
'0:15.750',175.136
'0:15.754',161.327
'0:15.758',132.744
'0:15.762',70.752
'0:15.766',21.159
'0:15.770',77.211
'0:15.773',133.041
'0:15.777',183.748
'0:15.781',149.226
'0:15.785',18.486
'0:15.789',-63.996
'0:15.793',-22.273
'0:15.797',39.2
'0:15.801',112.031
'0:15.805',168.603
'0:15.809',163.777
'0:15.813',103.122
'0:15.816',37.641
'0:15.820',-25.465
'0:15.824',-26.579
'0:15.828',-20.12
'0:15.832',-30.588
'0:15.836',-58.651
'0:15.840',-56.721
'0:15.844',-60.284
'0:15.848',-54.048
'0:15.852',-46.475
'0:15.855',-57.834
'0:15.859',-56.498
'0:15.863',-29.771
'0:15.867',-8.761
'0:15.871',-14.403
'0:15.875',-37.641
'0:15.879',-52.415
'0:15.883',-45.436
'0:15.887',-42.763
'0:15.891',-31.924
'0:15.895',-37.863
'0:15.898',-20.639
'0:15.902',-14.403
'0:15.906',-26.282
'0:15.910',-29.251
'0:15.914',-35.488
'0:15.918',-36.824
'0:15.922',-47.292
'0:15.926',-57.834
'0:15.930',-59.987
'0:15.934',-36.23
'0:15.938',-24.129
'0:15.941',-2.301
'0:15.945',5.791
'0:15.949',-9.058
'0:15.953',-46.475
'0:15.957',-97.999
'0:15.961',-96.366
'0:15.965',-47.886
'0:15.969',-33.557
'0:15.973',-17.892
'0:15.977',-31.107
'0:15.980',-43.803
'0:15.984',-60.284
'0:15.988',-79.364
'0:15.992',-81.814
'0:15.996',-80.775
'0:16.000',-78.028
'0:16.004',-76.989
'0:16.008',-63.254
'0:16.012',-50.559
'0:16.016',-49.445
'0:16.020',-45.139
'0:16.023',-43.283
'0:16.027',-45.956
'0:16.031',-33.854
'0:16.035',-18.486
'0:16.039',0.668
'0:16.043',-11.211
'0:16.047',-26.282
'0:16.051',-30.068
'0:16.055',-18.709
'0:16.059',-18.189
'0:16.063',-28.435
'0:16.066',-40.61
'0:16.070',-43.803
'0:16.074',-65.63
'0:16.078',-50.856
'0:16.082',-62.14
'0:16.086',-57.537
'0:16.090',-59.171
'0:16.094',-64.59
'0:16.098',-66.446
'0:16.102',-62.66
'0:16.105',-58.354
'0:16.109',-58.874
'0:16.113',-63.254
'0:16.117',-65.407
'0:16.121',-62.66
'0:16.125',-27.915
'0:16.129',2.005
'0:16.133',14.997
'0:16.137',0.668
'0:16.141',51.598
'0:16.145',220.647
'0:16.148',446.342
'0:16.152',573.295
'0:16.156',657.114
'0:16.160',582.724
'0:16.164',364.898
'0:16.168',175.136
'0:16.172',58.354
'0:16.176',96.663
'0:16.180',89.387
'0:16.184',106.092
'0:16.188',108.245
'0:16.191',62.957
'0:16.195',-9.058
'0:16.199',-3.341
'0:16.203',4.974
'0:16.207',-102.825
'0:16.211',-153.829
'0:16.215',-102.305
'0:16.219',-17.373
'0:16.223',-25.762
'0:16.227',-52.712
'0:16.230',-31.107
'0:16.234',-33.557
'0:16.238',-34.671
'0:16.242',-43.283
'0:16.246',-83.967
'0:16.250',-75.875
'0:16.254',-63.996
'0:16.258',-69.119
'0:16.262',-78.028
'0:16.266',-68.896
'0:16.270',-28.732
'0:16.273',-16.556
'0:16.277',-35.488
'0:16.281',-74.242
'0:16.285',-50.856
'0:16.289',-14.997
'0:16.293',27.395
'0:16.297',26.282
'0:16.301',38.16
'0:16.305',46.475
'0:16.309',51.375
'0:16.313',16.036
'0:16.316',-0.965
'0:16.320',-10.394
'0:16.324',-21.159
'0:16.328',-60.284
'0:16.332',-29.251
'0:16.336',26.801
'0:16.340',59.468
'0:16.344',69.936
'0:16.348',57.018
'0:16.352',13.364
'0:16.355',48.628
'0:16.359',8.464
'0:16.363',78.622
'0:16.367',175.879
'0:16.371',245.74
'0:16.375',148.929
'0:16.379',42.986
'0:16.383',89.907
'0:16.387',150.859
'0:16.391',182.115
'0:16.395',161.327
'0:16.398',159.991
'0:16.402',111.511
'0:16.406',91.763
'0:16.410',87.754
'0:16.414',92.876
'0:16.418',120.123
'0:16.422',122.499
'0:16.426',62.957
'0:16.430',-13.586
'0:16.434',-167.044
'0:16.438',-164.074
'0:16.441',-51.375
'0:16.445',85.081
'0:16.449',99.039
'0:16.453',3.118
'0:16.457',-14.7
'0:16.461',-24.945
'0:16.465',-46.253
'0:16.469',-80.998
'0:16.473',-78.845
'0:16.477',-50.039
'0:16.480',2.301
'0:16.484',45.436
'0:16.488',60.507
'0:16.492',81.814
'0:16.496',81.814
'0:16.500',41.353
'0:16.504',-10.097
'0:16.508',-62.66
'0:16.512',-33.26
'0:16.516',69.936
'0:16.520',186.124
'0:16.523',190.727
'0:16.527',107.131
'0:16.531',-12.547
'0:16.535',-135.491
'0:16.539',-160.288
'0:16.543',-109.358
'0:16.547',-58.874
'0:16.551',19.006
'0:16.555',22.792
'0:16.559',-5.271
'0:16.563',-62.957
'0:16.566',-53.528
'0:16.570',-35.488
'0:16.574',-17.15
'0:16.578',-37.047
'0:16.582',-149.226
'0:16.586',-233.045
'0:16.590',-147.593
'0:16.594',41.353
'0:16.598',145.143
'0:16.602',104.161
'0:16.605',13.364
'0:16.609',3.118
'0:16.613',-32.741
'0:16.617',-36.23
'0:16.621',-15.739
'0:16.625',-9.577
'0:16.629',1.188
'0:16.633',33.557
'0:16.637',44.1
'0:16.641',62.14
'0:16.645',37.863
'0:16.648',-9.28
'0:16.652',-68.599
'0:16.656',-124.949
'0:16.660',-85.601
'0:16.664',-8.761
'0:16.668',71.272
'0:16.672',57.018
'0:16.676',-62.14
'0:16.680',-160.808
'0:16.684',-160.808
'0:16.688',-131.185
'0:16.691',-117.154
'0:16.695',-99.633
'0:16.699',-95.549
'0:16.703',-93.99
'0:16.707',-142.47
'0:16.711',-221.166
'0:16.715',-206.095
'0:16.719',-87.754
'0:16.723',-15.517
'0:16.727',9.058
'0:16.730',25.242
'0:16.734',-17.892
'0:16.738',1.485
'0:16.742',187.238
'0:16.746',508.853
'0:16.750',635.807
'0:16.754',671.963
'0:16.758',716.73
'0:16.762',628.828
'0:16.766',432.83
'0:16.770',176.695
'0:16.773',28.435
'0:16.777',-56.721
'0:16.781',-139.278
'0:16.785',-144.623
'0:16.789',-97.702
'0:16.793',-52.192
'0:16.797',-60.804
'0:16.801',-159.768
'0:16.805',-364.082
'0:16.809',-310.999
'0:16.813',-103.939
'0:16.816',93.173
'0:16.820',126.063
'0:16.824',115.001
'0:16.828',82.334
'0:16.832',-4.974
'0:16.836',-72.386
'0:16.840',-96.663
'0:16.844',-9.058
'0:16.848',-12.844
'0:16.852',-208.768
'0:16.855',-320.428
'0:16.859',-262.148
'0:16.863',-127.399
'0:16.867',-89.387
'0:16.871',-55.384
'0:16.875',-53.009
'0:16.879',-72.089
'0:16.883',-86.64
'0:16.887',-104.235
'0:16.891',-106.908
'0:16.895',-117.97
'0:16.898',-163.48
'0:16.902',-115.223
'0:16.906',-17.15
'0:16.910',83.745
'0:16.914',114.407
'0:16.918',149.523
'0:16.922',107.131
'0:16.926',73.499
'0:16.930',38.977
'0:16.934',-13.586
'0:16.938',-41.13
'0:16.941',-51.375
'0:16.945',-42.763
'0:16.949',-17.892
'0:16.953',10.914
'0:16.957',21.976
'0:16.961',18.189
'0:16.965',-5.271
'0:16.969',14.403
'0:16.973',53.231
'0:16.977',65.63
'0:16.980',53.009
'0:16.984',17.892
'0:16.988',17.373
'0:16.992',18.189
'0:16.996',45.139
'0:17.000',20.639
'0:17.004',-9.874
'0:17.008',-11.73
'0:17.012',-16.036
'0:17.016',-21.679
'0:17.020',-26.801
'0:17.023',-55.384
'0:17.027',-74.242
'0:17.031',-80.478
'0:17.035',-72.089
'0:17.039',-91.763
'0:17.043',-86.12
'0:17.047',-90.427
'0:17.051',-97.999
'0:17.055',-88.57
'0:17.059',-90.723
'0:17.063',-100.672
'0:17.066',-104.978
'0:17.070',-98.519
'0:17.074',-59.468
'0:17.078',-60.804
'0:17.082',-66.743
'0:17.086',-69.416
'0:17.090',-80.775
'0:17.094',-90.723
'0:17.098',-76.172
'0:17.102',-67.783
'0:17.105',-86.12
'0:17.109',-48.925
'0:17.113',-28.732
'0:17.117',-44.619
'0:17.121',-94.213
'0:17.125',-110.917
'0:17.129',-96.663
'0:17.133',-82.111
'0:17.137',-50.039
'0:17.141',-47.886
'0:17.145',-45.139
'0:17.148',-60.507
'0:17.152',-47.292
'0:17.156',-34.894
'0:17.160',-49.222
'0:17.164',-75.058
'0:17.168',-73.202
'0:17.172',-47.886
'0:17.176',-69.713
'0:17.180',-127.102
'0:17.184',-118.193
'0:17.188',-90.204
'0:17.191',-54.568
'0:17.195',-26.801
'0:17.199',-0.668
'0:17.203',-4.158
'0:17.207',-20.12
'0:17.211',-32.221
'0:17.215',-40.833
'0:17.219',-19.526
'0:17.223',22.273
'0:17.227',9.28
'0:17.230',-58.354
'0:17.234',-79.142
'0:17.238',-66.446
'0:17.242',-64.59
'0:17.246',-75.058
'0:17.250',-88.57
'0:17.254',-92.58
'0:17.258',-97.999
'0:17.262',-113.07
'0:17.266',-76.692
'0:17.270',-44.1
'0:17.273',-31.404
'0:17.277',-47.886
'0:17.281',-59.69
'0:17.285',-72.905
'0:17.289',-59.69
'0:17.293',-64.813
'0:17.297',-64.813
'0:17.301',-90.723
'0:17.305',-86.64
'0:17.309',-91.02
'0:17.313',-112.848
'0:17.316',-96.886
'0:17.320',-46.253
'0:17.324',2.821
'0:17.328',18.189
'0:17.332',157.838
'0:17.336',356.286
'0:17.340',451.984
'0:17.344',545.826
'0:17.348',604.848
'0:17.352',509.15
'0:17.355',377.297
'0:17.359',247.077
'0:17.363',181.595
'0:17.367',84.784
'0:17.371',36.23
'0:17.375',79.142
'0:17.379',120.123
'0:17.383',122.276
'0:17.387',70.233
'0:17.391',29.771
'0:17.395',-86.937
'0:17.398',-160.511
'0:17.402',-89.61
'0:17.406',-12.547
'0:17.410',28.138
'0:17.414',-21.679
'0:17.418',-204.239
'0:17.422',-274.843
'0:17.426',-141.431
'0:17.430',14.18
'0:17.434',109.061
'0:17.438',98.519
'0:17.441',35.488
'0:17.445',-20.862
'0:17.449',-71.049
'0:17.453',-87.457
'0:17.457',-72.089
'0:17.461',-36.824
'0:17.465',-38.16
'0:17.469',-51.078
'0:17.473',-53.231
'0:17.477',-27.098
'0:17.480',-23.609
'0:17.484',-81.518
'0:17.488',-136.828
'0:17.492',-175.879
'0:17.496',-20.862
'0:17.500',160.511
'0:17.504',221.166
'0:17.508',175.136
'0:17.512',120.346
'0:17.516',76.172
'0:17.520',5.791
'0:17.523',-19.303
'0:17.527',55.162
'0:17.531',120.643
'0:17.535',114.407
'0:17.539',14.18
'0:17.543',-95.846
'0:17.547',-94.213
'0:17.551',-33.26
'0:17.555',61.027
'0:17.559',111.214
'0:17.563',113.07
'0:17.566',93.916
'0:17.570',-64.293
'0:17.574',-101.786
'0:17.578',40.833
'0:17.582',243.587
'0:17.586',293.181
'0:17.590',246.037
'0:17.594',164.594
'0:17.598',63.477
'0:17.602',57.834
'0:17.605',59.987
'0:17.609',40.313
'0:17.613',-14.997
'0:17.617',-42.763
'0:17.621',-142.99
'0:17.625',-145.737
'0:17.629',-111.511
'0:17.633',-107.725
'0:17.637',-126.063
'0:17.641',-213.148
'0:17.645',-215.821
'0:17.648',-85.601
'0:17.652',61.621
'0:17.656',113.367
'0:17.660',67.56
'0:17.664',16.036
'0:17.668',-36.23
'0:17.672',-48.109
'0:17.676',-7.721
'0:17.680',70.233
'0:17.684',88.274
'0:17.688',2.005
'0:17.691',-79.958
'0:17.695',-94.213
'0:17.699',-94.51
'0:17.703',-96.886
'0:17.707',-97.999
'0:17.711',-65.63
'0:17.715',-64.293
'0:17.719',-46.772
'0:17.723',-47.069
'0:17.727',-47.886
'0:17.730',-48.109
'0:17.734',-47.292
'0:17.738',-31.404
'0:17.742',-31.924
'0:17.746',-93.396
'0:17.750',-106.389
'0:17.754',-93.99
'0:17.758',-37.863
'0:17.762',-39.2
'0:17.766',0.965
'0:17.770',23.015
'0:17.773',4.974
'0:17.777',-47.069
'0:17.781',-63.996
'0:17.785',-31.924
'0:17.789',-31.701
'0:17.793',-45.733
'0:17.797',-106.092
'0:17.801',-183.452
'0:17.805',-171.573
'0:17.809',-87.754
'0:17.813',47.886
'0:17.816',88.051
'0:17.820',61.027
'0:17.824',-70.53
'0:17.828',-129.552
'0:17.832',-123.316
'0:17.836',-116.634
'0:17.840',-143.287
'0:17.844',-197.483
'0:17.848',-232.525
'0:17.852',-246.26
'0:17.855',-232.822
'0:17.859',-216.638
'0:17.863',-110.101
'0:17.867',-46.475
'0:17.871',-21.159
'0:17.875',-48.406
'0:17.879',-32.518
'0:17.883',2.821
'0:17.887',31.701
'0:17.891',42.986
'0:17.895',64.813
'0:17.898',109.284
'0:17.902',205.056
'0:17.906',327.926
'0:17.910',405.583
'0:17.914',418.575
'0:17.918',375.441
'0:17.922',222.28
'0:17.926',92.06
'0:17.930',0.371
'0:17.934',-20.862
'0:17.938',-12.027
'0:17.941',59.69
'0:17.945',112.848
'0:17.949',111.511
'0:17.953',36.007
'0:17.957',-62.957
'0:17.961',-45.956
'0:17.965',24.945
'0:17.969',19.006
'0:17.973',-30.068
'0:17.977',-102.008
'0:17.980',-133.561
'0:17.984',-102.602
'0:17.988',-84.487
'0:17.992',-55.384
'0:17.996',-104.755
'0:18.000',-142.247
'0:18.004',-171.87
'0:18.008',-176.695
'0:18.012',-173.206
'0:18.016',-161.105
'0:18.020',-130.591
'0:18.023',-91.02
'0:18.027',-109.061
'0:18.031',-167.564
'0:18.035',-157.318
'0:18.039',-86.12
'0:18.043',-19.006
'0:18.047',-46.772
'0:18.051',-79.958
'0:18.055',-101.489
'0:18.059',-99.855
'0:18.063',-68.377
'0:18.066',-96.143
'0:18.070',-81.295
'0:18.074',-40.833
'0:18.078',-7.944
'0:18.082',12.25
'0:18.086',-10.617
'0:18.090',-28.138
'0:18.094',-23.832
'0:18.098',5.791
'0:18.102',-4.974
'0:18.105',-23.832
'0:18.109',-10.617
'0:18.113',20.342
'0:18.117',33.038
'0:18.121',28.435
'0:18.125',-2.005
'0:18.129',-22.273
'0:18.133',-12.547
'0:18.137',-2.821
'0:18.141',9.874
'0:18.145',-1.188
'0:18.148',-4.751
'0:18.152',-27.395
'0:18.156',-49.222
'0:18.160',-67.56
'0:18.164',-95.326
'0:18.168',-116.634
'0:18.172',-63.477
'0:18.176',-9.874
'0:18.180',-8.761
'0:18.184',-11.433
'0:18.188',-29.251
'0:18.191',-28.138
'0:18.195',-57.018
'0:18.199',-55.978
'0:18.203',-59.468
'0:18.207',-62.66
'0:18.211',-61.324
'0:18.215',-73.202
'0:18.219',-86.64
'0:18.223',-89.61
'0:18.227',-109.878
'0:18.230',-140.317
'0:18.234',-167.044
'0:18.238',-134.897
'0:18.242',-48.628
'0:18.246',7.944
'0:18.250',0.668
'0:18.254',-45.733
'0:18.258',-104.755
'0:18.262',-135.491
'0:18.266',-106.092
'0:18.270',-58.874
'0:18.273',-9.28
'0:18.277',4.751
'0:18.281',-47.292
'0:18.285',-62.437
'0:18.289',-55.384
'0:18.293',-31.701
'0:18.297',-2.301
'0:18.301',-30.885
'0:18.305',-55.681
'0:18.309',-65.63
'0:18.313',-33.854
'0:18.316',-24.648
'0:18.320',-48.109
'0:18.324',-35.488
'0:18.328',14.997
'0:18.332',24.945
'0:18.336',-9.874
'0:18.340',-41.353
'0:18.344',-60.284
'0:18.348',-63.774
'0:18.352',-105.275
'0:18.355',-92.58
'0:18.359',-76.692
'0:18.363',-47.292
'0:18.367',-32.741
'0:18.371',-9.28
'0:18.375',-13.067
'0:18.379',-41.947
'0:18.383',-72.386
'0:18.387',-90.723
'0:18.391',-43.803
'0:18.395',-7.127
'0:18.398',29.771
'0:18.402',24.945
'0:18.406',-1.782
'0:18.410',-65.927
'0:18.414',-97.702
'0:18.418',-84.784
'0:18.422',-62.437
'0:18.426',-54.865
'0:18.430',-65.407
'0:18.434',-94.51
'0:18.438',-190.727
'0:18.441',-245.74
'0:18.445',-166.227
'0:18.449',-79.958
'0:18.453',-46.772
'0:18.457',28.954
'0:18.461',139.5
'0:18.465',155.982
'0:18.469',90.204
'0:18.473',140.614
'0:18.477',356.806
'0:18.480',515.312
'0:18.484',622.592
'0:18.488',735.068
'0:18.492',665.726
'0:18.496',476.261
'0:18.500',258.658
'0:18.504',67.263
'0:18.508',-35.191
'0:18.512',-12.027
'0:18.516',153.829
'0:18.520',243.29
'0:18.523',173.726
'0:18.527',20.862
'0:18.531',-2.821
'0:18.535',9.874
'0:18.539',-12.027
'0:18.543',-42.763
'0:18.547',-42.169
'0:18.551',-33.854
'0:18.555',-54.865
'0:18.559',-91.54
'0:18.563',-182.932
'0:18.566',-181.595
'0:18.570',-101.489
'0:18.574',-51.375
'0:18.578',9.874
'0:18.582',54.048
'0:18.586',62.437
'0:18.590',37.344
'0:18.594',-7.127
'0:18.598',-48.628
'0:18.602',1.782
'0:18.605',20.639
'0:18.609',17.67
'0:18.613',-63.774
'0:18.617',-117.97
'0:18.621',-62.437
'0:18.625',-7.424
'0:18.629',22.792
'0:18.633',32.741
'0:18.637',16.333
'0:18.641',-24.129
'0:18.645',-65.407
'0:18.648',-70.233
'0:18.652',-50.262
'0:18.656',-54.048
'0:18.660',2.524
'0:18.664',88.57
'0:18.668',101.786
'0:18.672',97.702
'0:18.676',113.664
'0:18.680',86.417
'0:18.684',74.539
'0:18.688',86.937
'0:18.691',141.653
'0:18.695',123.91
'0:18.699',103.122
'0:18.703',95.846
'0:18.707',58.874
'0:18.711',77.805
'0:18.715',72.089
'0:18.719',97.479
'0:18.723',123.91
'0:18.727',122.499
'0:18.730',81.814
'0:18.734',-15.22
'0:18.738',-55.162
'0:18.742',-37.641
'0:18.746',-30.588
'0:18.750',-21.976
'0:18.754',-17.373
'0:18.758',-7.424
'0:18.762',-35.71
'0:18.766',-165.93
'0:18.770',-233.342
'0:18.773',-130.591
'0:18.777',17.892
'0:18.781',100.672
'0:18.785',119.529
'0:18.789',55.384
'0:18.793',-59.468
'0:18.797',-94.51
'0:18.801',-62.66
'0:18.805',5.494
'0:18.809',71.272
'0:18.813',112.254
'0:18.816',88.274
'0:18.820',60.507
'0:18.824',44.322
'0:18.828',-23.015
'0:18.832',-92.06
'0:18.836',-161.624
'0:18.840',-178.329
'0:18.844',-93.99
'0:18.848',-40.016
'0:18.852',-98.519
'0:18.855',-118.49
'0:18.859',-87.457
'0:18.863',-3.118
'0:18.867',27.395
'0:18.871',25.762
'0:18.875',-44.322
'0:18.879',-226.289
'0:18.883',-149.523
'0:18.887',87.754
'0:18.891',255.986
'0:18.895',211.738
'0:18.898',90.427
'0:18.902',2.301
'0:18.906',-40.61
'0:18.910',-104.978
'0:18.914',-138.164
'0:18.918',-109.358
'0:18.922',-173.503
'0:18.926',-255.986
'0:18.930',-183.155
'0:18.934',-14.18
'0:18.938',58.131
'0:18.941',20.862
'0:18.945',-38.68
'0:18.949',-83.745
'0:18.953',-186.421
'0:18.957',-215.524
'0:18.961',-159.768
'0:18.965',-50.559
'0:18.969',13.883
'0:18.973',47.069
'0:18.977',75.875
'0:18.980',27.915
'0:18.984',-80.478
'0:18.988',-147.073
'0:18.992',-161.921
'0:18.996',-115.001
'0:19.000',-81.295
'0:19.004',-66.743
'0:19.008',-93.396
'0:19.012',-139.5
'0:19.016',-144.4
'0:19.020',-114.704
'0:19.023',-101.489
'0:19.027',-94.51
'0:19.031',-92.06
'0:19.035',-50.262
'0:19.039',41.13
'0:19.043',241.137
'0:19.047',418.575
'0:19.051',506.181
'0:19.055',609.674
'0:19.059',630.461
'0:19.063',424.44
'0:19.066',226.586
'0:19.070',124.429
'0:19.074',71.272
'0:19.078',2.821
'0:19.082',13.067
'0:19.086',25.985
'0:19.090',4.158
'0:19.094',-11.433
'0:19.098',-27.098
'0:19.102',-32.741
'0:19.105',-68.08
'0:19.109',-75.652
'0:19.113',-78.325
'0:19.117',-93.693
'0:19.121',-110.917
'0:19.125',-143.806
'0:19.129',-154.052
'0:19.133',-130.072
'0:19.137',-115.52
'0:19.141',-112.551
'0:19.145',-123.91
'0:19.148',-133.858
'0:19.152',-114.184
'0:19.156',-102.602
'0:19.160',-97.702
'0:19.164',-104.978
'0:19.168',-98.519
'0:19.172',-82.631
'0:19.176',-88.57
'0:19.180',-96.366
'0:19.184',-116.634
'0:19.188',-111.734
'0:19.191',-146.776
'0:19.195',-106.389
'0:19.199',-99.633
'0:19.203',-86.12
'0:19.207',-93.693
'0:19.211',-95.549
'0:19.215',-74.242
'0:19.219',-84.487
'0:19.223',-69.119
'0:19.227',-44.916
'0:19.230',-17.67
'0:19.234',3.118
'0:19.238',27.395
'0:19.242',28.954
'0:19.246',7.424
'0:19.250',-12.844
'0:19.254',4.158
'0:19.258',38.977
'0:19.262',40.313
'0:19.266',40.016
'0:19.270',7.647
'0:19.273',-69.416
'0:19.277',-83.745
'0:19.281',-57.834
'0:19.285',-17.67
'0:19.289',30.365
'0:19.293',70.53
'0:19.297',62.14
'0:19.301',30.068
'0:19.305',-8.464
'0:19.309',-44.916
'0:19.313',-73.722
'0:19.316',-68.896
'0:19.320',-54.568
'0:19.324',-59.987
'0:19.328',-76.692
'0:19.332',-87.457
'0:19.336',-83.967
'0:19.340',-56.201
'0:19.344',-62.14
'0:19.348',-60.804
'0:19.352',-84.784
'0:19.355',-96.663
'0:19.359',-102.008
'0:19.363',-141.134
'0:19.367',-140.317
'0:19.371',-119.01
'0:19.375',-54.568
'0:19.379',-27.618
'0:19.383',-44.1
'0:19.387',-53.528
'0:19.391',-65.11
'0:19.395',-68.599
'0:19.398',-106.611
'0:19.402',-122.276
'0:19.406',-102.602
'0:19.410',-85.304
'0:19.414',-25.762
'0:19.418',17.15
'0:19.422',20.639
'0:19.426',29.548
'0:19.430',1.188
'0:19.434',-50.856
'0:19.438',-88.867
'0:19.441',-75.652
'0:19.445',-42.169
'0:19.449',-53.528
'0:19.453',-81.295
'0:19.457',-67.56
'0:19.461',-59.171
'0:19.465',-30.365
'0:19.469',-40.016
'0:19.473',-16.333
'0:19.477',-17.67
'0:19.480',-9.577
'0:19.484',-28.954
'0:19.488',-23.015
'0:19.492',29.548
'0:19.496',88.57
'0:19.500',67.56
'0:19.504',-20.862
'0:19.508',-42.763
'0:19.512',-31.701
'0:19.516',-14.997
'0:19.520',-34.894
'0:19.523',8.761
'0:19.527',50.262
'0:19.531',31.107
'0:19.535',-8.761
'0:19.539',-42.763
'0:19.543',-83.967
'0:19.547',-79.142
'0:19.551',-68.599
'0:19.555',-76.692
'0:19.559',-153.012
'0:19.563',-142.99
'0:19.566',-65.927
'0:19.570',-0.148
'0:19.574',27.618
'0:19.578',56.498
'0:19.582',-22.273
'0:19.586',-68.599
'0:19.590',20.862
'0:19.594',233.639
'0:19.598',456.81
'0:19.602',521.549
'0:19.605',613.98
'0:19.609',664.687
'0:19.613',569.806
'0:19.617',394.521
'0:19.621',312.558
'0:19.625',292.884
'0:19.629',190.727
'0:19.633',102.008
'0:19.637',72.089
'0:19.641',62.66
'0:19.645',58.354
'0:19.648',28.435
'0:19.652',-7.721
'0:19.656',-23.609
'0:19.660',-21.456
'0:19.664',-41.13
'0:19.668',-50.262
'0:19.672',-69.119
'0:19.676',-57.315
'0:19.680',-42.466
'0:19.684',-13.067
'0:19.688',-2.598
'0:19.691',-2.301
'0:19.695',23.832
'0:19.699',66.149
'0:19.703',94.733
'0:19.707',79.364
'0:19.711',37.863
'0:19.715',-0.371
'0:19.719',18.709
'0:19.723',24.648
'0:19.727',11.211
'0:19.730',7.127
'0:19.734',-13.586
'0:19.738',-44.1
'0:19.742',-69.936
'0:19.746',-53.231
'0:19.750',-28.954
'0:19.754',-18.486
'0:19.758',-28.954
'0:19.762',-4.158
'0:19.766',42.169
'0:19.770',79.661
'0:19.773',107.131
'0:19.777',115.817
'0:19.781',95.846
'0:19.785',49.445
'0:19.789',53.231
'0:19.793',119.01
'0:19.797',198.3
'0:19.801',244.924
'0:19.805',242.771
'0:19.809',192.88
'0:19.813',147.593
'0:19.816',169.197
'0:19.820',203.942
'0:19.824',185.605
'0:19.828',85.081
'0:19.832',32.518
'0:19.836',-62.957
'0:19.840',-101.489
'0:19.844',-48.406
'0:19.848',36.527
'0:19.852',67.783
'0:19.855',81.295
'0:19.859',81.814
'0:19.863',84.784
'0:19.867',86.417
'0:19.871',84.264
'0:19.875',50.781
'0:19.879',20.639
'0:19.883',68.377
'0:19.887',126.582
'0:19.891',140.02
'0:19.895',85.081
'0:19.898',31.924
'0:19.902',-18.189
'0:19.906',-62.957
'0:19.910',-9.577
'0:19.914',194.217
'0:19.918',326.887
'0:19.922',249.23
'0:19.926',46.475
'0:19.930',-114.704
'0:19.934',-190.504
'0:19.938',-213.891
'0:19.941',-189.911
'0:19.945',-70.233
'0:19.949',61.621
'0:19.953',107.725
'0:19.957',67.263
'0:19.961',-89.09
'0:19.965',-176.992
'0:19.969',-63.477
'0:19.973',100.449
'0:19.977',182.932
'0:19.980',176.695
'0:19.984',66.149
'0:19.988',73.499
'0:19.992',92.06
'0:19.996',138.164
'0:20.000',129.255
