'0:00.000',4.984
'0:00.004',22.521
'0:00.008',18.459
'0:00.012',40.842
'0:00.016',43.795
'0:00.020',40.288
'0:00.023',40.288
'0:00.027',48.641
'0:00.031',53.763
'0:00.035',44.626
'0:00.039',44.072
'0:00.043',57.27
'0:00.047',76.145
'0:00.051',81.268
'0:00.055',92.851
'0:00.059',95.574
'0:00.063',106.88
'0:00.066',106.373
'0:00.070',110.941
'0:00.074',124.417
'0:00.078',128.986
'0:00.082',139.784
'0:00.086',136.831
'0:00.090',140.615
'0:00.094',155.429
'0:00.098',161.89
'0:00.102',156.767
'0:00.105',183.441
'0:00.109',184.272
'0:00.113',201.254
'0:00.117',195.855
'0:00.121',207.438
'0:00.125',214.176
'0:00.129',228.205
'0:00.133',261.663
'0:00.137',259.494
'0:00.141',257.879
'0:00.145',263.509
'0:00.148',273.246
'0:00.152',320.41
'0:00.156',336.055
'0:00.160',369.189
'0:00.164',360.052
'0:00.168',353.822
'0:00.172',353.037
'0:00.176',367.851
'0:00.180',382.942
'0:00.184',388.618
'0:00.188',429.044
'0:00.191',428.767
'0:00.195',432.044
'0:00.199',418.522
'0:00.203',390.787
'0:00.207',379.711
'0:00.211',346.576
'0:00.215',303.981
'0:00.219',276.2
'0:00.223',245.742
'0:00.227',230.651
'0:00.230',197.47
'0:00.234',159.213
'0:00.238',134.108
'0:00.242',101.758
'0:00.246',67.792
'0:00.250',50.025
'0:00.254',28.704
'0:00.258',67.515
'0:00.262',127.37
'0:00.266',109.049
'0:00.270',67.792
'0:00.273',37.888
'0:00.277',-4.984
'0:00.281',-30.873
'0:00.285',-38.673
'0:00.289',-35.442
'0:00.293',-31.15
'0:00.297',-51.64
'0:00.301',-58.655
'0:00.305',-54.317
'0:00.309',-55.655
'0:00.313',-34.658
'0:00.316',-34.935
'0:00.320',-39.226
'0:00.324',-51.917
'0:00.328',-56.209
'0:00.332',-52.148
'0:00.336',-66.177
'0:00.340',-68.346
'0:00.344',-67.285
'0:00.348',-59.439
'0:00.352',-55.148
'0:00.355',-49.194
'0:00.359',-49.194
'0:00.363',-49.471
'0:00.367',-60.27
'0:00.371',-40.842
'0:00.375',-49.194
'0:00.379',-46.795
'0:00.383',-62.947
'0:00.387',-44.903
'0:00.391',-44.072
'0:00.395',-49.748
'0:00.398',-59.163
'0:00.402',-59.993
'0:00.406',-62.162
'0:00.410',-62.67
'0:00.414',-65.9
'0:00.418',-72.638
'0:00.422',-73.746
'0:00.426',-63.224
'0:00.430',-65.9
'0:00.434',-66.454
'0:00.438',-69.684
'0:00.441',-55.425
'0:00.445',-64.008
'0:00.449',-67.285
'0:00.453',-66.177
'0:00.457',-67.792
'0:00.461',-84.775
'0:00.465',-79.145
'0:00.469',-69.961
'0:00.473',-69.131
'0:00.477',-66.731
'0:00.480',-65.67
'0:00.484',-77.53
'0:00.488',-55.425
'0:00.492',-40.288
'0:00.496',-50.81
'0:00.500',-61.332
'0:00.504',-58.101
'0:00.508',-56.763
'0:00.512',-43.287
'0:00.516',-51.363
'0:00.520',-42.734
'0:00.523',-40.565
'0:00.527',-41.672
'0:00.531',-44.349
'0:00.535',-50.302
'0:00.539',-40.842
'0:00.543',-55.425
'0:00.547',-57.824
'0:00.551',-45.964
'0:00.555',-35.996
'0:00.559',-24.92
'0:00.563',-21.967
'0:00.566',-9.553
'0:00.570',-14.952
'0:00.574',-19.29
'0:00.578',-22.244
'0:00.582',-20.075
'0:00.586',-10.937
'0:00.590',13.614
'0:00.594',26.028
'0:00.598',26.812
'0:00.602',46.795
'0:00.605',38.165
'0:00.609',29.535
'0:00.613',11.445
'0:00.617',13.06
'0:00.621',15.229
'0:00.625',-10.66
'0:00.629',-34.381
'0:00.633',-51.64
'0:00.637',-50.533
'0:00.641',-49.748
'0:00.645',-60.27
'0:00.648',-67.792
'0:00.652',-83.437
'0:00.656',-96.358
'0:00.660',-95.297
'0:00.664',-93.128
'0:00.668',-102.865
'0:00.672',-100.696
'0:00.676',-95.297
'0:00.680',-93.682
'0:00.684',-76.976
'0:00.688',-72.915
'0:00.691',-70.238
'0:00.695',-76.976
'0:00.699',-73.469
'0:00.703',-75.084
'0:00.707',-74.53
'0:00.711',-56.763
'0:00.715',-46.241
'0:00.719',-39.78
'0:00.723',-40.565
'0:00.727',-72.638
'0:00.730',-71.853
'0:00.734',14.952
'0:00.738',172.688
'0:00.742',357.883
'0:00.746',520.972
'0:00.750',567.352
'0:00.754',358.944
'0:00.758',59.163
'0:00.762',-270.016
'0:00.766',-641.789
'0:00.770',-874.148
'0:00.773',-895.746
'0:00.777',-797.034
'0:00.781',-646.358
'0:00.785',-490.791
'0:00.789',-308.273
'0:00.793',-159.213
'0:00.797',-82.375
'0:00.801',-36.55
'0:00.805',-26.812
'0:00.809',4.2
'0:00.813',20.352
'0:00.816',17.675
'0:00.820',16.29
'0:00.824',38.673
'0:00.828',48.641
'0:00.832',50.025
'0:00.836',52.148
'0:00.840',67.515
'0:00.844',69.961
'0:00.848',62.67
'0:00.852',80.991
'0:00.855',68.9
'0:00.859',69.961
'0:00.863',71.023
'0:00.867',75.868
'0:00.871',78.037
'0:00.875',85.052
'0:00.879',87.775
'0:00.883',87.775
'0:00.887',90.451
'0:00.891',107.157
'0:00.895',115.51
'0:00.898',105.265
'0:00.902',121.74
'0:00.906',136.277
'0:00.910',135.492
'0:00.914',147.076
'0:00.918',155.429
'0:00.922',169.966
'0:00.926',181.826
'0:00.930',180.764
'0:00.934',194.794
'0:00.938',189.117
'0:00.941',203.423
'0:00.945',227.421
'0:00.949',239.788
'0:00.953',256.264
'0:00.957',254.879
'0:00.961',285.106
'0:00.965',289.675
'0:00.969',315.841
'0:00.973',333.101
'0:00.977',335.224
'0:00.980',335.778
'0:00.984',354.099
'0:00.988',359.498
'0:00.992',376.758
'0:00.996',413.169
'0:01.000',430.429
'0:01.004',433.105
'0:01.008',438.781
'0:01.012',439.566
'0:01.016',429.044
'0:01.020',416.122
'0:01.023',385.941
'0:01.027',357.329
'0:01.031',340.9
'0:01.035',299.643
'0:01.039',257.325
'0:01.043',211.222
'0:01.047',179.149
'0:01.051',144.076
'0:01.055',120.356
'0:01.059',96.128
'0:01.063',66.177
'0:01.066',33.273
'0:01.070',13.891
'0:01.074',-9.045
'0:01.078',-16.29
'0:01.082',-30.597
'0:01.086',-33.042
'0:01.090',-37.057
'0:01.094',-57.547
'0:01.098',-61.885
'0:01.102',-61.055
'0:01.105',-51.363
'0:01.109',-56.486
'0:01.113',-57.824
'0:01.117',-59.439
'0:01.121',-58.886
'0:01.125',-51.917
'0:01.129',-43.011
'0:01.133',-43.518
'0:01.137',-57.04
'0:01.141',-54.871
'0:01.145',-51.363
'0:01.148',-45.964
'0:01.152',-45.687
'0:01.156',-39.78
'0:01.160',-36.55
'0:01.164',-19.013
'0:01.168',-31.658
'0:01.172',-30.043
'0:01.176',-37.888
'0:01.180',-49.194
'0:01.184',-49.471
'0:01.188',-33.827
'0:01.191',-49.471
'0:01.195',-37.611
'0:01.199',-46.241
'0:01.203',-62.947
'0:01.207',-65.67
'0:01.211',-51.917
'0:01.215',-55.932
'0:01.219',-45.41
'0:01.223',-45.18
'0:01.227',-64.839
'0:01.230',-52.148
'0:01.234',-56.486
'0:01.238',-44.903
'0:01.242',-13.06
'0:01.246',27.366
'0:01.250',70.238
'0:01.254',101.481
'0:01.258',56.209
'0:01.262',-1.477
'0:01.266',-43.287
'0:01.270',-73.192
'0:01.273',-95.02
'0:01.277',-106.88
'0:01.281',-99.358
'0:01.285',-93.682
'0:01.289',-107.434
'0:01.293',-110.941
'0:01.297',-105.542
'0:01.301',-67.792
'0:01.305',-48.641
'0:01.309',-60.778
'0:01.313',-75.915
'0:01.316',-68.9
'0:01.320',-65.9
'0:01.324',-80.76
'0:01.328',-92.897
'0:01.332',-92.067
'0:01.336',-85.329
'0:01.340',-81.545
'0:01.344',-64.839
'0:01.348',-93.682
'0:01.352',-106.603
'0:01.355',-113.895
'0:01.359',-111.495
'0:01.363',-98.02
'0:01.367',-96.912
'0:01.371',-77.53
'0:01.375',-81.545
'0:01.379',-75.915
'0:01.383',-78.868
'0:01.387',-80.76
'0:01.391',-79.145
'0:01.395',-81.268
'0:01.398',-89.113
'0:01.402',-92.067
'0:01.406',-81.822
'0:01.410',-51.64
'0:01.414',-36.78
'0:01.418',-39.226
'0:01.422',-39.226
'0:01.426',-31.658
'0:01.430',-37.334
'0:01.434',-52.702
'0:01.438',-52.148
'0:01.441',-52.979
'0:01.445',-64.285
'0:01.449',-86.39
'0:01.453',-99.866
'0:01.457',-98.527
'0:01.461',-69.408
'0:01.465',-82.883
'0:01.469',-87.775
'0:01.473',-83.16
'0:01.477',-96.128
'0:01.480',-98.251
'0:01.484',-98.02
'0:01.488',-90.451
'0:01.492',-101.481
'0:01.496',-94.512
'0:01.500',-110.664
'0:01.504',-96.358
'0:01.508',-108.496
'0:01.512',-103.373
'0:01.516',-78.314
'0:01.520',-77.253
'0:01.523',-63.501
'0:01.527',-61.055
'0:01.531',-56.486
'0:01.535',-45.41
'0:01.539',-42.457
'0:01.543',-30.043
'0:01.547',-45.687
'0:01.551',-25.751
'0:01.555',32.212
'0:01.559',174.58
'0:01.563',355.991
'0:01.566',515.065
'0:01.570',531.771
'0:01.574',313.119
'0:01.578',29.258
'0:01.582',-260.002
'0:01.586',-636.113
'0:01.590',-908.113
'0:01.594',-966.353
'0:01.598',-870.133
'0:01.602',-702.152
'0:01.605',-523.695
'0:01.609',-316.349
'0:01.613',-136.554
'0:01.617',-57.547
'0:01.621',-23.305
'0:01.625',-7.43
'0:01.629',12.276
'0:01.633',41.118
'0:01.637',41.672
'0:01.641',46.241
'0:01.645',43.287
'0:01.648',72.915
'0:01.652',84.498
'0:01.656',90.174
'0:01.660',83.16
'0:01.664',78.314
'0:01.668',102.035
'0:01.672',111.218
'0:01.676',121.186
'0:01.680',119.017
'0:01.684',113.11
'0:01.688',116.618
'0:01.691',123.863
'0:01.695',135.723
'0:01.699',136.554
'0:01.703',130.878
'0:01.707',146.799
'0:01.711',151.645
'0:01.715',181.318
'0:01.719',169.689
'0:01.723',165.951
'0:01.727',178.595
'0:01.730',179.934
'0:01.734',194.517
'0:01.738',217.96
'0:01.742',214.176
'0:01.746',225.529
'0:01.750',256.771
'0:01.754',271.077
'0:01.758',282.107
'0:01.762',280.768
'0:01.766',305.32
'0:01.770',316.626
'0:01.773',331.993
'0:01.777',361.667
'0:01.781',376.758
'0:01.785',399.14
'0:01.789',425.029
'0:01.793',440.904
'0:01.797',473.255
'0:01.801',488.899
'0:01.805',494.298
'0:01.809',503.205
'0:01.813',503.205
'0:01.816',504.82
'0:01.820',505.374
'0:01.824',523.695
'0:01.828',529.325
'0:01.832',546.077
'0:01.836',535.832
'0:01.840',507.774
'0:01.844',493.514
'0:01.848',463.286
'0:01.852',415.292
'0:01.855',375.927
'0:01.859',332.824
'0:01.863',284.553
'0:01.867',220.683
'0:01.871',188.056
'0:01.875',148.691
'0:01.879',107.157
'0:01.883',75.361
'0:01.887',41.672
'0:01.891',23.582
'0:01.895',-13.614
'0:01.898',-20.628
'0:01.902',-37.057
'0:01.906',-56.763
'0:01.910',-59.163
'0:01.914',-62.947
'0:01.918',-68.346
'0:01.922',-83.437
'0:01.926',-88.282
'0:01.930',-77.53
'0:01.934',-81.268
'0:01.938',-98.527
'0:01.941',-95.851
'0:01.945',-88.559
'0:01.949',-96.358
'0:01.953',-97.743
'0:01.957',-96.358
'0:01.961',-93.959
'0:01.965',-88.559
'0:01.969',-97.743
'0:01.973',-98.02
'0:01.977',-94.743
'0:01.980',-92.343
'0:01.984',-103.927
'0:01.988',-98.02
'0:01.992',-99.081
'0:01.996',-109.88
'0:02.000',-105.265
'0:02.004',-102.865
'0:02.008',-100.143
'0:02.012',-100.419
'0:02.016',-108.265
'0:02.020',-102.312
'0:02.023',-117.125
'0:02.027',-116.618
'0:02.031',-102.312
'0:02.035',-109.049
'0:02.039',-115.787
'0:02.043',-113.895
'0:02.047',-132.216
'0:02.051',-135.216
'0:02.055',-140.615
'0:02.059',-146.245
'0:02.063',-144.63
'0:02.066',-148.691
'0:02.070',-152.475
'0:02.074',-156.213
'0:02.078',-175.088
'0:02.082',-173.473
'0:02.086',-180.487
'0:02.090',-171.073
'0:02.094',-173.473
'0:02.098',-173.473
'0:02.102',-155.429
'0:02.105',-148.968
'0:02.109',-156.213
'0:02.113',-156.213
'0:02.117',-169.689
'0:02.121',-167.843
'0:02.125',-164.335
'0:02.129',-158.659
'0:02.133',-157.828
'0:02.137',-167.566
'0:02.141',-148.414
'0:02.145',-178.595
'0:02.148',-174.304
'0:02.152',-158.936
'0:02.156',-152.706
'0:02.160',-147.353
'0:02.164',-144.353
'0:02.168',-126.586
'0:02.172',-128.201
'0:02.176',-134.939
'0:02.180',-127.37
'0:02.184',-126.309
'0:02.188',-112.28
'0:02.191',-114.172
'0:02.195',-102.588
'0:02.199',-92.897
'0:02.203',-92.343
'0:02.207',-95.574
'0:02.211',-98.02
'0:02.215',-86.113
'0:02.219',-76.145
'0:02.223',-59.993
'0:02.227',-33.273
'0:02.230',-20.628
'0:02.234',-37.334
'0:02.238',-38.673
'0:02.242',-24.413
'0:02.246',-34.381
'0:02.250',-23.305
'0:02.254',-37.611
'0:02.258',-67.008
'0:02.262',-82.883
'0:02.266',-96.912
'0:02.270',-91.236
'0:02.273',-89.898
'0:02.277',-99.358
'0:02.281',-111.495
'0:02.285',-126.032
'0:02.289',-123.863
'0:02.293',-140.061
'0:02.297',-146.799
'0:02.301',-141.123
'0:02.305',-141.676
'0:02.309',-141.676
'0:02.313',-141.4
'0:02.316',-130.37
'0:02.320',-138.723
'0:02.324',-139
'0:02.328',-141.4
'0:02.332',-142.738
'0:02.336',-130.601
'0:02.340',-137.108
'0:02.344',-136.554
'0:02.348',-125.247
'0:02.352',-128.478
'0:02.355',-99.635
'0:02.359',-103.65
'0:02.363',-101.758
'0:02.367',-60.778
'0:02.371',56.209
'0:02.375',206.654
'0:02.379',364.621
'0:02.383',393.74
'0:02.387',245.742
'0:02.391',-35.442
'0:02.395',-269.462
'0:02.398',-560.891
'0:02.402',-819.693
'0:02.406',-885.731
'0:02.410',-832.66
'0:02.414',-705.936
'0:02.418',-569.798
'0:02.422',-429.044
'0:02.426',-263.001
'0:02.430',-157.598
'0:02.434',-119.017
'0:02.438',-88.559
'0:02.441',-63.224
'0:02.445',-33.827
'0:02.449',-28.151
'0:02.453',-35.996
'0:02.457',-20.352
'0:02.461',-13.614
'0:02.465',12.552
'0:02.469',17.675
'0:02.473',12.552
'0:02.477',14.675
'0:02.480',20.905
'0:02.484',27.92
'0:02.488',31.658
'0:02.492',27.643
'0:02.496',31.935
'0:02.500',53.763
'0:02.504',74.022
'0:02.508',138.723
'0:02.512',150.814
'0:02.516',99.081
'0:02.520',80.483
'0:02.523',79.929
'0:02.527',71.023
'0:02.531',65.623
'0:02.535',65.116
'0:02.539',64.839
'0:02.543',80.206
'0:02.547',69.684
'0:02.551',79.376
'0:02.555',79.929
'0:02.559',96.912
'0:02.563',112.557
'0:02.566',116.618
'0:02.570',140.846
'0:02.574',141.953
'0:02.578',161.613
'0:02.582',178.088
'0:02.586',180.487
'0:02.590',187.225
'0:02.594',204.485
'0:02.598',224.698
'0:02.602',257.325
'0:02.605',274.861
'0:02.609',296.413
'0:02.613',299.136
'0:02.617',306.381
'0:02.621',323.641
'0:02.625',337.67
'0:02.629',355.991
'0:02.633',359.498
'0:02.637',370.297
'0:02.641',373.527
'0:02.645',370.297
'0:02.648',369.743
'0:02.652',356.545
'0:02.656',337.67
'0:02.660',327.425
'0:02.664',291.29
'0:02.668',256.54
'0:02.672',226.036
'0:02.676',192.071
'0:02.680',151.921
'0:02.684',116.341
'0:02.688',93.959
'0:02.691',61.055
'0:02.695',29.812
'0:02.699',24.69
'0:02.703',3.646
'0:02.707',-20.352
'0:02.711',-37.334
'0:02.715',-35.996
'0:02.719',-55.425
'0:02.723',-58.886
'0:02.727',-53.256
'0:02.730',-57.04
'0:02.734',-54.04
'0:02.738',-53.532
'0:02.742',-71.577
'0:02.746',-67.792
'0:02.750',-59.439
'0:02.754',-57.27
'0:02.758',-37.611
'0:02.762',-37.334
'0:02.766',-34.658
'0:02.770',-43.518
'0:02.773',-56.763
'0:02.777',-67.008
'0:02.781',-66.731
'0:02.785',-67.008
'0:02.789',-62.67
'0:02.793',-74.807
'0:02.797',-81.268
'0:02.801',-79.145
'0:02.805',-82.098
'0:02.809',-65.67
'0:02.813',-46.795
'0:02.816',-50.025
'0:02.820',-43.287
'0:02.824',-46.518
'0:02.828',-65.116
'0:02.832',-78.868
'0:02.836',-81.037
'0:02.840',-74.253
'0:02.844',-78.591
'0:02.848',-66.731
'0:02.852',-65.67
'0:02.855',-65.116
'0:02.859',-71.023
'0:02.863',-59.439
'0:02.867',-67.515
'0:02.871',-67.792
'0:02.875',-65.393
'0:02.879',-53.256
'0:02.883',-73.192
'0:02.887',-66.454
'0:02.891',-69.408
'0:02.895',-67.008
'0:02.898',-67.792
'0:02.902',-70.515
'0:02.906',-81.545
'0:02.910',-71.023
'0:02.914',-84.498
'0:02.918',-82.098
'0:02.922',-83.437
'0:02.926',-96.912
'0:02.930',-104.204
'0:02.934',-101.481
'0:02.938',-98.02
'0:02.941',-82.652
'0:02.945',-96.635
'0:02.949',-88.836
'0:02.953',-86.113
'0:02.957',-96.635
'0:02.961',-110.664
'0:02.965',-109.88
'0:02.969',-106.88
'0:02.973',-89.898
'0:02.977',-97.189
'0:02.980',-91.513
'0:02.984',-106.88
'0:02.988',-106.373
'0:02.992',-92.067
'0:02.996',-98.251
'0:03.000',-104.988
'0:03.004',-103.65
'0:03.008',-91.236
'0:03.012',-94.743
'0:03.016',-82.652
'0:03.020',-86.667
'0:03.023',-85.052
'0:03.027',-90.451
'0:03.031',-95.297
'0:03.035',-82.883
'0:03.039',-70.515
'0:03.043',-37.611
'0:03.047',-28.428
'0:03.051',-16.567
'0:03.055',-17.398
'0:03.059',-3.092
'0:03.063',-3.369
'0:03.066',-11.722
'0:03.070',-1.477
'0:03.074',-17.952
'0:03.078',-48.133
'0:03.082',-62.393
'0:03.086',-59.439
'0:03.090',-69.961
'0:03.094',-53.532
'0:03.098',-79.653
'0:03.102',-90.451
'0:03.105',-88.836
'0:03.109',-88.006
'0:03.113',-104.481
'0:03.117',-94.743
'0:03.121',-104.204
'0:03.125',-88.282
'0:03.129',-89.898
'0:03.133',-105.542
'0:03.137',-93.128
'0:03.141',-86.113
'0:03.145',-87.775
'0:03.148',-90.174
'0:03.152',-74.807
'0:03.156',-77.76
'0:03.160',-83.714
'0:03.164',-68.9
'0:03.168',-74.807
'0:03.172',-76.699
'0:03.176',-46.518
'0:03.180',-66.454
'0:03.184',-65.9
'0:03.188',4.43
'0:03.191',136
'0:03.195',304.766
'0:03.199',435.274
'0:03.203',450.088
'0:03.207',251.649
'0:03.211',-33.273
'0:03.215',-285.106
'0:03.219',-604.824
'0:03.223',-844.751
'0:03.227',-867.41
'0:03.230',-788.681
'0:03.234',-659.834
'0:03.238',-499.698
'0:03.242',-340.623
'0:03.246',-195.301
'0:03.250',-109.603
'0:03.254',-70.238
'0:03.258',-36.273
'0:03.262',-9.553
'0:03.266',17.398
'0:03.270',20.352
'0:03.273',12.783
'0:03.277',15.506
'0:03.281',24.413
'0:03.285',32.489
'0:03.289',34.658
'0:03.293',28.428
'0:03.297',33.042
'0:03.301',26.028
'0:03.305',32.766
'0:03.309',33.042
'0:03.313',42.457
'0:03.316',48.133
'0:03.320',58.655
'0:03.324',65.116
'0:03.328',64.562
'0:03.332',58.378
'0:03.336',64.839
'0:03.340',44.072
'0:03.344',65.623
'0:03.348',78.037
'0:03.352',101.758
'0:03.355',110.941
'0:03.359',110.111
'0:03.363',131.985
'0:03.367',141.123
'0:03.371',147.583
'0:03.375',158.105
'0:03.379',158.936
'0:03.383',180.487
'0:03.387',218.791
'0:03.391',223.36
'0:03.395',236.835
'0:03.398',241.173
'0:03.402',262.171
'0:03.406',281.322
'0:03.410',299.643
'0:03.414',313.949
'0:03.418',321.241
'0:03.422',343.346
'0:03.426',345.192
'0:03.430',376.758
'0:03.434',389.679
'0:03.438',399.417
'0:03.441',408.554
'0:03.445',425.537
'0:03.449',422.306
'0:03.453',419.353
'0:03.457',445.75
'0:03.461',439.289
'0:03.465',440.904
'0:03.469',437.166
'0:03.473',416.907
'0:03.477',396.971
'0:03.480',376.481
'0:03.484',345.192
'0:03.488',307.719
'0:03.492',270.8
'0:03.496',235.22
'0:03.500',199.916
'0:03.504',168.627
'0:03.508',129.262
'0:03.512',91.513
'0:03.516',57.27
'0:03.520',39.226
'0:03.523',7.938
'0:03.527',-0.923
'0:03.531',-23.859
'0:03.535',-40.842
'0:03.539',-55.932
'0:03.543',-55.148
'0:03.547',-51.087
'0:03.551',-59.439
'0:03.555',-58.101
'0:03.559',-54.594
'0:03.563',-68.9
'0:03.566',-65.9
'0:03.570',-61.055
'0:03.574',-76.145
'0:03.578',-69.408
'0:03.582',-66.454
'0:03.586',-65.67
'0:03.590',-62.67
'0:03.594',-61.608
'0:03.598',-68.346
'0:03.602',-78.868
'0:03.605',-79.376
'0:03.609',-64.839
'0:03.613',-65.116
'0:03.617',-68.346
'0:03.621',-59.716
'0:03.625',-61.332
'0:03.629',-65.393
'0:03.633',-66.454
'0:03.637',-68.346
'0:03.641',-73.469
'0:03.645',-59.439
'0:03.648',-66.454
'0:03.652',-68.346
'0:03.656',-68.069
'0:03.660',-55.655
'0:03.664',-43.011
'0:03.668',-51.363
'0:03.672',-52.979
'0:03.676',-51.363
'0:03.680',-53.532
'0:03.684',-41.118
'0:03.688',-51.64
'0:03.691',-69.961
'0:03.695',-66.454
'0:03.699',-68.069
'0:03.703',-56.486
'0:03.707',-68.346
'0:03.711',-71.3
'0:03.715',-82.375
'0:03.719',-66.177
'0:03.723',-71.023
'0:03.727',-68.623
'0:03.730',-57.547
'0:03.734',-67.792
'0:03.738',-79.376
'0:03.742',-82.375
'0:03.746',-68.346
'0:03.750',-77.53
'0:03.754',-54.594
'0:03.758',-62.393
'0:03.762',-31.658
'0:03.766',-35.719
'0:03.770',-46.241
'0:03.773',-38.673
'0:03.777',-44.903
'0:03.781',-60.547
'0:03.785',-64.839
'0:03.789',-63.777
'0:03.793',-58.886
'0:03.797',-61.608
'0:03.801',-57.547
'0:03.805',-62.67
'0:03.809',-64.562
'0:03.813',-76.422
'0:03.816',-76.976
'0:03.820',-71.3
'0:03.824',-77.53
'0:03.828',-66.177
'0:03.832',-63.501
'0:03.836',-46.241
'0:03.840',-52.702
'0:03.844',-57.547
'0:03.848',-49.471
'0:03.852',-50.025
'0:03.855',-32.212
'0:03.859',-4.43
'0:03.863',7.153
'0:03.867',29.812
'0:03.871',28.704
'0:03.875',32.766
'0:03.879',31.427
'0:03.883',42.18
'0:03.887',29.535
'0:03.891',26.812
'0:03.895',16.29
'0:03.898',-13.891
'0:03.902',-33.273
'0:03.906',-33.827
'0:03.910',-26.535
'0:03.914',-36.55
'0:03.918',-59.993
'0:03.922',-75.915
'0:03.926',-79.653
'0:03.930',-78.037
'0:03.934',-73.192
'0:03.938',-76.699
'0:03.941',-88.282
'0:03.945',-76.976
'0:03.949',-64.562
'0:03.953',-61.608
'0:03.957',-60.547
'0:03.961',-67.792
'0:03.965',-57.824
'0:03.969',-65.393
'0:03.973',-64.008
'0:03.977',-61.055
'0:03.980',-34.658
'0:03.984',-40.842
'0:03.988',-48.641
'0:03.992',-48.133
'0:03.996',-60.778
'0:04.000',-64.008
'0:04.004',-8.214
'0:04.008',148.691
'0:04.012',361.944
'0:04.016',543.908
'0:04.020',622.915
'0:04.023',448.75
'0:04.027',114.726
'0:04.031',-200.977
'0:04.035',-584.057
'0:04.039',-923.481
'0:04.043',-1003.041
'0:04.047',-915.128
'0:04.051',-733.164
'0:04.055',-542.57
'0:04.059',-329.871
'0:04.063',-152.983
'0:04.066',-39.503
'0:04.070',-11.722
'0:04.074',4.43
'0:04.078',20.352
'0:04.082',46.518
'0:04.086',43.287
'0:04.090',52.979
'0:04.094',51.917
'0:04.098',67.792
'0:04.102',79.145
'0:04.105',76.699
'0:04.109',69.684
'0:04.113',67.285
'0:04.117',82.375
'0:04.121',79.145
'0:04.125',78.037
'0:04.129',70.238
'0:04.133',81.268
'0:04.137',95.574
'0:04.141',109.88
'0:04.145',110.941
'0:04.148',118.741
'0:04.152',112.28
'0:04.156',111.218
'0:04.160',126.863
'0:04.164',142.738
'0:04.168',148.414
'0:04.172',142.461
'0:04.176',158.936
'0:04.180',174.811
'0:04.184',190.179
'0:04.188',195.301
'0:04.191',204.762
'0:04.195',221.191
'0:04.199',238.45
'0:04.203',254.648
'0:04.207',258.94
'0:04.211',267.016
'0:04.215',283.214
'0:04.219',285.891
'0:04.223',303.151
'0:04.227',321.472
'0:04.230',342.515
'0:04.234',374.866
'0:04.238',380.819
'0:04.242',400.755
'0:04.246',418.015
'0:04.250',419.907
'0:04.254',420.414
'0:04.258',428.767
'0:04.262',448.473
'0:04.266',478.654
'0:04.270',494.298
'0:04.273',496.744
'0:04.277',493.514
'0:04.281',483.5
'0:04.285',479.485
'0:04.289',459.502
'0:04.293',444.689
'0:04.297',427.706
'0:04.301',388.618
'0:04.305',353.314
'0:04.309',314.503
'0:04.313',265.124
'0:04.316',217.683
'0:04.320',196.409
'0:04.324',144.076
'0:04.328',103.927
'0:04.332',85.329
'0:04.336',68.9
'0:04.340',50.025
'0:04.344',47.856
'0:04.348',22.244
'0:04.352',18.459
'0:04.355',3.369
'0:04.359',-12.829
'0:04.363',-14.445
'0:04.367',-10.937
'0:04.371',-17.675
'0:04.375',-14.675
'0:04.379',-27.089
'0:04.383',-27.366
'0:04.387',-41.903
'0:04.391',-51.087
'0:04.395',-48.41
'0:04.398',-28.151
'0:04.402',-27.643
'0:04.406',-25.474
'0:04.410',-35.165
'0:04.414',-48.133
'0:04.418',-57.824
'0:04.422',-41.395
'0:04.426',-27.366
'0:04.430',-23.074
'0:04.434',-33.273
'0:04.438',-23.074
'0:04.441',-6.876
'0:04.445',3.923
'0:04.449',21.69
'0:04.453',74.53
'0:04.457',40.565
'0:04.461',16.567
'0:04.465',-3.646
'0:04.469',-40.842
'0:04.473',-56.486
'0:04.477',-57.547
'0:04.480',-64.562
'0:04.484',-83.16
'0:04.488',-73.192
'0:04.492',-60.27
'0:04.496',-60.547
'0:04.500',-62.393
'0:04.504',-94.236
'0:04.508',-102.312
'0:04.512',-93.682
'0:04.516',-80.483
'0:04.520',-79.653
'0:04.523',-75.915
'0:04.527',-68.9
'0:04.531',-78.314
'0:04.535',-80.206
'0:04.539',-77.76
'0:04.543',-89.898
'0:04.547',-84.267
'0:04.551',-95.297
'0:04.555',-112.557
'0:04.559',-107.988
'0:04.563',-89.113
'0:04.566',-55.425
'0:04.570',-66.731
'0:04.574',-79.145
'0:04.578',-102.035
'0:04.582',-100.143
'0:04.586',-103.373
'0:04.590',-102.035
'0:04.594',-82.883
'0:04.598',-102.312
'0:04.602',-96.128
'0:04.605',-84.498
'0:04.609',-88.006
'0:04.613',-85.329
'0:04.617',-100.696
'0:04.621',-92.343
'0:04.625',-98.251
'0:04.629',-104.988
'0:04.633',-88.006
'0:04.637',-101.758
'0:04.641',-89.898
'0:04.645',-79.929
'0:04.648',-58.655
'0:04.652',-28.704
'0:04.656',-8.214
'0:04.660',-7.153
'0:04.664',-9.83
'0:04.668',-7.43
'0:04.672',-13.891
'0:04.676',5.538
'0:04.680',24.136
'0:04.684',23.028
'0:04.688',10.383
'0:04.691',-27.643
'0:04.695',-40.288
'0:04.699',-54.317
'0:04.703',-41.118
'0:04.707',-71.577
'0:04.711',-92.62
'0:04.715',-103.927
'0:04.719',-116.848
'0:04.723',-120.125
'0:04.727',-135.723
'0:04.730',-111.726
'0:04.734',-107.711
'0:04.738',-100.973
'0:04.742',-100.419
'0:04.746',-100.973
'0:04.750',-112.28
'0:04.754',-108.496
'0:04.758',-100.419
'0:04.762',-98.804
'0:04.766',-99.635
'0:04.770',-96.912
'0:04.773',-78.591
'0:04.777',-100.143
'0:04.781',-94.512
'0:04.785',-81.268
'0:04.789',-83.16
'0:04.793',-96.358
'0:04.797',-67.008
'0:04.801',31.15
'0:04.805',179.703
'0:04.809',379.711
'0:04.813',498.867
'0:04.816',467.624
'0:04.820',209.053
'0:04.824',-61.608
'0:04.828',-387.833
'0:04.832',-753.377
'0:04.836',-912.174
'0:04.840',-887.116
'0:04.844',-790.296
'0:04.848',-617.238
'0:04.852',-440.397
'0:04.855',-249.249
'0:04.859',-114.449
'0:04.863',-39.226
'0:04.867',-7.43
'0:04.871',5.538
'0:04.875',30.597
'0:04.879',34.888
'0:04.883',45.687
'0:04.887',43.011
'0:04.891',51.917
'0:04.895',59.993
'0:04.898',67.515
'0:04.902',64.562
'0:04.906',76.422
'0:04.910',65.623
'0:04.914',73.746
'0:04.918',83.714
'0:04.922',82.375
'0:04.926',77.53
'0:04.930',80.483
'0:04.934',86.667
'0:04.938',98.251
'0:04.941',100.143
'0:04.945',95.297
'0:04.949',110.941
'0:04.953',130.37
'0:04.957',128.201
'0:04.961',134.939
'0:04.965',130.37
'0:04.969',141.676
'0:04.973',173.473
'0:04.977',188.333
'0:04.980',183.995
'0:04.984',198.024
'0:04.988',205.546
'0:04.992',217.683
'0:04.996',218.237
'0:05.000',233.051
'0:05.004',246.803
'0:05.008',251.926
'0:05.012',278.092
'0:05.016',295.075
'0:05.020',312.334
'0:05.023',312.611
'0:05.027',332.27
'0:05.031',339.008
'0:05.035',355.714
'0:05.039',375.419
'0:05.043',392.679
'0:05.047',410.723
'0:05.051',416.122
'0:05.055',417.738
'0:05.059',439.289
'0:05.063',440.674
'0:05.066',441.458
'0:05.070',445.519
'0:05.074',446.581
'0:05.078',437.951
'0:05.082',425.814
'0:05.086',409.939
'0:05.090',379.434
'0:05.094',348.192
'0:05.098',309.888
'0:05.102',282.661
'0:05.105',248.972
'0:05.109',200.424
'0:05.113',138.446
'0:05.117',102.312
'0:05.121',59.163
'0:05.125',38.673
'0:05.129',3.646
'0:05.133',-10.383
'0:05.137',-12.552
'0:05.141',-37.057
'0:05.145',-40.288
'0:05.148',-61.332
'0:05.152',-61.055
'0:05.156',-77.76
'0:05.160',-83.16
'0:05.164',-86.667
'0:05.168',-94.236
'0:05.172',-80.483
'0:05.176',-79.653
'0:05.180',-81.545
'0:05.184',-98.527
'0:05.188',-76.976
'0:05.191',-83.437
'0:05.195',-81.545
'0:05.199',-79.376
'0:05.203',-79.653
'0:05.207',-76.699
'0:05.211',-69.408
'0:05.215',-51.917
'0:05.219',-62.67
'0:05.223',-59.716
'0:05.227',-73.746
'0:05.230',-69.961
'0:05.234',-69.961
'0:05.238',-78.314
'0:05.242',-73.469
'0:05.246',-72.638
'0:05.250',-71.577
'0:05.254',-56.209
'0:05.258',-62.393
'0:05.262',-70.238
'0:05.266',-54.04
'0:05.270',-57.04
'0:05.273',-58.378
'0:05.277',-61.608
'0:05.281',-67.285
'0:05.285',-67.792
'0:05.289',-73.469
'0:05.293',-76.422
'0:05.297',-62.393
'0:05.301',-66.454
'0:05.305',-65.9
'0:05.309',-72.638
'0:05.313',-76.976
'0:05.316',-63.501
'0:05.320',-81.268
'0:05.324',-64.008
'0:05.328',-57.04
'0:05.332',-63.501
'0:05.336',-63.501
'0:05.340',-62.393
'0:05.344',-61.885
'0:05.348',-72.638
'0:05.352',-64.562
'0:05.355',-80.483
'0:05.359',-76.976
'0:05.363',-75.638
'0:05.367',-72.915
'0:05.371',-67.008
'0:05.375',-65.9
'0:05.379',-75.361
'0:05.383',-56.763
'0:05.387',-71.853
'0:05.391',-68.069
'0:05.395',-67.008
'0:05.398',-59.163
'0:05.402',-55.148
'0:05.406',-54.594
'0:05.410',-37.334
'0:05.414',-37.057
'0:05.418',-42.18
'0:05.422',-35.442
'0:05.426',-36.78
'0:05.430',-23.305
'0:05.434',7.153
'0:05.438',19.29
'0:05.441',-0.692
'0:05.445',0.923
'0:05.449',-5.538
'0:05.453',-10.937
'0:05.457',1.477
'0:05.461',-0.415
'0:05.465',-28.981
'0:05.469',-50.302
'0:05.473',-74.022
'0:05.477',-79.376
'0:05.480',-66.177
'0:05.484',-78.314
'0:05.488',-82.883
'0:05.492',-105.265
'0:05.496',-110.111
'0:05.500',-128.478
'0:05.504',-125.247
'0:05.508',-116.618
'0:05.512',-108.772
'0:05.516',-111.495
'0:05.520',-109.88
'0:05.523',-121.74
'0:05.527',-130.601
'0:05.531',-125.247
'0:05.535',-128.986
'0:05.539',-125.755
'0:05.543',-104.481
'0:05.547',-99.081
'0:05.551',-94.512
'0:05.555',-96.358
'0:05.559',-91.236
'0:05.563',-86.113
'0:05.566',-82.375
'0:05.570',-79.376
'0:05.574',-65.67
'0:05.578',17.906
'0:05.582',161.613
'0:05.586',335.501
'0:05.590',437.674
'0:05.594',388.618
'0:05.598',128.986
'0:05.602',-130.601
'0:05.605',-433.382
'0:05.609',-752.592
'0:05.613',-883.332
'0:05.617',-856.888
'0:05.621',-759.561
'0:05.625',-607.547
'0:05.629',-465.732
'0:05.633',-298.028
'0:05.637',-166.735
'0:05.641',-107.988
'0:05.645',-78.037
'0:05.648',-51.363
'0:05.652',-35.996
'0:05.656',-19.798
'0:05.660',-23.305
'0:05.664',-25.197
'0:05.668',-17.952
'0:05.672',8.768
'0:05.676',24.69
'0:05.680',25.474
'0:05.684',42.457
'0:05.688',47.025
'0:05.691',54.871
'0:05.695',55.655
'0:05.699',43.795
'0:05.703',45.687
'0:05.707',47.579
'0:05.711',67.285
'0:05.715',83.437
'0:05.719',91.005
'0:05.723',96.358
'0:05.727',97.743
'0:05.730',114.172
'0:05.734',112.833
'0:05.738',122.525
'0:05.742',145.461
'0:05.746',145.737
'0:05.750',175.919
'0:05.754',158.659
'0:05.758',171.304
'0:05.762',195.07
'0:05.766',193.178
'0:05.770',205.823
'0:05.773',205.039
'0:05.777',233.881
'0:05.781',242.511
'0:05.785',257.048
'0:05.789',253.033
'0:05.793',267.293
'0:05.797',279.984
'0:05.801',274.861
'0:05.805',290.229
'0:05.809',314.503
'0:05.813',341.454
'0:05.816',371.635
'0:05.820',371.081
'0:05.824',373.25
'0:05.828',364.344
'0:05.832',371.358
'0:05.836',399.417
'0:05.840',399.924
'0:05.844',420.414
'0:05.848',427.152
'0:05.852',417.184
'0:05.855',414.507
'0:05.859',385.387
'0:05.863',373.804
'0:05.867',346.576
'0:05.871',333.886
'0:05.875',299.136
'0:05.879',272.692
'0:05.883',215.791
'0:05.887',187.502
'0:05.891',139.507
'0:05.895',103.65
'0:05.898',78.591
'0:05.902',54.317
'0:05.906',25.751
'0:05.910',-6.322
'0:05.914',-26.305
'0:05.918',-50.533
'0:05.922',-73.192
'0:05.926',-70.515
'0:05.930',-58.101
'0:05.934',-62.947
'0:05.938',-82.375
'0:05.941',-85.052
'0:05.945',-84.267
'0:05.949',-76.145
'0:05.953',-81.822
'0:05.957',-82.652
'0:05.961',-82.883
'0:05.965',-82.098
'0:05.969',-76.145
'0:05.973',-83.437
'0:05.977',-83.16
'0:05.980',-81.037
'0:05.984',-79.929
'0:05.988',-91.513
'0:05.992',-99.866
'0:05.996',-99.358
'0:06.000',-112.003
'0:06.004',-109.88
'0:06.008',-91.79
'0:06.012',-102.865
'0:06.016',-85.052
'0:06.020',-94.236
'0:06.023',-90.451
'0:06.027',-89.898
'0:06.031',-103.373
'0:06.035',-101.758
'0:06.039',-93.682
'0:06.043',-89.39
'0:06.047',-104.757
'0:06.051',-102.865
'0:06.055',-102.865
'0:06.059',-109.603
'0:06.063',-103.142
'0:06.066',-103.373
'0:06.070',-119.294
'0:06.074',-103.65
'0:06.078',-109.603
'0:06.082',-117.125
'0:06.086',-116.618
'0:06.090',-103.927
'0:06.094',-106.603
'0:06.098',-109.603
'0:06.102',-98.251
'0:06.105',-98.804
'0:06.109',-104.204
'0:06.113',-107.157
'0:06.117',-109.049
'0:06.121',-112.28
'0:06.125',-97.189
'0:06.129',-89.621
'0:06.133',-93.405
'0:06.137',-107.711
'0:06.141',-107.988
'0:06.145',-110.388
'0:06.148',-106.373
'0:06.152',-112.003
'0:06.156',-108.772
'0:06.160',-106.373
'0:06.164',-92.343
'0:06.168',-90.451
'0:06.172',-97.189
'0:06.176',-92.62
'0:06.180',-88.559
'0:06.184',-89.898
'0:06.188',-74.022
'0:06.191',-67.792
'0:06.195',-16.567
'0:06.199',5.538
'0:06.203',-6.876
'0:06.207',-4.43
'0:06.211',-1.754
'0:06.215',-2.307
'0:06.219',5.261
'0:06.223',-4.707
'0:06.227',-18.183
'0:06.230',-48.41
'0:06.234',-50.302
'0:06.238',-59.439
'0:06.242',-52.979
'0:06.246',-66.454
'0:06.250',-80.76
'0:06.254',-82.652
'0:06.258',-91.005
'0:06.262',-99.635
'0:06.266',-97.466
'0:06.270',-82.883
'0:06.273',-85.883
'0:06.277',-90.728
'0:06.281',-95.851
'0:06.285',-110.111
'0:06.289',-99.081
'0:06.293',-88.836
'0:06.297',-77.253
'0:06.301',-78.591
'0:06.305',-75.084
'0:06.309',-81.545
'0:06.313',-89.113
'0:06.316',-77.253
'0:06.320',-78.314
'0:06.324',-58.655
'0:06.328',-50.302
'0:06.332',-42.457
'0:06.336',-29.535
'0:06.340',64.008
'0:06.344',204.762
'0:06.348',351.976
'0:06.352',383.219
'0:06.355',256.771
'0:06.359',-12.276
'0:06.363',-222.298
'0:06.367',-509.943
'0:06.371',-783.327
'0:06.375',-887.623
'0:06.379',-850.704
'0:06.383',-719.688
'0:06.387',-571.136
'0:06.391',-401.032
'0:06.395',-222.298
'0:06.398',-109.88
'0:06.402',-47.856
'0:06.406',-24.413
'0:06.410',-4.707
'0:06.414',21.967
'0:06.418',36.78
'0:06.422',37.057
'0:06.426',28.704
'0:06.430',43.287
'0:06.434',65.623
'0:06.438',66.454
'0:06.441',56.763
'0:06.445',49.471
'0:06.449',74.253
'0:06.453',76.145
'0:06.457',79.929
'0:06.461',75.868
'0:06.465',69.408
'0:06.469',89.621
'0:06.473',102.865
'0:06.477',108.496
'0:06.480',94.512
'0:06.484',90.728
'0:06.488',90.451
'0:06.492',98.804
'0:06.496',135.216
'0:06.500',140.338
'0:06.504',141.123
'0:06.508',141.4
'0:06.512',145.968
'0:06.516',148.414
'0:06.520',155.936
'0:06.523',189.394
'0:06.527',188.056
'0:06.531',207.438
'0:06.535',210.669
'0:06.539',220.406
'0:06.543',223.36
'0:06.547',251.926
'0:06.551',251.649
'0:06.555',271.077
'0:06.559',298.859
'0:06.563',303.981
'0:06.566',316.903
'0:06.570',345.746
'0:06.574',377.588
'0:06.578',376.204
'0:06.582',386.449
'0:06.586',383.772
'0:06.590',407.77
'0:06.594',419.907
'0:06.598',436.059
'0:06.602',450.088
'0:06.605',449.026
'0:06.609',439.566
'0:06.613',434.167
'0:06.617',433.659
'0:06.621',432.828
'0:06.625',416.676
'0:06.629',375.696
'0:06.633',337.947
'0:06.637',289.675
'0:06.641',257.048
'0:06.645',223.913
'0:06.648',196.132
'0:06.652',141.953
'0:06.656',111.726
'0:06.660',65.393
'0:06.664',47.856
'0:06.668',17.398
'0:06.672',-6.599
'0:06.676',-19.567
'0:06.680',-46.795
'0:06.684',-47.025
'0:06.688',-63.224
'0:06.691',-58.101
'0:06.695',-70.515
'0:06.699',-62.393
'0:06.703',-76.422
'0:06.707',-77.53
'0:06.711',-75.638
'0:06.715',-73.192
'0:06.719',-78.591
'0:06.723',-89.113
'0:06.727',-90.728
'0:06.730',-92.62
'0:06.734',-92.067
'0:06.738',-79.376
'0:06.742',-71.853
'0:06.746',-73.192
'0:06.750',-60.778
'0:06.754',-61.608
'0:06.758',-63.224
'0:06.762',-68.346
'0:06.766',-70.238
'0:06.770',-76.699
'0:06.773',-79.376
'0:06.777',-79.929
'0:06.781',-67.285
'0:06.785',-53.532
'0:06.789',-61.608
'0:06.793',-63.777
'0:06.797',-62.947
'0:06.801',-49.748
'0:06.805',-67.792
'0:06.809',-60.778
'0:06.813',-65.393
'0:06.816',-48.641
'0:06.820',-64.839
'0:06.824',-64.285
'0:06.828',-59.716
'0:06.832',-51.917
'0:06.836',-51.087
'0:06.840',-62.67
'0:06.844',-75.915
'0:06.848',-73.746
'0:06.852',-85.883
'0:06.855',-100.696
'0:06.859',-93.682
'0:06.863',-90.728
'0:06.867',-90.174
'0:06.871',-71.853
'0:06.875',-86.39
'0:06.879',-76.145
'0:06.883',-86.944
'0:06.887',-103.373
'0:06.891',-103.65
'0:06.895',-88.836
'0:06.898',-94.236
'0:06.902',-85.329
'0:06.906',-85.052
'0:06.910',-72.407
'0:06.914',-74.807
'0:06.918',-77.53
'0:06.922',-82.098
'0:06.926',-82.375
'0:06.930',-73.192
'0:06.934',-77.53
'0:06.938',-62.393
'0:06.941',-18.183
'0:06.945',-3.369
'0:06.949',6.045
'0:06.953',3.923
'0:06.957',3.923
'0:06.961',0.923
'0:06.965',-0.923
'0:06.969',-9.83
'0:06.973',-13.891
'0:06.977',-44.072
'0:06.980',-59.439
'0:06.984',-62.162
'0:06.988',-59.993
'0:06.992',-66.454
'0:06.996',-93.128
'0:07.000',-103.927
'0:07.004',-121.971
'0:07.008',-139.231
'0:07.012',-133.323
'0:07.016',-128.986
'0:07.020',-120.909
'0:07.023',-119.848
'0:07.027',-120.909
'0:07.031',-117.956
'0:07.035',-114.449
'0:07.039',-120.125
'0:07.043',-116.341
'0:07.047',-118.741
'0:07.051',-103.373
'0:07.055',-101.25
'0:07.059',-103.65
'0:07.063',-96.635
'0:07.066',-100.143
'0:07.070',-88.282
'0:07.074',-87.775
'0:07.078',-103.142
'0:07.082',-92.62
'0:07.086',-20.352
'0:07.090',139.507
'0:07.094',339.839
'0:07.098',474.362
'0:07.102',473.808
'0:07.105',235.497
'0:07.109',-55.425
'0:07.113',-377.035
'0:07.117',-741.794
'0:07.121',-950.478
'0:07.125',-952.878
'0:07.129',-833.168
'0:07.133',-676.263
'0:07.137',-510.22
'0:07.141',-331.717
'0:07.145',-164.058
'0:07.148',-102.588
'0:07.152',-68.623
'0:07.156',-46.518
'0:07.160',-32.766
'0:07.164',-13.06
'0:07.168',12.276
'0:07.172',10.383
'0:07.176',16.567
'0:07.180',32.489
'0:07.184',37.334
'0:07.188',30.597
'0:07.191',26.812
'0:07.195',30.597
'0:07.199',46.795
'0:07.203',38.396
'0:07.207',48.918
'0:07.211',42.457
'0:07.215',59.439
'0:07.219',61.055
'0:07.223',71.853
'0:07.227',67.285
'0:07.230',74.53
'0:07.234',72.915
'0:07.238',91.005
'0:07.242',103.927
'0:07.246',100.696
'0:07.250',106.88
'0:07.254',119.017
'0:07.258',120.909
'0:07.262',136.554
'0:07.266',134.385
'0:07.270',138.954
'0:07.273',148.414
'0:07.277',150.583
'0:07.281',168.627
'0:07.285',167.843
'0:07.289',171.073
'0:07.293',193.963
'0:07.297',210.669
'0:07.301',215.56
'0:07.305',233.881
'0:07.309',250.864
'0:07.313',270.247
'0:07.316',287.229
'0:07.320',295.351
'0:07.324',315.565
'0:07.328',330.932
'0:07.332',331.717
'0:07.336',333.332
'0:07.340',343.577
'0:07.344',363.559
'0:07.348',361.39
'0:07.352',377.035
'0:07.355',378.096
'0:07.359',389.956
'0:07.363',380.542
'0:07.367',378.65
'0:07.371',359.498
'0:07.375',328.209
'0:07.379',309.888
'0:07.383',270.247
'0:07.387',235.497
'0:07.391',198.024
'0:07.395',164.566
'0:07.398',146.522
'0:07.402',109.326
'0:07.406',91.513
'0:07.410',67.792
'0:07.414',33.042
'0:07.418',17.121
'0:07.422',-2.031
'0:07.426',-4.984
'0:07.430',-14.675
'0:07.434',-18.736
'0:07.438',-32.489
'0:07.441',-32.489
'0:07.445',-35.165
'0:07.449',-47.302
'0:07.453',-37.057
'0:07.457',-34.658
'0:07.461',-32.212
'0:07.465',-32.489
'0:07.469',-45.41
'0:07.473',-53.532
'0:07.477',-67.285
'0:07.480',-63.224
'0:07.484',-63.501
'0:07.488',-62.162
'0:07.492',-71.3
'0:07.496',-68.069
'0:07.500',-77.76
'0:07.504',-76.699
'0:07.508',-77.253
'0:07.512',-73.469
'0:07.516',-70.515
'0:07.520',-76.976
'0:07.523',-88.559
'0:07.527',-90.451
'0:07.531',-91.005
'0:07.535',-104.988
'0:07.539',-107.988
'0:07.543',-102.035
'0:07.547',-105.542
'0:07.551',-92.897
'0:07.555',-91.513
'0:07.559',-92.067
'0:07.563',-82.883
'0:07.566',-102.312
'0:07.570',-107.711
'0:07.574',-108.496
'0:07.578',-109.049
'0:07.582',-113.618
'0:07.586',-115.787
'0:07.590',-92.62
'0:07.594',-96.128
'0:07.598',-78.591
'0:07.602',-79.145
'0:07.605',-80.206
'0:07.609',-90.728
'0:07.613',-96.358
'0:07.617',-95.297
'0:07.621',-94.236
'0:07.625',-79.145
'0:07.629',-75.361
'0:07.633',-81.822
'0:07.637',-109.88
'0:07.641',-106.096
'0:07.645',-108.496
'0:07.648',-108.496
'0:07.652',-70.238
'0:07.656',-50.533
'0:07.660',-73.192
'0:07.664',-85.052
'0:07.668',-86.944
'0:07.672',-87.775
'0:07.676',-71.023
'0:07.680',-43.795
'0:07.684',-36.55
'0:07.688',-36.55
'0:07.691',-37.888
'0:07.695',-23.582
'0:07.699',-28.151
'0:07.703',-18.736
'0:07.707',-34.104
'0:07.711',-68.069
'0:07.715',-85.883
'0:07.719',-91.513
'0:07.723',-114.449
'0:07.727',-98.251
'0:07.730',-118.233
'0:07.734',-119.848
'0:07.738',-123.078
'0:07.742',-143.845
'0:07.746',-143.845
'0:07.750',-150.306
'0:07.754',-154.321
'0:07.758',-155.982
'0:07.762',-142.461
'0:07.766',-127.093
'0:07.770',-119.294
'0:07.773',-107.711
'0:07.777',-92.067
'0:07.781',-107.711
'0:07.785',-91.005
'0:07.789',-101.758
'0:07.793',-93.405
'0:07.797',-92.897
'0:07.801',-74.807
'0:07.805',-58.101
'0:07.809',-38.673
'0:07.813',-46.518
'0:07.816',-59.163
'0:07.820',6.876
'0:07.824',143.292
'0:07.828',328.763
'0:07.832',465.455
'0:07.836',484.33
'0:07.840',288.06
'0:07.844',26.535
'0:07.848',-243.019
'0:07.852',-575.981
'0:07.855',-781.943
'0:07.859',-786.004
'0:07.863',-726.703
'0:07.867',-581.104
'0:07.871',-454.657
'0:07.875',-280.768
'0:07.879',-146.522
'0:07.883',-60.778
'0:07.887',-37.057
'0:07.891',-8.214
'0:07.895',-1.477
'0:07.898',2.307
'0:07.902',8.768
'0:07.906',-0.923
'0:07.910',7.43
'0:07.914',26.535
'0:07.918',46.795
'0:07.922',57.547
'0:07.926',66.454
'0:07.930',56.486
'0:07.934',72.915
'0:07.938',61.608
'0:07.941',59.993
'0:07.945',53.763
'0:07.949',56.209
'0:07.953',83.991
'0:07.957',89.113
'0:07.961',92.62
'0:07.965',89.898
'0:07.969',90.174
'0:07.973',112.833
'0:07.977',116.848
'0:07.980',124.417
'0:07.984',125.247
'0:07.988',123.863
'0:07.992',127.093
'0:07.996',145.737
'0:08.000',154.598
'0:08.004',158.382
'0:08.008',172.965
'0:08.012',188.563
'0:08.016',190.179
'0:08.020',202.316
'0:08.023',208.546
'0:08.027',221.467
'0:08.031',234.158
'0:08.035',234.943
'0:08.039',249.526
'0:08.043',273.246
'0:08.047',284.83
'0:08.051',295.628
'0:08.055',327.425
'0:08.059',342.792
'0:08.063',353.591
'0:08.066',351.422
'0:08.070',375.142
'0:08.074',371.358
'0:08.078',387.787
'0:08.082',401.54
'0:08.086',399.694
'0:08.090',405.877
'0:08.094',416.122
'0:08.098',401.032
'0:08.102',386.726
'0:08.105',370.297
'0:08.109',341.731
'0:08.113',301.812
'0:08.117',271.631
'0:08.121',242.234
'0:08.125',210.161
'0:08.129',164.566
'0:08.133',123.586
'0:08.137',92.851
'0:08.141',49.194
'0:08.145',34.104
'0:08.148',2.815
'0:08.152',-8.491
'0:08.156',-38.396
'0:08.160',-46.795
'0:08.164',-60.778
'0:08.168',-61.885
'0:08.172',-75.638
'0:08.176',-72.915
'0:08.180',-78.868
'0:08.184',-90.174
'0:08.188',-91.79
'0:08.191',-92.897
'0:08.195',-76.422
'0:08.199',-80.206
'0:08.203',-87.221
'0:08.207',-72.915
'0:08.211',-77.53
'0:08.215',-78.591
'0:08.219',-79.653
'0:08.223',-84.267
'0:08.227',-71.023
'0:08.230',-78.591
'0:08.234',-80.206
'0:08.238',-79.376
'0:08.242',-82.098
'0:08.246',-84.498
'0:08.250',-78.591
'0:08.254',-82.652
'0:08.258',-80.206
'0:08.262',-79.929
'0:08.266',-97.189
'0:08.270',-93.128
'0:08.273',-84.775
'0:08.277',-83.16
'0:08.281',-94.743
'0:08.285',-93.128
'0:08.289',-91.79
'0:08.293',-102.865
'0:08.297',-85.052
'0:08.301',-94.236
'0:08.305',-90.728
'0:08.309',-89.898
'0:08.313',-87.775
'0:08.316',-102.312
'0:08.320',-108.265
'0:08.324',-103.65
'0:08.328',-105.542
'0:08.332',-105.819
'0:08.336',-103.927
'0:08.340',-107.711
'0:08.344',-100.973
'0:08.348',-88.006
'0:08.352',-106.603
'0:08.355',-104.481
'0:08.359',-91.005
'0:08.363',-83.991
'0:08.367',-86.944
'0:08.371',-74.53
'0:08.375',-74.253
'0:08.379',-74.807
'0:08.383',-80.483
'0:08.387',-83.437
'0:08.391',-75.084
'0:08.395',-46.241
'0:08.398',-30.32
'0:08.402',-15.783
'0:08.406',-15.783
'0:08.410',-9.045
'0:08.414',-14.675
'0:08.418',-29.812
'0:08.422',-44.349
'0:08.426',-59.993
'0:08.430',-103.373
'0:08.434',-95.851
'0:08.438',-97.189
'0:08.441',-94.743
'0:08.445',-91.513
'0:08.449',-86.667
'0:08.453',-96.635
'0:08.457',-97.189
'0:08.461',-108.496
'0:08.465',-120.356
'0:08.469',-132.77
'0:08.473',-114.449
'0:08.477',-101.25
'0:08.480',-109.603
'0:08.484',-101.25
'0:08.488',-98.251
'0:08.492',-99.081
'0:08.496',-102.035
'0:08.500',-108.265
'0:08.504',-98.804
'0:08.508',-97.466
'0:08.512',-99.866
'0:08.516',-102.865
'0:08.520',-107.157
'0:08.523',-96.912
'0:08.527',-96.358
'0:08.531',-85.052
'0:08.535',-26.535
'0:08.539',108.219
'0:08.543',274.585
'0:08.547',405.601
'0:08.551',443.627
'0:08.555',310.996
'0:08.559',108.496
'0:08.563',-48.133
'0:08.566',-440.397
'0:08.570',-742.071
'0:08.574',-840.736
'0:08.578',-815.124
'0:08.582',-696.753
'0:08.586',-551.2
'0:08.590',-360.836
'0:08.594',-207.715
'0:08.598',-150.86
'0:08.602',-131.708
'0:08.605',-99.635
'0:08.609',-65.9
'0:08.613',-17.121
'0:08.617',-6.599
'0:08.621',-29.258
'0:08.625',-27.643
'0:08.629',-16.29
'0:08.633',-20.628
'0:08.637',-8.214
'0:08.641',-11.445
'0:08.645',-9.553
'0:08.648',14.952
'0:08.652',39.226
'0:08.656',37.334
'0:08.660',24.136
'0:08.664',12.276
'0:08.668',32.212
'0:08.672',66.177
'0:08.676',64.008
'0:08.680',57.27
'0:08.684',65.116
'0:08.688',65.9
'0:08.691',79.653
'0:08.695',61.885
'0:08.699',58.378
'0:08.703',82.883
'0:08.707',96.358
'0:08.711',123.355
'0:08.715',138.446
'0:08.719',138.446
'0:08.723',150.306
'0:08.727',131.985
'0:08.730',139.784
'0:08.734',135.723
'0:08.738',151.645
'0:08.742',165.397
'0:08.746',179.934
'0:08.750',217.406
'0:08.754',227.651
'0:08.758',245.742
'0:08.762',263.278
'0:08.766',277.815
'0:08.770',281.045
'0:08.773',274.308
'0:08.777',292.352
'0:08.781',279.153
'0:08.785',279.43
'0:08.789',311.78
'0:08.793',347.361
'0:08.797',365.451
'0:08.801',359.498
'0:08.805',379.711
'0:08.809',392.402
'0:08.813',391.571
'0:08.816',378.927
'0:08.820',345.469
'0:08.824',319.856
'0:08.828',282.661
'0:08.832',245.465
'0:08.836',199.362
'0:08.840',167.843
'0:08.844',128.201
'0:08.848',90.728
'0:08.852',51.363
'0:08.855',19.567
'0:08.859',-10.937
'0:08.863',-16.29
'0:08.867',-38.165
'0:08.871',-47.025
'0:08.875',-63.777
'0:08.879',-76.145
'0:08.883',-63.501
'0:08.887',-69.408
'0:08.891',-64.562
'0:08.895',-66.177
'0:08.898',-76.699
'0:08.902',-76.422
'0:08.906',-97.466
'0:08.910',-80.206
'0:08.914',-85.883
'0:08.918',-79.376
'0:08.922',-90.451
'0:08.926',-77.76
'0:08.930',-79.929
'0:08.934',-72.638
'0:08.938',-81.037
'0:08.941',-88.006
'0:08.945',-89.39
'0:08.949',-109.88
'0:08.953',-90.728
'0:08.957',-85.052
'0:08.961',-73.192
'0:08.965',-70.515
'0:08.969',-59.163
'0:08.973',-59.439
'0:08.977',-70.238
'0:08.980',-71.3
'0:08.984',-82.652
'0:08.988',-88.836
'0:08.992',-92.62
'0:08.996',-89.39
'0:09.000',-73.192
'0:09.004',-50.302
'0:09.008',-71.023
'0:09.012',-59.163
'0:09.016',-73.746
'0:09.020',-72.915
'0:09.023',-79.653
'0:09.027',-68.9
'0:09.031',-76.699
'0:09.035',-75.915
'0:09.039',-88.836
'0:09.043',-76.699
'0:09.047',-82.883
'0:09.051',-77.53
'0:09.055',-62.947
'0:09.059',-74.022
'0:09.063',-73.746
'0:09.066',-78.591
'0:09.070',-76.976
'0:09.074',-81.822
'0:09.078',-75.915
'0:09.082',-72.407
'0:09.086',-75.638
'0:09.090',-75.638
'0:09.094',-67.515
'0:09.098',-46.795
'0:09.102',-25.474
'0:09.105',-10.107
'0:09.109',-9.83
'0:09.113',-3.369
'0:09.117',0.692
'0:09.121',-7.707
'0:09.125',-6.599
'0:09.129',-8.491
'0:09.133',-21.182
'0:09.137',-48.133
'0:09.141',-68.9
'0:09.145',-67.515
'0:09.148',-73.192
'0:09.152',-72.915
'0:09.156',-98.251
'0:09.160',-114.449
'0:09.164',-126.863
'0:09.168',-135.492
'0:09.172',-139.507
'0:09.176',-134.385
'0:09.180',-116.618
'0:09.184',-125.247
'0:09.188',-131.431
'0:09.191',-122.525
'0:09.195',-121.186
'0:09.199',-117.956
'0:09.203',-121.971
'0:09.207',-112.003
'0:09.211',-122.525
'0:09.215',-107.434
'0:09.219',-103.373
'0:09.223',-103.927
'0:09.227',-107.988
'0:09.230',-104.988
'0:09.234',-109.326
'0:09.238',-135.492
'0:09.242',-116.848
'0:09.246',16.844
'0:09.250',182.933
'0:09.254',381.603
'0:09.258',525.31
'0:09.262',454.38
'0:09.266',137.338
'0:09.270',-180.211
'0:09.273',-544.185
'0:09.277',-921.358
'0:09.281',-1088.739
'0:09.285',-1042.637
'0:09.289',-883.608
'0:09.293',-684.385
'0:09.297',-481.377
'0:09.301',-292.398
'0:09.305',-151.921
'0:09.309',-96.912
'0:09.313',-72.915
'0:09.316',-51.64
'0:09.320',-28.704
'0:09.324',-18.459
'0:09.328',-11.999
'0:09.332',-7.43
'0:09.336',10.107
'0:09.340',17.398
'0:09.344',31.658
'0:09.348',23.582
'0:09.352',26.028
'0:09.355',24.136
'0:09.359',46.795
'0:09.363',47.579
'0:09.367',42.457
'0:09.371',43.518
'0:09.375',53.763
'0:09.379',59.439
'0:09.383',79.376
'0:09.387',76.699
'0:09.391',76.976
'0:09.395',69.131
'0:09.398',89.621
'0:09.402',109.88
'0:09.406',93.682
'0:09.410',79.653
'0:09.414',100.973
'0:09.418',117.125
'0:09.422',123.078
'0:09.426',143.015
'0:09.430',159.997
'0:09.434',162.72
'0:09.438',164.058
'0:09.441',172.411
'0:09.445',192.071
'0:09.449',222.298
'0:09.453',238.45
'0:09.457',256.771
'0:09.461',268.908
'0:09.465',290.229
'0:09.469',287.229
'0:09.473',301.258
'0:09.477',317.457
'0:09.480',330.378
'0:09.484',338.454
'0:09.488',352.207
'0:09.492',378.373
'0:09.496',392.402
'0:09.500',407.77
'0:09.504',404.262
'0:09.508',402.647
'0:09.512',409.662
'0:09.516',404.539
'0:09.520',389.172
'0:09.523',388.895
'0:09.527',387.003
'0:09.531',359.498
'0:09.535',338.224
'0:09.539',308.273
'0:09.543',277.538
'0:09.547',244.126
'0:09.551',198.808
'0:09.555',159.444
'0:09.559',113.895
'0:09.563',85.052
'0:09.566',67.285
'0:09.570',35.996
'0:09.574',11.445
'0:09.578',-16.29
'0:09.582',-27.089
'0:09.586',-44.072
'0:09.590',-45.18
'0:09.594',-40.565
'0:09.598',-36.55
'0:09.602',-43.011
'0:09.605',-56.209
'0:09.609',-58.378
'0:09.613',-58.378
'0:09.617',-55.932
'0:09.621',-59.439
'0:09.625',-53.532
'0:09.629',-56.763
'0:09.633',-59.163
'0:09.637',-57.824
'0:09.641',-59.439
'0:09.645',-67.008
'0:09.648',-85.329
'0:09.652',-75.084
'0:09.656',-76.976
'0:09.660',-77.53
'0:09.664',-65.393
'0:09.668',-67.515
'0:09.672',-59.439
'0:09.676',-78.037
'0:09.680',-76.422
'0:09.684',-63.501
'0:09.688',-66.454
'0:09.691',-75.638
'0:09.695',-78.314
'0:09.699',-92.343
'0:09.703',-93.128
'0:09.707',-81.037
'0:09.711',-77.253
'0:09.715',-81.268
'0:09.719',-61.055
'0:09.723',-75.361
'0:09.727',-76.976
'0:09.730',-91.005
'0:09.734',-82.652
'0:09.738',-95.297
'0:09.742',-90.174
'0:09.746',-90.451
'0:09.750',-74.807
'0:09.754',-69.684
'0:09.758',-49.748
'0:09.762',-26.305
'0:09.766',6.599
'0:09.770',82.883
'0:09.773',39.78
'0:09.777',-12.276
'0:09.781',-30.873
'0:09.785',-51.64
'0:09.789',-63.224
'0:09.793',-61.885
'0:09.797',-81.037
'0:09.801',-63.501
'0:09.805',-80.76
'0:09.809',-76.976
'0:09.813',-48.641
'0:09.816',-8.214
'0:09.820',-3.092
'0:09.824',-11.168
'0:09.828',-20.905
'0:09.832',-30.32
'0:09.836',-27.366
'0:09.840',-21.69
'0:09.844',-41.395
'0:09.848',-64.285
'0:09.852',-76.145
'0:09.855',-78.314
'0:09.859',-73.469
'0:09.863',-88.836
'0:09.867',-92.62
'0:09.871',-122.248
'0:09.875',-127.093
'0:09.879',-139
'0:09.883',-151.921
'0:09.887',-154.321
'0:09.891',-154.09
'0:09.895',-146.522
'0:09.898',-157.044
'0:09.902',-149.752
'0:09.906',-135.216
'0:09.910',-137.615
'0:09.914',-131.985
'0:09.918',-126.032
'0:09.922',-132.216
'0:09.926',-115.787
'0:09.930',-120.125
'0:09.934',-117.402
'0:09.938',-111.495
'0:09.941',-115.002
'0:09.945',-112.28
'0:09.949',-117.402
'0:09.953',-102.588
'0:09.957',-6.045
'0:09.961',160.551
'0:09.965',368.405
'0:09.969',527.71
'0:09.973',524.48
'0:09.977',277.815
'0:09.980',14.675
'0:09.984',-327.702
'0:09.988',-700.26
'0:09.992',-869.856
'0:09.996',-855.273
'0:10.000',-735.056
'0:10.004',-572.751
'0:10.008',-414.23
'0:10.012',-235.497
'0:10.016',-102.312
'0:10.020',-52.425
'0:10.023',-24.92
'0:10.027',-11.999
'0:10.031',11.999
'0:10.035',25.474
'0:10.039',27.643
'0:10.043',42.18
'0:10.047',39.503
'0:10.051',44.349
'0:10.055',55.378
'0:10.059',57.824
'0:10.063',74.807
'0:10.066',73.469
'0:10.070',76.976
'0:10.074',85.606
'0:10.078',87.775
'0:10.082',76.145
'0:10.086',92.343
'0:10.090',92.62
'0:10.094',98.251
'0:10.098',101.481
'0:10.102',93.128
'0:10.105',95.02
'0:10.109',93.405
'0:10.113',95.574
'0:10.117',113.618
'0:10.121',123.355
'0:10.125',128.201
'0:10.129',127.37
'0:10.133',127.093
'0:10.137',143.015
'0:10.141',153.537
'0:10.145',176.196
'0:10.148',175.642
'0:10.152',190.179
'0:10.156',204.762
'0:10.160',216.068
'0:10.164',224.975
'0:10.168',240.619
'0:10.172',267.57
'0:10.176',265.124
'0:10.180',279.43
'0:10.184',306.104
'0:10.188',319.856
'0:10.191',329.317
'0:10.195',342.792
'0:10.199',342.238
'0:10.203',355.206
'0:10.207',353.037
'0:10.211',375.142
'0:10.215',370.297
'0:10.219',372.189
'0:10.223',372.189
'0:10.227',370.02
'0:10.230',373.25
'0:10.234',381.88
'0:10.238',368.405
'0:10.242',341.454
'0:10.246',310.442
'0:10.250',278.646
'0:10.254',250.587
'0:10.258',205.039
'0:10.262',165.397
'0:10.266',135.723
'0:10.270',101.481
'0:10.273',55.148
'0:10.277',41.672
'0:10.281',3.646
'0:10.285',-23.582
'0:10.289',-42.18
'0:10.293',-44.349
'0:10.297',-59.716
'0:10.301',-61.885
'0:10.305',-85.329
'0:10.309',-87.775
'0:10.313',-93.405
'0:10.316',-79.376
'0:10.320',-95.851
'0:10.324',-82.883
'0:10.328',-85.329
'0:10.332',-93.405
'0:10.336',-81.037
'0:10.340',-81.037
'0:10.344',-81.545
'0:10.348',-82.098
'0:10.352',-76.699
'0:10.355',-82.883
'0:10.359',-81.545
'0:10.363',-79.653
'0:10.367',-64.562
'0:10.371',-76.976
'0:10.375',-83.437
'0:10.379',-81.268
'0:10.383',-78.591
'0:10.387',-78.868
'0:10.391',-76.422
'0:10.395',-84.775
'0:10.398',-82.098
'0:10.402',-92.897
'0:10.406',-92.067
'0:10.410',-91.513
'0:10.414',-87.221
'0:10.418',-84.498
'0:10.422',-91.79
'0:10.426',-88.282
'0:10.430',-89.898
'0:10.434',-88.559
'0:10.438',-86.39
'0:10.441',-91.005
'0:10.445',-85.606
'0:10.449',-88.006
'0:10.453',-104.988
'0:10.457',-103.142
'0:10.461',-106.603
'0:10.465',-100.143
'0:10.469',-87.498
'0:10.473',-90.451
'0:10.477',-104.204
'0:10.480',-104.481
'0:10.484',-97.189
'0:10.488',-86.944
'0:10.492',-76.976
'0:10.496',-74.53
'0:10.500',-72.13
'0:10.504',-77.253
'0:10.508',-82.883
'0:10.512',-76.699
'0:10.516',-62.162
'0:10.520',-43.287
'0:10.523',-28.704
'0:10.527',-31.658
'0:10.531',-26.535
'0:10.535',-15.506
'0:10.539',2.538
'0:10.543',3.923
'0:10.547',-11.999
'0:10.551',-23.305
'0:10.555',-46.795
'0:10.559',-61.885
'0:10.563',-59.716
'0:10.566',-44.349
'0:10.570',-57.27
'0:10.574',-64.285
'0:10.578',-92.62
'0:10.582',-104.204
'0:10.586',-105.819
'0:10.590',-91.005
'0:10.594',-85.329
'0:10.598',-94.743
'0:10.602',-100.973
'0:10.605',-100.973
'0:10.609',-105.542
'0:10.613',-118.741
'0:10.617',-128.201
'0:10.621',-116.341
'0:10.625',-115.51
'0:10.629',-120.633
'0:10.633',-134.939
'0:10.637',-113.387
'0:10.641',-101.758
'0:10.645',-82.883
'0:10.648',-55.932
'0:10.652',-56.209
'0:10.656',-81.037
'0:10.660',-65.67
'0:10.664',59.993
'0:10.668',202.87
'0:10.672',374.081
'0:10.676',438.781
'0:10.680',332.547
'0:10.684',81.545
'0:10.688',-156.49
'0:10.691',-437.674
'0:10.695',-650.142
'0:10.699',-552.261
'0:10.703',-514.004
'0:10.707',-502.097
'0:10.711',-410.723
'0:10.715',-316.626
'0:10.719',-221.467
'0:10.723',-159.721
'0:10.727',-124.971
'0:10.730',-67.285
'0:10.734',-72.407
'0:10.738',-149.199
'0:10.742',-162.443
'0:10.746',-105.265
'0:10.750',-61.332
'0:10.754',-19.29
'0:10.758',-22.244
'0:10.762',-42.18
'0:10.766',-16.06
'0:10.770',3.369
'0:10.773',22.521
'0:10.777',21.967
'0:10.781',40.011
'0:10.785',52.425
'0:10.789',53.532
'0:10.793',52.979
'0:10.797',51.64
'0:10.801',56.209
'0:10.805',40.288
'0:10.809',25.474
'0:10.813',20.075
'0:10.816',14.952
'0:10.820',-9.045
'0:10.824',-3.923
'0:10.828',10.937
'0:10.832',31.15
'0:10.836',55.655
'0:10.840',68.623
'0:10.844',64.562
'0:10.848',65.393
'0:10.852',79.653
'0:10.855',113.618
'0:10.859',127.093
'0:10.863',130.37
'0:10.867',150.814
'0:10.871',160.274
'0:10.875',188.563
'0:10.879',202.87
'0:10.883',227.144
'0:10.887',280.492
'0:10.891',302.366
'0:10.895',312.611
'0:10.898',329.824
'0:10.902',325.81
'0:10.906',317.734
'0:10.910',305.043
'0:10.914',340.069
'0:10.918',383.772
'0:10.922',384.557
'0:10.926',400.755
'0:10.930',404.816
'0:10.934',386.449
'0:10.938',365.451
'0:10.941',368.682
'0:10.945',368.959
'0:10.949',355.714
'0:10.953',351.145
'0:10.957',329.317
'0:10.961',303.704
'0:10.965',261.109
'0:10.969',215.56
'0:10.973',158.659
'0:10.977',148.137
'0:10.980',137.338
'0:10.984',98.804
'0:10.988',73.746
'0:10.992',61.885
'0:10.996',31.15
'0:11.000',22.244
'0:11.004',4.2
'0:11.008',-4.707
'0:11.012',-3.923
'0:11.016',-21.182
'0:11.020',-12.276
'0:11.023',-10.937
'0:11.027',-33.827
'0:11.031',-34.381
'0:11.035',-39.503
'0:11.039',-31.658
'0:11.043',-11.722
'0:11.047',-16.29
'0:11.051',-17.121
'0:11.055',-23.859
'0:11.059',-17.121
'0:11.063',-26.812
'0:11.066',-28.981
'0:11.070',-31.658
'0:11.074',-26.535
'0:11.078',-35.996
'0:11.082',-41.395
'0:11.086',-41.395
'0:11.090',-46.518
'0:11.094',-44.903
'0:11.098',-38.949
'0:11.102',-26.305
'0:11.105',-38.949
'0:11.109',-43.287
'0:11.113',-44.903
'0:11.117',-41.672
'0:11.121',-43.287
'0:11.125',-36.55
'0:11.129',-41.118
'0:11.133',-45.18
'0:11.137',-43.518
'0:11.141',-43.795
'0:11.145',-50.302
'0:11.148',-54.594
'0:11.152',-61.332
'0:11.156',-61.885
'0:11.160',-45.41
'0:11.164',-49.748
'0:11.168',-52.148
'0:11.172',-59.993
'0:11.176',-47.579
'0:11.180',-47.579
'0:11.184',-64.008
'0:11.188',-64.008
'0:11.191',-59.439
'0:11.195',-66.454
'0:11.199',-49.471
'0:11.203',-47.302
'0:11.207',-46.241
'0:11.211',-57.547
'0:11.215',-50.81
'0:11.219',-51.087
'0:11.223',-47.025
'0:11.227',-28.704
'0:11.230',4.984
'0:11.234',9.553
'0:11.238',12.276
'0:11.242',4.707
'0:11.246',7.661
'0:11.250',-9.322
'0:11.254',-7.43
'0:11.258',-21.413
'0:11.262',-42.18
'0:11.266',-68.346
'0:11.270',-70.792
'0:11.273',-74.253
'0:11.277',-74.253
'0:11.281',-106.603
'0:11.285',-111.726
'0:11.289',-131.431
'0:11.293',-139.231
'0:11.297',-141.4
'0:11.301',-124.971
'0:11.305',-127.924
'0:11.309',-128.986
'0:11.313',-137.615
'0:11.316',-126.309
'0:11.320',-141.953
'0:11.324',-126.032
'0:11.328',-126.863
'0:11.332',-121.74
'0:11.336',-127.647
'0:11.340',-125.755
'0:11.344',-123.863
'0:11.348',-124.417
'0:11.352',-120.909
'0:11.355',-113.387
'0:11.359',-126.586
'0:11.363',-136.831
'0:11.367',-136
'0:11.371',-43.795
'0:11.375',112.28
'0:11.379',301.812
'0:11.383',412.892
'0:11.387',340.069
'0:11.391',26.028
'0:11.395',-241.681
'0:11.398',-550.369
'0:11.402',-891.684
'0:11.406',-1010.056
'0:11.410',-945.078
'0:11.414',-814.062
'0:11.418',-650.142
'0:11.422',-490.237
'0:11.426',-322.025
'0:11.430',-186.164
'0:11.434',-130.601
'0:11.438',-106.603
'0:11.441',-75.638
'0:11.445',-41.395
'0:11.449',-22.521
'0:11.453',-16.06
'0:11.457',-24.413
'0:11.461',-9.83
'0:11.465',-8.214
'0:11.469',-4.984
'0:11.473',15.783
'0:11.477',21.182
'0:11.480',20.905
'0:11.484',26.028
'0:11.488',45.133
'0:11.492',47.302
'0:11.496',35.996
'0:11.500',52.702
'0:11.504',42.734
'0:11.508',46.795
'0:11.512',63.777
'0:11.516',65.116
'0:11.520',81.545
'0:11.523',90.451
'0:11.527',112.003
'0:11.531',127.647
'0:11.535',127.924
'0:11.539',128.709
'0:11.543',139.507
'0:11.547',145.461
'0:11.551',175.088
'0:11.555',188.333
'0:11.559',205.315
'0:11.563',219.022
'0:11.566',258.663
'0:11.570',270.523
'0:11.574',298.028
'0:11.578',283.491
'0:11.582',284.83
'0:11.586',309.104
'0:11.590',302.366
'0:11.594',311.227
'0:11.598',312.334
'0:11.602',315.011
'0:11.605',325.533
'0:11.609',350.084
'0:11.613',355.437
'0:11.617',356.268
'0:11.621',361.944
'0:11.625',389.956
'0:11.629',381.88
'0:11.633',385.941
'0:11.637',385.387
'0:11.641',391.064
'0:11.645',374.312
'0:11.648',368.128
'0:11.652',353.314
'0:11.656',348.976
'0:11.660',323.364
'0:11.664',295.351
'0:11.668',259.494
'0:11.672',179.426
'0:11.676',109.603
'0:11.680',81.822
'0:11.684',82.098
'0:11.688',92.343
'0:11.691',62.393
'0:11.695',28.428
'0:11.699',-11.999
'0:11.703',-42.18
'0:11.707',-65.67
'0:11.711',-68.069
'0:11.715',-58.655
'0:11.719',-65.393
'0:11.723',-88.559
'0:11.727',-91.79
'0:11.730',-98.251
'0:11.734',-78.868
'0:11.738',-86.113
'0:11.742',-103.142
'0:11.746',-102.035
'0:11.750',-95.851
'0:11.754',-98.251
'0:11.758',-89.898
'0:11.762',-87.221
'0:11.766',-82.883
'0:11.770',-77.253
'0:11.773',-82.883
'0:11.777',-91.513
'0:11.781',-117.402
'0:11.785',-125.478
'0:11.789',-137.892
'0:11.793',-102.035
'0:11.797',-83.437
'0:11.801',-73.192
'0:11.805',-88.836
'0:11.809',-113.11
'0:11.813',-129.816
'0:11.816',-118.233
'0:11.820',-110.388
'0:11.824',-105.542
'0:11.828',-109.603
'0:11.832',-111.218
'0:11.836',-119.017
'0:11.840',-142.738
'0:11.844',-134.939
'0:11.848',-123.355
'0:11.852',-97.466
'0:11.855',-91.513
'0:11.859',-111.495
'0:11.863',-113.895
'0:11.867',-133.047
'0:11.871',-112.003
'0:11.875',-96.358
'0:11.879',-100.696
'0:11.883',-96.635
'0:11.887',-110.664
'0:11.891',-123.078
'0:11.895',-97.743
'0:11.898',-75.084
'0:11.902',-68.069
'0:11.906',-74.253
'0:11.910',-99.635
'0:11.914',-95.02
'0:11.918',-63.501
'0:11.922',-42.18
'0:11.926',-26.535
'0:11.930',-30.873
'0:11.934',-43.287
'0:11.938',-31.658
'0:11.941',-12.829
'0:11.945',19.567
'0:11.949',17.906
'0:11.953',22.797
'0:11.957',32.489
'0:11.961',19.013
'0:11.965',37.334
'0:11.969',51.087
'0:11.973',37.888
'0:11.977',16.567
'0:11.980',-10.66
'0:11.984',-23.582
'0:11.988',-27.366
'0:11.992',-43.795
'0:11.996',-81.545
'0:12.000',-90.728
'0:12.004',-117.956
'0:12.008',-121.74
'0:12.012',-109.326
'0:12.016',-103.142
'0:12.020',-79.376
'0:12.023',-85.052
'0:12.027',-84.775
'0:12.031',-89.39
'0:12.035',-103.142
'0:12.039',-112.557
'0:12.043',-100.696
'0:12.047',-99.358
'0:12.051',-104.481
'0:12.055',-103.65
'0:12.059',-113.895
'0:12.063',-100.143
'0:12.066',-81.822
'0:12.070',-87.775
'0:12.074',-103.373
'0:12.078',-112.833
'0:12.082',-83.714
'0:12.086',26.028
'0:12.090',218.514
'0:12.094',435.551
'0:12.098',576.812
'0:12.102',549.031
'0:12.105',257.048
'0:12.109',-48.918
'0:12.113',-407.77
'0:12.117',-802.987
'0:12.121',-976.598
'0:12.125',-938.341
'0:12.129',-783.835
'0:12.133',-611.285
'0:12.137',-411
'0:12.141',-214.73
'0:12.145',-98.02
'0:12.148',-44.626
'0:12.152',-30.32
'0:12.156',-29.535
'0:12.160',-16.29
'0:12.164',-13.337
'0:12.168',-8.214
'0:12.172',2.307
'0:12.176',30.043
'0:12.180',43.287
'0:12.184',36.55
'0:12.188',30.32
'0:12.191',22.244
'0:12.195',27.643
'0:12.199',38.396
'0:12.203',51.087
'0:12.207',48.918
'0:12.211',56.486
'0:12.215',57.824
'0:12.219',82.652
'0:12.223',81.822
'0:12.227',84.267
'0:12.230',91.513
'0:12.234',88.282
'0:12.238',95.02
'0:12.242',97.189
'0:12.246',117.956
'0:12.250',108.496
'0:12.254',119.294
'0:12.258',123.863
'0:12.262',143.015
'0:12.266',150.814
'0:12.270',158.382
'0:12.273',166.181
'0:12.277',184.549
'0:12.281',188.84
'0:12.285',200.424
'0:12.289',208.777
'0:12.293',228.759
'0:12.297',243.573
'0:12.301',250.033
'0:12.305',281.599
'0:12.309',290.229
'0:12.313',291.844
'0:12.316',305.32
'0:12.320',311.78
'0:12.324',329.317
'0:12.328',339.008
'0:12.332',323.641
'0:12.336',350.315
'0:12.340',355.714
'0:12.344',375.419
'0:12.348',372.189
'0:12.352',372.189
'0:12.355',379.434
'0:12.359',383.772
'0:12.363',374.312
'0:12.367',358.714
'0:12.371',341.454
'0:12.375',313.396
'0:12.379',285.383
'0:12.383',246.526
'0:12.387',200.977
'0:12.391',166.181
'0:12.395',118.464
'0:12.398',73.746
'0:12.402',52.979
'0:12.406',9.045
'0:12.410',-10.66
'0:12.414',-44.349
'0:12.418',-43.011
'0:12.422',-62.162
'0:12.426',-54.871
'0:12.430',-74.022
'0:12.434',-77.253
'0:12.438',-77.253
'0:12.441',-79.145
'0:12.445',-100.696
'0:12.449',-102.312
'0:12.453',-93.959
'0:12.457',-96.912
'0:12.461',-96.358
'0:12.465',-98.02
'0:12.469',-99.635
'0:12.473',-78.314
'0:12.477',-83.991
'0:12.480',-112.003
'0:12.484',-109.049
'0:12.488',-81.268
'0:12.492',-66.177
'0:12.496',-41.118
'0:12.500',-18.183
'0:12.504',-11.168
'0:12.508',-27.366
'0:12.512',-44.626
'0:12.516',-40.565
'0:12.520',-37.611
'0:12.523',-28.981
'0:12.527',-10.66
'0:12.531',-11.999
'0:12.535',-9.322
'0:12.539',-21.69
'0:12.543',-11.445
'0:12.547',-8.768
'0:12.551',-11.445
'0:12.555',4.707
'0:12.559',7.43
'0:12.563',4.707
'0:12.566',-20.075
'0:12.570',-23.074
'0:12.574',-12.829
'0:12.578',2.031
'0:12.582',1.754
'0:12.586',13.891
'0:12.590',-3.646
'0:12.594',-26.535
'0:12.598',-29.812
'0:12.602',-47.025
'0:12.605',-34.104
'0:12.609',-4.984
'0:12.613',1.754
'0:12.617',-15.783
'0:12.621',-27.92
'0:12.625',-29.535
'0:12.629',-34.935
'0:12.633',-16.29
'0:12.637',-20.075
'0:12.641',-44.626
'0:12.645',-41.395
'0:12.648',-47.302
'0:12.652',-33.827
'0:12.656',-24.92
'0:12.660',-16.06
'0:12.664',-8.214
'0:12.668',-11.168
'0:12.672',-15.229
'0:12.676',-25.474
'0:12.680',-17.952
'0:12.684',-39.503
'0:12.688',-39.503
'0:12.691',-30.043
'0:12.695',-13.891
'0:12.699',23.859
'0:12.703',22.797
'0:12.707',13.337
'0:12.711',-7.43
'0:12.715',-11.999
'0:12.719',-26.812
'0:12.723',-26.535
'0:12.727',-33.55
'0:12.730',-22.521
'0:12.734',-29.812
'0:12.738',-29.258
'0:12.742',-11.722
'0:12.746',-0.692
'0:12.750',-4.984
'0:12.754',2.815
'0:12.758',16.567
'0:12.762',18.459
'0:12.766',17.398
'0:12.770',-0.692
'0:12.773',4.43
'0:12.777',13.614
'0:12.781',45.964
'0:12.785',47.856
'0:12.789',50.025
'0:12.793',54.871
'0:12.797',122.525
'0:12.801',258.94
'0:12.805',432.828
'0:12.809',536.34
'0:12.813',508.604
'0:12.816',291.844
'0:12.820',55.378
'0:12.824',-210.438
'0:12.828',-476.254
'0:12.832',-586.503
'0:12.836',-535.001
'0:12.840',-399.924
'0:12.844',-226.59
'0:12.848',-136.831
'0:12.852',-22.797
'0:12.855',65.116
'0:12.859',88.559
'0:12.863',89.39
'0:12.867',83.714
'0:12.871',94.512
'0:12.875',111.726
'0:12.879',117.956
'0:12.883',121.186
'0:12.887',133.047
'0:12.891',127.093
'0:12.895',143.015
'0:12.898',148.137
'0:12.902',136.831
'0:12.906',134.662
'0:12.910',128.478
'0:12.914',141.4
'0:12.918',129.539
'0:12.922',135.723
'0:12.926',165.674
'0:12.930',204.762
'0:12.934',217.406
'0:12.938',209.607
'0:12.941',218.791
'0:12.945',231.159
'0:12.949',251.418
'0:12.953',231.712
'0:12.957',225.805
'0:12.961',204.208
'0:12.965',200.424
'0:12.969',217.96
'0:12.973',257.602
'0:12.977',266.785
'0:12.980',266.509
'0:12.984',268.124
'0:12.988',284.276
'0:12.992',287.783
'0:12.996',310.442
'0:13.000',326.594
'0:13.004',331.209
'0:13.008',318.795
'0:13.012',337.116
'0:13.016',339.008
'0:13.020',338.454
'0:13.023',361.944
'0:13.027',366.513
'0:13.031',368.128
'0:13.035',353.822
'0:13.039',368.682
'0:13.043',390.787
'0:13.047',426.921
'0:13.051',444.412
'0:13.055',463.01
'0:13.059',478.654
'0:13.063',455.764
'0:13.066',446.581
'0:13.070',430.429
'0:13.074',427.706
'0:13.078',425.029
'0:13.082',404.539
'0:13.086',368.128
'0:13.090',337.116
'0:13.094',329.824
'0:13.098',306.935
'0:13.102',272.969
'0:13.105',225.805
'0:13.109',180.211
'0:13.113',137.892
'0:13.117',126.586
'0:13.121',106.88
'0:13.125',94.236
'0:13.129',83.714
'0:13.133',57.27
'0:13.137',45.133
'0:13.141',25.197
'0:13.145',13.891
'0:13.148',3.923
'0:13.152',8.214
'0:13.156',-5.815
'0:13.160',-8.491
'0:13.164',-2.307
'0:13.168',19.798
'0:13.172',22.797
'0:13.176',9.553
'0:13.180',8.491
'0:13.184',-0.415
'0:13.188',5.261
'0:13.191',21.967
'0:13.195',22.521
'0:13.199',22.521
'0:13.203',17.121
'0:13.207',24.136
'0:13.211',7.43
'0:13.215',5.815
'0:13.219',4.707
'0:13.223',0.415
'0:13.227',-6.322
'0:13.230',-22.244
'0:13.234',-26.028
'0:13.238',-14.168
'0:13.242',-18.183
'0:13.246',-21.413
'0:13.250',-19.798
'0:13.254',-26.028
'0:13.258',-31.658
'0:13.262',-34.381
'0:13.266',-51.64
'0:13.270',-49.471
'0:13.273',-58.378
'0:13.277',-50.302
'0:13.281',-52.425
'0:13.285',-35.165
'0:13.289',-32.489
'0:13.293',-41.672
'0:13.297',-49.748
'0:13.301',-51.917
'0:13.305',-50.533
'0:13.309',-47.856
'0:13.313',-41.903
'0:13.316',-51.363
'0:13.320',-36.55
'0:13.324',-49.471
'0:13.328',-29.812
'0:13.332',-41.672
'0:13.336',-36.273
'0:13.340',-37.334
'0:13.344',-32.489
'0:13.348',-28.428
'0:13.352',-25.197
'0:13.355',-37.057
'0:13.359',-37.611
'0:13.363',-47.025
'0:13.367',-42.457
'0:13.371',-25.474
'0:13.375',6.599
'0:13.379',37.334
'0:13.383',32.489
'0:13.387',27.089
'0:13.391',27.643
'0:13.395',23.028
'0:13.398',19.013
'0:13.402',16.06
'0:13.406',-3.092
'0:13.410',-32.766
'0:13.414',-39.78
'0:13.418',-31.935
'0:13.422',-35.996
'0:13.426',-35.442
'0:13.430',-46.518
'0:13.434',-54.317
'0:13.438',-64.562
'0:13.441',-84.267
'0:13.445',-82.098
'0:13.449',-62.67
'0:13.453',-57.04
'0:13.457',-66.454
'0:13.461',-67.008
'0:13.465',-63.777
'0:13.469',-61.055
'0:13.473',-41.672
'0:13.477',-52.425
'0:13.480',-51.363
'0:13.484',-45.687
'0:13.488',-43.011
'0:13.492',-41.395
'0:13.496',-37.888
'0:13.500',-6.045
'0:13.504',-14.675
'0:13.508',-8.214
'0:13.512',9.045
'0:13.516',101.25
'0:13.520',237.112
'0:13.523',387.787
'0:13.527',451.426
'0:13.531',342.515
'0:13.535',69.961
'0:13.539',-158.659
'0:13.543',-439.289
'0:13.547',-726.98
'0:13.551',-816.462
'0:13.555',-787.896
'0:13.559',-629.929
'0:13.563',-471.639
'0:13.566',-340.623
'0:13.570',-175.642
'0:13.574',-77.253
'0:13.578',-27.089
'0:13.582',-8.491
'0:13.586',8.768
'0:13.590',23.305
'0:13.594',68.069
'0:13.598',67.792
'0:13.602',57.04
'0:13.605',60.778
'0:13.609',72.915
'0:13.613',82.375
'0:13.617',82.098
'0:13.621',73.192
'0:13.625',93.405
'0:13.629',88.836
'0:13.633',97.743
'0:13.637',97.466
'0:13.641',104.481
'0:13.645',108.772
'0:13.648',89.898
'0:13.652',99.358
'0:13.656',96.635
'0:13.660',86.39
'0:13.664',92.343
'0:13.668',105.542
'0:13.672',113.618
'0:13.676',111.495
'0:13.680',87.221
'0:13.684',63.224
'0:13.688',75.361
'0:13.691',110.111
'0:13.695',121.186
'0:13.699',116.341
'0:13.703',128.986
'0:13.707',141.123
'0:13.711',157.828
'0:13.715',167.289
'0:13.719',162.72
'0:13.723',161.336
'0:13.727',190.456
'0:13.730',220.129
'0:13.734',243.019
'0:13.738',255.433
'0:13.742',273.246
'0:13.746',288.06
'0:13.750',286.168
'0:13.754',291.29
'0:13.758',285.614
'0:13.762',271.862
'0:13.766',288.614
'0:13.770',316.626
'0:13.773',334.439
'0:13.777',344.684
'0:13.781',334.947
'0:13.785',339.285
'0:13.789',319.856
'0:13.793',302.874
'0:13.797',294.013
'0:13.801',282.937
'0:13.805',273.754
'0:13.809',241.404
'0:13.813',208.546
'0:13.816',165.12
'0:13.820',136.831
'0:13.824',112.28
'0:13.828',81.268
'0:13.832',48.133
'0:13.836',19.013
'0:13.840',5.261
'0:13.844',-17.675
'0:13.848',-30.043
'0:13.852',-47.579
'0:13.855',-63.224
'0:13.859',-77.253
'0:13.863',-66.731
'0:13.867',-77.76
'0:13.871',-94.236
'0:13.875',-95.02
'0:13.879',-79.929
'0:13.883',-84.775
'0:13.887',-91.513
'0:13.891',-91.005
'0:13.895',-95.02
'0:13.898',-97.743
'0:13.902',-100.973
'0:13.906',-105.265
'0:13.910',-89.621
'0:13.914',-80.76
'0:13.918',-68.9
'0:13.922',-69.131
'0:13.926',-69.961
'0:13.930',-54.594
'0:13.934',-64.562
'0:13.938',-69.684
'0:13.941',-68.9
'0:13.945',-68.346
'0:13.949',-68.9
'0:13.953',-79.929
'0:13.957',-71.023
'0:13.961',-85.883
'0:13.965',-82.883
'0:13.969',-82.375
'0:13.973',-79.929
'0:13.977',-73.469
'0:13.980',-71.577
'0:13.984',-81.268
'0:13.988',-63.224
'0:13.992',-63.501
'0:13.996',-59.716
'0:14.000',-56.763
'0:14.004',-63.501
'0:14.008',-75.361
'0:14.012',-76.699
'0:14.016',-92.62
'0:14.020',-106.373
'0:14.023',-110.664
'0:14.027',-121.186
'0:14.031',-123.632
'0:14.035',-110.664
'0:14.039',-109.88
'0:14.043',-111.218
'0:14.047',-101.758
'0:14.051',-105.265
'0:14.055',-110.664
'0:14.059',-110.941
'0:14.063',-110.941
'0:14.066',-115.787
'0:14.070',-118.51
'0:14.074',-141.676
'0:14.078',-143.568
'0:14.082',-128.201
'0:14.086',-116.618
'0:14.090',-102.312
'0:14.094',-93.682
'0:14.098',-96.128
'0:14.102',-110.388
'0:14.105',-112.003
'0:14.109',-115.233
'0:14.113',-110.388
'0:14.117',-83.991
'0:14.121',-50.533
'0:14.125',-32.766
'0:14.129',-31.658
'0:14.133',-42.18
'0:14.137',-34.658
'0:14.141',-35.442
'0:14.145',-63.224
'0:14.148',-75.084
'0:14.152',-103.373
'0:14.156',-115.51
'0:14.160',-133.323
'0:14.164',-143.292
'0:14.168',-153.813
'0:14.172',-166.458
'0:14.176',-180.487
'0:14.180',-197.747
'0:14.184',-206.1
'0:14.188',-200.424
'0:14.191',-183.441
'0:14.195',-198.578
'0:14.199',-213.115
'0:14.203',-203.146
'0:14.207',-213.668
'0:14.211',-198.808
'0:14.215',-184.549
'0:14.219',-168.073
'0:14.223',-170.796
'0:14.227',-161.336
'0:14.230',-162.951
'0:14.234',-167.566
'0:14.238',-153.26
'0:14.242',-139.784
'0:14.246',-143.845
'0:14.250',-158.936
'0:14.254',-149.199
'0:14.258',-62.162
'0:14.262',103.096
'0:14.266',319.072
'0:14.270',453.595
'0:14.273',417.738
'0:14.277',116.064
'0:14.281',-182.933
'0:14.285',-507.497
'0:14.289',-892.238
'0:14.293',-1090.631
'0:14.297',-1047.529
'0:14.301',-886.839
'0:14.305',-709.72
'0:14.309',-527.202
'0:14.313',-310.719
'0:14.316',-180.211
'0:14.320',-120.909
'0:14.324',-125.478
'0:14.328',-106.096
'0:14.332',-78.868
'0:14.336',-53.532
'0:14.340',-41.903
'0:14.344',-41.903
'0:14.348',-21.967
'0:14.352',-14.168
'0:14.355',-7.153
'0:14.359',5.815
'0:14.363',7.661
'0:14.367',-3.092
'0:14.371',19.013
'0:14.375',22.521
'0:14.379',19.798
'0:14.383',24.92
'0:14.387',15.783
'0:14.391',20.075
'0:14.395',36.55
'0:14.398',48.133
'0:14.402',40.565
'0:14.406',50.533
'0:14.410',53.763
'0:14.414',67.008
'0:14.418',77.53
'0:14.422',72.13
'0:14.426',84.498
'0:14.430',87.221
'0:14.434',97.743
'0:14.438',106.88
'0:14.441',103.096
'0:14.445',102.312
'0:14.449',120.633
'0:14.453',143.015
'0:14.457',150.814
'0:14.461',150.306
'0:14.465',152.983
'0:14.469',170.796
'0:14.473',189.117
'0:14.477',194.794
'0:14.480',212.053
'0:14.484',233.051
'0:14.488',235.774
'0:14.492',253.541
'0:14.496',241.681
'0:14.500',258.386
'0:14.504',248.972
'0:14.508',253.033
'0:14.512',268.908
'0:14.516',285.383
'0:14.520',285.891
'0:14.523',296.69
'0:14.527',302.874
'0:14.531',316.903
'0:14.535',314.503
'0:14.539',299.643
'0:14.543',297.244
'0:14.547',257.602
'0:14.551',254.648
'0:14.555',247.634
'0:14.559',230.097
'0:14.563',214.73
'0:14.566',195.301
'0:14.570',129.816
'0:14.574',90.174
'0:14.578',52.979
'0:14.582',19.29
'0:14.586',-14.168
'0:14.590',-30.32
'0:14.594',-56.209
'0:14.598',-63.224
'0:14.602',-95.02
'0:14.605',-93.405
'0:14.609',-109.049
'0:14.613',-105.265
'0:14.617',-113.895
'0:14.621',-112.557
'0:14.625',-108.496
'0:14.629',-122.525
'0:14.633',-119.848
'0:14.637',-115.233
'0:14.641',-114.726
'0:14.645',-123.632
'0:14.648',-119.017
'0:14.652',-133.877
'0:14.656',-131.708
'0:14.660',-132.216
'0:14.664',-123.863
'0:14.668',-117.679
'0:14.672',-131.985
'0:14.676',-130.878
'0:14.680',-117.125
'0:14.684',-124.417
'0:14.688',-115.787
'0:14.691',-129.262
'0:14.695',-130.37
'0:14.699',-118.51
'0:14.703',-124.971
'0:14.707',-114.172
'0:14.711',-111.495
'0:14.715',-114.449
'0:14.719',-118.741
'0:14.723',-123.632
'0:14.727',-127.924
'0:14.730',-125.755
'0:14.734',-130.878
'0:14.738',-135.723
'0:14.742',-139.231
'0:14.746',-126.309
'0:14.750',-124.971
'0:14.754',-130.878
'0:14.758',-135.723
'0:14.762',-138.446
'0:14.766',-155.706
'0:14.770',-154.09
'0:14.773',-116.341
'0:14.777',-109.049
'0:14.781',-123.632
'0:14.785',-134.108
'0:14.789',-132.493
'0:14.793',-116.341
'0:14.797',-112.833
'0:14.801',-109.603
'0:14.805',-131.155
'0:14.809',-127.093
'0:14.813',-130.37
'0:14.816',-115.51
'0:14.820',-113.11
'0:14.824',-99.358
'0:14.828',-92.62
'0:14.832',-95.574
'0:14.836',-114.172
'0:14.840',-128.201
'0:14.844',-114.726
'0:14.848',-108.265
'0:14.852',-95.851
'0:14.855',-99.081
'0:14.859',-97.189
'0:14.863',-113.11
'0:14.867',-119.848
'0:14.871',-124.694
'0:14.875',-101.25
'0:14.879',-86.39
'0:14.883',-67.792
'0:14.887',-69.131
'0:14.891',-40.842
'0:14.895',-52.425
'0:14.898',-24.136
'0:14.902',9.83
'0:14.906',41.672
'0:14.910',41.118
'0:14.914',47.025
'0:14.918',41.118
'0:14.922',57.547
'0:14.926',73.469
'0:14.930',73.746
'0:14.934',64.008
'0:14.938',26.812
'0:14.941',11.722
'0:14.945',10.937
'0:14.949',24.136
'0:14.953',12.783
'0:14.957',-6.876
'0:14.961',-19.29
'0:14.965',-19.013
'0:14.969',-7.707
'0:14.973',-21.182
'0:14.977',-24.92
'0:14.980',-35.442
'0:14.984',-33.273
'0:14.988',-37.611
'0:14.992',-52.979
'0:14.996',-58.655
'0:15.000',-53.256
'0:15.004',-34.104
'0:15.008',-37.057
'0:15.012',-35.996
'0:15.016',-43.011
'0:15.020',-38.165
'0:15.023',-48.641
'0:15.027',-65.116
'0:15.031',-50.533
'0:15.035',-46.518
'0:15.039',-26.535
'0:15.043',59.716
'0:15.047',215.007
'0:15.051',429.875
'0:15.055',562.506
'0:15.059',520.972
'0:15.063',253.541
'0:15.066',-23.305
'0:15.070',-335.224
'0:15.074',-675.478
'0:15.078',-816.462
'0:15.082',-797.864
'0:15.086',-686
'0:15.090',-527.71
'0:15.094',-374.866
'0:15.098',-200.977
'0:15.102',-91.236
'0:15.105',-47.025
'0:15.109',-27.089
'0:15.113',-24.413
'0:15.117',10.383
'0:15.121',20.075
'0:15.125',20.075
'0:15.129',26.535
'0:15.133',25.474
'0:15.137',38.949
'0:15.141',33.55
'0:15.145',38.165
'0:15.148',30.597
'0:15.152',26.812
'0:15.156',35.996
'0:15.160',45.41
'0:15.164',53.532
'0:15.168',49.748
'0:15.172',45.133
'0:15.176',65.623
'0:15.180',72.915
'0:15.184',69.131
'0:15.188',54.594
'0:15.191',64.285
'0:15.195',62.947
'0:15.199',68.623
'0:15.203',83.714
'0:15.207',88.282
'0:15.211',97.466
'0:15.215',93.959
'0:15.219',98.251
'0:15.223',99.358
'0:15.227',121.74
'0:15.230',114.172
'0:15.234',124.694
'0:15.238',143.015
'0:15.242',145.184
'0:15.246',155.429
'0:15.250',164.566
'0:15.254',171.304
'0:15.258',187.225
'0:15.262',206.654
'0:15.266',204.208
'0:15.270',215.56
'0:15.273',234.666
'0:15.277',246.526
'0:15.281',251.649
'0:15.285',269.462
'0:15.289',281.045
'0:15.293',281.876
'0:15.297',291.844
'0:15.301',297.244
'0:15.305',301.535
'0:15.309',298.859
'0:15.313',298.028
'0:15.316',288.891
'0:15.320',294.013
'0:15.324',284.83
'0:15.328',268.631
'0:15.332',251.141
'0:15.336',223.083
'0:15.340',195.578
'0:15.344',172.688
'0:15.348',141.953
'0:15.352',107.434
'0:15.355',92.343
'0:15.359',63.224
'0:15.363',43.011
'0:15.367',15.783
'0:15.371',-3.646
'0:15.375',-21.967
'0:15.379',-36.273
'0:15.383',-38.673
'0:15.387',-47.579
'0:15.391',-66.454
'0:15.395',-55.148
'0:15.398',-71.577
'0:15.402',-71.853
'0:15.406',-77.253
'0:15.410',-80.206
'0:15.414',-87.775
'0:15.418',-89.39
'0:15.422',-88.559
'0:15.426',-91.513
'0:15.430',-109.326
'0:15.434',-102.588
'0:15.438',-92.343
'0:15.441',-91.513
'0:15.445',-90.174
'0:15.449',-89.898
'0:15.453',-85.606
'0:15.457',-93.682
'0:15.461',-92.067
'0:15.465',-103.927
'0:15.469',-102.865
'0:15.473',-85.606
'0:15.477',-81.037
'0:15.480',-93.682
'0:15.484',-100.696
'0:15.488',-98.251
'0:15.492',-100.973
'0:15.496',-114.726
'0:15.500',-110.941
'0:15.504',-116.064
'0:15.508',-112.28
'0:15.512',-99.866
'0:15.516',-116.064
'0:15.520',-112.003
'0:15.523',-114.726
'0:15.527',-125.247
'0:15.531',-129.262
'0:15.535',-132.493
'0:15.539',-130.601
'0:15.543',-131.431
'0:15.547',-138.446
'0:15.551',-142.23
'0:15.555',-148.414
'0:15.559',-148.691
'0:15.563',-163.505
'0:15.566',-182.656
'0:15.570',-170.796
'0:15.574',-150.583
'0:15.578',-138.169
'0:15.582',-133.047
'0:15.586',-130.601
'0:15.590',-118.233
'0:15.594',-117.402
'0:15.598',-107.988
'0:15.602',-102.312
'0:15.605',-96.912
'0:15.609',-82.883
'0:15.613',-99.866
'0:15.617',-107.711
'0:15.621',-86.944
'0:15.625',-81.545
'0:15.629',-81.545
'0:15.633',-81.545
'0:15.637',-91.79
'0:15.641',-88.006
'0:15.645',-81.037
'0:15.648',-79.653
'0:15.652',-64.839
'0:15.656',-76.976
'0:15.660',-88.006
'0:15.664',-93.959
'0:15.668',-92.62
'0:15.672',-81.037
'0:15.676',-64.839
'0:15.680',-28.981
'0:15.684',-15.506
'0:15.688',-24.69
'0:15.691',-27.089
'0:15.695',-30.873
'0:15.699',-30.873
'0:15.703',-32.489
'0:15.707',-38.396
'0:15.711',-71.853
'0:15.715',-92.62
'0:15.719',-126.863
'0:15.723',-113.618
'0:15.727',-104.481
'0:15.730',-120.909
'0:15.734',-139.784
'0:15.738',-157.321
'0:15.742',-176.472
'0:15.746',-167.012
'0:15.750',-153.813
'0:15.754',-143.292
'0:15.758',-143.568
'0:15.762',-143.015
'0:15.766',-147.076
'0:15.770',-150.029
'0:15.773',-127.647
'0:15.777',-130.878
'0:15.781',-127.647
'0:15.785',-127.37
'0:15.789',-130.093
'0:15.793',-126.863
'0:15.797',-117.125
'0:15.801',-98.251
'0:15.805',-94.743
'0:15.809',-94.512
'0:15.813',-107.711
'0:15.816',-70.238
'0:15.820',38.165
'0:15.824',181.041
'0:15.828',342.238
'0:15.832',400.755
'0:15.836',279.153
'0:15.840',23.582
'0:15.844',-197.47
'0:15.848',-499.421
'0:15.852',-761.453
'0:15.855',-819.969
'0:15.859',-790.065
'0:15.863',-679.77
'0:15.867',-553.876
'0:15.871',-404.262
'0:15.875',-249.249
'0:15.879',-164.058
'0:15.883',-107.711
'0:15.887',-103.65
'0:15.891',-70.515
'0:15.895',-53.256
'0:15.898',-20.905
'0:15.902',-26.535
'0:15.906',-18.459
'0:15.910',-3.092
'0:15.914',9.553
'0:15.918',8.491
'0:15.922',6.599
'0:15.926',1.2
'0:15.930',14.952
'0:15.934',23.305
'0:15.938',36.78
'0:15.941',37.611
'0:15.945',51.64
'0:15.949',49.471
'0:15.953',55.655
'0:15.957',66.454
'0:15.961',67.792
'0:15.965',53.532
'0:15.969',53.256
'0:15.973',71.3
'0:15.977',77.76
'0:15.980',80.483
'0:15.984',102.312
'0:15.988',118.464
'0:15.992',119.017
'0:15.996',124.694
'0:16.000',127.647
'0:16.004',134.662
'0:16.008',151.645
'0:16.012',150.814
'0:16.016',169.966
'0:16.020',172.965
'0:16.023',182.656
'0:16.027',185.887
'0:16.031',199.639
'0:16.035',215.007
'0:16.039',217.176
'0:16.043',230.097
'0:16.047',236.05
'0:16.051',248.141
'0:16.055',260.278
'0:16.059',261.663
'0:16.063',261.386
'0:16.066',270.016
'0:16.070',265.124
'0:16.074',274.031
'0:16.078',273.754
'0:16.082',275.138
'0:16.086',271.077
'0:16.090',266.785
'0:16.094',272.416
'0:16.098',269.462
'0:16.102',272.139
'0:16.105',256.264
'0:16.109',237.666
'0:16.113',209.33
'0:16.117',202.87
'0:16.121',172.965
'0:16.125',144.353
'0:16.129',112.28
'0:16.133',81.822
'0:16.137',55.655
'0:16.141',25.751
'0:16.145',15.506
'0:16.148',-14.952
'0:16.152',-14.952
'0:16.156',-27.92
'0:16.160',-41.395
'0:16.164',-48.41
'0:16.168',-45.18
'0:16.172',-62.67
'0:16.176',-61.332
'0:16.180',-59.716
'0:16.184',-64.839
'0:16.188',-74.53
'0:16.191',-76.145
'0:16.195',-78.314
'0:16.199',-78.314
'0:16.203',-81.268
'0:16.207',-88.006
'0:16.211',-89.621
'0:16.215',-94.743
'0:16.219',-81.037
'0:16.223',-98.251
'0:16.227',-100.973
'0:16.230',-86.944
'0:16.234',-95.851
'0:16.238',-99.081
'0:16.242',-97.743
'0:16.246',-99.081
'0:16.250',-100.696
'0:16.254',-111.218
'0:16.258',-100.696
'0:16.262',-99.635
'0:16.266',-98.02
'0:16.270',-98.02
'0:16.273',-109.326
'0:16.277',-101.481
'0:16.281',-100.973
'0:16.285',-112.833
'0:16.289',-110.388
'0:16.293',-108.265
'0:16.297',-119.294
'0:16.301',-117.956
'0:16.305',-127.093
'0:16.309',-123.863
'0:16.313',-123.632
'0:16.316',-120.909
'0:16.320',-119.848
'0:16.324',-126.032
'0:16.328',-136
'0:16.332',-136.831
'0:16.336',-138.169
'0:16.340',-138.169
'0:16.344',-141.953
'0:16.348',-133.6
'0:16.352',-135.216
'0:16.355',-138.446
'0:16.359',-139
'0:16.363',-141.123
'0:16.367',-147.076
'0:16.371',-148.414
'0:16.375',-154.321
'0:16.379',-156.49
'0:16.383',-157.598
'0:16.387',-145.461
'0:16.391',-146.799
'0:16.395',-153.813
'0:16.398',-156.767
'0:16.402',-157.044
'0:16.406',-159.444
'0:16.410',-160.551
'0:16.414',-153.813
'0:16.418',-143.015
'0:16.422',-142.23
'0:16.426',-125.478
'0:16.430',-125.478
'0:16.434',-120.633
'0:16.438',-127.37
'0:16.441',-126.032
'0:16.445',-123.632
'0:16.449',-107.711
'0:16.453',-74.022
'0:16.457',-67.008
'0:16.461',-47.302
'0:16.465',-56.209
'0:16.469',-54.317
'0:16.473',-55.425
'0:16.477',-67.792
'0:16.480',-64.562
'0:16.484',-71.3
'0:16.488',-99.081
'0:16.492',-115.787
'0:16.496',-131.708
'0:16.500',-116.064
'0:16.504',-121.971
'0:16.508',-145.184
'0:16.512',-143.845
'0:16.516',-162.951
'0:16.520',-165.951
'0:16.523',-170.519
'0:16.527',-159.997
'0:16.531',-174.811
'0:16.535',-162.951
'0:16.539',-167.012
'0:16.543',-170.242
'0:16.547',-157.828
'0:16.551',-172.411
'0:16.555',-147.076
'0:16.559',-168.35
'0:16.563',-153.813
'0:16.566',-155.429
'0:16.570',-154.09
'0:16.574',-146.799
'0:16.578',-137.892
'0:16.582',-123.355
'0:16.586',-121.971
'0:16.590',-88.006
'0:16.594',-5.815
'0:16.598',123.586
'0:16.602',264.063
'0:16.605',322.302
'0:16.609',229.82
'0:16.613',-52.979
'0:16.617',-287.506
'0:16.621',-562.783
'0:16.625',-841.013
'0:16.629',-960.446
'0:16.633',-923.204
'0:16.637',-804.048
'0:16.641',-657.941
'0:16.645',-503.759
'0:16.648',-338.224
'0:16.652',-198.808
'0:16.656',-138.446
'0:16.660',-114.726
'0:16.664',-103.65
'0:16.668',-71.853
'0:16.672',-51.363
'0:16.676',-41.903
'0:16.680',-49.471
'0:16.684',-37.057
'0:16.688',-37.611
'0:16.691',-33.55
'0:16.695',-25.751
'0:16.699',-19.013
'0:16.703',-22.244
'0:16.707',-4.43
'0:16.711',-0.415
'0:16.715',6.322
'0:16.719',-3.369
'0:16.723',-5.538
'0:16.727',12.552
'0:16.730',15.783
'0:16.734',21.413
'0:16.738',27.366
'0:16.742',25.751
'0:16.746',29.812
'0:16.750',33.55
'0:16.754',37.611
'0:16.758',57.04
'0:16.762',70.746
'0:16.766',108.219
'0:16.770',129.539
'0:16.773',149.752
'0:16.777',199.362
'0:16.781',243.019
'0:16.785',266.232
'0:16.789',261.109
'0:16.793',220.683
'0:16.797',188.84
'0:16.801',164.335
'0:16.805',167.566
'0:16.809',176.426
'0:16.813',199.639
'0:16.816',216.068
'0:16.820',210.161
'0:16.824',201.531
'0:16.828',211.222
'0:16.832',246.019
'0:16.836',274.031
'0:16.840',270.247
'0:16.844',267.016
'0:16.848',278.876
'0:16.852',278.369
'0:16.855',287.506
'0:16.859',298.305
'0:16.863',296.69
'0:16.867',295.628
'0:16.871',296.136
'0:16.875',271.354
'0:16.879',249.249
'0:16.883',232.266
'0:16.887',215.56
'0:16.891',199.916
'0:16.895',173.75
'0:16.898',135.492
'0:16.902',103.65
'0:16.906',88.006
'0:16.910',55.378
'0:16.914',13.06
'0:16.918',-10.107
'0:16.922',-42.18
'0:16.926',-56.763
'0:16.930',-57.04
'0:16.934',-69.408
'0:16.938',-77.253
'0:16.941',-91.236
'0:16.945',-118.51
'0:16.949',-117.679
'0:16.953',-117.956
'0:16.957',-113.387
'0:16.961',-125.755
'0:16.965',-116.848
'0:16.969',-115.002
'0:16.973',-116.848
'0:16.977',-114.449
'0:16.980',-111.218
'0:16.984',-116.064
'0:16.988',-111.726
'0:16.992',-114.726
'0:16.996',-115.51
'0:17.000',-113.11
'0:17.004',-115.51
'0:17.008',-109.049
'0:17.012',-97.189
'0:17.016',-85.329
'0:17.020',-99.081
'0:17.023',-97.743
'0:17.027',-104.757
'0:17.031',-125.755
'0:17.035',-101.758
'0:17.039',-87.775
'0:17.043',-85.052
'0:17.047',-70.238
'0:17.051',-73.746
'0:17.055',-68.623
'0:17.059',-88.282
'0:17.063',-84.498
'0:17.066',-99.866
'0:17.070',-102.865
'0:17.074',-100.696
'0:17.078',-91.513
'0:17.082',-56.486
'0:17.086',-52.702
'0:17.090',-51.363
'0:17.094',-64.562
'0:17.098',-74.022
'0:17.102',-88.559
'0:17.105',-83.714
'0:17.109',-98.02
'0:17.113',-96.128
'0:17.117',-107.434
'0:17.121',-121.463
'0:17.125',-99.081
'0:17.129',-97.466
'0:17.133',-96.358
'0:17.137',-107.434
'0:17.141',-136
'0:17.145',-143.568
'0:17.148',-158.105
'0:17.152',-144.907
'0:17.156',-127.924
'0:17.160',-108.772
'0:17.164',-111.726
'0:17.168',-120.633
'0:17.172',-123.632
'0:17.176',-127.647
'0:17.180',-127.093
'0:17.184',-128.201
'0:17.188',-134.108
'0:17.191',-121.463
'0:17.195',-128.478
'0:17.199',-128.986
'0:17.203',-127.924
'0:17.207',-116.064
'0:17.211',-104.204
'0:17.215',-66.454
'0:17.219',-68.623
'0:17.223',-63.224
'0:17.227',-47.579
'0:17.230',-52.425
'0:17.234',-49.748
'0:17.238',-53.532
'0:17.242',-63.777
'0:17.246',-76.699
'0:17.250',-80.483
'0:17.254',-96.912
'0:17.258',-103.927
'0:17.262',-98.02
'0:17.266',-108.265
'0:17.270',-140.615
'0:17.273',-141.4
'0:17.277',-153.26
'0:17.281',-165.12
'0:17.285',-156.213
'0:17.289',-154.875
'0:17.293',-157.044
'0:17.297',-169.689
'0:17.301',-165.397
'0:17.305',-171.35
'0:17.309',-152.706
'0:17.313',-156.213
'0:17.316',-154.598
'0:17.320',-150.306
'0:17.324',-153.813
'0:17.328',-149.476
'0:17.332',-153.537
'0:17.336',-139.784
'0:17.340',-137.108
'0:17.344',-137.615
'0:17.348',-145.184
'0:17.352',-149.476
'0:17.355',-93.682
'0:17.359',59.163
'0:17.363',229.036
'0:17.367',402.647
'0:17.371',428.767
'0:17.375',233.605
'0:17.379',-44.072
'0:17.383',-309.381
'0:17.387',-634.775
'0:17.391',-849.874
'0:17.395',-872.256
'0:17.398',-816.185
'0:17.402',-681.385
'0:17.406',-542.847
'0:17.410',-392.679
'0:17.414',-248.695
'0:17.418',-155.706
'0:17.422',-140.846
'0:17.426',-124.14
'0:17.430',-91.005
'0:17.434',-85.052
'0:17.438',-60.27
'0:17.441',-60.27
'0:17.445',-57.04
'0:17.449',-39.503
'0:17.453',-36.55
'0:17.457',-30.043
'0:17.461',-28.704
'0:17.465',-38.673
'0:17.469',-20.628
'0:17.473',-20.352
'0:17.477',-16.567
'0:17.480',-14.168
'0:17.484',-21.182
'0:17.488',-17.398
'0:17.492',-3.646
'0:17.496',-3.369
'0:17.500',-0.415
'0:17.504',-3.923
'0:17.508',1.754
'0:17.512',-2.031
'0:17.516',10.937
'0:17.520',12.276
'0:17.523',11.722
'0:17.527',20.352
'0:17.531',31.658
'0:17.535',40.842
'0:17.539',41.672
'0:17.543',59.163
'0:17.547',69.961
'0:17.551',65.623
'0:17.555',73.192
'0:17.559',87.221
'0:17.563',104.481
'0:17.566',102.588
'0:17.570',116.341
'0:17.574',121.463
'0:17.578',132.216
'0:17.582',134.385
'0:17.586',136.277
'0:17.590',150.306
'0:17.594',137.108
'0:17.598',145.968
'0:17.602',148.414
'0:17.605',136.554
'0:17.609',121.463
'0:17.613',153.26
'0:17.617',171.858
'0:17.621',190.179
'0:17.625',200.193
'0:17.629',220.406
'0:17.633',203.146
'0:17.637',204.208
'0:17.641',204.762
'0:17.645',183.718
'0:17.648',174.58
'0:17.652',156.767
'0:17.656',138.446
'0:17.660',106.603
'0:17.664',72.407
'0:17.668',64.285
'0:17.672',44.349
'0:17.676',23.028
'0:17.680',7.43
'0:17.684',-8.768
'0:17.688',-45.687
'0:17.691',-64.839
'0:17.695',-73.746
'0:17.699',-77.53
'0:17.703',-76.422
'0:17.707',-61.885
'0:17.711',-63.777
'0:17.715',-73.192
'0:17.719',-77.53
'0:17.723',-92.067
'0:17.727',-91.79
'0:17.730',-93.682
'0:17.734',-105.265
'0:17.738',-95.574
'0:17.742',-93.959
'0:17.746',-91.236
'0:17.750',-75.638
'0:17.754',-73.192
'0:17.758',-80.76
'0:17.762',-77.53
'0:17.766',-73.192
'0:17.770',-88.836
'0:17.773',-87.498
'0:17.777',-97.743
'0:17.781',-95.297
'0:17.785',-89.113
'0:17.789',-87.221
'0:17.793',-71.023
'0:17.797',-83.16
'0:17.801',-79.929
'0:17.805',-86.944
'0:17.809',-99.635
'0:17.813',-85.606
'0:17.816',-85.606
'0:17.820',-98.527
'0:17.824',-85.883
'0:17.828',-96.635
'0:17.832',-99.635
'0:17.836',-102.035
'0:17.840',-100.419
'0:17.844',-86.944
'0:17.848',-94.743
'0:17.852',-96.912
'0:17.855',-85.883
'0:17.859',-102.312
'0:17.863',-102.588
'0:17.867',-92.067
'0:17.871',-95.574
'0:17.875',-86.944
'0:17.879',-88.282
'0:17.883',-86.667
'0:17.887',-89.39
'0:17.891',-92.343
'0:17.895',-86.667
'0:17.898',-106.096
'0:17.902',-102.865
'0:17.906',-103.142
'0:17.910',-106.373
'0:17.914',-102.865
'0:17.918',-92.343
'0:17.922',-88.836
'0:17.926',-100.973
'0:17.930',-86.113
'0:17.934',-86.113
'0:17.938',-94.512
'0:17.941',-89.621
'0:17.945',-68.069
'0:17.949',-53.532
'0:17.953',-38.396
'0:17.957',-31.935
'0:17.961',-26.028
'0:17.965',-33.273
'0:17.969',-33.042
'0:17.973',-36.55
'0:17.977',-49.194
'0:17.980',-59.439
'0:17.984',-79.653
'0:17.988',-93.128
'0:17.992',-98.804
'0:17.996',-100.143
'0:18.000',-111.218
'0:18.004',-127.093
'0:18.008',-137.108
'0:18.012',-144.076
'0:18.016',-134.385
'0:18.020',-131.708
'0:18.023',-128.478
'0:18.027',-118.233
'0:18.031',-124.971
'0:18.035',-117.956
'0:18.039',-133.047
'0:18.043',-128.201
'0:18.047',-116.064
'0:18.051',-107.434
'0:18.055',-102.865
'0:18.059',-102.588
'0:18.063',-96.128
'0:18.066',-81.822
'0:18.070',-73.192
'0:18.074',-70.792
'0:18.078',-56.486
'0:18.082',-64.839
'0:18.086',-78.037
'0:18.090',-83.714
'0:18.094',6.876
'0:18.098',167.843
'0:18.102',346.576
'0:18.105',487.284
'0:18.109',469.24
'0:18.113',213.899
'0:18.117',-30.597
'0:18.121',-343.069
'0:18.125',-682.493
'0:18.129',-858.273
'0:18.133',-862.842
'0:18.137',-775.205
'0:18.141',-621.023
'0:18.145',-463.563
'0:18.148',-287.783
'0:18.152',-155.429
'0:18.156',-109.049
'0:18.160',-77.53
'0:18.164',-64.008
'0:18.168',-53.256
'0:18.172',-38.165
'0:18.176',-43.795
'0:18.180',-30.043
'0:18.184',-31.658
'0:18.188',-3.923
'0:18.191',-5.261
'0:18.195',-11.168
'0:18.199',-13.891
'0:18.203',-15.229
'0:18.207',-3.092
'0:18.211',-4.43
'0:18.215',3.923
'0:18.219',0.415
'0:18.223',16.06
'0:18.227',14.168
'0:18.230',13.614
'0:18.234',20.352
'0:18.238',29.812
'0:18.242',30.043
'0:18.246',31.658
'0:18.250',32.489
'0:18.254',51.917
'0:18.258',58.378
'0:18.262',59.993
'0:18.266',65.393
'0:18.270',67.285
'0:18.273',83.991
'0:18.277',87.498
'0:18.281',89.621
'0:18.285',98.251
'0:18.289',101.481
'0:18.293',116.341
'0:18.297',132.493
'0:18.301',134.385
'0:18.305',146.245
'0:18.309',152.198
'0:18.313',165.12
'0:18.316',162.72
'0:18.320',179.934
'0:18.324',192.901
'0:18.328',216.068
'0:18.332',213.668
'0:18.336',226.036
'0:18.340',225.805
'0:18.344',239.788
'0:18.348',248.695
'0:18.352',246.295
'0:18.355',241.404
'0:18.359',240.065
'0:18.363',238.173
'0:18.367',233.051
'0:18.371',231.159
'0:18.375',223.913
'0:18.379',236.05
'0:18.383',234.943
'0:18.387',202.316
'0:18.391',171.581
'0:18.395',130.601
'0:18.398',91.005
'0:18.402',57.27
'0:18.406',25.751
'0:18.410',10.937
'0:18.414',-15.783
'0:18.418',-40.057
'0:18.422',-56.486
'0:18.426',-85.606
'0:18.430',-83.991
'0:18.434',-97.189
'0:18.438',-107.157
'0:18.441',-121.74
'0:18.445',-116.618
'0:18.449',-115.002
'0:18.453',-113.618
'0:18.457',-124.417
'0:18.461',-121.971
'0:18.465',-115.51
'0:18.469',-113.387
'0:18.473',-112.557
'0:18.477',-124.694
'0:18.480',-122.248
'0:18.484',-114.726
'0:18.488',-127.093
'0:18.492',-126.586
'0:18.496',-124.971
'0:18.500',-124.417
'0:18.504',-115.002
'0:18.508',-124.694
'0:18.512',-124.14
'0:18.516',-109.603
'0:18.520',-95.574
'0:18.523',-99.635
'0:18.527',-89.39
'0:18.531',-89.113
'0:18.535',-93.405
'0:18.539',-96.128
'0:18.543',-114.449
'0:18.547',-102.588
'0:18.551',-103.927
'0:18.555',-110.388
'0:18.559',-113.387
'0:18.563',-114.172
'0:18.566',-116.848
'0:18.570',-102.312
'0:18.574',-95.574
'0:18.578',-83.991
'0:18.582',-82.652
'0:18.586',-97.189
'0:18.590',-113.11
'0:18.594',-124.971
'0:18.598',-118.233
'0:18.602',-117.956
'0:18.605',-113.618
'0:18.609',-110.941
'0:18.613',-107.711
'0:18.617',-118.741
'0:18.621',-133.323
'0:18.625',-142.738
'0:18.629',-155.706
'0:18.633',-124.14
'0:18.637',-123.078
'0:18.641',-104.757
'0:18.645',-78.591
'0:18.648',-73.192
'0:18.652',-73.469
'0:18.656',-73.192
'0:18.660',-72.915
'0:18.664',-46.795
'0:18.668',-9.83
'0:18.672',5.261
'0:18.676',6.322
'0:18.680',8.491
'0:18.684',-11.445
'0:18.688',-5.538
'0:18.691',-9.322
'0:18.695',-11.999
'0:18.699',-25.751
'0:18.703',-57.547
'0:18.707',-65.116
'0:18.711',-55.932
'0:18.715',-63.777
'0:18.719',-61.885
'0:18.723',-73.746
'0:18.727',-93.128
'0:18.730',-99.866
'0:18.734',-96.358
'0:18.738',-98.251
'0:18.742',-92.343
'0:18.746',-106.88
'0:18.750',-111.495
'0:18.754',-111.218
'0:18.758',-117.125
'0:18.762',-95.02
'0:18.766',-90.728
'0:18.770',-92.62
'0:18.773',-92.62
'0:18.777',-85.883
'0:18.781',-81.268
'0:18.785',-74.253
'0:18.789',-73.746
'0:18.793',-59.163
'0:18.797',-55.655
'0:18.801',-51.363
'0:18.805',-41.118
'0:18.809',54.04
'0:18.813',218.514
'0:18.816',389.956
'0:18.820',496.975
'0:18.824',432.828
'0:18.828',138.723
'0:18.832',-134.939
'0:18.836',-460.61
'0:18.840',-792.465
'0:18.844',-935.11
'0:18.848',-910.282
'0:18.852',-781.943
'0:18.855',-593.795
'0:18.859',-400.201
'0:18.863',-207.438
'0:18.867',-86.667
'0:18.871',-43.011
'0:18.875',-28.151
'0:18.879',-18.183
'0:18.883',5.815
'0:18.887',27.366
'0:18.891',39.78
'0:18.895',37.888
'0:18.898',30.043
'0:18.902',37.334
'0:18.906',43.795
'0:18.910',57.04
'0:18.914',54.04
'0:18.918',44.903
'0:18.922',67.515
'0:18.926',75.084
'0:18.930',74.253
'0:18.934',71.853
'0:18.938',75.868
'0:18.941',80.76
'0:18.945',105.819
'0:18.949',107.157
'0:18.953',120.633
'0:18.957',122.525
'0:18.961',126.863
'0:18.965',137.892
'0:18.969',141.123
'0:18.973',137.892
'0:18.977',152.983
'0:18.980',155.429
'0:18.984',168.35
'0:18.988',174.58
'0:18.992',186.671
'0:18.996',198.808
'0:19.000',200.193
'0:19.004',215.56
'0:19.008',223.913
'0:19.012',235.22
'0:19.016',260.278
'0:19.020',260.002
'0:19.023',278.092
'0:19.027',304.766
'0:19.031',315.288
'0:19.035',322.579
'0:19.039',337.67
'0:19.043',340.069
'0:19.047',368.959
'0:19.051',379.204
'0:19.055',384.557
'0:19.059',398.309
'0:19.063',402.093
'0:19.066',401.54
'0:19.070',412.615
'0:19.074',414.507
'0:19.078',409.939
'0:19.082',415.061
'0:19.086',417.184
'0:19.090',413.169
'0:19.094',397.801
'0:19.098',406.431
'0:19.102',394.802
'0:19.105',353.314
'0:19.109',321.472
'0:19.113',272.139
'0:19.117',212.561
'0:19.121',168.35
'0:19.125',143.292
'0:19.129',126.863
'0:19.133',107.988
'0:19.137',95.574
'0:19.141',84.267
'0:19.145',78.037
'0:19.148',48.641
'0:19.152',45.687
'0:19.156',13.891
'0:19.160',1.754
'0:19.164',-2.584
'0:19.168',16.29
'0:19.172',11.722
'0:19.176',11.722
'0:19.180',16.06
'0:19.184',-1.754
'0:19.188',3.646
'0:19.191',-2.307
'0:19.195',9.322
'0:19.199',-3.646
'0:19.203',-1.754
'0:19.207',-9.322
'0:19.211',-15.783
'0:19.215',-23.305
'0:19.219',-6.876
'0:19.223',-4.707
'0:19.227',-7.938
'0:19.230',-12.276
'0:19.234',-22.244
'0:19.238',-9.322
'0:19.242',-7.153
'0:19.246',-7.153
'0:19.250',-9.322
'0:19.254',-5.538
'0:19.258',-11.722
'0:19.262',-8.491
'0:19.266',-21.413
'0:19.270',-6.599
'0:19.273',-21.413
'0:19.277',-13.891
'0:19.281',-26.028
'0:19.285',-20.075
'0:19.289',-20.628
'0:19.293',-36.55
'0:19.297',-31.15
'0:19.301',-43.518
'0:19.305',-51.363
'0:19.309',-34.381
'0:19.313',-37.057
'0:19.316',-33.827
'0:19.320',-29.258
'0:19.324',-49.748
'0:19.328',-46.241
'0:19.332',-51.087
'0:19.336',-52.148
'0:19.340',-48.41
'0:19.344',-50.025
'0:19.348',-43.795
'0:19.352',-48.918
'0:19.355',-52.702
'0:19.359',-50.302
'0:19.363',-50.533
'0:19.367',-26.812
'0:19.371',-1.2
'0:19.375',24.136
'0:19.379',42.18
'0:19.383',46.241
'0:19.387',42.457
'0:19.391',36.273
'0:19.395',40.565
'0:19.398',23.305
'0:19.402',13.337
'0:19.406',-2.584
'0:19.410',-24.413
'0:19.414',-23.582
'0:19.418',-28.704
'0:19.422',-53.532
'0:19.426',-64.008
'0:19.430',-83.991
'0:19.434',-87.221
'0:19.438',-96.358
'0:19.441',-89.113
'0:19.445',-96.128
'0:19.449',-81.545
'0:19.453',-86.113
'0:19.457',-82.098
'0:19.461',-75.084
'0:19.465',-94.512
'0:19.469',-92.897
'0:19.473',-83.991
'0:19.477',-85.052
'0:19.480',-93.959
'0:19.484',-93.128
'0:19.488',-89.39
'0:19.492',-98.02
'0:19.496',-86.39
'0:19.500',-81.268
'0:19.504',-109.049
'0:19.508',-100.419
'0:19.512',-17.675
'0:19.516',140.061
'0:19.520',360.329
'0:19.523',530.433
'0:19.527',559.553
'0:19.531',333.332
'0:19.535',27.643
'0:19.539',-304.489
'0:19.543',-667.125
'0:19.547',-880.609
'0:19.551',-888.177
'0:19.555',-798.141
'0:19.559',-635.052
'0:19.563',-453.318
'0:19.566',-265.124
'0:19.570',-131.708
'0:19.574',-80.483
'0:19.578',-41.903
'0:19.582',-23.305
'0:19.586',-0.415
'0:19.590',17.906
'0:19.594',18.459
'0:19.598',22.521
'0:19.602',24.69
'0:19.605',32.489
'0:19.609',35.719
'0:19.613',50.81
'0:19.617',52.425
'0:19.621',70.238
'0:19.625',80.206
'0:19.629',85.606
'0:19.633',84.775
'0:19.637',84.267
'0:19.641',84.498
'0:19.645',79.929
'0:19.648',87.221
'0:19.652',85.606
'0:19.656',82.652
'0:19.660',82.375
'0:19.664',95.02
'0:19.668',103.373
'0:19.672',117.402
'0:19.676',113.341
'0:19.680',128.478
'0:19.684',126.309
'0:19.688',136.831
'0:19.691',150.306
'0:19.695',159.444
'0:19.699',157.598
'0:19.703',173.75
'0:19.707',185.61
'0:19.711',183.21
'0:19.715',191.009
'0:19.719',202.87
'0:19.723',203.423
'0:19.727',202.593
'0:19.730',232.543
'0:19.734',236.281
'0:19.738',262.447
'0:19.742',280.492
'0:19.746',298.582
'0:19.750',313.949
'0:19.754',316.626
'0:19.758',309.104
'0:19.762',311.503
'0:19.766',314.734
'0:19.770',314.226
'0:19.773',299.92
'0:19.777',306.381
'0:19.781',307.719
'0:19.785',312.842
'0:19.789',345.192
'0:19.793',329.824
'0:19.797',320.687
'0:19.801',292.352
'0:19.805',267.293
'0:19.809',235.497
'0:19.813',202.316
'0:19.816',173.473
'0:19.820',129.262
'0:19.824',91.005
'0:19.828',45.964
'0:19.832',26.028
'0:19.836',24.136
'0:19.840',25.474
'0:19.844',7.661
'0:19.848',0.415
'0:19.852',-3.646
'0:19.855',-9.83
'0:19.859',-10.107
'0:19.863',-24.92
'0:19.867',-44.626
'0:19.871',-32.766
'0:19.875',-28.151
'0:19.879',-30.597
'0:19.883',-26.305
'0:19.887',-26.028
'0:19.891',-29.812
'0:19.895',-27.643
'0:19.898',-32.766
'0:19.902',-27.92
'0:19.906',-24.92
'0:19.910',-27.366
'0:19.914',-42.18
'0:19.918',-34.104
'0:19.922',-30.597
'0:19.926',-40.842
'0:19.930',-40.288
'0:19.934',-40.842
'0:19.938',-51.917
'0:19.941',-48.133
'0:19.945',-40.565
'0:19.949',-38.949
'0:19.953',-24.413
'0:19.957',-21.967
'0:19.961',-48.918
'0:19.965',-68.346
'0:19.969',-66.177
'0:19.973',-57.04
'0:19.977',-43.011
'0:19.980',-52.702
'0:19.984',-51.087
'0:19.988',-61.332
'0:19.992',-54.04
'0:19.996',-60.547
'0:20.000',-71.577
'0:20.004',-67.008
