'0:00.000',-3.03
'0:00.004',-2.8
'0:00.008',-3.21
'0:00.012',-3.89
'0:00.016',-4.33
'0:00.020',-3.81
'0:00.023',-3.53
'0:00.027',-3.74
'0:00.031',-3.87
'0:00.035',-3.36
'0:00.039',-1.41
'0:00.043',0.94
'0:00.047',4
'0:00.051',7.39
'0:00.055',10.24
'0:00.059',8.7
'0:00.063',3.42
'0:00.066',-0.87
'0:00.070',-3.8
'0:00.074',-6.38
'0:00.078',-8.44
'0:00.082',-9.37
'0:00.086',-9.48
'0:00.090',-8.71
'0:00.094',-7.75
'0:00.098',-6.86
'0:00.102',-5.88
'0:00.105',-4.5
'0:00.109',-2.52
'0:00.113',-1.01
'0:00.117',-0.35
'0:00.121',-0.44
'0:00.125',-0.62
'0:00.129',-0.27
'0:00.133',0.28
'0:00.137',0.63
'0:00.141',0.76
'0:00.145',0.84
'0:00.148',1.03
'0:00.152',1.23
'0:00.156',1.57
'0:00.160',1.99
'0:00.164',1.98
'0:00.168',2.07
'0:00.172',2.42
'0:00.176',2.97
'0:00.180',3.45
'0:00.184',3.8
'0:00.188',4.1
'0:00.191',4.06
'0:00.195',3.65
'0:00.199',3.29
'0:00.203',3.01
'0:00.207',2.47
'0:00.211',1.69
'0:00.215',1.44
'0:00.219',1.52
'0:00.223',1.86
'0:00.227',1.73
'0:00.230',1.21
'0:00.234',0.83
'0:00.238',1.17
'0:00.242',1.65
'0:00.246',1.88
'0:00.250',1.9
'0:00.254',1.85
'0:00.258',1.75
'0:00.262',1.64
'0:00.266',1.46
'0:00.270',1.13
'0:00.273',0.44
'0:00.277',-0.31
'0:00.281',-0.83
'0:00.285',-1.4
'0:00.289',-1.93
'0:00.293',-2.35
'0:00.297',-2.74
'0:00.301',-3.06
'0:00.305',-3.28
'0:00.309',-3.21
'0:00.313',-3.21
'0:00.316',-3.23
'0:00.320',-3.47
'0:00.324',-3.93
'0:00.328',-4.14
'0:00.332',-3.68
'0:00.336',-2.45
'0:00.340',-0.2
'0:00.344',2.91
'0:00.348',6.35
'0:00.352',9.48
'0:00.355',8.95
'0:00.359',3.87
'0:00.363',-1.7
'0:00.367',-5.54
'0:00.371',-7.92
'0:00.375',-9.58
'0:00.379',-10.46
'0:00.383',-10.52
'0:00.387',-10.21
'0:00.391',-9.28
'0:00.395',-7.92
'0:00.398',-6.43
'0:00.402',-4.9
'0:00.406',-3.24
'0:00.410',-1.74
'0:00.414',-0.94
'0:00.418',-0.63
'0:00.422',-0.32
'0:00.426',-0.11
'0:00.430',-0.07
'0:00.434',0.06
'0:00.438',0.33
'0:00.441',0.59
'0:00.445',0.81
'0:00.449',0.94
'0:00.453',1.24
'0:00.457',1.6
'0:00.461',2.04
'0:00.465',2.6
'0:00.469',3
'0:00.473',3.2
'0:00.477',3.32
'0:00.480',3.19
'0:00.484',3
'0:00.488',2.75
'0:00.492',2.29
'0:00.496',2.02
'0:00.500',1.82
'0:00.504',1.51
'0:00.508',1.08
'0:00.512',0.68
'0:00.516',0.47
'0:00.520',0.57
'0:00.523',0.89
'0:00.527',1.1
'0:00.531',1.22
'0:00.535',1.27
'0:00.539',1.09
'0:00.543',1.03
'0:00.547',1.15
'0:00.551',1.07
'0:00.555',0.63
'0:00.559',0.11
'0:00.563',-0.37
'0:00.566',-0.74
'0:00.570',-1.05
'0:00.574',-1.42
'0:00.578',-1.73
'0:00.582',-1.95
'0:00.586',-2.26
'0:00.590',-2.66
'0:00.594',-3.01
'0:00.598',-3.22
'0:00.602',-3.27
'0:00.605',-3.46
'0:00.609',-3.34
'0:00.613',-3.14
'0:00.617',-3.2
'0:00.621',-3.24
'0:00.625',-3.44
'0:00.629',-3.11
'0:00.633',-1.45
'0:00.637',1.49
'0:00.641',5.01
'0:00.645',8.42
'0:00.648',9.93
'0:00.652',6.87
'0:00.656',1.52
'0:00.660',-2.94
'0:00.664',-6.28
'0:00.668',-8.34
'0:00.672',-9.71
'0:00.676',-10.4
'0:00.680',-10.33
'0:00.684',-9.5
'0:00.688',-7.88
'0:00.691',-5.95
'0:00.695',-4.09
'0:00.699',-2.5
'0:00.703',-1.48
'0:00.707',-0.71
'0:00.711',-0.07
'0:00.715',0.23
'0:00.719',0.3
'0:00.723',0.3
'0:00.727',0.45
'0:00.730',0.97
'0:00.734',1.43
'0:00.738',1.91
'0:00.742',2.33
'0:00.746',2.72
'0:00.750',3.15
'0:00.754',3.45
'0:00.758',3.62
'0:00.762',3.81
'0:00.766',4.24
'0:00.770',4.54
'0:00.773',4.63
'0:00.777',4.68
'0:00.781',4.57
'0:00.785',4.05
'0:00.789',3.55
'0:00.793',3.22
'0:00.797',2.9
'0:00.801',2.94
'0:00.805',2.89
'0:00.809',2.48
'0:00.813',2.3
'0:00.816',2.21
'0:00.820',1.93
'0:00.824',1.94
'0:00.828',2.15
'0:00.832',2.07
'0:00.836',1.95
'0:00.840',1.83
'0:00.844',1.88
'0:00.848',1.95
'0:00.852',1.87
'0:00.855',1.35
'0:00.859',0.94
'0:00.863',0.63
'0:00.867',0.23
'0:00.871',-0.56
'0:00.875',-1.18
'0:00.879',-1.58
'0:00.883',-1.69
'0:00.887',-1.7
'0:00.891',-1.68
'0:00.895',-1.76
'0:00.898',-1.99
'0:00.902',-2.19
'0:00.906',-2.44
'0:00.910',-2.78
'0:00.914',-2.97
'0:00.918',-2.78
'0:00.922',-2.23
'0:00.926',-1.22
'0:00.930',0.69
'0:00.934',3.72
'0:00.938',7.44
'0:00.941',10.48
'0:00.945',10.82
'0:00.949',6.63
'0:00.953',1.1
'0:00.957',-3.06
'0:00.961',-5.94
'0:00.965',-8.05
'0:00.969',-10.36
'0:00.973',-11.29
'0:00.977',-10.42
'0:00.980',-8.96
'0:00.984',-7.56
'0:00.988',-6.05
'0:00.992',-4
'0:00.996',-2.22
'0:01.000',-1
'0:01.004',-0.74
'0:01.008',-0.39
'0:01.012',0.21
'0:01.016',0.61
'0:01.020',1.16
'0:01.023',1.57
'0:01.027',1.39
'0:01.031',1.48
'0:01.035',1.82
'0:01.039',2.19
'0:01.043',2.44
'0:01.047',2.7
'0:01.051',3.08
'0:01.055',3.13
'0:01.059',3.2
'0:01.063',3.29
'0:01.066',3.33
'0:01.070',3.55
'0:01.074',3.54
'0:01.078',3.58
'0:01.082',3.68
'0:01.086',3.57
'0:01.090',3.24
'0:01.094',3.14
'0:01.098',2.89
'0:01.102',2.35
'0:01.105',2.05
'0:01.109',1.7
'0:01.113',1.45
'0:01.117',1.5
'0:01.121',1.74
'0:01.125',1.95
'0:01.129',1.98
'0:01.133',1.98
'0:01.137',2
'0:01.141',1.95
'0:01.145',1.67
'0:01.148',1.2
'0:01.152',0.7
'0:01.156',0.55
'0:01.160',0.54
'0:01.164',0.38
'0:01.168',-0.24
'0:01.172',-1.02
'0:01.176',-1.78
'0:01.180',-2.4
'0:01.184',-2.78
'0:01.188',-2.95
'0:01.191',-3.15
'0:01.195',-3.14
'0:01.199',-3.12
'0:01.203',-3.01
'0:01.207',-3.05
'0:01.211',-3.55
'0:01.215',-3.78
'0:01.219',-3.1
'0:01.223',-1.52
'0:01.227',0.95
'0:01.230',4.03
'0:01.234',7.28
'0:01.238',10.19
'0:01.242',9.68
'0:01.246',4.83
'0:01.250',-0.72
'0:01.254',-4.84
'0:01.258',-7.34
'0:01.262',-9.25
'0:01.266',-10.69
'0:01.270',-11.18
'0:01.273',-10.86
'0:01.277',-9.7
'0:01.281',-8.05
'0:01.285',-5.95
'0:01.289',-3.89
'0:01.293',-2.42
'0:01.297',-1.6
'0:01.301',-1.23
'0:01.305',-0.8
'0:01.309',-0.48
'0:01.313',-0.33
'0:01.316',0.11
'0:01.320',0.79
'0:01.324',1.23
'0:01.328',1.21
'0:01.332',1.17
'0:01.336',1.38
'0:01.340',1.82
'0:01.344',2.02
'0:01.348',1.96
'0:01.352',1.75
'0:01.355',1.8
'0:01.359',2.27
'0:01.363',2.77
'0:01.367',2.89
'0:01.371',2.71
'0:01.375',2.45
'0:01.379',2.17
'0:01.383',1.55
'0:01.387',1.5
'0:01.391',1.67
'0:01.395',2.01
'0:01.398',2.08
'0:01.402',1.75
'0:01.406',1.26
'0:01.410',1.08
'0:01.414',1.4
'0:01.418',1.69
'0:01.422',1.67
'0:01.426',1.35
'0:01.430',0.73
'0:01.434',0.21
'0:01.438',0.49
'0:01.441',1.12
'0:01.445',1.67
'0:01.449',1.92
'0:01.453',1.57
'0:01.457',0.86
'0:01.461',0
'0:01.465',-1.03
'0:01.469',-1.82
'0:01.473',-2.2
'0:01.477',-2.36
'0:01.480',-2.54
'0:01.484',-2.94
'0:01.488',-3.01
'0:01.492',-3.02
'0:01.496',-3.05
'0:01.500',-3.06
'0:01.504',-3.33
'0:01.508',-3.55
'0:01.512',-3.32
'0:01.516',-2.39
'0:01.520',-0.4
'0:01.523',2.32
'0:01.527',5.29
'0:01.531',8.27
'0:01.535',9.75
'0:01.539',6.89
'0:01.543',1.75
'0:01.547',-2.72
'0:01.551',-6.16
'0:01.555',-8.51
'0:01.559',-9.83
'0:01.563',-9.99
'0:01.566',-9.34
'0:01.570',-7.95
'0:01.574',-6.01
'0:01.578',-4.11
'0:01.582',-2.45
'0:01.586',-1.11
'0:01.590',0.15
'0:01.594',1.37
'0:01.598',2
'0:01.602',2.11
'0:01.605',2.06
'0:01.609',2
'0:01.613',1.78
'0:01.617',1.61
'0:01.621',1.84
'0:01.625',1.85
'0:01.629',1.76
'0:01.633',1.84
'0:01.637',2.01
'0:01.641',2.2
'0:01.645',2.56
'0:01.648',3.09
'0:01.652',3.37
'0:01.656',3.47
'0:01.660',3.4
'0:01.664',3.44
'0:01.668',3.34
'0:01.672',3.2
'0:01.676',3.02
'0:01.680',2.79
'0:01.684',2.45
'0:01.688',2.14
'0:01.691',1.95
'0:01.695',1.86
'0:01.699',1.81
'0:01.703',1.98
'0:01.707',1.99
'0:01.711',1.83
'0:01.715',1.91
'0:01.719',1.94
'0:01.723',2.11
'0:01.727',2.2
'0:01.730',2.22
'0:01.734',2.12
'0:01.738',1.84
'0:01.742',1.42
'0:01.746',0.82
'0:01.750',0.48
'0:01.754',0.27
'0:01.758',-0.26
'0:01.762',-0.99
'0:01.766',-1.56
'0:01.770',-1.85
'0:01.773',-2.09
'0:01.777',-2.09
'0:01.781',-1.89
'0:01.785',-1.8
'0:01.789',-1.82
'0:01.793',-1.85
'0:01.797',-2.12
'0:01.801',-2.29
'0:01.805',-2.16
'0:01.809',-1.65
'0:01.813',-0.56
'0:01.816',0.91
'0:01.820',2.99
'0:01.824',5.84
'0:01.828',9.16
'0:01.832',10.5
'0:01.836',7.09
'0:01.840',1.65
'0:01.844',-2.35
'0:01.848',-5.06
'0:01.852',-7.24
'0:01.855',-8.98
'0:01.859',-9.8
'0:01.863',-9.71
'0:01.867',-8.33
'0:01.871',-6.4
'0:01.875',-4.84
'0:01.879',-3.81
'0:01.883',-2.23
'0:01.887',-0.67
'0:01.891',0.21
'0:01.895',0.47
'0:01.898',0.8
'0:01.902',1.35
'0:01.906',2.32
'0:01.910',2.46
'0:01.914',2.4
'0:01.918',2.26
'0:01.922',2.03
'0:01.926',1.77
'0:01.930',2.62
'0:01.934',3.79
'0:01.938',4.71
'0:01.941',4.59
'0:01.945',3.9
'0:01.949',3.52
'0:01.953',3.28
'0:01.957',3.48
'0:01.961',4.07
'0:01.965',4.33
'0:01.969',4.11
'0:01.973',3.92
'0:01.977',3.52
'0:01.980',3.25
'0:01.984',2.89
'0:01.988',2.11
'0:01.992',1.71
'0:01.996',1.9
'0:02.000',2.4
'0:02.004',2.05
'0:02.008',1.32
'0:02.012',1.12
'0:02.016',1.22
'0:02.020',1.33
'0:02.023',1.38
'0:02.027',1.29
'0:02.031',1.04
'0:02.035',0.54
'0:02.039',-0.29
'0:02.043',-0.86
'0:02.047',-1.14
'0:02.051',-1.16
'0:02.055',-1.37
'0:02.059',-2.03
'0:02.063',-2.67
'0:02.066',-3.25
'0:02.070',-3.87
'0:02.074',-4.09
'0:02.078',-4.03
'0:02.082',-3.84
'0:02.086',-3.57
'0:02.090',-3.18
'0:02.094',-2.82
'0:02.098',-2.99
'0:02.102',-3.49
'0:02.105',-3.5
'0:02.109',-2.63
'0:02.113',-1.11
'0:02.117',1.24
'0:02.121',4.04
'0:02.125',7.11
'0:02.129',9.13
'0:02.133',6.71
'0:02.137',1.67
'0:02.141',-2.69
'0:02.145',-5.59
'0:02.148',-7.99
'0:02.152',-9.76
'0:02.156',-10.8
'0:02.160',-10.67
'0:02.164',-9.75
'0:02.168',-8.48
'0:02.172',-7.48
'0:02.176',-6.33
'0:02.180',-5.3
'0:02.184',-4.37
'0:02.188',-3.4
'0:02.191',-2.27
'0:02.195',-1.47
'0:02.199',-1.26
'0:02.203',-1.21
'0:02.207',-0.95
'0:02.211',-0.44
'0:02.215',0.02
'0:02.219',0.63
'0:02.223',1.01
'0:02.227',0.92
'0:02.230',0.81
'0:02.234',0.92
'0:02.238',1.21
'0:02.242',1.22
'0:02.246',1.7
'0:02.250',2.45
'0:02.254',2.55
'0:02.258',2.23
'0:02.262',1.73
'0:02.266',1.73
'0:02.270',2.06
'0:02.273',2.37
'0:02.277',2.27
'0:02.281',2.24
'0:02.285',2.22
'0:02.289',2.2
'0:02.293',2.58
'0:02.297',3.58
'0:02.301',3.82
'0:02.305',3.52
'0:02.309',3.09
'0:02.313',3.03
'0:02.316',3.04
'0:02.320',2.7
'0:02.324',2.42
'0:02.328',2.35
'0:02.332',2.29
'0:02.336',1.99
'0:02.340',1.58
'0:02.344',1.35
'0:02.348',0.96
'0:02.352',0.31
'0:02.355',-0.82
'0:02.359',-1.55
'0:02.363',-1.74
'0:02.367',-1.53
'0:02.371',-1.18
'0:02.375',-1.12
'0:02.379',-1.3
'0:02.383',-1.71
'0:02.387',-2.22
'0:02.391',-2.37
'0:02.395',-2.65
'0:02.398',-3.05
'0:02.402',-3
'0:02.406',-2.13
'0:02.410',-0.15
'0:02.414',2.33
'0:02.418',5.23
'0:02.422',8.47
'0:02.426',9.56
'0:02.430',6.5
'0:02.434',1.93
'0:02.438',-1.96
'0:02.441',-4.79
'0:02.445',-6.96
'0:02.449',-8.21
'0:02.453',-8.6
'0:02.457',-8.38
'0:02.461',-7.42
'0:02.465',-5.85
'0:02.469',-4.18
'0:02.473',-2.79
'0:02.477',-1.87
'0:02.480',-1.22
'0:02.484',-0.5
'0:02.488',0.22
'0:02.492',0.9
'0:02.496',1.32
'0:02.500',1.42
'0:02.504',1.54
'0:02.508',1.49
'0:02.512',1.55
'0:02.516',1.68
'0:02.520',1.69
'0:02.523',1.62
'0:02.527',1.61
'0:02.531',1.68
'0:02.535',1.86
'0:02.539',2.19
'0:02.543',2.58
'0:02.547',3.06
'0:02.551',3.31
'0:02.555',3.23
'0:02.559',2.71
'0:02.563',2.34
'0:02.566',2.22
'0:02.570',2.15
'0:02.574',2.02
'0:02.578',1.82
'0:02.582',1.53
'0:02.586',1.13
'0:02.590',0.95
'0:02.594',1.4
'0:02.598',2.1
'0:02.602',2.66
'0:02.605',3.05
'0:02.609',3.14
'0:02.613',2.8
'0:02.617',2.38
'0:02.621',2.36
'0:02.625',2.44
'0:02.629',2.3
'0:02.633',1.91
'0:02.637',1.63
'0:02.641',1.37
'0:02.645',0.89
'0:02.648',0.56
'0:02.652',0.23
'0:02.656',-0.61
'0:02.660',-1.51
'0:02.664',-2.06
'0:02.668',-1.96
'0:02.672',-1.77
'0:02.676',-1.55
'0:02.680',-1.31
'0:02.684',-1.39
'0:02.688',-1.89
'0:02.691',-2.53
'0:02.695',-2.85
'0:02.699',-2.24
'0:02.703',-0.34
'0:02.707',2.4
'0:02.711',5.56
'0:02.715',8.87
'0:02.719',10.95
'0:02.723',9.23
'0:02.727',3.96
'0:02.730',-1.26
'0:02.734',-4.69
'0:02.738',-7.11
'0:02.742',-8.9
'0:02.746',-9.67
'0:02.750',-9.35
'0:02.754',-8.26
'0:02.758',-6.79
'0:02.762',-5.32
'0:02.766',-3.97
'0:02.770',-2.53
'0:02.773',-1.23
'0:02.777',-0.14
'0:02.781',0.49
'0:02.785',0.86
'0:02.789',1.06
'0:02.793',1.34
'0:02.797',1.54
'0:02.801',1.73
'0:02.805',2.2
'0:02.809',2.21
'0:02.813',2.31
'0:02.816',2.8
'0:02.820',2.87
'0:02.824',2.48
'0:02.828',2.43
'0:02.832',2.69
'0:02.836',2.82
'0:02.840',3.25
'0:02.844',3.47
'0:02.848',3.67
'0:02.852',3.77
'0:02.855',3.51
'0:02.859',2.84
'0:02.863',2.63
'0:02.867',2.19
'0:02.871',1.87
'0:02.875',1.57
'0:02.879',1.08
'0:02.883',0.73
'0:02.887',0.65
'0:02.891',0.84
'0:02.895',0.52
'0:02.898',0.27
'0:02.902',0.31
'0:02.906',0.56
'0:02.910',1.18
'0:02.914',1.24
'0:02.918',1.1
'0:02.922',1.32
'0:02.926',1.3
'0:02.930',0.45
'0:02.934',-0.36
'0:02.938',-0.87
'0:02.941',-0.64
'0:02.945',-0.63
'0:02.949',-1.28
'0:02.953',-1.72
'0:02.957',-1.95
'0:02.961',-2.16
'0:02.965',-2.69
'0:02.969',-3.02
'0:02.973',-2.79
'0:02.977',-2.77
'0:02.980',-3.03
'0:02.984',-3.31
'0:02.988',-3.39
'0:02.992',-2.56
'0:02.996',-1.02
'0:03.000',1.08
'0:03.004',3.69
'0:03.008',6.74
'0:03.012',10
'0:03.016',11.09
'0:03.020',7.43
'0:03.023',1.83
'0:03.027',-2.84
'0:03.031',-6.2
'0:03.035',-8.57
'0:03.039',-10.01
'0:03.043',-10.54
'0:03.047',-10
'0:03.051',-8.9
'0:03.055',-7.42
'0:03.059',-5.89
'0:03.063',-4.44
'0:03.066',-3.45
'0:03.070',-2.54
'0:03.074',-1.63
'0:03.078',-0.87
'0:03.082',-0.35
'0:03.086',0.07
'0:03.090',0.48
'0:03.094',0.58
'0:03.098',0.49
'0:03.102',0.74
'0:03.105',1
'0:03.109',0.9
'0:03.113',0.94
'0:03.117',1.41
'0:03.121',1.9
'0:03.125',2.15
'0:03.129',2.37
'0:03.133',2.62
'0:03.137',2.76
'0:03.141',2.8
'0:03.145',2.64
'0:03.148',2.65
'0:03.152',2.64
'0:03.156',2.33
'0:03.160',1.87
'0:03.164',1.54
'0:03.168',1.32
'0:03.172',0.89
'0:03.176',0.47
'0:03.180',0.32
'0:03.184',0.41
'0:03.188',0.56
'0:03.191',0.34
'0:03.195',0.26
'0:03.199',0.7
'0:03.203',1.37
'0:03.207',1.73
'0:03.211',1.86
'0:03.215',1.88
'0:03.219',1.74
'0:03.223',1.16
'0:03.227',0.44
'0:03.230',-0.14
'0:03.234',-0.62
'0:03.238',-1.06
'0:03.242',-1.38
'0:03.246',-1.7
'0:03.250',-1.98
'0:03.254',-2.26
'0:03.258',-2.36
'0:03.262',-2.43
'0:03.266',-2.48
'0:03.270',-2.38
'0:03.273',-2.49
'0:03.277',-2.83
'0:03.281',-3.21
'0:03.285',-3.32
'0:03.289',-2.67
'0:03.293',-1.35
'0:03.297',0.57
'0:03.301',3.17
'0:03.305',6.1
'0:03.309',8.82
'0:03.313',8.04
'0:03.316',3.4
'0:03.320',-1.59
'0:03.324',-5.55
'0:03.328',-8.24
'0:03.332',-9.82
'0:03.336',-10.53
'0:03.340',-10.35
'0:03.344',-9.48
'0:03.348',-8.14
'0:03.352',-6.56
'0:03.355',-5.07
'0:03.359',-3.72
'0:03.363',-2.62
'0:03.367',-1.85
'0:03.371',-1.58
'0:03.375',-1.36
'0:03.379',-1.03
'0:03.383',-0.67
'0:03.387',-0.53
'0:03.391',-0.27
'0:03.395',0.24
'0:03.398',0.55
'0:03.402',0.8
'0:03.406',1.2
'0:03.410',1.57
'0:03.414',1.9
'0:03.418',2.27
'0:03.422',2.77
'0:03.426',3.14
'0:03.430',3.42
'0:03.434',3.58
'0:03.438',3.47
'0:03.441',3.75
'0:03.445',4.12
'0:03.449',4.09
'0:03.453',3.97
'0:03.457',3.86
'0:03.461',3.7
'0:03.465',3.43
'0:03.469',3.01
'0:03.473',2.93
'0:03.477',2.89
'0:03.480',2.55
'0:03.484',2.45
'0:03.488',2.76
'0:03.492',3.13
'0:03.496',3.11
'0:03.500',2.94
'0:03.504',2.53
'0:03.508',2.49
'0:03.512',2.35
'0:03.516',1.78
'0:03.520',1.25
'0:03.523',0.93
'0:03.527',0.65
'0:03.531',0.49
'0:03.535',0.29
'0:03.539',-0.09
'0:03.543',-0.76
'0:03.547',-1.56
'0:03.551',-2.12
'0:03.555',-2.39
'0:03.559',-2.4
'0:03.563',-2.16
'0:03.566',-2.1
'0:03.570',-2.66
'0:03.574',-3.5
'0:03.578',-3.88
'0:03.582',-3.58
'0:03.586',-2.37
'0:03.590',-0.11
'0:03.594',2.85
'0:03.598',5.84
'0:03.602',8.63
'0:03.605',9.16
'0:03.609',5.48
'0:03.613',-0.12
'0:03.617',-4.79
'0:03.621',-7.92
'0:03.625',-9.71
'0:03.629',-10.59
'0:03.633',-10.79
'0:03.637',-9.95
'0:03.641',-8.31
'0:03.645',-6.62
'0:03.648',-5.22
'0:03.652',-3.93
'0:03.656',-2.65
'0:03.660',-1.5
'0:03.664',-0.43
'0:03.668',0.3
'0:03.672',0.5
'0:03.676',0.74
'0:03.680',0.99
'0:03.684',1.27
'0:03.688',1.55
'0:03.691',1.87
'0:03.695',2.21
'0:03.699',2.62
'0:03.703',2.85
'0:03.707',2.94
'0:03.711',3.32
'0:03.715',3.89
'0:03.719',4.2
'0:03.723',4.28
'0:03.727',3.92
'0:03.730',3.74
'0:03.734',4.05
'0:03.738',4.06
'0:03.742',3.82
'0:03.746',3.79
'0:03.750',3.95
'0:03.754',3.79
'0:03.758',3.34
'0:03.762',2.73
'0:03.766',1.85
'0:03.770',1.25
'0:03.773',1.03
'0:03.777',1.13
'0:03.781',1.44
'0:03.785',1.86
'0:03.789',2.25
'0:03.793',2.24
'0:03.797',2.18
'0:03.801',2.04
'0:03.805',1.76
'0:03.809',1.3
'0:03.813',0.8
'0:03.816',1.17
'0:03.820',1.84
'0:03.824',1.69
'0:03.828',0.68
'0:03.832',-0.05
'0:03.836',-0.42
'0:03.840',-0.77
'0:03.844',-1
'0:03.848',-1.02
'0:03.852',-1.07
'0:03.855',-1.39
'0:03.859',-1.59
'0:03.863',-1.69
'0:03.867',-1.73
'0:03.871',-1.44
'0:03.875',-1.09
'0:03.879',-0.78
'0:03.883',-0.28
'0:03.887',0.8
'0:03.891',3.4
'0:03.895',6.67
'0:03.898',9.5
'0:03.902',9.65
'0:03.906',5.76
'0:03.910',0.7
'0:03.914',-3.53
'0:03.918',-6.19
'0:03.922',-8.23
'0:03.926',-9.8
'0:03.930',-10.55
'0:03.934',-10.54
'0:03.938',-9.49
'0:03.941',-7.75
'0:03.945',-6.02
'0:03.949',-4.2
'0:03.953',-2.89
'0:03.957',-2.35
'0:03.961',-1.77
'0:03.965',-1.19
'0:03.969',-0.76
'0:03.973',-0.42
'0:03.977',0.08
'0:03.980',0.66
'0:03.984',1.05
'0:03.988',0.98
'0:03.992',1
'0:03.996',1.15
'0:04.000',1.68
'0:04.004',2
'0:04.008',2.13
'0:04.012',2.15
'0:04.016',2.15
'0:04.020',2.25
'0:04.023',2.43
'0:04.027',2.72
'0:04.031',3.03
'0:04.035',3.04
'0:04.039',2.61
'0:04.043',2.14
'0:04.047',1.8
'0:04.051',1.72
'0:04.055',1.58
'0:04.059',1.36
'0:04.063',1.22
'0:04.066',1.28
'0:04.070',1.42
'0:04.074',1.34
'0:04.078',1.12
'0:04.082',0.9
'0:04.086',0.8
'0:04.090',0.83
'0:04.094',0.96
'0:04.098',1.06
'0:04.102',0.84
'0:04.105',0.58
'0:04.109',0.26
'0:04.113',-0.16
'0:04.117',-0.4
'0:04.121',-0.58
'0:04.125',-1.04
'0:04.129',-1.63
'0:04.133',-2.22
'0:04.137',-2.71
'0:04.141',-3.1
'0:04.145',-3.13
'0:04.148',-3.05
'0:04.152',-3.04
'0:04.156',-3.05
'0:04.160',-3.29
'0:04.164',-3.52
'0:04.168',-3.68
'0:04.172',-3.58
'0:04.176',-3.05
'0:04.180',-1.73
'0:04.184',0.32
'0:04.188',2.99
'0:04.191',6.12
'0:04.195',9.25
'0:04.199',9.72
'0:04.203',5.88
'0:04.207',0.3
'0:04.211',-4.26
'0:04.215',-7.08
'0:04.219',-8.69
'0:04.223',-9.5
'0:04.227',-9.72
'0:04.230',-9.17
'0:04.234',-7.98
'0:04.238',-6.72
'0:04.242',-5.4
'0:04.246',-3.89
'0:04.250',-2.46
'0:04.254',-1.57
'0:04.258',-0.76
'0:04.262',0.05
'0:04.266',0.4
'0:04.270',0.47
'0:04.273',0.5
'0:04.277',0.8
'0:04.281',1.17
'0:04.285',1.6
'0:04.289',1.8
'0:04.293',1.52
'0:04.297',1.2
'0:04.301',1.4
'0:04.305',1.64
'0:04.309',1.87
'0:04.313',2.31
'0:04.316',2.56
'0:04.320',2.93
'0:04.324',3.28
'0:04.328',3.29
'0:04.332',2.96
'0:04.336',2.66
'0:04.340',2.73
'0:04.344',2.84
'0:04.348',2.65
'0:04.352',2.51
'0:04.355',2.11
'0:04.359',1.69
'0:04.363',1.51
'0:04.367',1.52
'0:04.371',1.26
'0:04.375',0.91
'0:04.379',0.7
'0:04.383',0.8
'0:04.387',1.05
'0:04.391',1.35
'0:04.395',1.57
'0:04.398',1.71
'0:04.402',1.46
'0:04.406',0.94
'0:04.410',0.74
'0:04.414',0.71
'0:04.418',0.57
'0:04.422',0.1
'0:04.426',-0.38
'0:04.430',-0.73
'0:04.434',-0.82
'0:04.438',-0.86
'0:04.441',-1.2
'0:04.445',-1.73
'0:04.449',-2.16
'0:04.453',-2.36
'0:04.457',-2.36
'0:04.461',-2.52
'0:04.465',-2.95
'0:04.469',-3.06
'0:04.473',-2.28
'0:04.477',-0.7
'0:04.480',1.68
'0:04.484',4.75
'0:04.488',8.19
'0:04.492',11.35
'0:04.496',11.01
'0:04.500',6.11
'0:04.504',0.33
'0:04.508',-3.86
'0:04.512',-6.59
'0:04.516',-8.66
'0:04.520',-10.12
'0:04.523',-10.37
'0:04.527',-9.48
'0:04.531',-8.31
'0:04.535',-6.96
'0:04.539',-5.44
'0:04.543',-3.82
'0:04.547',-2.56
'0:04.551',-1.49
'0:04.555',-0.7
'0:04.559',-0.37
'0:04.563',-0.33
'0:04.566',0.13
'0:04.570',0.64
'0:04.574',0.81
'0:04.578',0.97
'0:04.582',1.19
'0:04.586',0.96
'0:04.590',0.82
'0:04.594',1.33
'0:04.598',2.12
'0:04.602',2.75
'0:04.605',3.38
'0:04.609',3.71
'0:04.613',3.58
'0:04.617',3.45
'0:04.621',3.52
'0:04.625',3.65
'0:04.629',3.81
'0:04.633',3.85
'0:04.637',3.31
'0:04.641',2.47
'0:04.645',2.26
'0:04.648',2.61
'0:04.652',2.53
'0:04.656',2.13
'0:04.660',1.66
'0:04.664',1.37
'0:04.668',1.62
'0:04.672',1.84
'0:04.676',1.94
'0:04.680',1.79
'0:04.684',1.46
'0:04.688',1.43
'0:04.691',1.58
'0:04.695',1.37
'0:04.699',0.74
'0:04.703',0.11
'0:04.707',-0.34
'0:04.711',-0.37
'0:04.715',-0.02
'0:04.719',0.05
'0:04.723',-0.42
'0:04.727',-1.12
'0:04.730',-1.72
'0:04.734',-2.24
'0:04.738',-2.35
'0:04.742',-2.4
'0:04.746',-2.94
'0:04.750',-3.28
'0:04.754',-3.32
'0:04.758',-3.52
'0:04.762',-3.93
'0:04.766',-4.01
'0:04.770',-3.39
'0:04.773',-1.76
'0:04.777',0.98
'0:04.781',4.3
'0:04.785',8.04
'0:04.789',10.7
'0:04.793',9.24
'0:04.797',3.61
'0:04.801',-2.23
'0:04.805',-6.12
'0:04.809',-8.42
'0:04.813',-9.86
'0:04.816',-10.76
'0:04.820',-10.98
'0:04.824',-10.54
'0:04.828',-9.34
'0:04.832',-7.79
'0:04.836',-6.42
'0:04.840',-4.97
'0:04.844',-3.54
'0:04.848',-2.44
'0:04.852',-1.47
'0:04.855',-0.73
'0:04.859',-0.4
'0:04.863',-0.2
'0:04.867',0.09
'0:04.871',0.26
'0:04.875',0.34
'0:04.879',0.48
'0:04.883',0.66
'0:04.887',0.95
'0:04.891',1.14
'0:04.895',1.23
'0:04.898',1.61
'0:04.902',1.96
'0:04.906',2.21
'0:04.910',2.59
'0:04.914',2.74
'0:04.918',2.65
'0:04.922',2.51
'0:04.926',2.37
'0:04.930',2.24
'0:04.934',2.08
'0:04.938',1.9
'0:04.941',1.69
'0:04.945',1.4
'0:04.949',1.12
'0:04.953',0.99
'0:04.957',1.02
'0:04.961',1.16
'0:04.965',1.38
'0:04.969',1.42
'0:04.973',1.24
'0:04.977',0.94
'0:04.980',0.75
'0:04.984',0.43
'0:04.988',0.07
'0:04.992',0.27
'0:04.996',0.82
'0:05.000',0.85
'0:05.004',0.47
'0:05.008',0.03
'0:05.012',-0.49
'0:05.016',-0.9
'0:05.020',-1.18
'0:05.023',-1.61
'0:05.027',-2.5
'0:05.031',-3.23
'0:05.035',-3.38
'0:05.039',-2.99
'0:05.043',-2.67
'0:05.047',-2.55
'0:05.051',-2.61
'0:05.055',-3.01
'0:05.059',-3.32
'0:05.063',-3.22
'0:05.066',-2.46
'0:05.070',-0.7
'0:05.074',1.93
'0:05.078',5
'0:05.082',8.15
'0:05.086',9.91
'0:05.090',7.44
'0:05.094',2.55
'0:05.098',-2.16
'0:05.102',-5.86
'0:05.105',-8.52
'0:05.109',-10.31
'0:05.113',-10.79
'0:05.117',-10.24
'0:05.121',-9
'0:05.125',-7.11
'0:05.129',-5.06
'0:05.133',-3.34
'0:05.137',-2.17
'0:05.141',-1.44
'0:05.145',-0.87
'0:05.148',-0.3
'0:05.152',0.02
'0:05.156',0.57
'0:05.160',1.47
'0:05.164',2.2
'0:05.168',2.7
'0:05.172',2.97
'0:05.176',3.28
'0:05.180',3.39
'0:05.184',3.39
'0:05.188',3.57
'0:05.191',4.03
'0:05.195',4.3
'0:05.199',4.62
'0:05.203',4.98
'0:05.207',4.94
'0:05.211',4.79
'0:05.215',4.65
'0:05.219',4.34
'0:05.223',4.08
'0:05.227',3.77
'0:05.230',3.62
'0:05.234',3.43
'0:05.238',3.01
'0:05.242',2.65
'0:05.246',2.51
'0:05.250',2.21
'0:05.254',1.81
'0:05.258',1.57
'0:05.262',1.6
'0:05.266',1.71
'0:05.270',1.74
'0:05.273',1.94
'0:05.277',1.97
'0:05.281',1.52
'0:05.285',0.82
'0:05.289',0.08
'0:05.293',-0.35
'0:05.297',-0.67
'0:05.301',-0.88
'0:05.305',-1
'0:05.309',-1.25
'0:05.313',-1.62
'0:05.316',-2.12
'0:05.320',-2.72
'0:05.324',-3.14
'0:05.328',-3.26
'0:05.332',-3.14
'0:05.336',-3.15
'0:05.340',-3.51
'0:05.344',-3.84
'0:05.348',-3.78
'0:05.352',-3.63
'0:05.355',-3.52
'0:05.359',-2.99
'0:05.363',-1.81
'0:05.367',0.25
'0:05.371',3
'0:05.375',6.25
'0:05.379',9.74
'0:05.383',11.32
'0:05.387',7.77
'0:05.391',1.64
'0:05.395',-3.62
'0:05.398',-7.47
'0:05.402',-9.78
'0:05.406',-10.63
'0:05.410',-10.28
'0:05.414',-9.42
'0:05.418',-8.11
'0:05.422',-6.53
'0:05.426',-4.9
'0:05.430',-3.27
'0:05.434',-1.96
'0:05.438',-0.73
'0:05.441',0.05
'0:05.445',0.77
'0:05.449',1.59
'0:05.453',1.71
'0:05.457',1.61
'0:05.461',1.99
'0:05.465',2.09
'0:05.469',2.16
'0:05.473',2.12
'0:05.477',2.33
'0:05.480',2.81
'0:05.484',3.76
'0:05.488',3.97
'0:05.492',4.06
'0:05.496',4.43
'0:05.500',5.02
'0:05.504',5.16
'0:05.508',4.82
'0:05.512',4.37
'0:05.516',4.36
'0:05.520',4.54
'0:05.523',4.45
'0:05.527',4.15
'0:05.531',3.95
'0:05.535',3.67
'0:05.539',3.41
'0:05.543',2.99
'0:05.547',2.76
'0:05.551',2.37
'0:05.555',2.37
'0:05.559',2
'0:05.563',1.55
'0:05.566',1.55
'0:05.570',2.31
'0:05.574',2.32
'0:05.578',2.11
'0:05.582',1.95
'0:05.586',1.93
'0:05.590',1.02
'0:05.594',-0.03
'0:05.598',-0.82
'0:05.602',-1.11
'0:05.605',-1.34
'0:05.609',-2.44
'0:05.613',-2.69
'0:05.617',-2.62
'0:05.621',-2.56
'0:05.625',-2.48
'0:05.629',-2.55
'0:05.633',-2.41
'0:05.637',-2.71
'0:05.641',-2.99
'0:05.645',-2.75
'0:05.648',-2.06
'0:05.652',-2.6
'0:05.656',-2.99
'0:05.660',-1.54
'0:05.664',1.16
'0:05.668',4.02
'0:05.672',7.07
'0:05.676',9.64
'0:05.680',8.62
'0:05.684',3.35
'0:05.688',-1.97
'0:05.691',-5.08
'0:05.695',-6.76
'0:05.699',-8.56
'0:05.703',-10.08
'0:05.707',-10.6
'0:05.711',-10.03
'0:05.715',-8.6
'0:05.719',-6.87
'0:05.723',-5.28
'0:05.727',-3.89
'0:05.730',-2.84
'0:05.734',-1.92
'0:05.738',-1.1
'0:05.742',-0.46
'0:05.746',-0.05
'0:05.750',0.41
'0:05.754',0.44
'0:05.758',1.04
'0:05.762',1.18
'0:05.766',1.43
'0:05.770',1.69
'0:05.773',2.07
'0:05.777',2.33
'0:05.781',2.53
'0:05.785',2.7
'0:05.789',2.94
'0:05.793',3.22
'0:05.797',3.34
'0:05.801',3.15
'0:05.805',3
'0:05.809',3.03
'0:05.813',3.13
'0:05.816',3.2
'0:05.820',3.11
'0:05.824',2.81
'0:05.828',2.59
'0:05.832',2.66
'0:05.836',2.55
'0:05.840',2.47
'0:05.844',2.55
'0:05.848',2.7
'0:05.852',2.65
'0:05.855',2
'0:05.859',1.57
'0:05.863',1.21
'0:05.867',1.23
'0:05.871',1.5
'0:05.875',1.55
'0:05.879',1.37
'0:05.883',0.97
'0:05.887',0.06
'0:05.891',-0.71
'0:05.895',-0.98
'0:05.898',-1.16
'0:05.902',-1.59
'0:05.906',-1.99
'0:05.910',-2.45
'0:05.914',-2.73
'0:05.918',-2.86
'0:05.922',-2.97
'0:05.926',-3.43
'0:05.930',-3.73
'0:05.934',-3.73
'0:05.938',-3.65
'0:05.941',-3.91
'0:05.945',-4.59
'0:05.949',-4.65
'0:05.953',-3.7
'0:05.957',-1.93
'0:05.961',0.49
'0:05.965',3.7
'0:05.969',7.22
'0:05.973',9.9
'0:05.977',9.1
'0:05.980',4.29
'0:05.984',-1.14
'0:05.988',-4.97
'0:05.992',-7.32
'0:05.996',-9.18
'0:06.000',-10.57
'0:06.004',-10.96
'0:06.008',-10.35
'0:06.012',-8.94
'0:06.016',-6.93
'0:06.020',-5.13
'0:06.023',-3.98
'0:06.027',-3.19
'0:06.031',-2.39
'0:06.035',-1.18
'0:06.039',-0.2
'0:06.043',0.4
'0:06.047',0.66
'0:06.051',0.55
'0:06.055',0.58
'0:06.059',0.7
'0:06.063',0.93
'0:06.066',1.22
'0:06.070',1.6
'0:06.074',2.21
'0:06.078',2.75
'0:06.082',3.24
'0:06.086',3.71
'0:06.090',3.88
'0:06.094',3.89
'0:06.098',3.64
'0:06.102',3.03
'0:06.105',2.53
'0:06.109',2.43
'0:06.113',2.34
'0:06.117',2.29
'0:06.121',1.99
'0:06.125',1.96
'0:06.129',2.31
'0:06.133',2.24
'0:06.137',1.91
'0:06.141',1.52
'0:06.145',1.15
'0:06.148',0.99
'0:06.152',0.93
'0:06.156',0.81
'0:06.160',0.54
'0:06.164',0.85
'0:06.168',1.32
'0:06.172',1.3
'0:06.176',0.53
'0:06.180',-0.03
'0:06.184',-0.01
'0:06.188',0.08
'0:06.191',-0.06
'0:06.195',-0.57
'0:06.199',-1.06
'0:06.203',-1.48
'0:06.207',-1.73
'0:06.211',-1.9
'0:06.215',-1.85
'0:06.219',-2.06
'0:06.223',-2.53
'0:06.227',-2.64
'0:06.230',-2.52
'0:06.234',-2.77
'0:06.238',-3.79
'0:06.242',-4.36
'0:06.246',-3.93
'0:06.250',-2.71
'0:06.254',-0.75
'0:06.258',1.93
'0:06.262',5.1
'0:06.266',7.95
'0:06.270',8.87
'0:06.273',5.49
'0:06.277',0.16
'0:06.281',-4.08
'0:06.285',-7.24
'0:06.289',-9.56
'0:06.293',-11.18
'0:06.297',-11.56
'0:06.301',-10.79
'0:06.305',-9.35
'0:06.309',-7.46
'0:06.313',-5.54
'0:06.316',-3.54
'0:06.320',-1.84
'0:06.324',-0.83
'0:06.328',0
'0:06.332',0.63
'0:06.336',0.87
'0:06.340',1.1
'0:06.344',1.55
'0:06.348',2.08
'0:06.352',2.72
'0:06.355',3.03
'0:06.359',3.03
'0:06.363',2.59
'0:06.367',2.23
'0:06.371',2.25
'0:06.375',2.43
'0:06.379',2.72
'0:06.383',2.84
'0:06.387',3.12
'0:06.391',3.75
'0:06.395',4.26
'0:06.398',4.49
'0:06.402',4.56
'0:06.406',3.7
'0:06.410',2.65
'0:06.414',1.91
'0:06.418',2.04
'0:06.422',2.52
'0:06.426',2.65
'0:06.430',2.64
'0:06.434',1.81
'0:06.438',0.76
'0:06.441',0.34
'0:06.445',0.37
'0:06.449',0.32
'0:06.453',0.38
'0:06.457',0.4
'0:06.461',0.24
'0:06.465',0.2
'0:06.469',-0.02
'0:06.473',-0.54
'0:06.477',-0.89
'0:06.480',-1.05
'0:06.484',-1.3
'0:06.488',-1.63
'0:06.492',-2.02
'0:06.496',-2.36
'0:06.500',-2.64
'0:06.504',-2.84
'0:06.508',-2.94
'0:06.512',-2.97
'0:06.516',-2.81
'0:06.520',-2.7
'0:06.523',-2.41
'0:06.527',-1.86
'0:06.531',-1.68
'0:06.535',-2.04
'0:06.539',-2.31
'0:06.543',-2.18
'0:06.547',-1.55
'0:06.551',-0.05
'0:06.555',2.44
'0:06.559',5.14
'0:06.563',7.73
'0:06.566',8.5
'0:06.570',4.91
'0:06.574',-0.23
'0:06.578',-4.03
'0:06.582',-6.1
'0:06.586',-7.59
'0:06.590',-8.67
'0:06.594',-9.22
'0:06.598',-9.08
'0:06.602',-8.32
'0:06.605',-6.86
'0:06.609',-4.87
'0:06.613',-2.79
'0:06.617',-0.94
'0:06.621',0.32
'0:06.625',0.99
'0:06.629',1.4
'0:06.633',1.67
'0:06.637',1.89
'0:06.641',2.05
'0:06.645',2.07
'0:06.648',2.24
'0:06.652',2.72
'0:06.656',3.31
'0:06.660',3.9
'0:06.664',4.26
'0:06.668',4.35
'0:06.672',4.24
'0:06.676',4.28
'0:06.680',4.56
'0:06.684',4.83
'0:06.688',4.92
'0:06.691',4.87
'0:06.695',4.86
'0:06.699',5.02
'0:06.703',4.84
'0:06.707',4.45
'0:06.711',4.01
'0:06.715',3.68
'0:06.719',3.23
'0:06.723',2.96
'0:06.727',3
'0:06.730',3.04
'0:06.734',2.98
'0:06.738',2.83
'0:06.742',2.31
'0:06.746',1.94
'0:06.750',1.73
'0:06.754',1.46
'0:06.758',1.32
'0:06.762',1.42
'0:06.766',1.5
'0:06.770',1.8
'0:06.773',1.57
'0:06.777',0.85
'0:06.781',-0.07
'0:06.785',-1.13
'0:06.789',-1.78
'0:06.793',-2.05
'0:06.797',-2.29
'0:06.801',-2.28
'0:06.805',-2.09
'0:06.809',-2.2
'0:06.813',-2.28
'0:06.816',-2.36
'0:06.820',-2.41
'0:06.824',-2.3
'0:06.828',-2.55
'0:06.832',-2.97
'0:06.836',-3.19
'0:06.840',-3.02
'0:06.844',-2.26
'0:06.848',-0.44
'0:06.852',2.4
'0:06.855',5.42
'0:06.859',8.59
'0:06.863',9.44
'0:06.867',5.52
'0:06.871',0.06
'0:06.875',-3.84
'0:06.879',-6.07
'0:06.883',-7.86
'0:06.887',-9.48
'0:06.891',-10.71
'0:06.895',-11.07
'0:06.898',-10.22
'0:06.902',-8.3
'0:06.906',-6.21
'0:06.910',-4.18
'0:06.914',-2.43
'0:06.918',-1.15
'0:06.922',-0.57
'0:06.926',-0.4
'0:06.930',-0.38
'0:06.934',-0.27
'0:06.938',0.12
'0:06.941',0.7
'0:06.945',1.17
'0:06.949',1.26
'0:06.953',1.63
'0:06.957',1.9
'0:06.961',1.88
'0:06.965',2.03
'0:06.969',2.15
'0:06.973',2.37
'0:06.977',2.98
'0:06.980',3.55
'0:06.984',4.29
'0:06.988',4.99
'0:06.992',5.12
'0:06.996',4.55
'0:07.000',3.87
'0:07.004',3.32
'0:07.008',3.04
'0:07.012',2.91
'0:07.016',2.67
'0:07.020',2.77
'0:07.023',3.09
'0:07.027',2.89
'0:07.031',2.3
'0:07.035',1.81
'0:07.039',1.56
'0:07.043',1.67
'0:07.047',1.89
'0:07.051',1.88
'0:07.055',1.67
'0:07.059',1.32
'0:07.063',0.89
'0:07.066',0.32
'0:07.070',0.04
'0:07.074',-0.13
'0:07.078',-0.41
'0:07.082',-0.73
'0:07.086',-1.18
'0:07.090',-1.86
'0:07.094',-2.66
'0:07.098',-3.21
'0:07.102',-3.46
'0:07.105',-3.32
'0:07.109',-3.08
'0:07.113',-2.95
'0:07.117',-2.88
'0:07.121',-2.88
'0:07.125',-3.25
'0:07.129',-3.49
'0:07.133',-3.36
'0:07.137',-2.58
'0:07.141',-0.62
'0:07.145',2.33
'0:07.148',5.77
'0:07.152',9.12
'0:07.156',11.05
'0:07.160',8.65
'0:07.164',3.18
'0:07.168',-1.99
'0:07.172',-5.67
'0:07.176',-8.09
'0:07.180',-9.7
'0:07.184',-10.26
'0:07.188',-9.78
'0:07.191',-8.72
'0:07.195',-7.06
'0:07.199',-5.24
'0:07.203',-3.48
'0:07.207',-1.76
'0:07.211',-0.59
'0:07.215',0.16
'0:07.219',0.32
'0:07.223',0.37
'0:07.227',0.58
'0:07.230',1.24
'0:07.234',2.01
'0:07.238',2.45
'0:07.242',2.47
'0:07.246',2.21
'0:07.250',2.16
'0:07.254',2.45
'0:07.258',2.67
'0:07.262',2.96
'0:07.266',4.24
'0:07.270',5.02
'0:07.273',5.23
'0:07.277',4.75
'0:07.281',4.3
'0:07.285',3.92
'0:07.289',3.99
'0:07.293',3.89
'0:07.297',3.43
'0:07.301',3.1
'0:07.305',2.45
'0:07.309',2.2
'0:07.313',2.18
'0:07.316',2.07
'0:07.320',1.42
'0:07.324',0.84
'0:07.328',0.9
'0:07.332',1.16
'0:07.336',1.46
'0:07.340',2.06
'0:07.344',2.31
'0:07.348',2.16
'0:07.352',1.73
'0:07.355',1.07
'0:07.359',1.13
'0:07.363',1.34
'0:07.367',1.1
'0:07.371',0.25
'0:07.375',-0.66
'0:07.379',-1.35
'0:07.383',-1.83
'0:07.387',-1.88
'0:07.391',-1.26
'0:07.395',-1.61
'0:07.398',-1.99
'0:07.402',-2.01
'0:07.406',-2.38
'0:07.410',-2.56
'0:07.414',-2.61
'0:07.418',-2.69
'0:07.422',-2.3
'0:07.426',-1.5
'0:07.430',-0.22
'0:07.434',1.68
'0:07.438',4.61
'0:07.441',7.9
'0:07.445',10.79
'0:07.449',10.32
'0:07.453',5.29
'0:07.457',-0.64
'0:07.461',-4.53
'0:07.465',-6.75
'0:07.469',-7.65
'0:07.473',-8.45
'0:07.477',-9.85
'0:07.480',-9.92
'0:07.484',-8.26
'0:07.488',-6.69
'0:07.492',-5.57
'0:07.496',-4.26
'0:07.500',-3.07
'0:07.504',-1.38
'0:07.508',-0.58
'0:07.512',-0.17
'0:07.516',-0.18
'0:07.520',-0.48
'0:07.523',-0.65
'0:07.527',0.07
'0:07.531',1.06
'0:07.535',1.62
'0:07.539',1.47
'0:07.543',1.62
'0:07.547',1.73
'0:07.551',1.73
'0:07.555',2.2
'0:07.559',2.36
'0:07.563',2.88
'0:07.566',3.63
'0:07.570',3.27
'0:07.574',2.64
'0:07.578',2.21
'0:07.582',2.25
'0:07.586',2.53
'0:07.590',2.46
'0:07.594',2.82
'0:07.598',2.04
'0:07.602',1.62
'0:07.605',1.74
'0:07.609',1.74
'0:07.613',1.71
'0:07.617',1.22
'0:07.621',0.26
'0:07.625',0
'0:07.629',0.29
'0:07.633',1.17
'0:07.637',1.94
'0:07.641',1.11
'0:07.645',0.38
'0:07.648',0.54
'0:07.652',-0.24
'0:07.656',-1.06
'0:07.660',-0.94
'0:07.664',-0.82
'0:07.668',-1.58
'0:07.672',-2.63
'0:07.676',-2.91
'0:07.680',-2.37
'0:07.684',-2.44
'0:07.688',-3.31
'0:07.691',-4.33
'0:07.695',-4.87
'0:07.699',-4.45
'0:07.703',-4
'0:07.707',-3.38
'0:07.711',-3.28
'0:07.715',-3.87
'0:07.719',-4.25
'0:07.723',-2.98
'0:07.727',-0.26
'0:07.730',3.25
'0:07.734',6.95
'0:07.738',10.42
'0:07.742',12.41
'0:07.746',10.01
'0:07.750',4.35
'0:07.754',-1.32
'0:07.758',-5.61
'0:07.762',-8.41
'0:07.766',-10.08
'0:07.770',-11
'0:07.773',-11
'0:07.777',-10.32
'0:07.781',-9.08
'0:07.785',-7.54
'0:07.789',-5.88
'0:07.793',-4.43
'0:07.797',-3.04
'0:07.801',-1.9
'0:07.805',-1.31
'0:07.809',-0.94
'0:07.813',-0.6
'0:07.816',-0.23
'0:07.820',0.13
'0:07.824',0.45
'0:07.828',0.7
'0:07.832',0.9
'0:07.836',1.2
'0:07.840',1.48
'0:07.844',1.74
'0:07.848',2.1
'0:07.852',2.47
'0:07.855',2.84
'0:07.859',2.96
'0:07.863',2.89
'0:07.867',2.97
'0:07.871',3.09
'0:07.875',3.21
'0:07.879',3.36
'0:07.883',3.37
'0:07.887',3.17
'0:07.891',2.73
'0:07.895',2.43
'0:07.898',2.28
'0:07.902',2.06
'0:07.906',1.95
'0:07.910',1.93
'0:07.914',1.95
'0:07.918',2.06
'0:07.922',2.3
'0:07.926',2.67
'0:07.930',2.88
'0:07.934',2.65
'0:07.938',2.17
'0:07.941',1.83
'0:07.945',1.46
'0:07.949',1.14
'0:07.953',0.94
'0:07.957',0.75
'0:07.961',0.33
'0:07.965',-0.42
'0:07.969',-1.36
'0:07.973',-1.99
'0:07.977',-2.22
'0:07.980',-2.13
'0:07.984',-2.11
'0:07.988',-2.21
'0:07.992',-2.26
'0:07.996',-2.21
'0:08.000',-2.34
'0:08.004',-2.8
'0:08.008',-3.17
'0:08.012',-3.14
'0:08.016',-2.36
'0:08.020',-0.8
'0:08.023',0.98
'0:08.027',3.4
'0:08.031',6.54
'0:08.035',9.07
'0:08.039',7.93
'0:08.043',3.16
'0:08.047',-2.04
'0:08.051',-5.85
'0:08.055',-8.36
'0:08.059',-9.99
'0:08.063',-10.73
'0:08.066',-10.4
'0:08.070',-9.4
'0:08.074',-7.77
'0:08.078',-6.08
'0:08.082',-4.28
'0:08.086',-2.84
'0:08.090',-1.64
'0:08.094',-0.61
'0:08.098',0.31
'0:08.102',0.7
'0:08.105',0.61
'0:08.109',0.65
'0:08.113',1
'0:08.117',1.33
'0:08.121',1.54
'0:08.125',1.58
'0:08.129',1.66
'0:08.133',1.83
'0:08.137',2.02
'0:08.141',2.55
'0:08.145',3.09
'0:08.148',3.27
'0:08.152',3.22
'0:08.156',3.11
'0:08.160',3.06
'0:08.164',2.95
'0:08.168',2.86
'0:08.172',2.94
'0:08.176',2.91
'0:08.180',2.67
'0:08.184',2.57
'0:08.188',2.65
'0:08.191',2.73
'0:08.195',2.8
'0:08.199',2.85
'0:08.203',2.72
'0:08.207',2.52
'0:08.211',2.6
'0:08.215',2.89
'0:08.219',3.03
'0:08.223',2.77
'0:08.227',2.53
'0:08.230',2.17
'0:08.234',1.74
'0:08.238',1.32
'0:08.242',0.91
'0:08.246',0.33
'0:08.250',-0.49
'0:08.254',-1.1
'0:08.258',-1.4
'0:08.262',-1.75
'0:08.266',-2.14
'0:08.270',-2.72
'0:08.273',-3.13
'0:08.277',-3.21
'0:08.281',-3.37
'0:08.285',-3.36
'0:08.289',-3.4
'0:08.293',-3.68
'0:08.297',-3.96
'0:08.301',-4
'0:08.305',-3.48
'0:08.309',-2.11
'0:08.313',0.01
'0:08.316',2.62
'0:08.320',5.38
'0:08.324',6.99
'0:08.328',4.86
'0:08.332',-0.03
'0:08.336',-4.89
'0:08.340',-8.3
'0:08.344',-10.16
'0:08.348',-11.11
'0:08.352',-10.96
'0:08.355',-9.73
'0:08.359',-7.87
'0:08.363',-5.98
'0:08.367',-4.27
'0:08.371',-2.75
'0:08.375',-1.58
'0:08.379',-0.88
'0:08.383',-0.43
'0:08.387',-0.04
'0:08.391',0.19
'0:08.395',0.49
'0:08.398',0.73
'0:08.402',0.99
'0:08.406',1.28
'0:08.410',1.53
'0:08.414',1.91
'0:08.418',2.26
'0:08.422',2.41
'0:08.426',2.55
'0:08.430',2.75
'0:08.434',2.83
'0:08.438',2.93
'0:08.441',3.08
'0:08.445',3.23
'0:08.449',3.27
'0:08.453',3.18
'0:08.457',3.15
'0:08.461',3.19
'0:08.465',3.16
'0:08.469',2.85
'0:08.473',2.49
'0:08.477',2.27
'0:08.480',2.46
'0:08.484',2.72
'0:08.488',2.91
'0:08.492',2.87
'0:08.496',2.58
'0:08.500',2.28
'0:08.504',2.13
'0:08.508',2.17
'0:08.512',2.22
'0:08.516',2.11
'0:08.520',1.85
'0:08.523',1.32
'0:08.527',0.63
'0:08.531',-0.08
'0:08.535',-0.62
'0:08.539',-1.07
'0:08.543',-1.48
'0:08.547',-1.81
'0:08.551',-2.31
'0:08.555',-2.86
'0:08.559',-3.34
'0:08.563',-3.61
'0:08.566',-3.75
'0:08.570',-3.77
'0:08.574',-3.7
'0:08.578',-3.63
'0:08.582',-3.72
'0:08.586',-3.96
'0:08.590',-4.23
'0:08.594',-4.29
'0:08.598',-3.7
'0:08.602',-2.21
'0:08.605',0.24
'0:08.609',3.2
'0:08.613',6.2
'0:08.617',7.72
'0:08.621',5
'0:08.625',0.02
'0:08.629',-4.18
'0:08.633',-6.98
'0:08.637',-8.67
'0:08.641',-9.71
'0:08.645',-9.87
'0:08.648',-9.01
'0:08.652',-7.46
'0:08.656',-5.69
'0:08.660',-3.91
'0:08.664',-2.26
'0:08.668',-0.98
'0:08.672',0.05
'0:08.676',0.83
'0:08.680',1.27
'0:08.684',1.53
'0:08.688',1.61
'0:08.691',1.75
'0:08.695',2.01
'0:08.699',2.45
'0:08.703',2.86
'0:08.707',3.32
'0:08.711',3.47
'0:08.715',3.46
'0:08.719',3.47
'0:08.723',3.51
'0:08.727',3.56
'0:08.730',3.59
'0:08.734',3.76
'0:08.738',4.15
'0:08.742',4.53
'0:08.746',4.74
'0:08.750',4.78
'0:08.754',4.81
'0:08.758',4.62
'0:08.762',4.29
'0:08.766',4.04
'0:08.770',3.82
'0:08.773',3.81
'0:08.777',3.7
'0:08.781',3.15
'0:08.785',2.82
'0:08.789',2.63
'0:08.793',2.35
'0:08.797',2.22
'0:08.801',2.28
'0:08.805',2.07
'0:08.809',1.83
'0:08.813',1.99
'0:08.816',2.01
'0:08.820',1.65
'0:08.824',1.26
'0:08.828',0.8
'0:08.832',0.37
'0:08.836',0.09
'0:08.840',-0.24
'0:08.844',-0.85
'0:08.848',-1.58
'0:08.852',-1.9
'0:08.855',-2.29
'0:08.859',-2.28
'0:08.863',-2.1
'0:08.867',-2.09
'0:08.871',-2.01
'0:08.875',-2.32
'0:08.879',-2.49
'0:08.883',-2.55
'0:08.887',-2.44
'0:08.891',-2.28
'0:08.895',-1.68
'0:08.898',-0.61
'0:08.902',-0.04
'0:08.906',-0.04
'0:08.910',-0.04
'0:08.914',-0.05
'0:08.918',-0.04
'0:08.922',-0.04
'0:08.926',-0.04
'0:08.930',-0.04
'0:08.934',-0.04
'0:08.938',-0.04
'0:08.941',-0.04
'0:08.945',-0.04
'0:08.949',-0.04
'0:08.953',-7.49
'0:08.957',-5.9
'0:08.961',-4.46
'0:08.965',-3.13
'0:08.969',-1.87
'0:08.973',-0.98
'0:08.977',-0.39
'0:08.980',0.76
'0:08.984',1.04
'0:08.988',1.25
'0:08.992',1.38
'0:08.996',1.52
'0:09.000',1.62
'0:09.004',1.66
'0:09.008',1.84
'0:09.012',2.09
'0:09.016',2.25
'0:09.020',2.27
'0:09.023',2.38
'0:09.027',2.69
'0:09.031',3.1
'0:09.035',3.43
'0:09.039',3.76
'0:09.043',4
'0:09.047',4.05
'0:09.051',4.05
'0:09.055',4
'0:09.059',4.03
'0:09.063',3.96
'0:09.066',3.75
'0:09.070',3.43
'0:09.074',3.05
'0:09.078',2.77
'0:09.082',2.48
'0:09.086',2.14
'0:09.090',1.73
'0:09.094',1.34
'0:09.098',1.06
'0:09.102',1
'0:09.105',1
'0:09.109',1.09
'0:09.113',0.99
'0:09.117',0.65
'0:09.121',0.34
'0:09.125',0.02
'0:09.129',-0.35
'0:09.133',-0.69
'0:09.137',-1.06
'0:09.141',-1.62
'0:09.145',-2.12
'0:09.148',-2.49
'0:09.152',-2.78
'0:09.156',-2.98
'0:09.160',-3.07
'0:09.164',-3.14
'0:09.168',-3.16
'0:09.172',-3.04
'0:09.176',-3.05
'0:09.180',-3.33
'0:09.184',-3.87
'0:09.188',-4.2
'0:09.191',-4.29
'0:09.195',-3.61
'0:09.199',-1.79
'0:09.203',0.89
'0:09.207',4.08
'0:09.211',6.73
'0:09.215',5.96
'0:09.219',1.67
'0:09.223',-2.58
'0:09.227',-5.12
'0:09.230',-6.97
'0:09.234',-8.58
'0:09.238',-9.56
'0:09.242',-9.68
'0:09.246',-8.77
'0:09.250',-7.17
'0:09.254',-5.35
'0:09.258',-3.47
'0:09.262',-1.82
'0:09.266',-0.58
'0:09.270',0.2
'0:09.273',0.74
'0:09.277',0.9
'0:09.281',0.9
'0:09.285',1.01
'0:09.289',1.17
'0:09.293',1.33
'0:09.297',1.64
'0:09.301',2.03
'0:09.305',2.17
'0:09.309',2.24
'0:09.313',2.42
'0:09.316',2.7
'0:09.320',2.85
'0:09.324',2.93
'0:09.328',3.18
'0:09.332',3.39
'0:09.336',3.54
'0:09.340',3.57
'0:09.344',3.46
'0:09.348',3.46
'0:09.352',3.42
'0:09.355',3.35
'0:09.359',3.34
'0:09.363',3.33
'0:09.367',3.29
'0:09.371',3.13
'0:09.375',2.78
'0:09.379',2.36
'0:09.383',2.04
'0:09.387',1.78
'0:09.391',1.53
'0:09.395',1.42
'0:09.398',1.14
'0:09.402',0.86
'0:09.406',0.75
'0:09.410',0.64
'0:09.414',0.44
'0:09.418',0.05
'0:09.422',-0.4
'0:09.426',-0.92
'0:09.430',-1.38
'0:09.434',-1.84
'0:09.438',-2.31
'0:09.441',-2.68
'0:09.445',-2.96
'0:09.449',-3.14
'0:09.453',-3.42
'0:09.457',-3.65
'0:09.461',-3.63
'0:09.465',-3.51
'0:09.469',-3.57
'0:09.473',-3.9
'0:09.477',-4.29
'0:09.480',-4.42
'0:09.484',-3.92
'0:09.488',-2.38
'0:09.492',-0.11
'0:09.496',2.48
'0:09.500',5.13
'0:09.504',5.76
'0:09.508',2.65
'0:09.512',-1.75
'0:09.516',-5.4
'0:09.520',-7.98
'0:09.523',-9.79
'0:09.527',-10.7
'0:09.531',-10.28
'0:09.535',-8.71
'0:09.539',-6.65
'0:09.543',-4.55
'0:09.547',-2.71
'0:09.551',-1.3
'0:09.555',-0.3
'0:09.559',0.34
'0:09.563',0.81
'0:09.566',1.16
'0:09.570',1.48
'0:09.574',1.77
'0:09.578',2.08
'0:09.582',2.43
'0:09.586',2.65
'0:09.590',2.76
'0:09.594',2.71
'0:09.598',2.57
'0:09.602',2.58
'0:09.605',2.72
'0:09.609',3.06
'0:09.613',3.35
'0:09.617',3.58
'0:09.621',3.73
'0:09.625',3.86
'0:09.629',4.04
'0:09.633',4.03
'0:09.637',3.93
'0:09.641',3.9
'0:09.645',3.84
'0:09.648',3.67
'0:09.652',3.43
'0:09.656',3.21
'0:09.660',3.01
'0:09.664',2.77
'0:09.668',2.55
'0:09.672',2.22
'0:09.676',1.94
'0:09.680',1.89
'0:09.684',1.77
'0:09.688',1.65
'0:09.691',1.59
'0:09.695',1.61
'0:09.699',1.57
'0:09.703',1.28
'0:09.707',1.01
'0:09.711',0.75
'0:09.715',0.4
'0:09.719',0.16
'0:09.723',-0.14
'0:09.727',-0.51
'0:09.730',-1.04
'0:09.734',-1.5
'0:09.738',-1.92
'0:09.742',-2.24
'0:09.746',-2.56
'0:09.750',-2.86
'0:09.754',-2.96
'0:09.758',-2.93
'0:09.762',-2.69
'0:09.766',-2.41
'0:09.770',-2.66
'0:09.773',-3.19
'0:09.777',-3.57
'0:09.781',-3.34
'0:09.785',-2.2
'0:09.789',-0.04
'0:09.793',2.76
'0:09.797',5.83
'0:09.801',8.12
'0:09.805',6.63
'0:09.809',1.62
'0:09.813',-2.92
'0:09.816',-5.6
'0:09.820',-7.51
'0:09.824',-8.74
'0:09.828',-9.13
'0:09.832',-8.77
'0:09.836',-7.62
'0:09.840',-6.09
'0:09.844',-4.6
'0:09.848',-2.88
'0:09.852',-1.37
'0:09.855',-0.51
'0:09.859',0.16
'0:09.863',0.88
'0:09.867',1.42
'0:09.871',1.71
'0:09.875',1.94
'0:09.879',2.09
'0:09.883',2.13
'0:09.887',2.19
'0:09.891',2.56
'0:09.895',2.98
'0:09.898',3.15
'0:09.902',3.08
'0:09.906',3.11
'0:09.910',3.29
'0:09.914',3.38
'0:09.918',3.57
'0:09.922',3.91
'0:09.926',4.11
'0:09.930',4.09
'0:09.934',4.33
'0:09.938',4.3
'0:09.941',4.16
'0:09.945',4.09
'0:09.949',4.12
'0:09.953',4.02
'0:09.957',3.4
'0:09.961',3.04
'0:09.965',2.96
'0:09.969',2.91
'0:09.973',2.52
'0:09.977',1.83
'0:09.980',1.59
'0:09.984',1.61
'0:09.988',1.65
'0:09.992',1.82
'0:09.996',1.79
'0:10.000',1.51
'0:10.004',0.97
'0:10.008',0.58
'0:10.012',0.1
'0:10.016',-0.27
'0:10.020',-0.43
'0:10.023',-0.66
'0:10.027',-1.07
'0:10.031',-1.49
'0:10.035',-1.88
'0:10.039',-2.25
'0:10.043',-2.6
'0:10.047',-2.64
'0:10.051',-2.47
'0:10.055',-2.32
'0:10.059',-2.29
'0:10.063',-2.34
'0:10.066',-2.42
'0:10.070',-2.54
'0:10.074',-2.72
'0:10.078',-2.57
'0:10.082',-1.71
'0:10.086',0.03
'0:10.090',2.5
'0:10.094',5.12
'0:10.098',7.09
'0:10.102',5.97
'0:10.105',1.55
'0:10.109',-2.62
'0:10.113',-4.99
'0:10.117',-6.37
'0:10.121',-7.61
'0:10.125',-8.46
'0:10.129',-8.81
'0:10.133',-8.43
'0:10.137',-7.37
'0:10.141',-5.76
'0:10.145',-4.03
'0:10.148',-2.42
'0:10.152',-1.33
'0:10.156',-0.65
'0:10.160',-0.09
'0:10.164',0.29
'0:10.168',0.55
'0:10.172',0.63
'0:10.176',0.59
'0:10.180',0.84
'0:10.184',1.32
'0:10.188',1.85
'0:10.191',2.09
'0:10.195',2.14
'0:10.199',2.17
'0:10.203',2.15
'0:10.207',2.2
'0:10.211',2.19
'0:10.215',2.42
'0:10.219',2.9
'0:10.223',3.38
'0:10.227',3.63
'0:10.230',3.58
'0:10.234',3.52
'0:10.238',3.49
'0:10.242',3.45
'0:10.246',3.23
'0:10.250',2.87
'0:10.254',2.44
'0:10.258',1.92
'0:10.262',1.53
'0:10.266',1.4
'0:10.270',1.35
'0:10.273',1.26
'0:10.277',1.04
'0:10.281',0.91
'0:10.285',0.96
'0:10.289',0.93
'0:10.293',0.84
'0:10.297',0.69
'0:10.301',0.45
'0:10.305',0.12
'0:10.309',-0.21
'0:10.313',-0.44
'0:10.316',-0.69
'0:10.320',-0.98
'0:10.324',-1.34
'0:10.328',-1.75
'0:10.332',-2.31
'0:10.336',-2.8
'0:10.340',-3.01
'0:10.344',-3.07
'0:10.348',-3.12
'0:10.352',-3.18
'0:10.355',-3.4
'0:10.359',-3.52
'0:10.363',-3.74
'0:10.367',-4.07
'0:10.371',-4.42
'0:10.375',-4.47
'0:10.379',-3.62
'0:10.383',-1.73
'0:10.387',0.71
'0:10.391',3.64
'0:10.395',6.32
'0:10.398',5.99
'0:10.402',1.84
'0:10.406',-2.62
'0:10.410',-5.75
'0:10.414',-7.88
'0:10.418',-9.48
'0:10.422',-10.28
'0:10.426',-10.07
'0:10.430',-9.06
'0:10.434',-7.47
'0:10.438',-5.65
'0:10.441',-3.92
'0:10.445',-2.51
'0:10.449',-1.53
'0:10.453',-0.71
'0:10.457',-0.05
'0:10.461',0.49
'0:10.465',0.96
'0:10.469',1.29
'0:10.473',1.52
'0:10.477',1.77
'0:10.480',1.86
'0:10.484',1.74
'0:10.488',1.68
'0:10.492',1.96
'0:10.496',2.14
'0:10.500',2.24
'0:10.504',2.62
'0:10.508',2.98
'0:10.512',3.26
'0:10.516',3.48
'0:10.520',3.7
'0:10.523',3.87
'0:10.527',3.82
'0:10.531',3.71
'0:10.535',3.66
'0:10.539',3.52
'0:10.543',3.35
'0:10.547',3.16
'0:10.551',2.99
'0:10.555',2.68
'0:10.559',2.35
'0:10.563',2.23
'0:10.566',2.29
'0:10.570',2.25
'0:10.574',2.27
'0:10.578',2.18
'0:10.582',2.12
'0:10.586',2.1
'0:10.590',2.04
'0:10.594',1.91
'0:10.598',1.75
'0:10.602',1.44
'0:10.605',1.04
'0:10.609',0.61
'0:10.613',0.17
'0:10.617',-0.27
'0:10.621',-0.79
'0:10.625',-1.45
'0:10.629',-2.09
'0:10.633',-2.56
'0:10.637',-2.82
'0:10.641',-2.88
'0:10.645',-2.78
'0:10.648',-2.75
'0:10.652',-2.83
'0:10.656',-2.99
'0:10.660',-3.31
'0:10.664',-3.85
'0:10.668',-4.27
'0:10.672',-4.14
'0:10.676',-3.13
'0:10.680',-1.22
'0:10.684',1.46
'0:10.688',4.63
'0:10.691',7.56
'0:10.695',7.37
'0:10.699',3.22
'0:10.703',-1.46
'0:10.707',-4.84
'0:10.711',-7.24
'0:10.715',-8.87
'0:10.719',-9.84
'0:10.723',-9.81
'0:10.727',-8.81
'0:10.730',-7.24
'0:10.734',-5.4
'0:10.738',-3.35
'0:10.742',-1.62
'0:10.746',-0.5
'0:10.750',0.23
'0:10.754',0.83
'0:10.758',1.3
'0:10.762',1.52
'0:10.766',1.67
'0:10.770',1.82
'0:10.773',2.07
'0:10.777',2.24
'0:10.781',2.33
'0:10.785',2.57
'0:10.789',2.98
'0:10.793',3.53
'0:10.797',3.96
'0:10.801',4.08
'0:10.805',3.82
'0:10.809',3.68
'0:10.813',3.76
'0:10.816',3.92
'0:10.820',4.07
'0:10.824',4.28
'0:10.828',4.46
'0:10.832',4.44
'0:10.836',3.98
'0:10.840',3.56
'0:10.844',3.19
'0:10.848',2.94
'0:10.852',2.97
'0:10.855',2.89
'0:10.859',2.39
'0:10.863',1.98
'0:10.867',1.65
'0:10.871',1.22
'0:10.875',0.98
'0:10.879',0.98
'0:10.883',1.17
'0:10.887',1.51
'0:10.891',1.57
'0:10.895',1.54
'0:10.898',1.43
'0:10.902',0.79
'0:10.906',-0.11
'0:10.910',-0.62
'0:10.914',-0.91
'0:10.918',-1.08
'0:10.922',-1.49
'0:10.926',-2.02
'0:10.930',-2.62
'0:10.934',-2.81
'0:10.938',-2.78
'0:10.941',-3.06
'0:10.945',-3.14
'0:10.949',-2.91
'0:10.953',-2.75
'0:10.957',-2.74
'0:10.961',-3.01
'0:10.965',-2.98
'0:10.969',-2.55
'0:10.973',-1.83
'0:10.977',-0.78
'0:10.980',0.96
'0:10.984',3.14
'0:10.988',5.71
'0:10.992',6.98
'0:10.996',3.89
'0:11.000',-1.23
'0:11.004',-4.68
'0:11.008',-6.47
'0:11.012',-8.13
'0:11.016',-9.32
'0:11.020',-9.82
'0:11.023',-9.88
'0:11.027',-9.05
'0:11.031',-7.35
'0:11.035',-5.6
'0:11.039',-4.26
'0:11.043',-3.18
'0:11.047',-2.06
'0:11.051',-1.25
'0:11.055',-0.56
'0:11.059',-0.02
'0:11.063',0.31
'0:11.066',0.6
'0:11.070',0.81
'0:11.074',0.69
'0:11.078',0.7
'0:11.082',0.96
'0:11.086',1.44
'0:11.090',1.87
'0:11.094',1.95
'0:11.098',2.02
'0:11.102',2.2
'0:11.105',2.3
'0:11.109',2.38
'0:11.113',2.6
'0:11.117',2.68
'0:11.121',2.82
'0:11.125',3.04
'0:11.129',3.24
'0:11.133',3.23
'0:11.137',2.97
'0:11.141',2.65
'0:11.145',2.49
'0:11.148',2.3
'0:11.152',1.99
'0:11.156',1.72
'0:11.160',1.41
'0:11.164',1.12
'0:11.168',0.96
'0:11.172',0.73
'0:11.176',0.61
'0:11.180',0.66
'0:11.184',0.91
'0:11.188',1.12
'0:11.191',1.13
'0:11.195',0.92
'0:11.199',0.67
'0:11.203',0.3
'0:11.207',-0.23
'0:11.211',-0.79
'0:11.215',-1.36
'0:11.219',-1.81
'0:11.223',-2.08
'0:11.227',-2.33
'0:11.230',-2.5
'0:11.234',-2.65
'0:11.238',-2.76
'0:11.242',-2.82
'0:11.246',-2.87
'0:11.250',-2.94
'0:11.254',-3.1
'0:11.258',-3.27
'0:11.262',-3.61
'0:11.266',-3.87
'0:11.270',-3.74
'0:11.273',-3.18
'0:11.277',-1.69
'0:11.281',0.78
'0:11.285',3.95
'0:11.289',7.09
'0:11.293',7.94
'0:11.297',4.62
'0:11.301',-0.35
'0:11.305',-4.03
'0:11.309',-6.41
'0:11.313',-8.38
'0:11.316',-9.77
'0:11.320',-10.2
'0:11.324',-9.8
'0:11.328',-8.57
'0:11.332',-7.08
'0:11.336',-5.36
'0:11.340',-3.51
'0:11.344',-2.06
'0:11.348',-0.96
'0:11.352',-0.33
'0:11.355',0.01
'0:11.359',0.35
'0:11.363',0.7
'0:11.367',0.96
'0:11.371',1.35
'0:11.375',1.81
'0:11.379',2.18
'0:11.383',2.32
'0:11.387',2.34
'0:11.391',2.33
'0:11.395',2.46
'0:11.398',2.81
'0:11.402',3.11
'0:11.406',3.13
'0:11.410',3.16
'0:11.414',3.19
'0:11.418',3.29
'0:11.422',3.37
'0:11.426',3.32
'0:11.430',3.41
'0:11.434',3.44
'0:11.438',3.52
'0:11.441',3.47
'0:11.445',3.3
'0:11.449',3.08
'0:11.453',2.89
'0:11.457',2.72
'0:11.461',2.6
'0:11.465',2.42
'0:11.469',2.14
'0:11.473',2.02
'0:11.477',2.14
'0:11.480',2.22
'0:11.484',2.08
'0:11.488',1.91
'0:11.492',1.74
'0:11.496',1.48
'0:11.500',1.18
'0:11.504',0.89
'0:11.508',0.51
'0:11.512',0.19
'0:11.516',-0.19
'0:11.520',-0.68
'0:11.523',-1.21
'0:11.527',-1.7
'0:11.531',-1.99
'0:11.535',-2.07
'0:11.539',-2.13
'0:11.543',-2.14
'0:11.547',-2.11
'0:11.551',-2.31
'0:11.555',-3.01
'0:11.559',-3.89
'0:11.563',-4.28
'0:11.566',-3.63
'0:11.570',-1.89
'0:11.574',0.59
'0:11.578',3.58
'0:11.582',6.57
'0:11.586',7.52
'0:11.590',4.39
'0:11.594',-0.42
'0:11.598',-4.56
'0:11.602',-7.56
'0:11.605',-9.46
'0:11.609',-10.33
'0:11.613',-10.06
'0:11.617',-8.83
'0:11.621',-7.18
'0:11.625',-5.55
'0:11.629',-3.75
'0:11.633',-2.06
'0:11.637',-0.66
'0:11.641',0.22
'0:11.645',0.74
'0:11.648',1.06
'0:11.652',1.2
'0:11.656',1.26
'0:11.660',1.52
'0:11.664',1.82
'0:11.668',2.09
'0:11.672',2.24
'0:11.676',2.41
'0:11.680',2.68
'0:11.684',2.94
'0:11.688',3.23
'0:11.691',3.55
'0:11.695',3.75
'0:11.699',3.92
'0:11.703',4.02
'0:11.707',4
'0:11.711',3.9
'0:11.715',3.72
'0:11.719',3.51
'0:11.723',3.23
'0:11.727',3
'0:11.730',2.87
'0:11.734',2.57
'0:11.738',2.44
'0:11.742',2.3
'0:11.746',2.06
'0:11.750',1.82
'0:11.754',1.45
'0:11.758',0.88
'0:11.762',0.39
'0:11.766',0.2
'0:11.770',0.36
'0:11.773',0.72
'0:11.777',0.81
'0:11.781',0.68
'0:11.785',0.31
'0:11.789',-0.07
'0:11.793',-0.4
'0:11.797',-0.32
'0:11.801',-0.09
'0:11.805',-0.06
'0:11.809',-0.2
'0:11.813',-0.58
'0:11.816',-1.19
'0:11.820',-1.82
'0:11.824',-2.27
'0:11.828',-2.61
'0:11.832',-2.85
'0:11.836',-3.02
'0:11.840',-3.05
'0:11.844',-2.93
'0:11.848',-2.92
'0:11.852',-3.28
'0:11.855',-3.94
'0:11.859',-4.23
'0:11.863',-3.67
'0:11.867',-2.04
'0:11.871',0.42
'0:11.875',3.47
'0:11.879',6.7
'0:11.883',8.31
'0:11.887',5.61
'0:11.891',0.47
'0:11.895',-3.73
'0:11.898',-6.54
'0:11.902',-8.47
'0:11.906',-9.77
'0:11.910',-10.07
'0:11.914',-9.16
'0:11.918',-7.71
'0:11.922',-6.04
'0:11.926',-4.1
'0:11.930',-2.22
'0:11.934',-0.65
'0:11.938',0.34
'0:11.941',0.98
'0:11.945',1.41
'0:11.949',1.47
'0:11.953',1.46
'0:11.957',1.7
'0:11.961',2.13
'0:11.965',2.73
'0:11.969',3.04
'0:11.973',3.03
'0:11.977',3.09
'0:11.980',3.5
'0:11.984',3.95
'0:11.988',4.17
'0:11.992',4.05
'0:11.996',4.19
'0:12.000',4.48
'0:12.004',4.79
'0:12.008',4.84
'0:12.012',4.79
'0:12.016',4.79
'0:12.020',4.41
'0:12.023',4.29
'0:12.027',4.37
'0:12.031',4.07
'0:12.035',3.74
'0:12.039',3.36
'0:12.043',3.18
'0:12.047',2.6
'0:12.051',1.92
'0:12.055',1.55
'0:12.059',1.63
'0:12.063',1.72
'0:12.066',1.75
'0:12.070',1.95
'0:12.074',1.84
'0:12.078',1.4
'0:12.082',1.29
'0:12.086',1.09
'0:12.090',0.88
'0:12.094',0.94
'0:12.098',0.63
'0:12.102',0.11
'0:12.105',-0.87
'0:12.109',-1.74
'0:12.113',-1.97
'0:12.117',-1.72
'0:12.121',-1.61
'0:12.125',-1.6
'0:12.129',-2.43
'0:12.133',-2.14
'0:12.137',-2.18
'0:12.141',-2.55
'0:12.145',-2.78
'0:12.148',-3.5
'0:12.152',-3.89
'0:12.156',-3.89
'0:12.160',-3.89
'0:12.164',-3.9
'0:12.168',-3.9
'0:12.172',-3.9
'0:12.176',3.05
'0:12.180',5.68
'0:12.184',7.04
'0:12.188',4.74
'0:12.191',-0.06
'0:12.195',-3.62
'0:12.199',-5.38
'0:12.203',-6.62
'0:12.207',-7.57
'0:12.211',-8.21
'0:12.215',-8.31
'0:12.219',-7.77
'0:12.223',-6.79
'0:12.227',-5.42
'0:12.230',-3.83
'0:12.234',-2.32
'0:12.238',-0.99
'0:12.242',0.09
'0:12.246',0.68
'0:12.250',0.81
'0:12.254',0.9
'0:12.258',1.37
'0:12.262',1.93
'0:12.266',2.26
'0:12.270',2.35
'0:12.273',2.22
'0:12.277',2.34
'0:12.281',2.64
'0:12.285',3.11
'0:12.289',3.36
'0:12.293',3.3
'0:12.297',3.17
'0:12.301',3.31
'0:12.305',3.51
'0:12.309',3.52
'0:12.313',3.52
'0:12.316',3.5
'0:12.320',3.21
'0:12.324',2.78
'0:12.328',2.59
'0:12.332',2.49
'0:12.336',2.32
'0:12.340',2.23
'0:12.344',1.95
'0:12.348',1.89
'0:12.352',1.59
'0:12.355',1.07
'0:12.359',0.68
'0:12.363',0.27
'0:12.367',-0.1
'0:12.371',-0.13
'0:12.375',0.23
'0:12.379',0.71
'0:12.383',1.04
'0:12.387',1.02
'0:12.391',0.65
'0:12.395',-0.1
'0:12.398',-0.83
'0:12.402',-1.21
'0:12.406',-1.29
'0:12.410',-1.24
'0:12.414',-1.58
'0:12.418',-2.34
'0:12.422',-3.05
'0:12.426',-3.47
'0:12.430',-3.47
'0:12.434',-3.19
'0:12.438',-3.02
'0:12.441',-3.11
'0:12.445',-3.14
'0:12.449',-3.62
'0:12.453',-3.68
'0:12.457',-3.67
'0:12.461',-3.68
'0:12.465',-3.68
'0:12.469',-3.67
'0:12.473',-1.92
'0:12.477',0.98
'0:12.480',4.24
'0:12.484',6.86
'0:12.488',5.94
'0:12.492',1.07
'0:12.496',-3.94
'0:12.500',-7.3
'0:12.504',-9.2
'0:12.508',-10.06
'0:12.512',-10.26
'0:12.516',-9.65
'0:12.520',-8.83
'0:12.523',-7.56
'0:12.527',-5.93
'0:12.531',-4.3
'0:12.535',-2.43
'0:12.539',-0.99
'0:12.543',-0.11
'0:12.547',0.22
'0:12.551',0.34
'0:12.555',0.52
'0:12.559',0.89
'0:12.563',1.14
'0:12.566',1.45
'0:12.570',1.91
'0:12.574',2.03
'0:12.578',2.06
'0:12.582',2.1
'0:12.586',2.17
'0:12.590',2.11
'0:12.594',2.1
'0:12.598',2.1
'0:12.602',2.19
'0:12.605',3.19
'0:12.609',3.36
'0:12.613',3.41
'0:12.617',3.37
'0:12.621',3.38
'0:12.625',3.32
'0:12.629',3.06
'0:12.633',3.12
'0:12.637',3.13
'0:12.641',2.7
'0:12.645',2.24
'0:12.648',1.84
'0:12.652',1.62
'0:12.656',1.57
'0:12.660',1.5
'0:12.664',1.42
'0:12.668',1.46
'0:12.672',1.39
'0:12.676',0.95
'0:12.680',0.56
'0:12.684',0.64
'0:12.688',0.57
'0:12.691',0.47
'0:12.695',0.49
'0:12.699',0.32
'0:12.703',-0.12
'0:12.707',-0.68
'0:12.711',-1.42
'0:12.715',-2.26
'0:12.719',-2.83
'0:12.723',-3.08
'0:12.727',-3.12
'0:12.730',-3.08
'0:12.734',-3.41
'0:12.738',-3.88
'0:12.742',-3.88
'0:12.746',-3.33
'0:12.750',-3.14
'0:12.754',-3.42
'0:12.758',-3.96
'0:12.762',-4.34
'0:12.766',-3.26
'0:12.770',-1.06
'0:12.773',1.58
'0:12.777',4.72
'0:12.781',4.88
'0:12.785',4.88
'0:12.789',1.79
'0:12.793',-2.49
'0:12.797',-5.56
'0:12.801',-7.77
'0:12.805',-9.27
'0:12.809',-9.74
'0:12.813',-9.33
'0:12.816',-8.21
'0:12.820',-6.29
'0:12.824',-4.39
'0:12.828',-2.94
'0:12.832',-1.61
'0:12.836',-0.56
'0:12.840',0.2
'0:12.844',0.79
'0:12.848',1.33
'0:12.852',1.61
'0:12.855',1.73
'0:12.859',1.79
'0:12.863',2.09
'0:12.867',2.46
'0:12.871',2.82
'0:12.875',3.02
'0:12.879',3
'0:12.883',2.94
'0:12.887',3.18
'0:12.891',3.78
'0:12.895',4.23
'0:12.898',4.44
'0:12.902',4.46
'0:12.906',4.51
'0:12.910',4.68
'0:12.914',4.82
'0:12.918',4.93
'0:12.922',4.79
'0:12.926',4.59
'0:12.930',4.34
'0:12.934',3.94
'0:12.938',3.55
'0:12.941',3.16
'0:12.945',2.61
'0:12.949',2.26
'0:12.953',2.23
'0:12.957',2.13
'0:12.961',1.89
'0:12.965',1.58
'0:12.969',1.23
'0:12.973',1.26
'0:12.977',1.6
'0:12.980',1.9
'0:12.984',1.86
'0:12.988',1.45
'0:12.992',0.9
'0:12.996',0.2
'0:13.000',-0.17
'0:13.004',-0.19
'0:13.008',-0.18
'0:13.012',-0.4
'0:13.016',-0.76
'0:13.020',-1.39
'0:13.023',-1.93
'0:13.027',-2.53
'0:13.031',-3.05
'0:13.035',-2.77
'0:13.039',-2.24
'0:13.043',-2.14
'0:13.047',-2.02
'0:13.051',-2.25
'0:13.055',-2.57
'0:13.059',-2.92
'0:13.063',-2.99
'0:13.066',-2.33
'0:13.070',-0.69
'0:13.074',1.49
'0:13.078',4.08
'0:13.082',6.51
'0:13.086',7.1
'0:13.090',4.02
'0:13.094',-0.49
'0:13.098',-3.62
'0:13.102',-5.43
'0:13.105',-6.83
'0:13.109',-7.84
'0:13.113',-8.49
'0:13.117',-8.34
'0:13.121',-7.44
'0:13.125',-5.97
'0:13.129',-4.32
'0:13.133',-4.09
'0:13.137',-4.09
'0:13.141',-4.09
'0:13.145',-4.09
'0:13.148',-4.09
'0:13.152',-4.09
'0:13.156',0.07
'0:13.160',2.17
'0:13.164',2.41
'0:13.168',3.03
'0:13.172',3.08
'0:13.176',2.77
'0:13.180',2.82
'0:13.184',3.33
'0:13.188',3.49
'0:13.191',3.58
'0:13.195',3.51
'0:13.199',3.51
'0:13.203',3.84
'0:13.207',3.96
'0:13.211',3.74
'0:13.215',3.7
'0:13.219',3.78
'0:13.223',3.55
'0:13.227',3.2
'0:13.230',3.26
'0:13.234',3.19
'0:13.238',2.95
'0:13.242',2.46
'0:13.246',1.78
'0:13.250',1.52
'0:13.254',1.51
'0:13.258',1.27
'0:13.262',1.06
'0:13.266',1.05
'0:13.270',1.31
'0:13.273',1.54
'0:13.277',1.64
'0:13.281',1.75
'0:13.285',1.91
'0:13.289',1.79
'0:13.293',1.36
'0:13.297',0.9
'0:13.301',0.43
'0:13.305',0.02
'0:13.309',-0.26
'0:13.313',-0.54
'0:13.316',-1.12
'0:13.320',-1.95
'0:13.324',-2.38
'0:13.328',-2.36
'0:13.332',-2.29
'0:13.336',-2.45
'0:13.340',-2.67
'0:13.344',-3.05
'0:13.348',-3.19
'0:13.352',-2.75
'0:13.355',-2.44
'0:13.359',-2.64
'0:13.363',-3.03
'0:13.367',-2.72
'0:13.371',-1.44
'0:13.375',0.51
'0:13.379',3.07
'0:13.383',6.04
'0:13.387',7.17
'0:13.391',4.23
'0:13.395',-0.71
'0:13.398',-4.38
'0:13.402',-6.5
'0:13.406',-8.32
'0:13.410',-9.5
'0:13.414',-9.67
'0:13.418',-9.01
'0:13.422',-8.03
'0:13.426',-7.07
'0:13.430',-5.38
'0:13.434',-3.53
'0:13.438',-2.2
'0:13.441',-1.44
'0:13.445',-1.09
'0:13.449',-0.57
'0:13.453',0.14
'0:13.457',0.44
'0:13.461',0.46
'0:13.465',0.65
'0:13.469',1.16
'0:13.473',1.53
'0:13.477',1.59
'0:13.480',1.54
'0:13.484',1.52
'0:13.488',1.7
'0:13.492',2.11
'0:13.496',2.43
'0:13.500',2.63
'0:13.504',2.95
'0:13.508',3.05
'0:13.512',2.91
'0:13.516',2.93
'0:13.520',3.06
'0:13.523',2.93
'0:13.527',2.55
'0:13.531',1.97
'0:13.535',1.24
'0:13.539',1.24
'0:13.543',1.58
'0:13.547',1.56
'0:13.551',1.32
'0:13.555',1.2
'0:13.559',0.99
'0:13.563',0.43
'0:13.566',0.31
'0:13.570',0.82
'0:13.574',1.09
'0:13.578',0.89
'0:13.582',0.84
'0:13.586',0.89
'0:13.590',0.58
'0:13.594',0.05
'0:13.598',-0.43
'0:13.602',-0.77
'0:13.605',-0.87
'0:13.609',-1.18
'0:13.613',-1.76
'0:13.617',-2.38
'0:13.621',-2.94
'0:13.625',-3.28
'0:13.629',-3.36
'0:13.633',-3.52
'0:13.637',-3.75
'0:13.641',-3.73
'0:13.645',-3.52
'0:13.648',-3.43
'0:13.652',-3.8
'0:13.656',-4.77
'0:13.660',-5.31
'0:13.664',-4.48
'0:13.668',-3.1
'0:13.672',-1.34
'0:13.676',1.06
'0:13.680',4.12
'0:13.684',6.87
'0:13.688',5.72
'0:13.691',1.02
'0:13.695',-3.4
'0:13.699',-6.29
'0:13.703',-8.41
'0:13.707',-9.91
'0:13.711',-10.44
'0:13.715',-9.86
'0:13.719',-8.39
'0:13.723',-6.54
'0:13.727',-4.78
'0:13.730',-3.22
'0:13.734',-2.09
'0:13.738',-1.21
'0:13.742',-0.4
'0:13.746',0.14
'0:13.750',0.81
'0:13.754',1.41
'0:13.758',1.9
'0:13.762',2.28
'0:13.766',2.37
'0:13.770',2.27
'0:13.773',2.26
'0:13.777',2.55
'0:13.781',2.94
'0:13.785',3.19
'0:13.789',3.53
'0:13.793',3.85
'0:13.797',3.8
'0:13.801',3.68
'0:13.805',3.83
'0:13.809',3.73
'0:13.813',3.4
'0:13.816',3.51
'0:13.820',4.07
'0:13.824',4.32
'0:13.828',4.11
'0:13.832',3.81
'0:13.836',3.49
'0:13.840',3.14
'0:13.844',2.77
'0:13.848',2.45
'0:13.852',2.24
'0:13.855',2.06
'0:13.859',1.93
'0:13.863',1.72
'0:13.867',1.02
'0:13.871',0.64
'0:13.875',1.01
'0:13.879',1.43
'0:13.883',1.7
'0:13.887',1.57
'0:13.891',1.16
'0:13.895',0.84
'0:13.898',0.5
'0:13.902',0.06
'0:13.906',-0.52
'0:13.910',-1.18
'0:13.914',-1.64
'0:13.918',-1.89
'0:13.922',-2.18
'0:13.926',-2.76
'0:13.930',-3.33
'0:13.934',-3.4
'0:13.938',-3.07
'0:13.941',-2.77
'0:13.945',-2.87
'0:13.949',-2.87
'0:13.953',-2.52
'0:13.957',-2.51
'0:13.961',-2.79
'0:13.965',-2.64
'0:13.969',-1.61
'0:13.973',0.4
'0:13.977',3.14
'0:13.980',6.38
'0:13.984',8.86
'0:13.988',7.32
'0:13.992',2.16
'0:13.996',-2.59
'0:14.000',-5.23
'0:14.004',-7.03
'0:14.008',-8.45
'0:14.012',-9.13
'0:14.016',-8.66
'0:14.020',-7.41
'0:14.023',-5.92
'0:14.027',-4.58
'0:14.031',-3.26
'0:14.035',-1.63
'0:14.039',-0.16
'0:14.043',0.73
'0:14.047',1.32
'0:14.051',1.89
'0:14.055',2.48
'0:14.059',2.82
'0:14.063',3.01
'0:14.066',3.06
'0:14.070',2.95
'0:14.074',2.83
'0:14.078',2.88
'0:14.082',3.07
'0:14.086',3.5
'0:14.090',4.02
'0:14.094',4.48
'0:14.098',4.69
'0:14.102',4.85
'0:14.105',4.9
'0:14.109',4.76
'0:14.113',4.69
'0:14.117',4.71
'0:14.121',4.54
'0:14.125',4.11
'0:14.129',3.84
'0:14.133',3.68
'0:14.137',3.51
'0:14.141',3.32
'0:14.145',3.06
'0:14.148',2.67
'0:14.152',2.16
'0:14.156',1.98
'0:14.160',1.83
'0:14.164',1.5
'0:14.168',1.16
'0:14.172',1.06
'0:14.176',1.32
'0:14.180',1.87
'0:14.184',2.18
'0:14.188',2.12
'0:14.191',1.62
'0:14.195',0.92
'0:14.199',0.6
'0:14.203',0.04
'0:14.207',-0.66
'0:14.211',-0.99
'0:14.215',-0.95
'0:14.219',-1.26
'0:14.223',-2.05
'0:14.227',-2.65
'0:14.230',-2.97
'0:14.234',-2.8
'0:14.238',-2.77
'0:14.242',-3.21
'0:14.246',-3.11
'0:14.250',-2.78
'0:14.254',-2.62
'0:14.258',-2.66
'0:14.262',-2.68
'0:14.266',-2.75
'0:14.270',-2.2
'0:14.273',-0.63
'0:14.277',1.43
'0:14.281',3.92
'0:14.285',6.57
'0:14.289',7.22
'0:14.293',3.76
'0:14.297',-1.06
'0:14.301',-4.42
'0:14.305',-6.05
'0:14.309',-7.17
'0:14.313',-7.96
'0:14.316',-8.39
'0:14.320',-8.4
'0:14.324',-7.59
'0:14.328',-6.12
'0:14.332',-4.14
'0:14.336',-2.14
'0:14.340',-0.64
'0:14.344',0.29
'0:14.348',0.8
'0:14.352',1.27
'0:14.355',1.57
'0:14.359',1.84
'0:14.363',2.12
'0:14.367',2.5
'0:14.371',2.88
'0:14.375',2.78
'0:14.379',2.6
'0:14.383',2.83
'0:14.387',3.58
'0:14.391',4.29
'0:14.395',4.25
'0:14.398',3.74
'0:14.402',3.27
'0:14.406',3.46
'0:14.410',3.99
'0:14.414',4.1
'0:14.418',4.12
'0:14.422',4.05
'0:14.426',3.74
'0:14.430',3.45
'0:14.434',3.25
'0:14.438',3
'0:14.441',2.81
'0:14.445',2.74
'0:14.449',2.75
'0:14.453',2.54
'0:14.457',2.27
'0:14.461',1.99
'0:14.465',1.9
'0:14.469',1.86
'0:14.473',1.91
'0:14.477',1.86
'0:14.480',1.84
'0:14.484',1.97
'0:14.488',2.02
'0:14.492',2.03
'0:14.496',1.61
'0:14.500',1.37
'0:14.504',1.2
'0:14.508',0.99
'0:14.512',0.62
'0:14.516',0.19
'0:14.520',-0.33
'0:14.523',-1.01
'0:14.527',-1.55
'0:14.531',-1.87
'0:14.535',-2.02
'0:14.539',-2
'0:14.543',-1.92
'0:14.547',-1.85
'0:14.551',-1.88
'0:14.555',-2.16
'0:14.559',-2.69
'0:14.563',-3.11
'0:14.566',-2.99
'0:14.570',-2.32
'0:14.574',-1.17
'0:14.578',0.62
'0:14.582',2.98
'0:14.586',5.92
'0:14.590',8.43
'0:14.594',7.38
'0:14.598',2.62
'0:14.602',-2.15
'0:14.605',-5.02
'0:14.609',-6.92
'0:14.613',-8.22
'0:14.617',-8.97
'0:14.621',-8.83
'0:14.625',-7.69
'0:14.629',-6.19
'0:14.633',-4.63
'0:14.637',-2.99
'0:14.641',-1.42
'0:14.645',0.04
'0:14.648',1
'0:14.652',1.39
'0:14.656',1.47
'0:14.660',1.56
'0:14.664',1.78
'0:14.668',2.04
'0:14.672',2.46
'0:14.676',2.99
'0:14.680',3.27
'0:14.684',3.49
'0:14.688',3.71
'0:14.691',3.85
'0:14.695',3.88
'0:14.699',3.78
'0:14.703',3.56
'0:14.707',3.32
'0:14.711',3.23
'0:14.715',3.27
'0:14.719',3.51
'0:14.723',3.53
'0:14.727',3.37
'0:14.730',3.01
'0:14.734',2.66
'0:14.738',2.36
'0:14.742',2.1
'0:14.746',1.69
'0:14.750',1.4
'0:14.754',1.23
'0:14.758',1.25
'0:14.762',1.42
'0:14.766',1.42
'0:14.770',1.2
'0:14.773',1.08
'0:14.777',1.2
'0:14.781',1.41
'0:14.785',1.59
'0:14.789',1.51
'0:14.793',1.13
'0:14.797',0.66
'0:14.801',0.3
'0:14.805',-0.02
'0:14.809',-0.38
'0:14.813',-0.79
'0:14.816',-1.53
'0:14.820',-2.26
'0:14.824',-2.72
'0:14.828',-2.96
'0:14.832',-3.03
'0:14.836',-3.06
'0:14.840',-2.97
'0:14.844',-2.87
'0:14.848',-2.74
'0:14.852',-2.77
'0:14.855',-3.09
'0:14.859',-3.54
'0:14.863',-3.94
'0:14.867',-3.96
'0:14.871',-3.25
'0:14.875',-1.66
'0:14.879',0.74
'0:14.883',3.69
'0:14.887',6.65
'0:14.891',6.83
'0:14.895',2.56
'0:14.898',-2.92
'0:14.902',-6.72
'0:14.906',-8.92
'0:14.910',-10.1
'0:14.914',-10.39
'0:14.918',-9.84
'0:14.922',-8.58
'0:14.926',-6.88
'0:14.930',-5.05
'0:14.934',-3.46
'0:14.938',-2.12
'0:14.941',-1.05
'0:14.945',-0.27
'0:14.949',0.27
'0:14.953',0.54
'0:14.957',0.73
'0:14.961',1.05
'0:14.965',1.51
'0:14.969',1.88
'0:14.973',2.08
'0:14.977',2.29
'0:14.980',2.35
'0:14.984',2.52
'0:14.988',2.83
'0:14.992',3.19
'0:14.996',3.48
'0:15.000',3.56
'0:15.004',3.49
'0:15.008',3.44
'0:15.012',3.39
'0:15.016',3.53
'0:15.020',3.63
'0:15.023',3.61
'0:15.027',3.25
'0:15.031',2.76
'0:15.035',2.55
'0:15.039',2.78
'0:15.043',3.29
'0:15.047',3.47
'0:15.051',3.25
'0:15.055',2.72
'0:15.059',2.21
'0:15.063',1.28
'0:15.066',0.65
'0:15.070',0.54
'0:15.074',0.71
'0:15.078',0.71
'0:15.082',0.54
'0:15.086',0.56
'0:15.090',0.59
'0:15.094',0.41
'0:15.098',0.03
'0:15.102',-0.55
'0:15.105',-1.02
'0:15.109',-1.33
'0:15.113',-1.73
'0:15.117',-2.16
'0:15.121',-2.57
'0:15.125',-3.05
'0:15.129',-3.5
'0:15.133',-3.94
'0:15.137',-4.33
'0:15.141',-4.5
'0:15.145',-4.39
'0:15.148',-4.04
'0:15.152',-3.7
'0:15.156',-3.68
'0:15.160',-4.08
'0:15.164',-4.59
'0:15.168',-5.08
'0:15.172',-5.26
'0:15.176',-4.46
'0:15.180',-2.4
'0:15.184',0.26
'0:15.188',3.35
'0:15.191',5.93
'0:15.195',4.93
'0:15.199',0.67
'0:15.203',-3.76
'0:15.207',-6.89
'0:15.211',-9.26
'0:15.215',-11.02
'0:15.219',-11.61
'0:15.223',-10.44
'0:15.227',-8.49
'0:15.230',-6.93
'0:15.234',-5.23
'0:15.238',-3.25
'0:15.242',-1.67
'0:15.246',-0.73
'0:15.250',0
'0:15.254',0.6
'0:15.258',0.99
'0:15.262',1.15
'0:15.266',1.08
'0:15.270',1.16
'0:15.273',1.47
'0:15.277',1.85
'0:15.281',2.22
'0:15.285',2.58
'0:15.289',2.78
'0:15.293',3.06
'0:15.297',3.72
'0:15.301',4.09
'0:15.305',4.08
'0:15.309',4.22
'0:15.313',4.3
'0:15.316',4.17
'0:15.320',3.98
'0:15.324',3.74
'0:15.328',3.7
'0:15.332',3.97
'0:15.336',4.09
'0:15.340',3.74
'0:15.344',3.08
'0:15.348',2.59
'0:15.352',2.25
'0:15.355',1.93
'0:15.359',1.52
'0:15.363',1.3
'0:15.367',1.3
'0:15.371',1.18
'0:15.375',0.94
'0:15.379',0.64
'0:15.383',0.72
'0:15.387',1
'0:15.391',1.08
'0:15.395',0.98
'0:15.398',0.74
'0:15.402',0.42
'0:15.406',0.01
'0:15.410',-0.36
'0:15.414',-0.58
'0:15.418',-1.04
'0:15.422',-1.38
'0:15.426',-1.39
'0:15.430',-1.38
'0:15.434',-1.39
'0:15.438',-1.39
'0:15.441',-1.39
'0:15.445',-2.54
'0:15.449',-2.82
'0:15.453',-2.74
'0:15.457',-2.63
'0:15.461',-2.7
'0:15.465',-3.31
'0:15.469',-3.84
'0:15.473',-3.87
'0:15.477',-3.27
'0:15.480',-1.62
'0:15.484',0.74
'0:15.488',3.28
'0:15.492',6.02
'0:15.496',6.58
'0:15.500',3.12
'0:15.504',-1.52
'0:15.508',-4.68
'0:15.512',-6.48
'0:15.516',-7.74
'0:15.520',-8.57
'0:15.523',-8.77
'0:15.527',-8.01
'0:15.531',-6.45
'0:15.535',-4.59
'0:15.539',-2.88
'0:15.543',-1.45
'0:15.547',-0.37
'0:15.551',0.32
'0:15.555',0.85
'0:15.559',1.32
'0:15.563',1.61
'0:15.566',2.24
'0:15.570',3
'0:15.574',3.27
'0:15.578',3.16
'0:15.582',3.1
'0:15.586',3.17
'0:15.590',3.61
'0:15.594',4.07
'0:15.598',4.29
'0:15.602',4.41
'0:15.605',4.63
'0:15.609',4.78
'0:15.613',4.97
'0:15.617',5.24
'0:15.621',5.46
'0:15.625',5.4
'0:15.629',6.94
'0:15.633',12.89
'0:15.637',18.79
'0:15.641',21.92
'0:15.645',23.49
'0:15.648',23.41
'0:15.652',21.75
'0:15.656',17.84
'0:15.660',10.56
'0:15.664',4.31
'0:15.668',0.28
'0:15.672',0.02
'0:15.676',-0.78
'0:15.680',-1.96
'0:15.684',-2.75
'0:15.688',-2.31
'0:15.691',0.47
'0:15.695',3.51
'0:15.699',2.73
'0:15.703',0.05
'0:15.707',-2.25
'0:15.711',-3.93
'0:15.715',-4.98
'0:15.719',-5.7
'0:15.723',-6.45
'0:15.727',-6.57
'0:15.730',-6.16
'0:15.734',-5.87
'0:15.738',-4.78
'0:15.742',-4.39
'0:15.746',-4.72
'0:15.750',-5.09
'0:15.754',-4.7
'0:15.758',-4.09
'0:15.762',-4.28
'0:15.766',-4.82
'0:15.770',-5.76
'0:15.773',-6.59
'0:15.777',-6.77
'0:15.781',-6.21
'0:15.785',-5.43
'0:15.789',-4.12
'0:15.793',-1.88
'0:15.797',0.74
'0:15.801',2.45
'0:15.805',0.82
'0:15.809',-3.11
'0:15.813',-6.13
'0:15.816',-7.46
'0:15.820',-8.51
'0:15.824',-10
'0:15.828',-11
'0:15.832',-11.23
'0:15.836',-10.6
'0:15.840',-9.31
'0:15.844',-7.66
'0:15.848',-5.97
'0:15.852',-4.53
'0:15.855',-3.34
'0:15.859',-2.44
'0:15.863',-1.92
'0:15.867',-1.24
'0:15.871',-0.65
'0:15.875',-0.14
'0:15.879',0.42
'0:15.883',0.51
'0:15.887',0.42
'0:15.891',0.7
'0:15.895',1.29
'0:15.898',1.71
'0:15.902',2.04
'0:15.906',2.32
'0:15.910',2.56
'0:15.914',2.78
'0:15.918',3.04
'0:15.922',3.27
'0:15.926',3.35
'0:15.930',3.37
'0:15.934',3.21
'0:15.938',2.73
'0:15.941',2.18
'0:15.945',1.89
'0:15.949',1.95
'0:15.953',2.15
'0:15.957',1.78
'0:15.961',0.81
'0:15.965',-0.11
'0:15.969',-0.84
'0:15.973',-0.79
'0:15.977',-0.39
'0:15.980',0.01
'0:15.984',0.32
'0:15.988',0.46
'0:15.992',0.44
'0:15.996',0.33
'0:16.000',0.23
'0:16.004',0.37
'0:16.008',0.73
'0:16.012',1
'0:16.016',3.86
'0:16.020',17.36
'0:16.023',29.44
'0:16.027',36.33
'0:16.031',39.2
'0:16.035',39.66
'0:16.039',38.84
'0:16.043',37.41
'0:16.047',35.7
'0:16.051',33.9
'0:16.055',32.1
'0:16.059',30.34
'0:16.063',28.63
'0:16.066',26.97
'0:16.070',25.37
'0:16.074',23.84
'0:16.078',22.37
'0:16.082',20.96
'0:16.086',18.61
'0:16.090',15.38
'0:16.094',12.95
'0:16.098',10.18
'0:16.102',6.17
'0:16.105',1.75
'0:16.109',-2.78
'0:16.113',-11.22
'0:16.117',-20.63
'0:16.121',-23.15
'0:16.125',-19.65
'0:16.129',-17.82
'0:16.133',-18.26
'0:16.137',-19.58
'0:16.141',-20.94
'0:16.145',-22.86
'0:16.148',-24.33
'0:16.152',-25.74
'0:16.156',-27.08
'0:16.160',-27.35
'0:16.164',-26.75
'0:16.168',-25.87
'0:16.172',-24.97
'0:16.176',-24.05
'0:16.180',-23.12
'0:16.184',-21.83
'0:16.188',-20.61
'0:16.191',-19.78
'0:16.195',-19.31
'0:16.199',-18.54
'0:16.203',-17.15
'0:16.207',-15.57
'0:16.211',-14.32
'0:16.215',-13.3
'0:16.219',-12.3
'0:16.223',-11.48
'0:16.227',-10.89
'0:16.230',-10.4
'0:16.234',-9.89
'0:16.238',-9.16
'0:16.242',-8.4
'0:16.246',-7.78
'0:16.250',-7.4
'0:16.254',-7.17
'0:16.258',-7.18
'0:16.262',-7.16
'0:16.266',-6.96
'0:16.270',-6.75
'0:16.273',-6.58
'0:16.277',-6.26
'0:16.281',-5.82
'0:16.285',-5.44
'0:16.289',-5.22
'0:16.293',-4.95
'0:16.297',-4.75
'0:16.301',-4.31
'0:16.305',-3.88
'0:16.309',-3.71
'0:16.313',-3.77
'0:16.316',-3.8
'0:16.320',-3.21
'0:16.324',-2.82
'0:16.328',-2.82
'0:16.332',-2.82
'0:16.336',-2.82
'0:16.340',-2.62
'0:16.344',-3.33
'0:16.348',-4.13
'0:16.352',-4.69
'0:16.355',-4.7
'0:16.359',-4.51
'0:16.363',-4.21
'0:16.367',-3.85
'0:16.371',-3.58
'0:16.375',-3.67
'0:16.379',-4.12
'0:16.383',-4.52
'0:16.387',-4.31
'0:16.391',-3.41
'0:16.395',-1.66
'0:16.398',0.68
'0:16.402',3.38
'0:16.406',6.18
'0:16.410',6.77
'0:16.414',3.54
'0:16.418',-0.72
'0:16.422',-4.12
'0:16.426',-6.71
'0:16.430',-8.54
'0:16.434',-9.15
'0:16.438',-8.5
'0:16.441',-7.14
'0:16.445',-5.46
'0:16.449',0.06
'0:16.453',12.2
'0:16.457',16.98
'0:16.461',12.1
'0:16.465',6.75
'0:16.469',3.37
'0:16.473',1.52
'0:16.477',0.79
'0:16.480',0.59
'0:16.484',0.71
'0:16.488',1.13
'0:16.492',2.87
'0:16.496',14.22
'0:16.500',19.69
'0:16.504',17.43
'0:16.508',12.83
'0:16.512',16.22
'0:16.516',14.57
'0:16.520',8.18
'0:16.523',4.72
'0:16.527',4.06
'0:16.531',2.47
'0:16.535',0.81
'0:16.539',-0.45
'0:16.543',-1.31
'0:16.547',-1.77
'0:16.551',-1.89
'0:16.555',-1.75
'0:16.559',-1.6
'0:16.563',-1.61
'0:16.566',-1.71
'0:16.570',-2.09
'0:16.574',-2.62
'0:16.578',-3.01
'0:16.582',-3.04
'0:16.586',-2.63
'0:16.590',-1.9
'0:16.594',-1.36
'0:16.598',-1.19
'0:16.602',-1.21
'0:16.605',-1.07
'0:16.609',-0.9
'0:16.613',-0.68
'0:16.617',-0.6
'0:16.621',-0.61
'0:16.625',-0.63
'0:16.629',-0.53
'0:16.633',-0.5
'0:16.637',-0.56
'0:16.641',-0.9
'0:16.645',-1.4
'0:16.648',-1.97
'0:16.652',-2.72
'0:16.656',-3.29
'0:16.660',-3.14
'0:16.664',-2.63
'0:16.668',-1.99
'0:16.672',-1.27
'0:16.676',-0.93
'0:16.680',-0.97
'0:16.684',-1.62
'0:16.688',-2.31
'0:16.691',-2.9
'0:16.695',-2.94
'0:16.699',-1.59
'0:16.703',0.73
'0:16.707',3.21
'0:16.711',5.96
'0:16.715',8.34
'0:16.719',7.77
'0:16.723',3.85
'0:16.727',-0.1
'0:16.730',-2.74
'0:16.734',-4.76
'0:16.738',-6.44
'0:16.742',-7.15
'0:16.746',-6.89
'0:16.750',-5.94
'0:16.754',-4.69
'0:16.758',-3.05
'0:16.762',-1.37
'0:16.766',0.07
'0:16.770',1
'0:16.773',1.59
'0:16.777',1.88
'0:16.781',2.29
'0:16.785',2.63
'0:16.789',2.96
'0:16.793',3.38
'0:16.797',3.69
'0:16.801',4.05
'0:16.805',4.1
'0:16.809',4.26
'0:16.813',4.39
'0:16.816',4.14
'0:16.820',4.08
'0:16.824',4.44
'0:16.828',5.31
'0:16.832',5.98
'0:16.836',6.05
'0:16.840',5.92
'0:16.844',5.76
'0:16.848',5.61
'0:16.852',5.63
'0:16.855',5.3
'0:16.859',4.9
'0:16.863',4.59
'0:16.867',4.34
'0:16.871',4.09
'0:16.875',3.84
'0:16.879',3.66
'0:16.883',3.37
'0:16.887',2.81
'0:16.891',2.3
'0:16.895',2.02
'0:16.898',1.95
'0:16.902',1.93
'0:16.906',1.92
'0:16.910',2.1
'0:16.914',2.32
'0:16.918',2.62
'0:16.922',2.81
'0:16.926',2.8
'0:16.930',2.8
'0:16.934',2.76
'0:16.938',2.46
'0:16.941',1.76
'0:16.945',0.79
'0:16.949',0.01
'0:16.953',-0.14
'0:16.957',-0.16
'0:16.961',-0.33
'0:16.965',-0.48
'0:16.969',-0.63
'0:16.973',-0.81
'0:16.977',-0.97
'0:16.980',-1.04
'0:16.984',-1.07
'0:16.988',-1.15
'0:16.992',-1.58
'0:16.996',-2.35
'0:17.000',-2.89
'0:17.004',-2.77
'0:17.008',-1.77
'0:17.012',0.03
'0:17.016',2.36
'0:17.020',5.14
'0:17.023',7.54
'0:17.027',6.82
'0:17.031',2.58
'0:17.035',-1.8
'0:17.039',-4.4
'0:17.043',-6.15
'0:17.047',-7.54
'0:17.051',-8.54
'0:17.055',-8.96
'0:17.059',-8.25
'0:17.063',-6.68
'0:17.066',-4.7
'0:17.070',-2.85
'0:17.074',-1.27
'0:17.078',-0.1
'0:17.082',0.62
'0:17.086',1
'0:17.090',1.23
'0:17.094',1.47
'0:17.098',1.86
'0:17.102',2.29
'0:17.105',2.79
'0:17.109',3.77
'0:17.113',4.32
'0:17.117',5.42
'0:17.121',6.9
'0:17.125',8.09
'0:17.129',8.31
'0:17.133',7.48
'0:17.137',6.05
'0:17.141',4.38
'0:17.145',3.37
'0:17.148',3.13
'0:17.152',3.17
'0:17.156',3.21
'0:17.160',2.95
'0:17.164',2.35
'0:17.168',1.71
'0:17.172',1.2
'0:17.176',0.78
'0:17.180',0.2
'0:17.184',-0.35
'0:17.188',-0.39
'0:17.191',0
'0:17.195',0.42
'0:17.199',0.71
'0:17.203',0.74
'0:17.207',0.58
'0:17.211',0.28
'0:17.215',-0.14
'0:17.219',-0.45
'0:17.223',-0.46
'0:17.227',-0.07
'0:17.230',0.35
'0:17.234',0.42
'0:17.238',0.03
'0:17.242',-0.7
'0:17.246',-1.52
'0:17.250',-2.08
'0:17.254',-2.27
'0:17.258',-2.36
'0:17.262',-2.57
'0:17.266',-2.89
'0:17.270',-3.18
'0:17.273',-3.35
'0:17.277',-3.38
'0:17.281',-3.51
'0:17.285',-3.87
'0:17.289',-4.11
'0:17.293',-4.18
'0:17.297',-4.33
'0:17.301',-4.51
'0:17.305',-4.43
'0:17.309',-3.82
'0:17.313',-2.42
'0:17.316',-0.36
'0:17.320',2.19
'0:17.324',4.82
'0:17.328',5.06
'0:17.332',1.67
'0:17.336',-2.37
'0:17.340',-5.52
'0:17.344',-7.85
'0:17.348',-9.27
'0:17.352',-9.84
'0:17.355',-9.31
'0:17.359',-8.01
'0:17.363',-6.51
'0:17.367',-4.87
'0:17.371',-2.92
'0:17.375',-1.1
'0:17.379',0.32
'0:17.383',1.2
'0:17.387',1.64
'0:17.391',1.72
'0:17.395',1.78
'0:17.398',1.83
'0:17.402',1.98
'0:17.406',2.28
'0:17.410',2.71
'0:17.414',3.15
'0:17.418',3.53
'0:17.422',3.85
'0:17.426',4.21
'0:17.430',4.52
'0:17.434',4.79
'0:17.438',4.96
'0:17.441',4.98
'0:17.445',4.86
'0:17.449',4.58
'0:17.453',4.27
'0:17.457',4.11
'0:17.461',4.05
'0:17.465',3.91
'0:17.469',3.59
'0:17.473',3.22
'0:17.477',2.75
'0:17.480',2.13
'0:17.484',1.52
'0:17.488',1.08
'0:17.492',0.74
'0:17.496',0.59
'0:17.500',0.58
'0:17.504',0.61
'0:17.508',0.78
'0:17.512',0.78
'0:17.516',0.62
'0:17.520',0.66
'0:17.523',0.87
'0:17.527',1.22
'0:17.531',1.42
'0:17.535',1.25
'0:17.539',0.96
'0:17.543',0.76
'0:17.547',0.56
'0:17.551',0.25
'0:17.555',-0.16
'0:17.559',-0.72
'0:17.563',-1.26
'0:17.566',-1.67
'0:17.570',-1.94
'0:17.574',-2.16
'0:17.578',-2.53
'0:17.582',-2.8
'0:17.586',-2.72
'0:17.590',-2.37
'0:17.594',-2.09
'0:17.598',-2.02
'0:17.602',-2.33
'0:17.605',-2.9
'0:17.609',-3.13
'0:17.613',-2.53
'0:17.617',-0.99
'0:17.621',1.16
'0:17.625',3.77
'0:17.629',6.41
'0:17.633',8.37
'0:17.637',6.46
'0:17.641',1.4
'0:17.645',-2.95
'0:17.648',-5.88
'0:17.652',-8.03
'0:17.656',-9.32
'0:17.660',-9.59
'0:17.664',-9.03
'0:17.668',-7.82
'0:17.672',-6.04
'0:17.676',-4.12
'0:17.680',-2.46
'0:17.684',-1.17
'0:17.688',-0.21
'0:17.691',0.46
'0:17.695',0.78
'0:17.699',1.19
'0:17.703',1.66
'0:17.707',1.95
'0:17.711',2.07
'0:17.715',2.27
'0:17.719',2.46
'0:17.723',2.69
'0:17.727',3.02
'0:17.730',3.15
'0:17.734',3.15
'0:17.738',3.25
'0:17.742',3.29
'0:17.746',3.32
'0:17.750',3.49
'0:17.754',3.9
'0:17.758',4.07
'0:17.762',4.24
'0:17.766',4.41
'0:17.770',4.37
'0:17.773',3.92
'0:17.777',3.37
'0:17.781',2.81
'0:17.785',2.46
'0:17.789',2.49
'0:17.793',2.4
'0:17.797',1.86
'0:17.801',1.32
'0:17.805',1.12
'0:17.809',1.12
'0:17.813',0.79
'0:17.816',0.79
'0:17.820',1.01
'0:17.824',1
'0:17.828',0.92
'0:17.832',0.79
'0:17.836',0.78
'0:17.840',0.7
'0:17.844',0.61
'0:17.848',0.76
'0:17.852',0.65
'0:17.855',0.25
'0:17.859',0.06
'0:17.863',0.2
'0:17.867',-0.21
'0:17.871',-0.8
'0:17.875',-1.33
'0:17.879',-1.39
'0:17.883',-1.62
'0:17.887',-2.16
'0:17.891',-2.19
'0:17.895',-2.19
'0:17.898',-2.24
'0:17.902',-2
'0:17.906',-1.9
'0:17.910',-2.36
'0:17.914',-2.67
'0:17.918',-2.51
'0:17.922',-2.26
'0:17.926',-1.17
'0:17.930',0.65
'0:17.934',2.82
'0:17.938',5.21
'0:17.941',6.72
'0:17.945',5.05
'0:17.949',0.86
'0:17.953',-3.01
'0:17.957',-5.41
'0:17.961',-6.65
'0:17.965',-7.62
'0:17.969',-8.23
'0:17.973',-8.13
'0:17.977',-7.14
'0:17.980',-5.94
'0:17.984',-5.02
'0:17.988',-4.1
'0:17.992',-2.87
'0:17.996',-1.36
'0:18.000',0.13
'0:18.004',0.75
'0:18.008',0.9
'0:18.012',1.05
'0:18.016',0.9
'0:18.020',1.13
'0:18.023',1.66
'0:18.027',2.25
'0:18.031',2.85
'0:18.035',3.15
'0:18.039',2.76
'0:18.043',2.61
'0:18.047',2.72
'0:18.051',3.09
'0:18.055',2.97
'0:18.059',3.12
'0:18.063',3.41
'0:18.066',3.39
'0:18.070',3
'0:18.074',2.64
'0:18.078',2.64
'0:18.082',2.98
'0:18.086',3.03
'0:18.090',2.55
'0:18.094',1.87
'0:18.098',1.5
'0:18.102',1.44
'0:18.105',1.3
'0:18.109',1.15
'0:18.113',0.85
'0:18.117',0.44
'0:18.121',0.05
'0:18.125',-0.26
'0:18.129',-0.27
'0:18.133',-0.14
'0:18.137',0.13
'0:18.141',0.52
'0:18.145',0.83
'0:18.148',1.02
'0:18.152',1
'0:18.156',0.71
'0:18.160',0.31
'0:18.164',-0.19
'0:18.168',-0.65
'0:18.172',-0.99
'0:18.176',-1.26
'0:18.180',-1.72
'0:18.184',-2.31
'0:18.188',-2.87
'0:18.191',-3.29
'0:18.195',-3.52
'0:18.199',-3.54
'0:18.203',-3.42
'0:18.207',-3.29
'0:18.211',-3.26
'0:18.215',-3.38
'0:18.219',-3.75
'0:18.223',-4.39
'0:18.227',-4.95
'0:18.230',-5.06
'0:18.234',-4.35
'0:18.238',-2.46
'0:18.242',0.42
'0:18.246',3.89
'0:18.250',7.03
'0:18.254',7.37
'0:18.258',3.53
'0:18.262',-1.54
'0:18.266',-5.37
'0:18.270',-8.13
'0:18.273',-10.1
'0:18.277',-11.03
'0:18.281',-10.88
'0:18.285',-9.86
'0:18.289',-8.45
'0:18.293',-6.69
'0:18.297',-4.58
'0:18.301',-2.65
'0:18.305',-1.15
'0:18.309',-0.19
'0:18.313',0.3
'0:18.316',0.39
'0:18.320',0.35
'0:18.324',0.18
'0:18.328',0.13
'0:18.332',0.57
'0:18.336',1.27
'0:18.340',1.87
'0:18.344',2.28
'0:18.348',2.52
'0:18.352',2.66
'0:18.355',2.8
'0:18.359',3
'0:18.363',3.19
'0:18.367',3.45
'0:18.371',3.74
'0:18.375',3.74
'0:18.379',3.49
'0:18.383',3.22
'0:18.387',3
'0:18.391',2.84
'0:18.395',2.72
'0:18.398',2.61
'0:18.402',2.36
'0:18.406',1.94
'0:18.410',1.39
'0:18.414',0.85
'0:18.418',0.37
'0:18.422',0.26
'0:18.426',0.54
'0:18.430',1.01
'0:18.434',1.41
'0:18.438',1.49
'0:18.441',1.42
'0:18.445',1.26
'0:18.449',1.17
'0:18.453',1.03
'0:18.457',0.86
'0:18.461',0.7
'0:18.465',0.57
'0:18.469',0.35
'0:18.473',-0.18
'0:18.477',-0.87
'0:18.480',-1.55
'0:18.484',-1.94
'0:18.488',-2.11
'0:18.492',-2.13
'0:18.496',-2.31
'0:18.500',-2.58
'0:18.504',-2.7
'0:18.508',-2.73
'0:18.512',-2.68
'0:18.516',-2.78
'0:18.520',-3.28
'0:18.523',-3.89
'0:18.527',-4.21
'0:18.531',-4.4
'0:18.535',-4.08
'0:18.539',-2.89
'0:18.543',-0.92
'0:18.547',1.76
'0:18.551',4.74
'0:18.555',5.42
'0:18.559',2.12
'0:18.563',-2.36
'0:18.566',-6.01
'0:18.570',-8.77
'0:18.574',-10.56
'0:18.578',-10.86
'0:18.582',-9.59
'0:18.586',-7.43
'0:18.590',-5.23
'0:18.594',-3.22
'0:18.598',-1.54
'0:18.602',-0.09
'0:18.605',0.98
'0:18.609',1.61
'0:18.613',1.86
'0:18.617',1.95
'0:18.621',1.91
'0:18.625',1.94
'0:18.629',2.2
'0:18.633',2.58
'0:18.637',2.95
'0:18.641',3.17
'0:18.645',3.2
'0:18.648',3.25
'0:18.652',3.47
'0:18.656',3.83
'0:18.660',4.36
'0:18.664',4.95
'0:18.668',5.51
'0:18.672',5.82
'0:18.676',5.71
'0:18.680',5.39
'0:18.684',5.19
'0:18.688',5.14
'0:18.691',5.04
'0:18.695',4.81
'0:18.699',4.46
'0:18.703',4.04
'0:18.707',3.49
'0:18.711',2.78
'0:18.715',1.97
'0:18.719',1.22
'0:18.723',0.69
'0:18.727',0.33
'0:18.730',0.2
'0:18.734',0.18
'0:18.738',0.08
'0:18.742',-0.09
'0:18.746',-0.14
'0:18.750',0
'0:18.754',0.35
'0:18.758',0.54
'0:18.762',0.51
'0:18.766',0.29
'0:18.770',0.03
'0:18.773',-0.02
'0:18.777',0.1
'0:18.781',-0.02
'0:18.785',-0.4
'0:18.789',-0.99
'0:18.793',-1.56
'0:18.797',-2.07
'0:18.801',-2.36
'0:18.805',-2.5
'0:18.809',-2.7
'0:18.813',-2.97
'0:18.816',-3.13
'0:18.820',-2.95
'0:18.824',-2.74
'0:18.828',-2.7
'0:18.832',-2.95
'0:18.836',-3.46
'0:18.840',-3.77
'0:18.844',-3.21
'0:18.848',-1.67
'0:18.852',0.55
'0:18.855',3.51
'0:18.859',6.3
'0:18.863',6.03
'0:18.867',2.22
'0:18.871',-1.84
'0:18.875',-4.6
'0:18.879',-6.72
'0:18.883',-8.4
'0:18.887',-9.18
'0:18.891',-8.87
'0:18.895',-7.72
'0:18.898',-5.99
'0:18.902',-4.13
'0:18.906',-2.39
'0:18.910',-1.04
'0:18.914',0
'0:18.918',0.9
'0:18.922',1.71
'0:18.926',2.17
'0:18.930',2.03
'0:18.934',1.98
'0:18.938',2.35
'0:18.941',2.64
'0:18.945',2.85
'0:18.949',3.13
'0:18.953',3.49
'0:18.957',3.81
'0:18.961',4.1
'0:18.965',4.49
'0:18.969',4.78
'0:18.973',4.93
'0:18.977',5.04
'0:18.980',5.12
'0:18.984',5.07
'0:18.988',4.85
'0:18.992',4.68
'0:18.996',4.59
'0:19.000',4.4
'0:19.004',4.1
'0:19.008',3.61
'0:19.012',3.05
'0:19.016',2.64
'0:19.020',2.07
'0:19.023',1.32
'0:19.027',0.83
'0:19.031',0.62
'0:19.035',0.49
'0:19.039',0.37
'0:19.043',0.36
'0:19.047',0.47
'0:19.051',0.37
'0:19.055',0.11
'0:19.059',-0.02
'0:19.063',0
'0:19.066',0.33
'0:19.070',0.74
'0:19.074',0.71
'0:19.078',0.47
'0:19.082',0.46
'0:19.086',0.39
'0:19.090',0.18
'0:19.094',-0.36
'0:19.098',-0.92
'0:19.102',-1.24
'0:19.105',-1.34
'0:19.109',-1.51
'0:19.113',-1.89
'0:19.117',-2.35
'0:19.121',-2.65
'0:19.125',-2.73
'0:19.129',-2.7
'0:19.133',-2.65
'0:19.137',-2.94
'0:19.141',-3
'0:19.145',-3.11
'0:19.148',-3.26
'0:19.152',-2.96
'0:19.156',-1.96
'0:19.160',-0.43
'0:19.164',1.45
'0:19.168',3.41
'0:19.172',5.24
'0:19.176',5.29
'0:19.180',2.24
'0:19.184',-0.99
'0:19.188',-2.72
'0:19.191',-3.81
'0:19.195',-5.6
'0:19.199',-7.28
'0:19.203',-8.43
'0:19.207',-8.52
'0:19.211',-7.52
'0:19.215',-5.88
'0:19.219',-3.95
'0:19.223',-2.65
'0:19.227',-1.41
'0:19.230',-0.02
'0:19.234',0.64
'0:19.238',0.77
'0:19.242',1.07
'0:19.246',1.15
'0:19.250',1.3
'0:19.254',1.83
'0:19.258',2.6
'0:19.262',2.73
'0:19.266',2.23
'0:19.270',2.27
'0:19.273',2.76
'0:19.277',3.05
'0:19.281',3.68
'0:19.285',4.13
'0:19.289',4.31
'0:19.293',4.19
'0:19.297',3.86
'0:19.301',3.73
'0:19.305',3.77
'0:19.309',3.66
'0:19.313',3.45
'0:19.316',3.11
'0:19.320',2.87
'0:19.324',2.47
'0:19.328',2.18
'0:19.332',2
'0:19.336',1.55
'0:19.340',1.24
'0:19.344',0.72
'0:19.348',0.27
'0:19.352',0.21
'0:19.355',0.22
'0:19.359',-0.19
'0:19.363',-0.57
'0:19.367',-0.43
'0:19.371',-0.08
'0:19.375',0.24
'0:19.379',0.56
'0:19.383',0.81
'0:19.387',0.83
'0:19.391',0.58
'0:19.395',0.2
'0:19.398',-0.16
'0:19.402',-0.48
'0:19.406',-0.9
'0:19.410',-1.31
'0:19.414',-1.75
'0:19.418',-2.19
'0:19.422',-2.41
'0:19.426',-2.41
'0:19.430',-2.5
'0:19.434',-2.63
'0:19.438',-2.87
'0:19.441',-3.21
'0:19.445',-3.44
'0:19.449',-3.43
'0:19.453',-3.43
'0:19.457',-3.55
'0:19.461',-3.75
'0:19.465',-3.81
'0:19.469',-3.26
'0:19.473',-1.97
'0:19.477',-0.06
'0:19.480',2.52
'0:19.484',5.14
'0:19.488',5.78
'0:19.492',2.67
'0:19.496',-1.58
'0:19.500',-4.45
'0:19.504',-6.26
'0:19.508',-8.01
'0:19.512',-9.33
'0:19.516',-9.76
'0:19.520',-9.3
'0:19.523',-8.31
'0:19.527',-6.79
