0,-1.35
0.1,-1.19
0.2,-1.09
0.3,-0.97
0.4,-0.67
0.5,-0.48
0.6,-0.36
0.7,-0.17
0.8,0.07
0.9,0.39
1,0.7
1.1,0.92
1.2,1.18
1.3,1.45
1.4,1.73
1.5,1.95
1.6,2.1
1.7,2.13
1.8,2.17
1.9,2.36
2,2.51
2.1,2.42
2.2,2.22
2.3,2.07
2.4,2
2.5,1.88
2.6,1.62
2.7,1.28
2.8,0.97
2.9,0.72
3,0.47
3.1,0.23
3.2,0.01
3.3,-0.23
3.4,-0.4
3.5,-0.43
3.6,-0.43
3.7,-0.41
3.8,-0.41
3.9,-0.41
4,-0.32
4.1,-0.07
4.2,0.07
4.3,0.29
4.4,0.48
4.5,0.54
4.6,0.49
4.7,0.33
4.8,0.27
4.9,0.28
5,0.25
5.1,0.25
5.2,0.16
5.3,0.03
5.4,-0.1
5.5,-0.14
5.6,-0.11
5.7,-0.36
5.8,-0.6
5.9,-0.77
6,-0.98
6.1,-1.26
6.2,-1.48
6.3,-1.64
6.4,-1.7
6.5,-1.7
6.6,-1.71
6.7,-1.75
6.8,-1.75
6.9,-1.65
7,-1.67
7.1,-2.13
7.2,-2.94
7.3,-3.64
7.4,-3.55
7.5,-2.35
7.6,0.05
7.7,3.47
7.8,7.69
7.9,12.12
8,15.43
8.1,15.72
8.2,13.47
8.3,9.81
8.4,5.24
8.5,0.5
8.6,-3.77
8.7,-6.63
8.8,-8.13
8.9,-8.22
9,-7.41
9.1,-6.21
9.2,-5.38
9.3,-4.8
9.4,-4.29
9.5,-3.9
9.6,-3.44
9.7,-3.11
9.8,-2.88
9.9,-2.64
10,-2.43
10.1,-2.36
10.2,-2.5
10.3,-2.27
10.4,-1.79
10.5,-1.42
10.6,-1.15
10.7,-0.97
10.8,-0.92
10.9,-0.78
11,-0.49
11.1,-0.32
11.2,-0.24
11.3,-0.12
11.4,0.23
11.5,0.46
11.6,0.65
11.7,0.74
11.8,0.94
11.9,1.38
12,1.79
12.1,2
12.2,2.17
12.3,2.45
12.4,2.61
12.5,2.59
12.6,2.52
12.7,2.32
12.8,2.29
12.9,2.36
13,2.08
13.1,1.53
13.2,1.13
13.3,0.98
13.4,0.8
13.5,0.53
13.6,0.12
13.7,-0.11
13.8,-0.41
13.9,-0.7
14,-0.8
14.1,-0.73
14.2,-0.73
14.3,-0.79
14.4,-0.63
14.5,-0.51
14.6,-0.22
14.7,0.07
14.8,0.25
14.9,0.41
15,0.46
15.1,0.42
15.2,0.31
15.3,0.11
15.4,0.15
15.5,0.36
15.6,0.06
15.7,-0.42
15.8,-0.51
15.9,-0.38
16,-0.31
16.1,-0.38
16.2,-0.39
16.3,-0.65
16.4,-1.06
16.5,-1.38
16.6,-1.6
16.7,-1.78
16.8,-1.94
16.9,-1.95
17,-1.71
17.1,-1.68
17.2,-1.65
17.3,-1.66
17.4,-1.59
17.5,-1.58
17.6,-2.24
17.7,-3.22
17.8,-3.81
17.9,-3.6
18,-2.12
18.1,0.6
18.2,4.14
18.3,8.42
18.4,12.6
18.5,14.95
18.6,14.51
18.7,11.95
18.8,7.92
18.9,3.15
19,-2.19
19.1,-6.03
19.2,-8.17
19.3,-8.75
19.4,-8.13
19.5,-7.05
19.6,-6.02
19.7,-5.16
19.8,-4.45
19.9,-3.89
20,-3.39
20.1,-3.07
20.2,-2.98
20.3,-2.81
20.4,-2.56
20.5,-2.36
20.6,-2.11
20.7,-1.8
20.8,-1.49
20.9,-1.08
21,-0.76
21.1,-0.68
21.2,-0.66
21.3,-0.47
21.4,-0.17
21.5,0.07
21.6,0.24
21.7,0.41
21.8,0.61
21.9,0.89
22,1.14
22.1,1.35
22.2,1.61
22.3,1.89
22.4,2.21
22.5,2.41
22.6,2.51
22.7,2.53
22.8,2.54
22.9,2.53
23,2.47
23.1,2.37
23.2,2.28
23.3,2.18
23.4,2.03
23.5,1.76
23.6,1.43
23.7,1.22
23.8,1.08
23.9,0.89
24,0.59
24.1,0.3
24.2,-0.03
24.3,-0.29
24.4,-0.34
24.5,-0.46
24.6,-0.68
24.7,-0.68
24.8,-0.61
24.9,-0.42
25,-0.27
25.1,-0.19
25.2,-0.04
25.3,0.13
25.4,0.29
25.5,0.33
25.6,0.34
25.7,0.27
25.8,0.2
25.9,0.25
26,0.29
26.1,0.23
26.2,0.1
26.3,0.05
26.4,-0.06
26.5,-0.23
26.6,-0.4
26.7,-0.6
26.8,-0.79
26.9,-0.95
27,-1.23
27.1,-1.6
27.2,-1.87
27.3,-1.99
27.4,-1.95
27.5,-1.92
27.6,-1.92
27.7,-1.92
27.8,-1.95
27.9,-1.92
28,-2.14
28.1,-2.8
28.2,-3.45
28.3,-3.67
28.4,-2.9
28.5,-0.89
28.6,2.07
28.7,5.86
28.8,10.22
28.9,13.84
29,14.8
29.1,13.4
29.2,10.51
29.3,6.59
29.4,2.14
29.5,-2.45
29.6,-6.05
29.7,-8.22
29.8,-8.98
29.9,-8.38
30,-7.05
30.1,-5.94
30.2,-5.21
30.3,-4.5
30.4,-3.81
30.5,-3.34
30.6,-3
30.7,-2.82
30.8,-2.73
30.9,-2.4
31,-1.96
31.1,-1.8
31.2,-1.71
31.3,-1.51
31.4,-1.29
31.5,-1.16
31.6,-1.06
31.7,-0.95
31.8,-0.75
31.9,-0.37
32,-0.1
32.1,0.03
32.2,0.12
32.3,0.15
32.4,0.43
32.5,0.73
32.6,1.05
32.7,1.22
32.8,1.21
32.9,1.18
33,1.36
33.1,1.56
33.2,1.66
33.3,1.8
33.4,2.16
33.5,2.36
33.6,2.37
33.7,2.13
33.8,1.96
33.9,1.81
34,1.6
34.1,1.3
34.2,1.08
34.3,0.84
34.4,0.64
34.5,0.37
34.6,-0.01
34.7,-0.52
34.8,-0.77
34.9,-0.84
35,-0.82
35.1,-0.98
35.2,-1.23
35.3,-1.08
35.4,-0.83
35.5,-0.7
35.6,-0.75
35.7,-0.59
35.8,-0.56
35.9,-0.49
36,-0.46
36.1,-0.39
36.2,-0.24
36.3,-0.1
36.4,0.04
36.5,0.07
36.6,-0.05
36.7,-0.16
36.8,-0.14
36.9,-0.27
37,-0.6
37.1,-0.82
37.2,-1.01
37.3,-1.14
37.4,-1.24
37.5,-1.47
37.6,-1.89
37.7,-2.25
37.8,-2.33
37.9,-2.29
38,-2.31
38.1,-2.31
38.2,-2.24
38.3,-2.24
38.4,-2.29
38.5,-2.59
38.6,-3.29
38.7,-3.88
38.8,-3.88
38.9,-2.57
39,0.06
39.1,3.57
39.2,7.86
39.3,11.99
39.4,14.18
39.5,13.32
39.6,10.89
39.7,7.55
39.8,3.42
39.9,-0.87
40,-4.62
40.1,-7.27
40.2,-8.84
40.3,-9.11
40.4,-8.32
40.5,-7
40.6,-5.54
40.7,-4.53
40.8,-3.84
40.9,-3.18
41,-2.81
41.1,-2.53
41.2,-2.35
41.3,-2.24
41.4,-2.1
41.5,-1.76
41.6,-1.42
41.7,-1.27
41.8,-1.19
41.9,-1.01
42,-0.73
42.1,-0.49
42.2,-0.27
42.3,-0.05
42.4,0.07
42.5,0.22
42.6,0.46
42.7,0.63
42.8,0.75
42.9,1.02
43,1.1
43.1,1.17
43.2,1.36
43.3,1.7
43.4,2.02
43.5,2.26
43.6,2.41
43.7,2.43
43.8,2.49
43.9,2.51
44,2.41
44.1,2.37
44.2,2.24
44.3,2.06
44.4,1.93
44.5,1.76
44.6,1.5
44.7,1.2
44.8,0.91
44.9,0.65
45,0.38
45.1,0.13
45.2,-0.23
45.3,-0.36
45.4,-0.26
45.5,-0.22
45.6,-0.35
45.7,-0.43
45.8,-0.41
45.9,-0.13
46,0.03
46.1,0.22
46.2,0.34
46.3,0.42
46.4,0.44
46.5,0.54
46.6,0.51
46.7,0.47
46.8,0.56
46.9,0.61
47,0.38
47.1,0.21
47.2,0.08
47.3,-0.08
47.4,-0.14
47.5,-0.09
47.6,-0.19
47.7,-0.26
47.8,-0.42
47.9,-0.74
48,-1.19
48.1,-1.43
48.2,-1.56
48.3,-1.6
48.4,-1.44
48.5,-1.36
48.6,-1.29
48.7,-1.09
48.8,-1.26
48.9,-1.83
49,-2.58
49.1,-3.06
49.2,-2.79
49.3,-1.36
49.4,1.15
49.5,4.33
49.6,8.24
49.7,12.1
49.8,14.65
49.9,14.5
50,12.27
50.1,8.91
50.2,4.68
50.3,0.61
50.4,-3.11
50.5,-5.7
50.6,-7.04
50.7,-7.1
50.8,-6.52
50.9,-5.59
51,-4.65
51.1,-4.02
51.2,-3.49
51.3,-3.15
51.4,-2.71
51.5,-2.28
51.6,-1.95
51.7,-1.73
51.8,-1.75
51.9,-1.49
52,-1.1
52.1,-0.84
52.2,-0.68
52.3,-0.47
52.4,-0.15
52.5,0.05
52.6,-0.06
52.7,-0.1
52.8,0.6
52.9,0.92
53,1
53.1,0.96
53.2,1.07
53.3,1.17
53.4,1.3
53.5,1.53
53.6,1.8
53.7,1.9
53.8,2.11
53.9,2.48
54,2.85
54.1,2.98
54.2,2.79
54.3,2.78
54.4,2.83
54.5,2.92
54.6,2.88
54.7,2.8
54.8,2.78
54.9,2.55
55,2.09
55.1,1.61
55.2,1.21
55.3,0.89
55.4,0.92
55.5,0.93
55.6,0.72
55.7,0.55
55.8,0.56
55.9,0.64
56,0.35
56.1,0.43
56.2,0.54
56.3,0.51
56.4,0.94
56.5,1.03
56.6,0.96
56.7,0.88
56.8,0.72
56.9,0.97
57,1.31
57.1,1.35
57.2,1.11
57.3,1.03
57.4,1.03
57.5,1.02
57.6,1.22
57.7,0.96
57.8,0.61
57.9,0.54
58,0.47
58.1,0.16
58.2,-0.23
58.3,-0.55
58.4,-0.63
58.5,-0.63
58.6,-0.6
58.7,-0.96
58.8,-1.24
58.9,-1.44
59,-1.39
59.1,-1.15
59.2,-1.18
59.3,-1.47
59.4,-1.91
59.5,-2.21
59.6,-2.31
59.7,-1.44
59.8,0.82
59.9,4
60,7.81
60.1,11.45
60.2,13.73
60.3,13.61
60.4,11.7
60.5,8.56
60.6,4.48
60.7,0.36
60.8,-3.05
60.9,-5.41
61,-6.7
61.1,-6.82
61.2,-6.27
61.3,-5.47
61.4,-4.67
61.5,-4.06
61.6,-3.68
61.7,-3.46
61.8,-3.22
61.9,-2.8
62,-2.18
62.1,-1.78
62.2,-1.68
62.3,-1.65
62.4,-1.49
62.5,-1.22
62.6,-1.02
62.7,-0.85
62.8,-0.65
62.9,-0.49
63,-0.44
63.1,-0.39
63.2,-0.24
63.3,0
63.4,0.1
63.5,0.17
63.6,0.37
63.7,0.59
63.8,0.87
63.9,1.07
64,1.22
64.1,1.42
64.2,1.76
64.3,2.09
64.4,2.27
64.5,2.27
64.6,2.24
64.7,2.23
64.8,2.25
64.9,2.17
65,1.94
65.1,1.68
65.2,1.35
65.3,1.01
65.4,0.81
65.5,0.56
65.6,0.14
65.7,-0.25
65.8,-0.5
65.9,-0.63
66,-0.74
66.1,-0.82
66.2,-0.85
66.3,-0.9
66.4,-0.94
66.5,-0.82
66.6,-0.63
66.7,-0.49
66.8,-0.22
66.9,-0.02
67,0.08
67.1,0.22
67.2,0.25
67.3,0.26
67.4,0.2
67.5,0.18
67.6,0.23
67.7,0.27
67.8,0.23
67.9,0.18
68,0.13
68.1,-0.09
68.2,-0.4
68.3,-0.68
68.4,-0.78
68.5,-0.87
68.6,-1
68.7,-1.24
68.8,-1.38
68.9,-1.58
69,-1.87
69.1,-1.92
69.2,-1.94
69.3,-2.04
69.4,-1.95
69.5,-1.91
69.6,-2.09
69.7,-2.66
69.8,-3.27
69.9,-3.55
70,-3.23
70.1,-1.88
70.2,0.58
70.3,3.72
70.4,7.85
70.5,11.81
70.6,14.15
70.7,13.84
70.8,11.63
70.9,8.17
71,4
71.1,-0.36
71.2,-4.28
71.3,-6.97
71.4,-8.05
71.5,-7.93
71.6,-7.18
71.7,-6.11
71.8,-5.46
71.9,-5.12
72,-4.7
72.1,-4.23
72.2,-3.81
72.3,-3.49
72.4,-3.27
72.5,-3.09
72.6,-2.83
72.7,-2.42
72.8,-2.24
72.9,-2.12
73,-1.95
73.1,-2.02
73.2,-2.17
73.3,-1.86
73.4,-1.4
73.5,-1.19
73.6,-1.05
73.7,-0.86
73.8,-0.66
73.9,-0.46
74,-0.29
74.1,-0.15
74.2,0.28
74.3,0.68
74.4,1.08
74.5,1.41
74.6,1.63
74.7,1.74
74.8,1.78
74.9,1.76
75,1.93
75.1,1.73
75.2,1.66
75.3,1.5
75.4,1.3
75.5,1.17
75.6,0.94
75.7,0.67
75.8,0.42
75.9,0.2
76,0.01
76.1,-0.19
76.2,-0.31
76.3,-0.37
76.4,-0.52
76.5,-0.54
76.6,-0.57
76.7,-0.8
76.8,-0.92
76.9,-0.95
77,-0.87
77.1,-0.66
77.2,-0.37
77.3,-0.17
77.4,0.09
77.5,0.3
77.6,0.4
77.7,0.47
77.8,0.49
77.9,0.52
78,0.53
78.1,0.54
78.2,0.5
78.3,0.37
78.4,0.16
78.5,-0.14
78.6,-0.4
78.7,-0.62
78.8,-0.74
78.9,-0.78
79,-0.89
79.1,-1.21
79.2,-1.57
79.3,-1.87
79.4,-2
79.5,-2.11
79.6,-2.26
79.7,-2.36
79.8,-2.34
79.9,-2.24
80,-2.34
80.1,-2.81
80.2,-3.4
80.3,-3.67
80.4,-3.3
80.5,-1.96
80.6,0.63
80.7,4
80.8,8.05
80.9,12.11
81,14.93
81.1,14.96
81.2,12.85
81.3,9.51
81.4,5.18
81.5,0.57
81.6,-3.53
81.7,-6.24
81.8,-7.34
81.9,-7
82,-6.2
82.1,-5.45
82.2,-4.88
82.3,-4.35
82.4,-3.85
82.5,-3.55
82.6,-3.33
82.7,-3.07
82.8,-2.76
82.9,-2.51
83,-2.36
83.1,-2.22
83.2,-2.02
83.3,-1.78
83.4,-1.51
83.5,-1.34
83.6,-1.17
83.7,-0.95
83.8,-0.75
83.9,-0.56
84,-0.36
84.1,-0.21
84.2,-0.02
84.3,0.25
84.4,0.46
84.5,0.71
84.6,1.04
84.7,1.41
84.8,1.66
84.9,1.82
85,2.11
85.1,2.39
85.2,2.54
85.3,2.52
85.4,2.49
85.5,2.49
85.6,2.37
85.7,2.25
85.8,2.17
85.9,1.96
86,1.59
86.1,1.25
86.2,0.9
86.3,0.6
86.4,0.36
86.5,0.06
86.6,-0.16
86.7,-0.37
86.8,-0.51
86.9,-0.51
87,-0.59
87.1,-0.79
87.2,-0.97
87.3,-1.09
87.4,-1.05
87.5,-0.83
87.6,-0.68
87.7,-0.53
87.8,-0.27
87.9,-0.02
88,0.08
88.1,0.13
88.2,0.06
88.3,0
88.4,-0.02
88.5,0.1
88.6,0.08
88.7,0.11
88.8,0.01
88.9,-0.16
89,-0.43
89.1,-0.56
89.2,-0.66
89.3,-0.84
89.4,-0.94
89.5,-1.06
89.6,-1.26
89.7,-1.48
89.8,-1.53
89.9,-1.67
90,-1.94
90.1,-1.95
90.2,-1.95
90.3,-1.93
90.4,-1.81
90.5,-1.78
90.6,-2.04
90.7,-2.69
90.8,-3.39
90.9,-3.53
91,-2.89
91.1,-0.84
91.2,2.16
91.3,6.1
91.4,10.85
91.5,14.74
91.6,15.96
91.7,14.36
91.8,10.97
91.9,6.46
92,1.49
92.1,-3.27
92.2,-6.68
92.3,-8.52
92.4,-8.82
92.5,-7.98
92.6,-6.72
92.7,-5.77
92.8,-5.24
92.9,-4.64
93,-4.33
93.1,-4.31
93.2,-3.78
93.3,-3.41
93.4,-3.24
93.5,-3.02
93.6,-2.76
93.7,-2.29
93.8,-2.19
93.9,-1.98
94,-1.66
94.1,-1.56
94.2,-1.25
94.3,-0.95
94.4,-0.68
94.5,-0.51
94.6,-0.41
94.7,-0.34
94.8,-0.13
94.9,0.21
95,0.4
95.1,0.47
95.2,0.58
95.3,0.92
95.4,1.43
95.5,1.68
95.6,1.82
95.7,1.95
95.8,2.19
95.9,2.28
96,2.38
96.1,2.54
96.2,2.49
96.3,2.3
96.4,2.01
96.5,1.77
96.6,1.48
96.7,1.08
96.8,0.76
96.9,0.64
97,0.44
97.1,0.15
97.2,-0.05
97.3,-0.23
97.4,-0.36
97.5,-0.41
97.6,-0.43
97.7,-0.6
97.8,-0.73
97.9,-0.71
98,-0.65
98.1,-0.65
98.2,-0.51
98.3,-0.17
98.4,0.1
98.5,0.2
98.6,0.06
98.7,-0.16
98.8,-0.29
98.9,-0.43
99,-0.45
99.1,-0.38
99.2,-0.29
99.3,-0.35
99.4,-0.51
99.5,-0.67
99.6,-0.8
99.7,-0.92
99.8,-0.97
99.9,-0.97
100,-1.02
100.1,-1.19
100.2,-1.41
100.3,-1.55
100.4,-1.56
100.5,-1.62
100.6,-1.82
100.7,-1.92
100.8,-1.88
100.9,-1.73
101,-1.55
101.1,-1.72
101.2,-2.42
101.3,-3.15
101.4,-3.43
101.5,-2.86
101.6,-0.99
101.7,2.06
101.8,5.99
101.9,10.18
102,13.54
102.1,14.45
102.2,12.91
102.3,9.91
102.4,5.77
102.5,1.16
102.6,-3.28
102.7,-6.66
102.8,-8.42
102.9,-8.63
103,-7.81
103.1,-6.4
103.2,-5.3
103.3,-4.5
103.4,-3.88
103.5,-3.35
103.6,-2.96
103.7,-2.73
103.8,-2.51
103.9,-2.18
104,-1.85
104.1,-1.61
104.2,-1.39
104.3,-1.2
104.4,-1.09
104.5,-0.97
104.6,-0.77
104.7,-0.78
104.8,-0.66
104.9,-0.27
105,0.04
105.1,0.22
105.2,0.37
105.3,0.52
105.4,0.68
105.5,0.8
105.6,0.95
105.7,1.19
105.8,1.45
105.9,1.82
106,2.14
106.1,2.37
106.2,2.46
106.3,2.52
106.4,2.67
106.5,2.76
106.6,2.73
106.7,2.64
106.8,2.45
106.9,2.26
107,2.05
107.1,1.8
107.2,1.49
107.3,1.2
107.4,0.96
107.5,0.64
107.6,0.38
107.7,0.15
107.8,-0.06
107.9,-0.23
108,-0.19
108.1,-0.3
108.2,-0.5
108.3,-0.5
108.4,-0.36
108.5,-0.34
108.6,-0.32
108.7,-0.19
108.8,-0.12
108.9,0.27
109,0.56
109.1,0.49
109.2,0.15
109.3,-0.04
109.4,-0.12
109.5,-0.19
109.6,-0.05
109.7,0.15
109.8,-0.03
109.9,0.09
110,0.18
110.1,-0.06
110.2,-0.52
110.3,-0.65
110.4,-0.82
110.5,-1.04
110.6,-1.26
110.7,-1.55
110.8,-1.63
110.9,-1.66
111,-1.75
111.1,-1.88
111.2,-1.92
111.3,-1.9
111.4,-1.85
111.5,-1.8
111.6,-1.98
111.7,-2.42
111.8,-3.01
111.9,-3.52
112,-3.49
112.1,-2.56
112.2,-0.33
112.3,2.76
112.4,7.15
112.5,11.53
112.6,14.53
112.7,14.43
112.8,12.32
112.9,9.18
113,4.82
113.1,0.26
113.2,-4.05
113.3,-7.32
113.4,-9.01
113.5,-9.18
113.6,-8.24
113.7,-6.87
113.8,-5.67
113.9,-4.83
114,-4.12
114.1,-3.32
114.2,-2.88
114.3,-2.65
114.4,-2.6
114.5,-2.44
114.6,-2.34
114.7,-2.15
114.8,-1.64
114.9,-1.07
115,-0.87
115.1,-1.09
115.2,-1.17
115.3,-0.85
115.4,-0.45
115.5,-0.19
115.6,0.04
115.7,0.25
115.8,0.44
115.9,0.51
116,0.8
116.1,0.97
116.2,1.07
116.3,1.41
116.4,1.75
116.5,1.85
116.6,2.12
116.7,2.31
116.8,2.46
116.9,2.56
117,2.7
117.1,2.85
117.2,2.68
117.3,2.45
117.4,2.32
117.5,2.1
117.6,1.91
117.7,1.76
117.8,1.52
117.9,1.17
118,0.84
118.1,0.5
118.2,0.15
118.3,-0.11
118.4,-0.27
118.5,-0.4
118.6,-0.51
118.7,-0.65
118.8,-0.8
118.9,-0.87
119,-0.83
119.1,-0.85
119.2,-0.71
119.3,-0.42
119.4,-0.19
119.5,0.08
119.6,0.27
119.7,0.25
119.8,0.22
119.9,0.2
120,0.12
120.1,-0.06
120.2,-0.16
120.3,-0.07
120.4,0.1
120.5,0.25
120.6,0.3
120.7,0.23
120.8,0.04
120.9,-0.36
121,-0.65
121.1,-0.83
121.2,-0.99
121.3,-1.07
121.4,-1.17
121.5,-1.39
121.6,-1.72
121.7,-1.99
121.8,-2.06
121.9,-1.92
122,-1.82
122.1,-1.83
122.2,-2.09
122.3,-2.59
122.4,-3.16
122.5,-3.47
122.6,-3.03
122.7,-1.3
122.8,1.59
122.9,5.25
123,9.58
123.1,13.33
123.2,14.54
123.3,13.09
123.4,10.48
123.5,6.94
123.6,2.78
123.7,-1.55
123.8,-5.18
123.9,-7.54
124,-8.48
124.1,-8.12
124.2,-7.01
124.3,-5.76
124.4,-4.7
124.5,-4
124.6,-3.56
124.7,-3.24
124.8,-2.91
124.9,-2.53
125,-2.31
125.1,-2.17
125.2,-1.99
125.3,-1.63
125.4,-1.27
125.5,-1.11
125.6,-1.07
125.7,-1
125.8,-0.82
125.9,-0.52
126,-0.29
126.1,-0.17
126.2,-0.14
126.3,0.03
126.4,0.34
126.5,0.61
126.6,0.78
126.7,0.9
126.8,1.12
126.9,1.46
127,1.76
127.1,1.98
127.2,2.26
127.3,2.22
127.4,2.27
127.5,2.39
127.6,2.46
127.7,2.28
127.8,2.15
127.9,2.21
128,2.2
128.1,1.95
128.2,1.76
128.3,1.5
128.4,1.18
128.5,1.01
128.6,0.5
128.7,0.15
128.8,0
128.9,-0.16
129,-0.27
129.1,-0.47
129.2,-0.82
129.3,-0.92
129.4,-0.76
129.5,-0.71
129.6,-0.49
129.7,-0.13
129.8,0
129.9,0.12
130,0.39
130.1,0.33
130.2,0.05
130.3,0.22
130.4,0.47
130.5,0.44
130.6,0.27
130.7,0.19
130.8,-0.02
130.9,-0.07
131,-0.23
131.1,-0.55
131.2,-0.75
131.3,-1.04
131.4,-1.24
131.5,-1.27
131.6,-1.21
131.7,-1.5
131.8,-1.72
131.9,-1.68
132,-1.85
132.1,-1.79
132.2,-2.02
132.3,-2.33
132.4,-2.48
132.5,-2.41
132.6,-2.24
132.7,-2.1
132.8,-2.4
132.9,-3.03
133,-3.52
133.1,-3.17
133.2,-1.59
133.3,1
133.4,4.32
133.5,8.22
133.6,11.9
133.7,13.83
133.8,12.82
133.9,10.32
134,7.3
134.1,3.27
134.2,-1.12
134.3,-4.67
134.4,-6.93
134.5,-8.11
134.6,-8.09
134.7,-7.43
134.8,-6.2
134.9,-5.15
135,-4.44
135.1,-3.93
135.2,-3.54
135.3,-2.96
135.4,-2.61
135.5,-2.41
135.6,-2.22
135.7,-2.02
135.8,-1.71
135.9,-1.39
136,-1.19
136.1,-1.12
136.2,-1.06
136.3,-0.89
136.4,-0.61
136.5,-0.49
136.6,-0.45
136.7,-0.29
136.8,0.03
136.9,0.32
137,0.34
137.1,0.53
137.2,0.56
137.3,0.97
137.4,1.25
137.5,1.22
137.6,1.48
137.7,1.73
137.8,1.97
137.9,2.32
138,2.49
138.1,2.3
138.2,2.11
138.3,2.07
138.4,1.95
138.5,1.72
138.6,1.42
138.7,1.29
138.8,1.05
138.9,0.88
139,0.66
139.1,0.25
139.2,-0.02
139.3,-0.17
139.4,-0.19
139.5,-0.08
139.6,-0.14
139.7,-0.17
139.8,-0.11
139.9,-0.07
140,-0.11
140.1,-0.28
140.2,-0.21
140.3,-0.07
140.4,0.15
140.5,0.56
140.6,0.68
140.7,0.57
140.8,0.66
140.9,0.76
141,0.69
141.1,0.57
141.2,0.56
141.3,0.53
141.4,0.45
141.5,0.25
141.6,-0.03
141.7,-0.19
141.8,-0.09
141.9,-0.04
142,-0.28
142.1,-0.75
142.2,-1.14
142.3,-1.31
142.4,-1.4
142.5,-1.55
142.6,-1.65
142.7,-1.62
142.8,-1.6
142.9,-1.5
143,-1.34
143.1,-1.48
143.2,-2.11
143.3,-2.7
143.4,-2.86
143.5,-2.2
143.6,-0.48
143.7,2.16
143.8,5.57
143.9,9.5
144,12.9
144.1,14.34
144.2,13.23
144.3,10.44
144.4,6.63
144.5,2.43
144.6,-1.62
144.7,-4.86
144.8,-6.96
144.9,-7.79
145,-7.5
145.1,-6.73
145.2,-5.73
145.3,-4.87
145.4,-4.21
145.5,-3.67
145.6,-3.36
145.7,-3.22
145.8,-3.04
145.9,-2.9
146,-2.73
146.1,-2.39
146.2,-2.02
146.3,-1.59
146.4,-1.27
146.5,-1.19
146.6,-1.12
146.7,-1.04
146.8,-0.84
146.9,-0.49
147,-0.14
147.1,-0.12
147.2,-0.02
147.3,0.34
147.4,0.37
147.5,0.41
147.6,0.68
147.7,0.78
147.8,1.02
147.9,1.41
148,1.72
148.1,1.83
148.2,2
148.3,2.21
148.4,2.27
148.5,2.51
148.6,2.56
148.7,2.34
148.8,2.25
148.9,2.03
149,1.78
149.1,1.49
149.2,1.44
149.3,1.35
149.4,0.95
149.5,0.76
149.6,0.59
149.7,0.11
149.8,-0.07
149.9,-0.09
150,-0.21
150.1,-0.46
150.2,-0.58
150.3,-0.53
150.4,-0.48
150.5,-0.31
150.6,-0.29
150.7,-0.36
150.8,-0.05
150.9,0.39
151,0.59
151.1,0.7
151.2,0.61
151.3,0.53
151.4,0.54
151.5,0.47
151.6,0.37
151.7,0.03
151.8,-0.14
151.9,-0.3
152,-0.35
152.1,-0.34
152.2,-0.46
152.3,-0.52
152.4,-0.53
152.5,-0.65
152.6,-1.13
152.7,-1.56
152.8,-1.76
152.9,-1.87
153,-1.78
153.1,-1.68
153.2,-1.61
153.3,-1.65
153.4,-1.73
153.5,-1.75
153.6,-2.14
153.7,-2.7
153.8,-3.14
153.9,-2.95
154,-1.54
154.1,1.08
154.2,4.47
154.3,8.65
154.4,12.66
154.5,14.95
154.6,14.38
154.7,12.07
154.8,8.55
154.9,4.14
155,-0.48
155.1,-4.4
155.2,-6.82
155.3,-7.59
155.4,-7.3
155.5,-6.4
155.6,-5.53
155.7,-4.79
155.8,-4.14
155.9,-3.51
156,-3.05
156.1,-2.9
156.2,-2.84
156.3,-2.67
156.4,-2.41
156.5,-2.21
156.6,-2.02
156.7,-1.85
156.8,-1.61
156.9,-1.31
157,-1.04
157.1,-0.81
157.2,-0.56
157.3,-0.33
157.4,-0.14
157.5,0.02
157.6,0.11
157.7,0.22
157.8,0.39
157.9,0.74
158,1.02
158.1,1.1
158.2,1.27
158.3,1.54
158.4,1.86
158.5,2.04
158.6,2.13
158.7,2.29
158.8,2.44
158.9,2.49
159,2.58
159.1,2.59
159.2,2.52
159.3,2.41
159.4,2.22
159.5,2
159.6,1.68
159.7,1.34
159.8,1.14
159.9,1.02
160,0.92
160.1,0.78
160.2,0.66
160.3,0.64
160.4,0.54
160.5,0.35
160.6,0.15
160.7,0.02
160.8,-0.05
160.9,-0.02
161,0.01
161.1,0.12
161.2,0.25
161.3,0.49
161.4,0.82
161.5,0.9
161.6,0.88
161.7,0.8
161.8,0.7
161.9,0.57
162,0.44
162.1,0.35
162.2,0.33
162.3,0.25
162.4,0.23
162.5,0.15
162.6,-0.06
162.7,-0.33
162.8,-0.49
162.9,-0.51
163,-0.63
163.1,-0.85
163.2,-1.12
163.3,-1.33
163.4,-1.5
163.5,-1.58
163.6,-1.55
163.7,-1.41
163.8,-1.34
163.9,-1.41
164,-1.56
164.1,-2.07
164.2,-2.85
164.3,-3.36
164.4,-3.15
164.5,-1.77
164.6,0.82
164.7,4.35
164.8,8.77
164.9,13.02
165,15.68
165.1,15.45
165.2,13.05
165.3,9.15
165.4,4.33
165.5,-0.56
165.6,-4.7
165.7,-7.35
165.8,-8.45
165.9,-8.06
166,-7.06
166.1,-6.06
166.2,-5.14
166.3,-4.26
166.4,-3.79
166.5,-3.51
166.6,-3.39
166.7,-3.17
166.8,-2.79
166.9,-2.6
167,-2.28
167.1,-2
167.2,-1.9
167.3,-1.77
167.4,-1.46
167.5,-1.16
167.6,-1.09
167.7,-0.84
167.8,-0.51
167.9,-0.29
168,-0.19
168.1,0.06
168.2,0.24
168.3,0.4
168.4,0.8
168.5,1.1
168.6,1.22
168.7,1.53
168.8,1.76
168.9,1.9
169,2.11
169.1,2.27
169.2,2.29
169.3,2.47
169.4,2.96
169.5,3.19
169.6,3.02
169.7,2.64
169.8,2.3
169.9,1.95
170,1.42
170.1,1.15
170.2,0.87
170.3,0.44
170.4,0.15
170.5,-0.19
170.6,-0.48
170.7,-0.52
170.8,-0.58
170.9,-0.53
171,-0.64
171.1,-0.82
171.2,-0.87
171.3,-0.62
171.4,-0.24
171.5,-0.16
171.6,-0.02
171.7,0.28
171.8,0.48
171.9,0.49
172,0.29
172.1,0.11
172.2,0
172.3,-0.02
172.4,-0.04
172.5,0.01
172.6,0.12
172.7,-0.19
172.8,-0.15
172.9,-0.24
173,-0.46
173.1,-0.57
173.2,-0.68
173.3,-0.8
173.4,-0.92
173.5,-0.95
173.6,-1.05
173.7,-1.31
173.8,-1.59
173.9,-1.93
174,-2.04
174.1,-2.16
174.2,-2.15
174.3,-2.09
174.4,-1.82
174.5,-1.58
174.6,-1.75
174.7,-2.42
174.8,-3.21
174.9,-3.55
175,-3.13
175.1,-1.45
175.2,1.4
175.3,5.26
175.4,9.66
175.5,13.15
175.6,14.24
175.7,12.96
175.8,10.19
175.9,6.18
176,1.54
176.1,-2.88
176.2,-6.31
176.3,-8.15
176.4,-8.45
176.5,-7.73
176.6,-6.61
176.7,-5.52
176.8,-4.69
176.9,-4.06
177,-3.65
177.1,-3.4
177.2,-3.08
177.3,-2.7
177.4,-2.41
177.5,-2.27
177.6,-2.21
177.7,-2.07
177.8,-1.96
177.9,-1.77
178,-1.63
178.1,-1.65
178.2,-1.6
178.3,-1.41
178.4,-1.09
178.5,-0.59
178.6,-0.24
178.7,-0.02
178.8,0.13
178.9,0.15
179,0.13
179.1,0.45
179.2,0.96
179.3,1.35
179.4,1.73
179.5,2.08
179.6,2.37
179.7,2.46
179.8,2.55
179.9,2.54
180,2.49
180.1,2.44
180.2,2.44
180.3,2.46
180.4,2.33
180.5,2.06
180.6,1.82
180.7,1.61
180.8,1.44
180.9,1.19
181,0.87
181.1,0.52
181.2,0.17
181.3,-0.05
181.4,-0.22
181.5,-0.41
181.6,-0.53
181.7,-0.49
181.8,-0.42
181.9,-0.43
182,-0.46
182.1,-0.43
182.2,-0.33
182.3,-0.2
182.4,-0.06
182.5,0.13
182.6,0.18
182.7,0.13
182.8,0.13
182.9,0.08
183,0.05
183.1,0.01
183.2,0.03
183.3,-0.05
183.4,-0.12
183.5,-0.21
183.6,-0.47
183.7,-0.71
183.8,-0.97
183.9,-1.26
184,-1.52
184.1,-1.73
184.2,-1.89
184.3,-1.97
184.4,-2.03
184.5,-2.07
184.6,-2.12
184.7,-2.1
184.8,-2
184.9,-1.97
185,-2.05
185.1,-2.34
185.2,-2.93
185.3,-3.61
185.4,-4.09
185.5,-3.95
185.6,-2.59
185.7,0
185.8,3.44
185.9,7.87
186,12.11
186.1,14.43
186.2,13.71
186.3,11.31
186.4,7.9
186.5,3.58
186.6,-1.06
186.7,-5.04
186.8,-7.77
186.9,-9.07
187,-8.9
187.1,-7.82
187.2,-6.58
187.3,-5.44
187.4,-4.44
187.5,-3.79
187.6,-3.48
187.7,-3.14
187.8,-2.84
187.9,-2.64
188,-2.36
188.1,-2.02
188.2,-1.91
188.3,-1.52
188.4,-1.12
188.5,-1.07
188.6,-1.08
188.7,-1.01
188.8,-0.92
188.9,-0.79
189,-0.52
189.1,-0.27
189.2,-0.2
189.3,0.16
189.4,0.32
189.5,0.4
189.6,0.63
189.7,0.9
189.8,1.3
189.9,1.57
190,1.9
190.1,2.01
190.2,2.03
190.3,1.97
190.4,2.11
190.5,2.17
190.6,2.02
190.7,1.93
190.8,2.03
190.9,2.15
191,1.94
191.1,1.55
191.2,1.16
191.3,0.85
191.4,0.7
191.5,0.56
191.6,0.19
191.7,-0.36
191.8,-0.51
191.9,-0.56
192,-0.8
192.1,-0.95
192.2,-1.07
192.3,-1.01
192.4,-0.84
192.5,-0.8
192.6,-0.7
192.7,-0.73
192.8,-0.64
192.9,-0.26
193,-0.06
193.1,-0.04
193.2,-0.26
193.3,-0.36
193.4,-0.33
193.5,-0.24
193.6,-0.19
193.7,-0.23
193.8,-0.31
193.9,-0.34
194,-0.34
194.1,-0.44
194.2,-0.6
194.3,-0.65
194.4,-0.66
194.5,-0.87
194.6,-1.05
194.7,-1.25
194.8,-1.34
194.9,-1.49
195,-1.68
195.1,-1.95
195.2,-2.13
195.3,-2.12
195.4,-1.91
195.5,-1.77
195.6,-1.76
195.7,-2.07
195.8,-2.71
195.9,-3.29
196,-3.48
196.1,-2.75
196.2,-0.66
196.3,2.52
196.4,6.43
196.5,10.56
196.6,13.71
196.7,14.01
196.8,12.17
196.9,9.33
197,5.53
197.1,1.27
197.2,-2.78
197.3,-5.98
197.4,-8
197.5,-8.71
197.6,-8.31
197.7,-7.35
197.8,-6.14
197.9,-4.98
198,-4.04
198.1,-3.4
198.2,-3.04
198.3,-2.84
198.4,-2.65
198.5,-2.26
198.6,-1.79
198.7,-1.4
198.8,-1.11
198.9,-0.94
199,-0.81
199.1,-0.75
199.2,-0.65
199.3,-0.33
199.4,0.02
199.5,0.2
199.6,0.2
199.7,0.3
199.8,0.62
199.9,1.08
200,1.27
200.1,1.32
200.2,1.44
200.3,1.65
200.4,1.88
200.5,2.08
200.6,2.29
200.7,2.44
200.8,2.61
200.9,2.75
201,2.78
201.1,2.73
201.2,2.71
201.3,2.78
201.4,2.93
201.5,2.85
201.6,2.45
201.7,1.97
201.8,1.68
201.9,1.46
202,1.28
202.1,0.97
202.2,0.78
202.3,0.63
202.4,0.38
202.5,0.08
202.6,-0.09
202.7,-0.23
202.8,-0.22
202.9,-0.14
203,0.01
203.1,0
203.2,-0.05
203.3,0.06
203.4,0.02
203.5,-0.09
203.6,-0.19
203.7,-0.11
203.8,0.06
203.9,0.23
204,0.33
204.1,0.23
204.2,0.11
204.3,-0.03
204.4,-0.07
204.5,-0.09
204.6,-0.18
204.7,-0.33
204.8,-0.36
204.9,-0.39
205,-0.63
205.1,-0.8
205.2,-0.88
205.3,-1.02
205.4,-1.35
205.5,-1.66
205.6,-1.79
205.7,-1.85
205.8,-1.71
205.9,-1.5
206,-1.58
206.1,-1.92
206.2,-2.39
206.3,-2.81
206.4,-3.02
206.5,-2.07
206.6,0.03
206.7,2.72
206.8,5.92
206.9,9.61
207,12.92
207.1,14.03
207.2,12.66
207.3,10.05
207.4,6.41
207.5,2.23
207.6,-1.64
207.7,-4.82
207.8,-7.03
207.9,-7.57
208,-6.77
208.1,-5.89
208.2,-5.13
208.3,-4.43
208.4,-3.79
208.5,-3.5
208.6,-3.25
208.7,-2.85
208.8,-2.37
208.9,-2.14
209,-2.13
209.1,-2.19
209.2,-1.89
209.3,-1.45
209.4,-1.14
209.5,-1.02
209.6,-0.85
209.7,-0.44
209.8,-0.29
209.9,-0.31
210,-0.16
210.1,0.21
210.2,0.31
210.3,0.27
210.4,0.28
210.5,0.28
210.6,0.49
210.7,0.75
210.8,1.11
210.9,1.24
211,1.53
211.1,1.92
211.2,2.03
211.3,1.94
211.4,2.04
211.5,2.55
211.6,2.6
211.7,2.46
211.8,2.45
211.9,2.23
212,1.6
212.1,1.24
212.2,1.01
212.3,0.92
212.4,0.41
212.5,-0.03
212.6,-0.4
212.7,-0.37
212.8,-0.36
212.9,-0.44
213,-0.53
213.1,-0.7
213.2,-0.9
213.3,-0.9
213.4,-0.76
213.5,-0.84
213.6,-0.49
213.7,-0.19
213.8,-0.04
213.9,0.18
214,0.38
214.1,0.53
214.2,0.61
214.3,0.56
214.4,0.54
214.5,0.59
214.6,0.52
214.7,0.45
214.8,0.31
214.9,0.14
215,-0.1
215.1,-0.37
215.2,-0.46
215.3,-0.39
215.4,-0.48
215.5,-0.94
215.6,-1.41
215.7,-1.65
215.8,-1.68
215.9,-1.58
216,-1.57
216.1,-1.68
216.2,-1.65
216.3,-1.63
216.4,-1.75
216.5,-2.19
216.6,-2.8
216.7,-3.28
216.8,-3.24
216.9,-2.21
217,-0.17
217.1,2.46
217.2,5.96
217.3,9.82
217.4,13.01
217.5,13.89
217.6,12.33
217.7,9.43
217.8,5.56
217.9,1.45
218,-2.43
218.1,-5.41
218.2,-7.18
218.3,-7.71
218.4,-7.23
218.5,-6.2
218.6,-5.05
218.7,-4.3
218.8,-3.94
218.9,-3.66
219,-3.37
219.1,-3.14
219.2,-2.92
219.3,-2.67
219.4,-2.4
219.5,-2.25
219.6,-2.11
219.7,-1.86
219.8,-1.52
219.9,-1.13
220,-0.84
220.1,-0.74
220.2,-0.66
220.3,-0.42
220.4,-0.21
220.5,-0.11
220.6,-0.01
220.7,0.1
220.8,0.34
220.9,0.56
221,0.72
221.1,0.9
221.2,1.1
221.3,1.43
221.4,1.77
221.5,1.95
221.6,2.08
221.7,2.26
221.8,2.45
221.9,2.43
222,2.24
222.1,2.04
222.2,1.87
222.3,1.68
222.4,1.4
222.5,1.13
222.6,0.9
222.7,0.73
222.8,0.54
222.9,0.23
223,-0.14
223.1,-0.38
223.2,-0.54
223.3,-0.56
223.4,-0.54
223.5,-0.46
223.6,-0.51
223.7,-0.61
223.8,-0.58
223.9,-0.4
224,-0.18
224.1,-0.05
224.2,0.05
224.3,0.14
224.4,0.22
224.5,0.27
224.6,0.22
224.7,0.17
224.8,0.31
224.9,0.44
225,0.36
225.1,0.12
225.2,-0.13
225.3,-0.29
225.4,-0.54
225.5,-0.81
225.6,-1.03
225.7,-1.19
225.8,-1.29
225.9,-1.31
226,-1.44
226.1,-1.7
226.2,-1.9
226.3,-2.04
226.4,-2.01
226.5,-2.02
226.6,-1.92
226.7,-1.98
226.8,-2.26
226.9,-2.82
227,-3.43
227.1,-3.77
227.2,-3.13
227.3,-1.08
227.4,1.99
227.5,5.71
227.6,9.97
227.7,13.58
227.8,14.99
227.9,13.78
228,10.85
228.1,6.82
228.2,2.35
228.3,-1.99
228.4,-5.47
228.5,-7.58
228.6,-8.15
228.7,-7.66
228.8,-6.62
228.9,-5.55
229,-4.82
229.1,-4.24
229.2,-3.87
229.3,-3.46
229.4,-3.15
229.5,-3.15
229.6,-3.15
229.7,-2.87
229.8,-2.4
229.9,-2.31
230,-2.16
230.1,-2.12
230.2,-2.02
230.3,-1.45
230.4,-1.16
230.5,-1.25
230.6,-1.19
230.7,-0.88
230.8,-0.42
230.9,-0.24
231,-0.2
231.1,-0.04
231.2,0
231.3,0.21
231.4,0.52
231.5,1.17
231.6,1.34
231.7,1.28
231.8,1.42
231.9,1.5
232,1.8
232.1,1.93
232.2,2.03
232.3,2.1
232.4,1.93
232.5,1.82
232.6,1.58
232.7,1.21
232.8,1.06
232.9,0.86
233,0.49
233.1,0.21
233.2,0.08
233.3,-0.12
233.4,-0.24
233.5,-0.45
233.6,-0.7
233.7,-0.63
233.8,-0.7
233.9,-0.6
234,-0.77
234.1,-1.09
234.2,-1.11
234.3,-0.99
234.4,-0.87
234.5,-0.65
234.6,-0.18
234.7,0.01
234.8,0.27
234.9,0.47
235,0.3
235.1,0.14
235.2,0.11
235.3,0.31
235.4,0.36
235.5,0.1
235.6,-0.27
235.7,-0.43
235.8,-0.47
235.9,-0.67
236,-0.83
236.1,-1.07
236.2,-1.19
236.3,-1.14
236.4,-1.25
236.5,-1.48
236.6,-1.79
236.7,-2.12
236.8,-2.26
236.9,-2.01
237,-1.77
237.1,-1.82
237.2,-1.93
237.3,-1.97
237.4,-2.29
237.5,-3.04
237.6,-3.82
237.7,-4.08
237.8,-3.11
237.9,-0.71
238,2.71
238.1,6.95
238.2,11.34
238.3,14.66
238.4,15.26
238.5,13.4
238.6,9.99
238.7,5.5
238.8,0.86
238.9,-3.37
239,-6.4
239.1,-7.95
239.2,-7.87
239.3,-6.98
239.4,-5.85
239.5,-4.96
239.6,-4.28
239.7,-3.82
239.8,-3.42
239.9,-3.14
240,-2.91
240.1,-2.69
240.2,-2.47
240.3,-2.17
240.4,-1.82
240.5,-1.59
240.6,-1.44
240.7,-1.23
240.8,-0.96
240.9,-0.74
241,-0.57
241.1,-0.35
241.2,-0.22
241.3,-0.21
241.4,-0.16
241.5,-0.04
241.6,0.1
241.7,0.24
241.8,0.53
241.9,0.72
242,0.91
242.1,1.18
242.2,1.55
242.3,2.01
242.4,2.26
242.5,2.47
242.6,2.56
242.7,2.52
242.8,2.56
242.9,2.58
243,2.5
243.1,2.28
243.2,2.04
243.3,1.85
243.4,1.61
243.5,1.34
243.6,1.14
243.7,0.86
243.8,0.56
243.9,0.27
244,-0.08
244.1,-0.42
244.2,-0.58
244.3,-0.6
244.4,-0.6
244.5,-0.67
244.6,-0.72
244.7,-0.67
244.8,-0.42
244.9,-0.18
245,-0.01
245.1,0.17
245.2,0.19
245.3,0.18
245.4,0.07
245.5,-0.04
245.6,-0.18
245.7,-0.25
245.8,-0.11
245.9,-0.01
246,-0.01
246.1,-0.16
246.2,-0.21
246.3,-0.25
246.4,-0.31
246.5,-0.43
246.6,-0.73
246.7,-0.85
246.8,-0.86
246.9,-1.04
247,-1.35
247.1,-1.64
247.2,-1.89
247.3,-2.04
247.4,-2.02
247.5,-1.99
247.6,-1.93
247.7,-1.84
247.8,-1.65
247.9,-2.05
248,-2.88
248.1,-3.51
248.2,-3.74
248.3,-2.86
248.4,-0.55
248.5,2.62
248.6,6.65
248.7,11.02
248.8,14.29
248.9,14.69
249,12.75
249.1,9.4
249.2,4.84
249.3,0.22
249.4,-3.91
249.5,-6.86
249.6,-8.33
249.7,-8.23
249.8,-7.36
249.9,-6.23
250,-5.2
250.1,-4.68
250.2,-4.1
250.3,-3.28
250.4,-2.83
250.5,-2.8
250.6,-2.64
250.7,-2.28
250.8,-2.26
250.9,-2.03
251,-1.51
251.1,-1.36
251.2,-1.3
251.3,-1.18
251.4,-0.83
251.5,-0.5
251.6,-0.33
251.7,-0.23
251.8,-0.09
251.9,0.18
252,0.47
252.1,0.47
252.2,0.48
252.3,0.57
252.4,0.85
252.5,1.19
252.6,1.41
252.7,1.63
252.8,2.04
252.9,2.29
253,2.48
253.1,2.57
253.2,2.56
253.3,2.67
253.4,2.78
253.5,2.58
253.6,2.28
253.7,1.89
253.8,1.63
253.9,1.41
254,1.03
254.1,0.72
254.2,0.67
254.3,0.42
254.4,0.04
254.5,-0.24
254.6,-0.55
254.7,-0.71
254.8,-0.63
254.9,-0.52
255,-0.54
255.1,-0.76
255.2,-0.92
255.3,-0.86
255.4,-0.72
255.5,-0.42
255.6,-0.22
255.7,-0.11
255.8,0.24
255.9,0.36
256,0.28
256.1,0.2
256.2,0.02
256.3,-0.04
256.4,0.01
256.5,0.02
256.6,-0.09
256.7,-0.14
256.8,-0.04
256.9,0.16
257,0.01
257.1,-0.48
257.2,-0.94
257.3,-1.09
257.4,-1.2
257.5,-1.36
257.6,-1.58
257.7,-2.04
257.8,-2.29
257.9,-2.41
258,-2.41
258.1,-2.33
258.2,-2.16
258.3,-2
258.4,-2.08
258.5,-2.57
258.6,-3.34
258.7,-4
258.8,-3.75
258.9,-2.24
259,0.32
259.1,3.51
259.2,7.64
259.3,11.72
259.4,14.07
259.5,13.56
259.6,11.32
259.7,7.79
259.8,3.49
259.9,-0.83
260,-4.54
260.1,-7.21
260.2,-8.48
260.3,-8.27
260.4,-7.31
260.5,-6.21
260.6,-5.18
260.7,-4.21
260.8,-3.33
260.9,-2.66
261,-2.2
261.1,-1.92
261.2,-1.67
261.3,-1.41
261.4,-1.23
261.5,-1.16
261.6,-1.13
261.7,-0.98
261.8,-0.77
261.9,-0.57
262,-0.42
262.1,-0.28
262.2,-0.11
262.3,-0.02
262.4,0.03
262.5,0.07
262.6,0.16
262.7,0.37
262.8,0.68
262.9,0.99
263,1.35
263.1,1.73
263.2,1.99
263.3,2.17
263.4,2.35
263.5,2.51
263.6,2.62
263.7,2.72
263.8,2.78
263.9,2.77
264,2.73
264.1,2.78
264.2,2.72
264.3,2.47
264.4,2.01
264.5,1.59
264.6,1.3
264.7,1.05
264.8,0.82
264.9,0.52
265,0.27
265.1,0.07
265.2,-0.21
265.3,-0.42
265.4,-0.52
265.5,-0.53
265.6,-0.63
265.7,-0.66
265.8,-0.58
265.9,-0.43
266,-0.34
266.1,-0.36
266.2,-0.31
266.3,-0.21
266.4,-0.14
266.5,-0.13
266.6,-0.02
266.7,-0.05
266.8,-0.12
266.9,-0.03
267,0.03
267.1,-0.04
267.2,-0.08
267.3,-0.18
267.4,-0.41
267.5,-0.56
267.6,-0.76
267.7,-0.91
267.8,-1.05
267.9,-1.37
268,-1.71
268.1,-1.85
268.2,-2.01
268.3,-2.29
268.4,-2.13
268.5,-2.04
268.6,-2.14
268.7,-2.15
268.8,-1.97
268.9,-1.85
269,-2.09
269.1,-2.71
269.2,-3.58
269.3,-3.51
269.4,-2.15
269.5,0.25
269.6,3.26
269.7,7.19
269.8,11.22
269.9,13.8
270,13.7
270.1,11.41
270.2,7.76
270.3,3.67
270.4,-0.34
270.5,-4.1
270.6,-6.96
270.7,-8.34
270.8,-8.27
270.9,-7.6
271,-6.55
271.1,-5.48
271.2,-4.59
271.3,-3.92
271.4,-3.48
271.5,-3.41
271.6,-3.41
271.7,-3.43
271.8,-3.18
271.9,-2.72
272,-2.46
272.1,-2.27
272.2,-1.96
272.3,-1.57
272.4,-1.54
272.5,-1.25
272.6,-0.97
272.7,-1.01
272.8,-0.91
272.9,-0.81
273,-0.57
273.1,-0.56
273.2,-0.44
273.3,-0.33
273.4,0.08
273.5,0.63
273.6,1.04
273.7,1.24
273.8,1.17
273.9,1.23
274,1.36
274.1,1.72
274.2,1.85
274.3,1.99
274.4,2.1
274.5,2.11
274.6,2.1
274.7,2
274.8,1.9
274.9,1.66
275,1.58
275.1,1.22
275.2,0.74
275.3,0.54
275.4,0.26
275.5,-0.25
275.6,-0.66
275.7,-0.77
275.8,-0.73
275.9,-0.8
276,-0.88
276.1,-1.11
276.2,-1.1
276.3,-0.63
276.4,-0.25
276.5,-0.15
276.6,-0.36
276.7,-0.23
276.8,0.02
276.9,0.14
277,0.06
277.1,-0.08
277.2,-0.19
277.3,-0.04
277.4,0.27
277.5,0.47
277.6,0.34
277.7,0.11
277.8,-0.19
277.9,-0.44
278,-0.6
278.1,-0.65
278.2,-0.63
278.3,-0.56
278.4,-0.57
278.5,-0.89
278.6,-1.36
278.7,-1.82
278.8,-2.05
278.9,-2.03
279,-1.84
279.1,-1.76
279.2,-1.78
279.3,-1.75
279.4,-1.75
279.5,-2.17
279.6,-3.03
279.7,-3.6
279.8,-3.48
279.9,-2.38
280,0.02
280.1,3.14
280.2,7.02
280.3,10.92
280.4,13.64
280.5,13.7
280.6,11.77
280.7,8.78
280.8,4.93
280.9,0.84
281,-2.96
281.1,-5.85
281.2,-7.35
281.3,-7.31
281.4,-6.57
281.5,-5.58
281.6,-4.81
281.7,-4.21
281.8,-3.6
281.9,-3.12
282,-2.86
282.1,-2.56
282.2,-2.15
282.3,-1.91
282.4,-1.82
282.5,-1.77
282.6,-1.57
282.7,-1.38
282.8,-1.11
282.9,-0.86
283,-0.76
283.1,-0.57
283.2,-0.28
283.3,-0.06
283.4,0.1
283.5,0.26
283.6,0.45
283.7,0.61
283.8,0.83
283.9,1.21
284,1.63
284.1,1.91
284.2,2.18
284.3,2.42
284.4,2.62
284.5,2.92
284.6,3.05
284.7,3.07
284.8,3.18
284.9,3.22
285,3.12
285.1,2.85
285.2,2.65
285.3,2.48
285.4,2.35
285.5,2.24
285.6,1.89
285.7,1.56
285.8,1.34
285.9,1.13
286,0.89
286.1,0.65
286.2,0.47
286.3,0.29
286.4,0.16
286.5,0.08
286.6,0.05
286.7,0
286.8,0.09
286.9,0.31
287,0.63
287.1,0.95
287.2,1.29
287.3,1.52
287.4,1.59
287.5,1.46
287.6,1.37
287.7,1.37
287.8,1.42
287.9,1.42
288,1.33
288.1,1.02
288.2,0.79
288.3,0.72
288.4,0.69
288.5,0.74
288.6,0.56
288.7,0.23
288.8,-0.05
288.9,-0.26
289,-0.57
289.1,-0.96
289.2,-1.19
289.3,-1.34
289.4,-1.23
289.5,-1.12
289.6,-1.18
289.7,-1.2
289.8,-1.08
289.9,-1.17
290,-1.57
290.1,-2.15
290.2,-2.52
290.3,-2.08
290.4,-0.71
290.5,1.71
290.6,4.95
290.7,8.98
290.8,12.77
290.9,14.94
291,14.46
291.1,11.99
291.2,8.41
291.3,4.33
291.4,0.08
291.5,-3.82
291.6,-6.32
291.7,-7.31
291.8,-6.95
291.9,-6.11
292,-5.15
292.1,-4.28
292.2,-3.7
292.3,-3.16
292.4,-2.68
292.5,-2.47
292.6,-2.27
292.7,-2.06
292.8,-1.79
292.9,-1.52
293,-1.35
293.1,-1.25
293.2,-1.16
293.3,-0.94
293.4,-0.7
293.5,-0.5
293.6,-0.42
293.7,-0.25
293.8,-0.03
293.9,0.2
294,0.45
294.1,0.5
294.2,0.59
294.3,0.75
294.4,1.08
294.5,1.32
294.6,1.49
294.7,1.51
294.8,1.43
294.9,1.68
295,1.94
295.1,2.12
295.2,2.06
295.3,2.26
295.4,2.63
295.5,2.37
295.6,1.99
295.7,1.98
295.8,1.84
295.9,1.39
296,1.04
296.1,0.78
296.2,0.29
296.3,-0.02
296.4,-0.13
296.5,-0.27
296.6,-0.52
296.7,-0.55
296.8,-0.54
296.9,-0.32
297,-0.36
297.1,-0.33
297.2,-0.63
297.3,-0.66
297.4,-0.29
297.5,-0.09
297.6,-0.11
297.7,-0.12
297.8,0.1
297.9,0.36
298,0.4
298.1,0.35
298.2,0.3
298.3,0.33
298.4,0.31
298.5,0.35
298.6,0.35
298.7,0.3
298.8,0.35
298.9,0.26
299,0.05
299.1,-0.17
299.2,-0.4
299.3,-0.63
299.4,-0.9
299.5,-1.13
299.6,-1.41
299.7,-1.63
299.8,-1.67
299.9,-1.65
300,-1.74
300.1,-1.8
300.2,-1.77
300.3,-1.81
300.4,-2.24
300.5,-2.88
300.6,-3.23
300.7,-2.85
300.8,-1.33
300.9,1.35
301,4.69
301.1,8.54
301.2,12.19
301.3,14.36
301.4,13.93
301.5,11.67
301.6,8.03
301.7,3.6
301.8,-0.71
301.9,-2.02
302,-2.02
302.1,-7.7
302.2,-6.9
302.3,-5.82
302.4,-4.91
302.5,-4.3
302.6,-3.96
302.7,-3.63
302.8,-3.25
302.9,-2.9
303,-2.54
303.1,-2.17
303.2,-1.92
303.3,-1.63
303.4,-1.29
303.5,-1.05
303.6,-0.99
303.7,-0.9
303.8,-0.85
303.9,-0.8
304,-0.69
304.1,-0.52
304.2,-0.37
304.3,-0.2
304.4,-0.07
304.5,0.09
304.6,0.35
304.7,0.69
304.8,1.07
304.9,1.39
305,1.62
305.1,1.77
305.2,1.91
305.3,2.04
305.4,2.1
305.5,2.15
305.6,2.17
305.7,2.17
305.8,2.17
305.9,2.19
306,2.06
306.1,1.78
306.2,1.48
306.3,1.13
306.4,0.86
306.5,0.63
306.6,0.33
306.7,0.05
306.8,-0.19
306.9,-0.42
307,-0.6
307.1,-0.65
307.2,-0.61
307.3,-0.61
307.4,-0.74
307.5,-0.92
307.6,-0.95
307.7,-0.86
307.8,-0.64
307.9,-0.38
308,-0.22
308.1,-0.13
308.2,0
308.3,0.12
308.4,0.24
308.5,0.22
308.6,0.2
308.7,0.18
308.8,0.21
308.9,0.22
309,0.13
309.1,-0.08
309.2,-0.27
309.3,-0.4
309.4,-0.47
309.5,-0.61
309.6,-0.83
309.7,-1.02
309.8,-1.06
309.9,-1.2
310,-1.53
310.1,-1.69
310.2,-1.77
310.3,-1.95
310.4,-2.07
310.5,-2.05
310.6,-2.16
310.7,-2.08
310.8,-2.03
310.9,-2.33
311,-3
311.1,-3.62
311.2,-3.79
311.3,-2.98
311.4,-1.01
311.5,2.04
311.6,5.71
311.7,9.98
311.8,13.7
311.9,14.85
312,13.31
312.1,10.27
312.2,6.15
312.3,1.63
312.4,-2.67
312.5,-5.95
312.6,-7.89
312.7,-8.35
312.8,-7.57
312.9,-6.58
313,-5.66
313.1,-4.96
313.2,-4.53
313.3,-4.1
313.4,-3.71
313.5,-3.42
313.6,-3.23
313.7,-2.96
313.8,-2.75
313.9,-2.63
314,-2.57
314.1,-2.36
314.2,-2
314.3,-1.73
314.4,-1.63
314.5,-1.57
314.6,-1.51
314.7,-1.37
314.8,-1
314.9,-0.71
315,-0.78
315.1,-0.79
315.2,-0.46
315.3,0.01
315.4,0.53
315.5,0.62
315.6,0.6
315.7,0.78
315.8,1.1
315.9,1.35
316,1.46
316.1,1.54
316.2,1.61
316.3,1.69
316.4,1.66
316.5,1.59
316.6,1.52
316.7,1.36
316.8,1.19
316.9,0.91
317,0.54
317.1,0.24
317.2,0.13
317.3,0
317.4,-0.4
317.5,-0.85
317.6,-1.09
317.7,-1.14
317.8,-0.99
317.9,-0.93
318,-1.08
318.1,-1.21
318.2,-1.29
318.3,-1.25
318.4,-1.08
318.5,-0.87
318.6,-0.56
318.7,-0.17
318.8,0.1
318.9,0.11
319,0.06
319.1,-0.08
319.2,-0.2
319.3,-0.3
319.4,-0.36
319.5,-0.34
319.6,-0.33
319.7,-0.38
319.8,-0.34
319.9,-0.28
320,-0.44
320.1,-0.69
320.2,-0.85
320.3,-0.85
320.4,-0.94
320.5,-1.16
320.6,-1.47
320.7,-1.6
320.8,-1.63
320.9,-1.65
321,-1.7
321.1,-1.65
321.2,-1.6
321.3,-1.55
321.4,-1.55
321.5,-1.88
321.6,-2.56
321.7,-3.18
321.8,-3.5
321.9,-3.05
322,-1.16
322.1,1.84
322.2,5.62
322.3,9.94
322.4,13.74
322.5,15.27
322.6,14.27
322.7,11.42
322.8,7.17
322.9,2.31
323,-2.26
323.1,-5.74
323.2,-7.69
323.3,-8.07
323.4,-7.47
323.5,-6.41
323.6,-5.28
323.7,-4.41
323.8,-3.79
323.9,-3.38
324,-3.04
324.1,-2.71
324.2,-2.31
324.3,-2.01
324.4,-1.73
324.5,-1.44
324.6,-1.05
324.7,-0.77
324.8,-0.72
324.9,-0.81
325,-0.96
325.1,-0.99
325.2,-0.91
325.3,-0.65
325.4,-0.31
325.5,-0.08
325.6,0.09
325.7,0.26
325.8,0.43
325.9,0.69
326,1.09
326.1,1.51
326.2,1.86
326.3,2.13
326.4,2.27
326.5,2.34
326.6,2.44
326.7,2.51
326.8,2.49
326.9,2.42
327,2.48
327.1,2.54
327.2,2.49
327.3,2.41
327.4,2.18
327.5,1.79
327.6,1.43
327.7,1.23
327.8,1.04
327.9,0.74
328,0.48
328.1,0.26
328.2,0.09
328.3,0.06
328.4,0.01
328.5,-0.13
328.6,-0.28
328.7,-0.34
328.8,-0.31
328.9,-0.23
329,-0.2
329.1,-0.06
329.2,0.09
329.3,0.1
329.4,0.1
329.5,0.08
329.6,0.03
329.7,0
329.8,0.03
329.9,0.1
330,0.11
330.1,0.15
330.2,0.18
330.3,0.13
330.4,0.15
330.5,0.18
330.6,0
330.7,-0.2
330.8,-0.31
330.9,-0.42
331,-0.54
331.1,-0.76
331.2,-1
331.3,-1.11
331.4,-1.3
331.5,-1.52
331.6,-1.39
331.7,-1.35
331.8,-1.4
331.9,-1.35
332,-1.3
332.1,-1.75
332.2,-2.41
332.3,-2.94
332.4,-3.15
332.5,-2.34
332.6,-0.28
332.7,2.59
332.8,6.59
332.9,10.97
333,14.11
333.1,14.44
333.2,12.67
333.3,9.67
333.4,5.71
333.5,1.16
333.6,-3.12
333.7,-6.19
333.8,-7.81
333.9,-7.93
334,-7.08
334.1,-5.97
334.2,-4.85
334.3,-3.97
334.4,-3.46
334.5,-3.07
334.6,-2.67
334.7,-2.3
334.8,-2.12
334.9,-1.97
335,-1.7
335.1,-1.43
335.2,-1.19
335.3,-1.01
335.4,-0.88
335.5,-0.85
335.6,-0.78
335.7,-0.57
335.8,-0.29
335.9,0.17
336,0.44
336.1,0.15
336.2,-0.08
336.3,0.56
336.4,0.57
336.5,0.29
336.6,0.81
336.7,1.33
336.8,1.68
336.9,1.79
337,1.89
337.1,1.71
337.2,1.97
337.3,2.21
337.4,2.83
337.5,3.09
337.6,2.8
337.7,2.44
337.8,2.25
337.9,1.96
338,1.64
338.1,1.55
338.2,1.31
338.3,1.06
338.4,0.82
338.5,0.65
338.6,0.19
338.7,-0.42
338.8,-0.63
338.9,-0.64
339,-0.85
339.1,-0.45
339.2,-0.27
339.3,-0.43
339.4,-0.42
339.5,-0.45
339.6,-0.26
339.7,0.29
339.8,0.42
339.9,0.42
340,0.83
340.1,0.85
340.2,0.4
340.3,0.09
340.4,-0.05
340.5,-0.3
340.6,-0.61
340.7,-0.79
340.8,-1.02
340.9,-1.56
341,-2.09
341.1,-2.31
341.2,-2.3
341.3,-2.04
341.4,-1.81
341.5,-1.88
341.6,-1.88
341.7,-1.91
341.8,-2.28
341.9,-2.97
342,-3.91
342.1,-4.34
342.2,-3.41
342.3,-1.21
342.4,1.82
342.5,5.8
342.6,9.95
342.7,12.41
342.8,12.05
342.9,10.15
343,7.12
343.1,3.16
343.2,-0.88
343.3,-4.17
343.4,-6.57
343.5,-7.8
343.6,-7.69
343.7,-6.77
343.8,-5.72
343.9,-4.75
344,-4
344.1,-3.44
344.2,-2.94
344.3,-2.64
344.4,-2.44
344.5,-2.23
344.6,-1.87
344.7,-1.58
344.8,-1.35
344.9,-1.2
345,-1.01
345.1,-0.81
345.2,-0.62
345.3,-0.4
345.4,-0.29
345.5,-0.15
345.6,-0.05
345.7,0.14
345.8,0.32
345.9,0.41
346,0.5
346.1,0.86
346.2,1.21
346.3,1.32
346.4,1.51
346.5,1.81
346.6,2.2
346.7,2.41
346.8,2.49
346.9,2.49
347,2.54
347.1,2.58
347.2,2.43
347.3,2.19
347.4,1.95
347.5,1.67
347.6,1.55
347.7,1.5
347.8,1.44
347.9,1.37
348,1.14
348.1,0.87
348.2,0.58
348.3,0.24
348.4,-0.09
348.5,-0.42
348.6,-0.59
348.7,-0.73
348.8,-0.69
348.9,-0.63
349,-0.63
349.1,-0.52
349.2,-0.39
349.3,-0.29
349.4,-0.35
349.5,-0.52
349.6,-0.63
349.7,-0.65
349.8,-0.6
349.9,-0.45
350,-0.34
350.1,-0.15
350.2,0.18
350.3,0.45
350.4,0.44
350.5,0.38
350.6,0.09
350.7,-0.08
350.8,-0.14
350.9,-0.34
351,-0.73
351.1,-1.01
351.2,-1.22
351.3,-1.41
351.4,-1.53
351.5,-1.7
351.6,-2.1
351.7,-2.14
351.8,-2.02
351.9,-1.96
352,-1.77
352.1,-1.84
352.2,-2.28
352.3,-3.09
352.4,-3.86
352.5,-4.05
352.6,-2.8
352.7,-0.59
352.8,2.24
352.9,5.94
353,9.77
353.1,12.79
353.2,13.26
353.3,10.73
353.4,7.57
353.5,3.92
353.6,0.08
353.7,-3.72
353.8,-6.71
353.9,-8.4
354,-8.94
354.1,-8.45
354.2,-7.31
354.3,-5.98
354.4,-5.06
354.5,-4.46
354.6,-3.94
354.7,-3.61
354.8,-3.18
354.9,-3.05
355,-2.85
355.1,-2.62
355.2,-2.37
355.3,-2.14
355.4,-1.77
355.5,-1.43
355.6,-1.42
355.7,-1.59
355.8,-1.44
355.9,-1.24
356,-0.84
356.1,-0.45
356.2,0.11
356.3,0.11
356.4,-0.17
356.5,-0.36
356.6,-0.3
356.7,-0.01
356.8,0.48
356.9,0.93
357,1.21
357.1,1.54
357.2,1.82
357.3,1.95
357.4,1.94
357.5,1.82
357.6,1.94
357.7,2.13
357.8,2.4
357.9,2.05
358,1.96
358.1,1.78
358.2,1.1
358.3,0.68
358.4,0.45
358.5,0.4
358.6,0.64
358.7,0.43
358.8,0.03
358.9,-0.4
359,-0.67
359.1,-1.04
359.2,-1.43
359.3,-1
359.4,-0.54
359.5,-0.52
359.6,-0.52
359.7,-0.31
359.8,-0.52
359.9,-0.75
360,-0.9
360.1,-0.45
360.2,0.28
360.3,0.37
360.4,0.19
360.5,-0.14
360.6,0.19
360.7,0.63
360.8,0.86
360.9,1.25
361,0.97
361.1,0.51
361.2,0.14
361.3,0.06
361.4,-0.25
361.5,-0.94
361.6,-1.2
361.7,-1.49
361.8,-1.75
361.9,-1.88
362,-2.18
362.1,-2.38
362.2,-2.32
362.3,-2.03
362.4,-1.67
362.5,-1.41
362.6,-1.6
362.7,-2.23
362.8,-2.93
362.9,-3.09
363,-2.14
363.1,-0.07
363.2,2.56
363.3,5.97
363.4,9.86
363.5,13.03
363.6,13.91
363.7,12.48
363.8,9.72
363.9,5.84
364,1.54
364.1,-2.56
364.2,-5.72
364.3,-7.54
364.4,-8.02
364.5,-7.45
364.6,-6.57
364.7,-5.6
364.8,-4.66
364.9,-3.95
365,-3.43
365.1,-3.07
365.2,-2.82
365.3,-2.57
365.4,-2.32
365.5,-2.1
365.6,-1.88
365.7,-1.55
365.8,-1.23
365.9,-1.03
366,-0.89
366.1,-0.71
366.2,-0.45
366.3,-0.2
366.4,0.02
366.5,0.13
366.6,0.22
366.7,0.41
366.8,0.63
366.9,0.89
367,1.07
367.1,1.24
367.2,1.43
367.3,1.68
367.4,1.97
367.5,2.28
367.6,2.65
367.7,2.83
367.8,2.85
367.9,2.83
368,2.76
368.1,2.72
368.2,2.66
368.3,2.57
368.4,2.33
368.5,1.86
368.6,1.42
368.7,1.21
368.8,0.96
368.9,0.77
369,0.56
369.1,0.36
369.2,0.25
369.3,0.14
369.4,0.05
369.5,-0.11
369.6,-0.24
369.7,-0.35
369.8,-0.29
369.9,-0.19
370,-0.18
370.1,-0.26
370.2,-0.26
370.3,-0.2
370.4,-0.13
370.5,-0.07
370.6,-0.02
370.7,0.05
370.8,0.22
370.9,0.39
371,0.6
371.1,0.66
371.2,0.75
371.3,0.76
371.4,0.69
371.5,0.6
371.6,0.5
371.7,0.44
371.8,0.46
371.9,0.63
372,0.6
372.1,0.38
372.2,0.27
372.3,0.27
372.4,0.04
372.5,-0.21
372.6,-0.35
372.7,-0.54
372.8,-0.74
372.9,-1.06
373,-1.3
373.1,-1.38
373.2,-1.46
373.3,-1.41
373.4,-1.27
373.5,-1.28
373.6,-1.36
373.7,-1.25
373.8,-1.32
373.9,-1.94
374,-2.51
374.1,-2.52
374.2,-1.57
374.3,0.69
374.4,3.8
374.5,7.43
374.6,11.45
374.7,14.8
374.8,15.13
374.9,13.01
375,9.79
375.1,5.51
375.2,1.11
375.3,-2.88
375.4,-5.82
375.5,-7.52
375.6,-7.77
375.7,-6.84
375.8,-5.72
375.9,-4.69
376,-4.11
376.1,-3.78
376.2,-3.52
376.3,-3.13
376.4,-2.67
376.5,-2.48
376.6,-2.4
376.7,-2.3
376.8,-2.15
376.9,-1.86
377,-1.68
377.1,-1.24
377.2,-0.83
377.3,-0.68
377.4,-0.87
377.5,-0.78
377.6,-0.52
377.7,-0.32
377.8,0.2
377.9,0.61
378,0.52
378.1,0.4
378.2,0.39
378.3,0.58
378.4,0.93
378.5,1.21
378.6,1.59
378.7,1.94
378.8,2.12
378.9,2.42
379,2.92
379.1,2.84
379.2,2.62
379.3,2.54
379.4,2.44
379.5,2.23
379.6,1.86
379.7,1.76
379.8,1.46
379.9,1.1
380,0.64
380.1,0.03
380.2,-0.58
380.3,-0.53
380.4,-0.17
380.5,-0.51
380.6,-1.04
380.7,-1.33
380.8,-1.5
380.9,-1.37
381,-0.94
381.1,-0.81
381.2,-0.9
381.3,-0.85
381.4,-0.61
381.5,-0.35
381.6,-0.11
381.7,0.18
381.8,0.51
381.9,0.52
382,0.29
382.1,0.08
382.2,0.05
382.3,0.05
382.4,0.19
382.5,0.03
382.6,-0.18
382.7,-0.24
382.8,-0.28
382.9,-0.5
383,-0.74
383.1,-0.92
383.2,-0.99
383.3,-0.99
383.4,-0.94
383.5,-1.3
383.6,-1.61
383.7,-1.88
383.8,-1.95
383.9,-1.95
384,-2.04
384.1,-2.06
384.2,-1.97
384.3,-2.01
384.4,-2.23
384.5,-2.74
384.6,-3.45
384.7,-3.89
384.8,-3.76
384.9,-2.59
385,-0.03
385.1,3.47
385.2,7.73
385.3,11.99
385.4,14.94
385.5,14.95
385.6,12.7
385.7,9.06
385.8,4.42
385.9,-0.38
386,-4.59
386.1,-7.26
386.2,-8.33
386.3,-7.99
386.4,-6.98
386.5,-5.9
386.6,-4.99
386.7,-4.23
386.8,-3.64
386.9,-3.28
387,-2.98
387.1,-2.78
387.2,-2.59
387.3,-2.34
387.4,-2.22
387.5,-2.1
387.6,-1.83
387.7,-1.54
387.8,-1.34
387.9,-1.22
388,-1.15
388.1,-0.95
388.2,-0.71
388.3,-0.59
388.4,-0.34
388.5,0.07
388.6,0.38
388.7,0.63
388.8,0.75
388.9,0.88
389,0.99
389.1,1.31
389.2,1.77
389.3,2.09
389.4,2.27
389.5,2.37
389.6,2.44
389.7,2.44
389.8,2.4
389.9,2.35
390,2.36
390.1,2.28
390.2,1.99
390.3,1.71
390.4,1.5
390.5,1.19
390.6,0.89
390.7,0.64
390.8,0.42
390.9,0.14
391,-0.16
391.1,-0.33
391.2,-0.38
391.3,-0.41
391.4,-0.58
391.5,-0.79
391.6,-0.92
391.7,-0.96
391.8,-0.86
391.9,-0.76
392,-0.7
392.1,-0.61
392.2,-0.42
392.3,-0.24
392.4,-0.11
392.5,-0.03
392.6,-0.07
392.7,-0.28
392.8,-0.36
392.9,-0.27
393,-0.2
393.1,-0.02
393.2,0.05
393.3,0.1
393.4,0.06
393.5,-0.16
393.6,-0.33
393.7,-0.61
393.8,-0.77
393.9,-0.89
394,-1.25
394.1,-1.5
394.2,-1.48
394.3,-1.64
394.4,-1.9
394.5,-1.92
394.6,-1.97
394.7,-2.09
394.8,-1.93
394.9,-1.76
395,-1.79
395.1,-1.94
395.2,-2.32
395.3,-3.07
395.4,-3.45
395.5,-3.14
395.6,-1.83
395.7,0.69
395.8,4.16
395.9,8.29
396,12.24
396.1,14.49
396.2,13.67
396.3,11.37
396.4,8.09
396.5,3.59
396.6,-1.31
396.7,-5.55
396.8,-7.96
396.9,-9.09
397,-8.8
397.1,-7.49
397.2,-6.24
397.3,-5.33
397.4,-4.88
397.5,-3.97
397.6,-3.37
397.7,-2.91
397.8,-2.37
397.9,-2
398,-1.97
398.1,-2.17
398.2,-2.08
398.3,-1.71
398.4,-1.35
398.5,-1.21
398.6,-1.24
398.7,-1.25
398.8,-1.12
398.9,-0.91
399,-0.68
399.1,-0.33
399.2,-0.23
399.3,0.06
399.4,0.53
399.5,0.75
399.6,0.88
399.7,1.07
399.8,1.34
399.9,1.67
400,1.97
400.1,2.16
400.2,2.16
400.3,2.15
400.4,2.47
400.5,2.85
400.6,2.75
400.7,2.51
400.8,2.4
400.9,2.16
401,1.67
401.1,1.41
401.2,1.3
401.3,1.06
401.4,0.6
401.5,0.11
401.6,-0.11
401.7,-0.21
401.8,-0.25
401.9,-0.27
402,-0.56
402.1,-0.79
402.2,-0.87
402.3,-0.67
402.4,-0.49
402.5,-0.44
402.6,-0.36
402.7,-0.27
402.8,-0.12
402.9,0.16
403,0.4
403.1,0.54
403.2,0.33
403.3,0.11
403.4,-0.04
403.5,0.07
403.6,0.16
403.7,-0.01
403.8,-0.27
403.9,-0.69
404,-1.28
404.1,-1.72
404.2,-1.96
404.3,-2.21
404.4,-2.36
404.5,-2.31
404.6,-2.19
404.7,-2.09
404.8,-2.02
404.9,-2.23
405,-2.95
405.1,-3.92
405.2,-4.83
405.3,-5.19
405.4,-4.43
405.5,-2.15
405.6,1.36
405.7,5.99
405.8,10.75
405.9,13.96
406,14.25
406.1,12.48
406.2,9.43
406.3,5.27
406.4,0.67
406.5,-3.64
406.6,-6.72
406.7,-8.12
406.8,-8.02
406.9,-7.18
407,-6.18
407.1,-5.13
407.2,-4.21
407.3,-3.51
407.4,-2.95
407.5,-2.51
407.6,-2.17
407.7,-1.93
407.8,-1.8
407.9,-1.72
408,-1.55
408.1,-1.36
408.2,-1.1
408.3,-0.92
408.4,-0.87
408.5,-0.76
408.6,-0.52
408.7,-0.32
408.8,-0.2
408.9,-0.02
409,0.12
409.1,0.27
409.2,0.56
409.3,0.9
409.4,1.07
409.5,1.24
409.6,1.51
409.7,1.82
409.8,2.19
409.9,2.29
410,2.29
410.1,2.37
410.2,2.63
410.3,2.87
410.4,2.76
410.5,2.54
410.6,2.16
410.7,1.74
410.8,1.56
410.9,1.5
411,1.28
411.1,0.94
411.2,0.73
411.3,0.52
411.4,0.25
411.5,0.08
411.6,-0.02
411.7,-0.16
411.8,-0.43
411.9,-0.72
412,-0.91
412.1,-0.99
412.2,-0.97
412.3,-0.92
412.4,-0.94
412.5,-1.04
412.6,-1.07
412.7,-0.92
412.8,-0.71
412.9,-0.66
413,-0.73
413.1,-0.75
413.2,-0.64
413.3,-0.49
413.4,-0.34
413.5,-0.14
413.6,0.03
413.7,0.27
413.8,0.49
413.9,0.36
414,-0.09
414.1,-0.33
414.2,-0.33
414.3,-0.52
414.4,-0.75
414.5,-1.02
414.6,-1.55
414.7,-1.91
414.8,-2
414.9,-2.11
415,-2.24
415.1,-2.12
415.2,-1.83
415.3,-1.65
415.4,-1.54
415.5,-1.65
415.6,-2.13
415.7,-2.63
415.8,-2.9
415.9,-2.9
416,-1.78
416.1,0.81
416.2,4.07
416.3,7.93
416.4,11.98
416.5,14.74
416.6,14.18
416.7,11.65
416.8,8.07
416.9,3.73
417,-0.68
417.1,-4.41
417.2,-7.1
417.3,-8.46
417.4,-8.53
417.5,-7.83
417.6,-6.74
417.7,-5.57
417.8,-4.59
417.9,-3.9
418,-3.51
418.1,-3.19
418.2,-2.87
418.3,-2.58
418.4,-2.22
418.5,-1.97
418.6,-2.04
418.7,-1.82
418.8,-1.66
418.9,-1.56
419,-1.37
419.1,-1.07
419.2,-1.01
419.3,-1.07
419.4,-1.09
419.5,-0.79
419.6,-0.56
419.7,-0.15
419.8,0.34
419.9,0.8
420,0.95
420.1,1.07
420.2,1.31
420.3,1.42
420.4,1.51
420.5,1.49
420.6,1.37
420.7,1.63
420.8,1.75
420.9,1.82
421,1.84
421.1,2.36
421.2,2.37
421.3,2.15
421.4,1.9
421.5,1.56
421.6,1.32
421.7,1.31
421.8,1.2
421.9,0.87
422,0.11
422.1,-0.43
422.2,-0.58
422.3,-0.65
422.4,-0.82
422.5,-0.71
422.6,-0.5
422.7,-0.66
422.8,-0.83
422.9,-0.9
423,-0.83
423.1,-0.66
423.2,-0.65
423.3,-0.58
423.4,-0.54
423.5,-0.39
423.6,-0.19
423.7,-0.07
423.8,-0.12
423.9,-0.07
424,0.19
424.1,0.43
424.2,0.49
424.3,0.45
424.4,0.42
424.5,0.29
424.6,0.22
424.7,0.31
424.8,-0.02
424.9,-0.5
425,-1.02
425.1,-1.52
425.2,-1.8
425.3,-1.94
425.4,-1.9
425.5,-1.97
425.6,-2.09
425.7,-2.04
425.8,-1.8
425.9,-1.63
426,-1.61
426.1,-2.01
426.2,-2.5
426.3,-2.63
426.4,-2.41
426.5,-1.56
426.6,0.31
426.7,3.02
426.8,6.48
426.9,9.99
427,13.13
427.1,14.06
427.2,12.6
427.3,9.77
427.4,5.99
427.5,1.8
427.6,-2.19
427.7,-5.05
427.8,-6.63
427.9,-7.3
428,-7
428.1,-6.27
428.2,-5.2
428.3,-4.29
428.4,-3.66
428.5,-3.32
428.6,-3.19
428.7,-3.12
428.8,-3.04
428.9,-2.83
429,-2.35
429.1,-1.83
429.2,-1.61
429.3,-1.6
429.4,-1.49
429.5,-1.38
429.6,-1.19
429.7,-0.95
429.8,-0.75
429.9,-0.52
430,-0.33
430.1,-0.09
430.2,0.18
430.3,0.42
430.4,0.66
430.5,0.85
430.6,0.9
430.7,1.15
430.8,1.51
430.9,1.78
431,1.88
431.1,2.04
431.2,2.17
431.3,2.32
431.4,2.44
431.5,2.36
431.6,2.24
431.7,2.27
431.8,2.2
431.9,1.91
432,1.6
432.1,1.25
432.2,1.1
432.3,0.93
432.4,0.59
432.5,0.37
432.6,0.11
432.7,-0.07
432.8,-0.12
432.9,-0.19
433,-0.24
433.1,-0.22
433.2,-0.36
433.3,-0.38
433.4,-0.29
433.5,-0.32
433.6,-0.36
433.7,-0.19
433.8,-0.09
433.9,0.02
434,0.1
434.1,0.18
434.2,0.44
434.3,0.94
434.4,1.03
434.5,0.74
434.6,0.73
434.7,1
434.8,1.03
434.9,0.76
435,0.65
435.1,0.47
435.2,0.47
435.3,0.35
435.4,-0.18
435.5,-0.72
435.6,-0.99
435.7,-1.06
435.8,-1.31
435.9,-1.36
436,-1.29
436.1,-1.38
436.2,-1.46
436.3,-1.22
436.4,-1.18
436.5,-1.43
436.6,-1.98
436.7,-2.62
436.8,-2.75
436.9,-2.03
437,-0.29
437.1,2.38
437.2,5.95
437.3,10.08
437.4,13.53
437.5,15.02
437.6,14.09
437.7,11.52
437.8,7.87
437.9,3.72
438,-0.56
438.1,-4.1
438.2,-6.45
438.3,-7.49
438.4,-7.34
438.5,-6.46
438.6,-5.3
438.7,-4.63
438.8,-4.26
438.9,-4.05
439,-3.66
439.1,-3.37
439.2,-3.09
439.3,-2.75
439.4,-2.41
439.5,-2.29
439.6,-2.14
439.7,-1.88
439.8,-1.51
439.9,-1.14
440,-0.85
440.1,-0.63
440.2,-0.28
440.3,0.24
440.4,0.83
440.5,0.22
440.6,-0.46
440.7,-0.13
440.8,0.45
440.9,0.93
441,1.29
441.1,1.42
441.2,1.63
441.3,1.98
441.4,2.27
441.5,2.49
441.6,2.76
441.7,2.88
441.8,2.96
441.9,3.05
442,2.95
442.1,2.76
442.2,2.5
442.3,2.19
442.4,1.84
442.5,1.54
442.6,1.34
442.7,1.37
442.8,1.44
442.9,1.34
443,0.86
443.1,0.35
443.2,0.1
443.3,-0.04
443.4,-0.06
443.5,-0.16
443.6,-0.33
443.7,-0.43
443.8,-0.38
443.9,-0.37
444,-0.48
444.1,-0.58
444.2,-0.49
444.3,-0.36
444.4,-0.29
444.5,-0.26
444.6,-0.22
444.7,0
444.8,0.1
444.9,0.1
445,0.11
445.1,0.22
445.2,0.4
445.3,0.51
445.4,0.55
445.5,0.59
445.6,0.61
445.7,0.61
445.8,0.63
445.9,0.61
446,0.53
446.1,0.52
446.2,0.49
446.3,0.38
446.4,0.11
446.5,-0.23
446.6,-0.6
446.7,-0.79
446.8,-0.87
446.9,-1.01
447,-1.19
447.1,-1.22
447.2,-1.26
447.3,-1.26
447.4,-1.09
447.5,-1.04
447.6,-1.01
447.7,-1.02
447.8,-1.46
447.9,-2.13
448,-2.55
448.1,-2.16
448.2,-0.43
448.3,2.52
448.4,6.28
448.5,10.63
448.6,14.47
448.7,16.14
448.8,14.98
448.9,11.98
449,7.83
449.1,3.13
449.2,-1.45
449.3,-5.05
449.4,-7.21
449.5,-7.84
449.6,-7.22
449.7,-6.15
449.8,-5.16
449.9,-4.37
450,-3.83
450.1,-3.44
450.2,-3.06
450.3,-2.78
450.4,-2.65
450.5,-2.56
450.6,-2.31
450.7,-1.99
450.8,-1.82
450.9,-1.68
451,-1.44
451.1,-1.27
451.2,-1.12
451.3,-0.85
451.4,-0.55
451.5,-0.36
451.6,-0.2
451.7,-0.02
451.8,0.15
451.9,0.29
452,0.39
452.1,0.63
452.2,1
452.3,1.41
452.4,1.73
452.5,1.98
452.6,2.19
452.7,2.41
452.8,2.59
452.9,2.63
453,2.54
453.1,2.51
453.2,2.59
453.3,2.54
453.4,2.37
453.5,2.05
453.6,1.68
453.7,1.41
453.8,1.11
453.9,0.83
454,0.6
454.1,0.32
454.2,0.03
454.3,-0.22
454.4,-0.51
454.5,-0.75
454.6,-0.84
454.7,-1.01
454.8,-1.05
454.9,-1
455,-1.03
455.1,-1.07
455.2,-0.88
455.3,-0.68
455.4,-0.67
455.5,-0.75
455.6,-0.65
455.7,-0.46
455.8,-0.09
455.9,0.07
456,-0.02
456.1,-0.19
456.2,-0.18
456.3,-0.17
456.4,-0.29
456.5,-0.4
456.6,-0.41
456.7,-0.37
456.8,-0.34
456.9,-0.45
457,-0.77
457.1,-0.9
457.2,-1
457.3,-1.25
457.4,-1.55
457.5,-1.8
457.6,-2.02
457.7,-2.09
457.8,-2.12
457.9,-2.19
458,-2.17
458.1,-2.14
458.2,-2.15
458.3,-2.05
458.4,-1.99
458.5,-2.31
458.6,-3.06
458.7,-3.83
458.8,-4.01
458.9,-2.89
459,-0.52
459.1,2.65
459.2,6.85
459.3,11.18
459.4,14.32
459.5,15.03
459.6,13.1
459.7,9.55
459.8,5.02
459.9,0.21
460,-4.53
460.1,-7.83
460.2,-9.14
460.3,-8.85
460.4,-7.79
460.5,-6.54
460.6,-5.44
460.7,-4.56
460.8,-4.1
460.9,-3.82
461,-3.52
461.1,-3.26
461.2,-2.95
461.3,-2.67
461.4,-2.68
461.5,-2.63
461.6,-2.32
461.7,-1.83
461.8,-1.44
461.9,-1.26
462,-1.07
462.1,-0.85
462.2,-0.7
462.3,-0.49
462.4,-0.31
462.5,-0.29
462.6,-0.28
462.7,-0.07
462.8,0.25
462.9,0.49
463,0.64
463.1,0.87
463.2,1.21
463.3,1.68
463.4,2.08
463.5,2.22
463.6,2.22
463.7,2.21
463.8,2.24
463.9,2.3
464,2.36
464.1,2.34
464.2,2.25
464.3,1.98
464.4,1.47
464.5,1.05
464.6,0.74
464.7,0.44
464.8,0.29
464.9,0.11
465,-0.2
465.1,-0.48
465.2,-0.62
465.3,-0.77
465.4,-1.04
465.5,-1.31
465.6,-1.51
465.7,-1.53
465.8,-1.46
465.9,-1.28
466,-1.14
466.1,-1
466.2,-0.88
466.3,-0.63
466.4,-0.43
466.5,-0.27
466.6,-0.09
466.7,-0.02
466.8,-0.13
466.9,-0.29
467,-0.36
467.1,-0.19
467.2,0.14
467.3,0.16
467.4,-0.11
467.5,-0.48
467.6,-0.82
467.7,-0.92
467.8,-0.93
467.9,-0.98
468,-1.15
468.1,-1.52
468.2,-1.84
468.3,-1.96
468.4,-1.99
468.5,-1.99
468.6,-2.02
468.7,-2.01
468.8,-1.94
468.9,-1.87
469,-1.82
469.1,-1.83
469.2,-2.06
469.3,-2.67
469.4,-3.37
469.5,-3.75
469.6,-3.15
469.7,-1.17
469.8,1.87
469.9,5.78
470,10.07
470.1,13.53
470.2,14.49
470.3,13.04
470.4,10.01
470.5,5.73
470.6,0.93
470.7,-3.5
470.8,-6.72
470.9,-8.51
471,-8.72
471.1,-7.8
471.2,-6.59
471.3,-5.46
471.4,-4.64
471.5,-4
471.6,-3.54
471.7,-3.22
471.8,-2.9
471.9,-2.56
472,-2.2
472.1,-1.91
472.2,-1.68
472.3,-1.53
472.4,-1.39
472.5,-1.24
472.6,-1.09
472.7,-0.87
472.8,-0.68
472.9,-0.46
473,-0.27
473.1,-0.12
473.2,0.14
473.3,0.39
473.4,0.58
473.5,0.73
473.6,0.9
473.7,1.17
473.8,1.58
473.9,1.9
474,2.15
474.1,2.27
474.2,2.44
474.3,2.63
474.4,2.71
474.5,2.79
474.6,2.91
474.7,2.93
474.8,2.88
474.9,2.74
475,2.51
475.1,2.13
475.2,1.81
475.3,1.56
475.4,1.22
475.5,0.98
475.6,0.67
475.7,0.4
475.8,0.42
475.9,0.35
476,0.11
476.1,-0.06
476.2,-0.02
476.3,-0.14
476.4,-0.24
476.5,-0.28
476.6,-0.33
476.7,-0.14
476.8,0.18
476.9,0.28
477,0.43
477.1,0.66
477.2,0.85
477.3,0.93
477.4,0.86
477.5,0.66
477.6,0.41
477.7,0.49
477.8,0.49
477.9,0.18
478,-0.28
478.1,-0.72
478.2,-1.14
478.3,-1.43
478.4,-1.51
478.5,-1.56
478.6,-1.7
478.7,-1.72
478.8,-1.65
478.9,-1.53
479,-1.7
479.1,-2.45
479.2,-3.66
479.3,-4.74
479.4,-5.2
479.5,-4.22
479.6,-1.7
479.7,1.7
479.8,6.2
479.9,10.7
480,13.37
480.1,13.14
480.2,11.23
480.3,8.34
480.4,4.4
480.5,0.03
480.6,-3.73
480.7,-6.23
480.8,-7.47
480.9,-7.33
481,-6.53
481.1,-5.61
481.2,-4.59
481.3,-3.39
481.4,-2.72
481.5,-2.5
481.6,-2.19
481.7,-2.09
481.8,-2.12
481.9,-2.14
482,-1.97
482.1,-1.73
482.2,-1.41
482.3,-1.02
482.4,-0.71
482.5,-0.48
482.6,-0.46
482.7,-0.34
482.8,-0.13
482.9,0.17
483,0.36
483.1,0.42
483.2,0.63
483.3,0.95
483.4,1.26
483.5,1.51
483.6,1.77
483.7,2.1
483.8,2.37
483.9,2.58
484,2.85
484.1,2.86
484.2,2.76
484.3,2.75
484.4,2.71
484.5,2.66
484.6,2.58
484.7,2.46
484.8,2.35
484.9,2.27
485,2.08
485.1,1.74
485.2,1.34
485.3,0.86
485.4,0.59
485.5,0.46
485.6,0.3
485.7,0.06
485.8,-0.28
485.9,-0.65
486,-0.89
486.1,-1.14
486.2,-1.19
486.3,-1.16
486.4,-1.12
486.5,-1.06
486.6,-1.06
486.7,-1.09
486.8,-1.07
486.9,-0.94
487,-0.82
487.1,-0.72
487.2,-0.41
487.3,-0.05
487.4,0.23
487.5,0.23
487.6,0.17
487.7,0.32
487.8,0.44
487.9,0.42
488,0.33
488.1,0.2
488.2,-0.02
488.3,-0.29
488.4,-0.51
488.5,-0.8
488.6,-1.11
488.7,-1.23
488.8,-1.41
488.9,-1.64
489,-1.89
489.1,-1.99
489.2,-1.95
489.3,-1.97
489.4,-1.9
489.5,-1.7
489.6,-1.74
489.7,-2.28
489.8,-2.92
489.9,-3.27
490,-2.63
490.1,-0.65
490.2,2.2
490.3,5.89
490.4,9.91
490.5,13.15
490.6,13.89
490.7,12.35
490.8,9.46
490.9,5.72
491,1.7
491.1,-2.39
491.2,-5.64
491.3,-7.58
491.4,-8.28
491.5,-7.75
491.6,-6.63
491.7,-5.39
491.8,-4.32
491.9,-3.71
492,-3.37
492.1,-3.02
492.2,-2.83
492.3,-2.73
492.4,-2.56
492.5,-2.29
492.6,-1.89
492.7,-1.4
492.8,-1.02
492.9,-0.9
493,-0.9
493.1,-0.89
493.2,-0.79
493.3,-0.46
493.4,-0.17
493.5,0.01
493.6,0.27
493.7,0.43
493.8,0.48
493.9,0.69
494,0.96
494.1,1.09
494.2,1.08
494.3,1.06
494.4,1.32
494.5,1.54
494.6,1.53
494.7,1.73
494.8,2.03
494.9,2.3
495,2.49
495.1,2.63
495.2,2.6
495.3,2.63
495.4,2.62
495.5,2.24
495.6,1.54
495.7,1.23
495.8,0.79
495.9,0.52
496,0.34
496.1,0.18
496.2,0.03
496.3,0.03
496.4,-0.09
496.5,-0.29
496.6,-0.48
496.7,-0.46
496.8,-0.49
496.9,-0.66
497,-0.63
497.1,-0.41
497.2,-0.22
497.3,-0.24
497.4,-0.31
497.5,-0.33
497.6,-0.2
497.7,0.1
497.8,0.3
497.9,0.49
498,0.64
498.1,0.53
498.2,0.31
498.3,0.63
498.4,0.56
498.5,0.13
498.6,-0.07
498.7,-0.13
498.8,-0.4
498.9,-0.86
499,-1.37
499.1,-1.7
499.2,-1.96
499.3,-2.21
499.4,-2.26
499.5,-2.06
499.6,-1.92
499.7,-1.95
499.8,-2
499.9,-1.7
